25       0       0       1
ICEM - POLYFLOW INTERFACE - Version 15.0.3 - "LengthUnitForPfl=_meter_"
26       0       0       1    2041    2240
26-Feb-25   08:32:55     2.4
 1       1       0       2
-0.500000000E+01-0.500000000E+01-0.100000000E+02
 
 1       2       0       2
 0.500000000E+01-0.500000000E+01-0.100000000E+02
 
 1       3       0       2
-0.500000000E+01 0.500000000E+01-0.100000000E+02
 
 1       4       0       2
 0.500000000E+01 0.500000000E+01-0.100000000E+02
 
 1       5       0       2
-0.500000000E+01-0.500000000E+01 0.000000000E+00
 
 1       6       0       2
 0.500000000E+01-0.500000000E+01 0.000000000E+00
 
 1       7       0       2
 0.500000000E+01 0.500000000E+01 0.000000000E+00
 
 1       8       0       2
-0.500000000E+01 0.500000000E+01 0.000000000E+00
 
 1       9       0       2
-0.450000000E+01-0.500000000E+01-0.100000000E+02
 
 1      10       0       2
-0.400000000E+01-0.500000000E+01-0.100000000E+02
 
 1      11       0       2
-0.350000000E+01-0.500000000E+01-0.100000000E+02
 
 1      12       0       2
-0.300000000E+01-0.500000000E+01-0.100000000E+02
 
 1      13       0       2
-0.250000000E+01-0.500000000E+01-0.100000000E+02
 
 1      14       0       2
-0.200000000E+01-0.500000000E+01-0.100000000E+02
 
 1      15       0       2
-0.150000000E+01-0.500000000E+01-0.100000000E+02
 
 1      16       0       2
-0.100000000E+01-0.500000000E+01-0.100000000E+02
 
 1      17       0       2
-0.500000000E+00-0.500000000E+01-0.100000000E+02
 
 1      18       0       2
 0.000000000E+00-0.500000000E+01-0.100000000E+02
 
 1      19       0       2
 0.500000000E+00-0.500000000E+01-0.100000000E+02
 
 1      20       0       2
 0.100000000E+01-0.500000000E+01-0.100000000E+02
 
 1      21       0       2
 0.150000000E+01-0.500000000E+01-0.100000000E+02
 
 1      22       0       2
 0.200000000E+01-0.500000000E+01-0.100000000E+02
 
 1      23       0       2
 0.250000000E+01-0.500000000E+01-0.100000000E+02
 
 1      24       0       2
 0.300000000E+01-0.500000000E+01-0.100000000E+02
 
 1      25       0       2
 0.350000000E+01-0.500000000E+01-0.100000000E+02
 
 1      26       0       2
 0.400000000E+01-0.500000000E+01-0.100000000E+02
 
 1      27       0       2
 0.450000000E+01-0.500000000E+01-0.100000000E+02
 
 1      28       0       2
-0.500000000E+01-0.450000000E+01-0.100000000E+02
 
 1      29       0       2
-0.500000000E+01-0.400000000E+01-0.100000000E+02
 
 1      30       0       2
-0.500000000E+01-0.350000000E+01-0.100000000E+02
 
 1      31       0       2
-0.500000000E+01-0.300000000E+01-0.100000000E+02
 
 1      32       0       2
-0.500000000E+01-0.250000000E+01-0.100000000E+02
 
 1      33       0       2
-0.500000000E+01-0.200000000E+01-0.100000000E+02
 
 1      34       0       2
-0.500000000E+01-0.150000000E+01-0.100000000E+02
 
 1      35       0       2
-0.500000000E+01-0.100000000E+01-0.100000000E+02
 
 1      36       0       2
-0.500000000E+01-0.500000000E+00-0.100000000E+02
 
 1      37       0       2
-0.500000000E+01 0.888178420E-15-0.100000000E+02
 
 1      38       0       2
-0.500000000E+01 0.500000000E+00-0.100000000E+02
 
 1      39       0       2
-0.500000000E+01 0.100000000E+01-0.100000000E+02
 
 1      40       0       2
-0.500000000E+01 0.150000000E+01-0.100000000E+02
 
 1      41       0       2
-0.500000000E+01 0.200000000E+01-0.100000000E+02
 
 1      42       0       2
-0.500000000E+01 0.250000000E+01-0.100000000E+02
 
 1      43       0       2
-0.500000000E+01 0.300000000E+01-0.100000000E+02
 
 1      44       0       2
-0.500000000E+01 0.350000000E+01-0.100000000E+02
 
 1      45       0       2
-0.500000000E+01 0.400000000E+01-0.100000000E+02
 
 1      46       0       2
-0.500000000E+01 0.450000000E+01-0.100000000E+02
 
 1      47       0       2
 0.500000000E+01-0.450000000E+01-0.100000000E+02
 
 1      48       0       2
 0.500000000E+01-0.400000000E+01-0.100000000E+02
 
 1      49       0       2
 0.500000000E+01-0.350000000E+01-0.100000000E+02
 
 1      50       0       2
 0.500000000E+01-0.300000000E+01-0.100000000E+02
 
 1      51       0       2
 0.500000000E+01-0.250000000E+01-0.100000000E+02
 
 1      52       0       2
 0.500000000E+01-0.200000000E+01-0.100000000E+02
 
 1      53       0       2
 0.500000000E+01-0.150000000E+01-0.100000000E+02
 
 1      54       0       2
 0.500000000E+01-0.100000000E+01-0.100000000E+02
 
 1      55       0       2
 0.500000000E+01-0.500000000E+00-0.100000000E+02
 
 1      56       0       2
 0.500000000E+01 0.000000000E+00-0.100000000E+02
 
 1      57       0       2
 0.500000000E+01 0.500000000E+00-0.100000000E+02
 
 1      58       0       2
 0.500000000E+01 0.100000000E+01-0.100000000E+02
 
 1      59       0       2
 0.500000000E+01 0.150000000E+01-0.100000000E+02
 
 1      60       0       2
 0.500000000E+01 0.200000000E+01-0.100000000E+02
 
 1      61       0       2
 0.500000000E+01 0.250000000E+01-0.100000000E+02
 
 1      62       0       2
 0.500000000E+01 0.300000000E+01-0.100000000E+02
 
 1      63       0       2
 0.500000000E+01 0.350000000E+01-0.100000000E+02
 
 1      64       0       2
 0.500000000E+01 0.400000000E+01-0.100000000E+02
 
 1      65       0       2
 0.500000000E+01 0.450000000E+01-0.100000000E+02
 
 1      66       0       2
-0.450000000E+01 0.500000000E+01-0.100000000E+02
 
 1      67       0       2
-0.400000000E+01 0.500000000E+01-0.100000000E+02
 
 1      68       0       2
-0.350000000E+01 0.500000000E+01-0.100000000E+02
 
 1      69       0       2
-0.300000000E+01 0.500000000E+01-0.100000000E+02
 
 1      70       0       2
-0.250000000E+01 0.500000000E+01-0.100000000E+02
 
 1      71       0       2
-0.200000000E+01 0.500000000E+01-0.100000000E+02
 
 1      72       0       2
-0.150000000E+01 0.500000000E+01-0.100000000E+02
 
 1      73       0       2
-0.100000000E+01 0.500000000E+01-0.100000000E+02
 
 1      74       0       2
-0.500000000E+00 0.500000000E+01-0.100000000E+02
 
 1      75       0       2
 0.888178420E-15 0.500000000E+01-0.100000000E+02
 
 1      76       0       2
 0.500000000E+00 0.500000000E+01-0.100000000E+02
 
 1      77       0       2
 0.100000000E+01 0.500000000E+01-0.100000000E+02
 
 1      78       0       2
 0.150000000E+01 0.500000000E+01-0.100000000E+02
 
 1      79       0       2
 0.200000000E+01 0.500000000E+01-0.100000000E+02
 
 1      80       0       2
 0.250000000E+01 0.500000000E+01-0.100000000E+02
 
 1      81       0       2
 0.300000000E+01 0.500000000E+01-0.100000000E+02
 
 1      82       0       2
 0.350000000E+01 0.500000000E+01-0.100000000E+02
 
 1      83       0       2
 0.400000000E+01 0.500000000E+01-0.100000000E+02
 
 1      84       0       2
 0.450000000E+01 0.500000000E+01-0.100000000E+02
 
 1      85       0       2
-0.500000000E+01-0.500000000E+01-0.950000000E+01
 
 1      86       0       2
-0.500000000E+01-0.500000000E+01-0.900000000E+01
 
 1      87       0       2
-0.500000000E+01-0.500000000E+01-0.850000000E+01
 
 1      88       0       2
-0.500000000E+01-0.500000000E+01-0.800000000E+01
 
 1      89       0       2
-0.500000000E+01-0.500000000E+01-0.750000000E+01
 
 1      90       0       2
-0.500000000E+01-0.500000000E+01-0.700000000E+01
 
 1      91       0       2
-0.500000000E+01-0.500000000E+01-0.650000000E+01
 
 1      92       0       2
-0.500000000E+01-0.500000000E+01-0.600000000E+01
 
 1      93       0       2
-0.500000000E+01-0.500000000E+01-0.550000000E+01
 
 1      94       0       2
-0.500000000E+01-0.500000000E+01-0.500000000E+01
 
 1      95       0       2
-0.500000000E+01-0.500000000E+01-0.450000000E+01
 
 1      96       0       2
-0.500000000E+01-0.500000000E+01-0.400000000E+01
 
 1      97       0       2
-0.500000000E+01-0.500000000E+01-0.350000000E+01
 
 1      98       0       2
-0.500000000E+01-0.500000000E+01-0.300000000E+01
 
 1      99       0       2
-0.500000000E+01-0.500000000E+01-0.250000000E+01
 
 1     100       0       2
-0.500000000E+01-0.500000000E+01-0.200000000E+01
 
 1     101       0       2
-0.500000000E+01-0.500000000E+01-0.150000000E+01
 
 1     102       0       2
-0.500000000E+01-0.500000000E+01-0.100000000E+01
 
 1     103       0       2
-0.500000000E+01-0.500000000E+01-0.500000000E+00
 
 1     104       0       2
 0.500000000E+01-0.500000000E+01-0.950000000E+01
 
 1     105       0       2
 0.500000000E+01-0.500000000E+01-0.900000000E+01
 
 1     106       0       2
 0.500000000E+01-0.500000000E+01-0.850000000E+01
 
 1     107       0       2
 0.500000000E+01-0.500000000E+01-0.800000000E+01
 
 1     108       0       2
 0.500000000E+01-0.500000000E+01-0.750000000E+01
 
 1     109       0       2
 0.500000000E+01-0.500000000E+01-0.700000000E+01
 
 1     110       0       2
 0.500000000E+01-0.500000000E+01-0.650000000E+01
 
 1     111       0       2
 0.500000000E+01-0.500000000E+01-0.600000000E+01
 
 1     112       0       2
 0.500000000E+01-0.500000000E+01-0.550000000E+01
 
 1     113       0       2
 0.500000000E+01-0.500000000E+01-0.500000000E+01
 
 1     114       0       2
 0.500000000E+01-0.500000000E+01-0.450000000E+01
 
 1     115       0       2
 0.500000000E+01-0.500000000E+01-0.400000000E+01
 
 1     116       0       2
 0.500000000E+01-0.500000000E+01-0.350000000E+01
 
 1     117       0       2
 0.500000000E+01-0.500000000E+01-0.300000000E+01
 
 1     118       0       2
 0.500000000E+01-0.500000000E+01-0.250000000E+01
 
 1     119       0       2
 0.500000000E+01-0.500000000E+01-0.200000000E+01
 
 1     120       0       2
 0.500000000E+01-0.500000000E+01-0.150000000E+01
 
 1     121       0       2
 0.500000000E+01-0.500000000E+01-0.100000000E+01
 
 1     122       0       2
 0.500000000E+01-0.500000000E+01-0.500000000E+00
 
 1     123       0       2
-0.450000000E+01-0.500000000E+01 0.000000000E+00
 
 1     124       0       2
-0.400000000E+01-0.500000000E+01 0.000000000E+00
 
 1     125       0       2
-0.350000000E+01-0.500000000E+01 0.000000000E+00
 
 1     126       0       2
-0.300000000E+01-0.500000000E+01 0.000000000E+00
 
 1     127       0       2
-0.250000000E+01-0.500000000E+01 0.000000000E+00
 
 1     128       0       2
-0.200000000E+01-0.500000000E+01 0.000000000E+00
 
 1     129       0       2
-0.150000000E+01-0.500000000E+01 0.000000000E+00
 
 1     130       0       2
-0.100000000E+01-0.500000000E+01 0.000000000E+00
 
 1     131       0       2
-0.500000000E+00-0.500000000E+01 0.000000000E+00
 
 1     132       0       2
 0.000000000E+00-0.500000000E+01 0.000000000E+00
 
 1     133       0       2
 0.500000000E+00-0.500000000E+01 0.000000000E+00
 
 1     134       0       2
 0.100000000E+01-0.500000000E+01 0.000000000E+00
 
 1     135       0       2
 0.150000000E+01-0.500000000E+01 0.000000000E+00
 
 1     136       0       2
 0.200000000E+01-0.500000000E+01 0.000000000E+00
 
 1     137       0       2
 0.250000000E+01-0.500000000E+01 0.000000000E+00
 
 1     138       0       2
 0.300000000E+01-0.500000000E+01 0.000000000E+00
 
 1     139       0       2
 0.350000000E+01-0.500000000E+01 0.000000000E+00
 
 1     140       0       2
 0.400000000E+01-0.500000000E+01 0.000000000E+00
 
 1     141       0       2
 0.450000000E+01-0.500000000E+01 0.000000000E+00
 
 1     142       0       2
 0.500000000E+01 0.500000000E+01-0.950000000E+01
 
 1     143       0       2
 0.500000000E+01 0.500000000E+01-0.900000000E+01
 
 1     144       0       2
 0.500000000E+01 0.500000000E+01-0.850000000E+01
 
 1     145       0       2
 0.500000000E+01 0.500000000E+01-0.800000000E+01
 
 1     146       0       2
 0.500000000E+01 0.500000000E+01-0.750000000E+01
 
 1     147       0       2
 0.500000000E+01 0.500000000E+01-0.700000000E+01
 
 1     148       0       2
 0.500000000E+01 0.500000000E+01-0.650000000E+01
 
 1     149       0       2
 0.500000000E+01 0.500000000E+01-0.600000000E+01
 
 1     150       0       2
 0.500000000E+01 0.500000000E+01-0.550000000E+01
 
 1     151       0       2
 0.500000000E+01 0.500000000E+01-0.500000000E+01
 
 1     152       0       2
 0.500000000E+01 0.500000000E+01-0.450000000E+01
 
 1     153       0       2
 0.500000000E+01 0.500000000E+01-0.400000000E+01
 
 1     154       0       2
 0.500000000E+01 0.500000000E+01-0.350000000E+01
 
 1     155       0       2
 0.500000000E+01 0.500000000E+01-0.300000000E+01
 
 1     156       0       2
 0.500000000E+01 0.500000000E+01-0.250000000E+01
 
 1     157       0       2
 0.500000000E+01 0.500000000E+01-0.200000000E+01
 
 1     158       0       2
 0.500000000E+01 0.500000000E+01-0.150000000E+01
 
 1     159       0       2
 0.500000000E+01 0.500000000E+01-0.100000000E+01
 
 1     160       0       2
 0.500000000E+01 0.500000000E+01-0.500000000E+00
 
 1     161       0       2
 0.500000000E+01 0.450000000E+01 0.000000000E+00
 
 1     162       0       2
 0.500000000E+01 0.400000000E+01 0.000000000E+00
 
 1     163       0       2
 0.500000000E+01 0.350000000E+01 0.000000000E+00
 
 1     164       0       2
 0.500000000E+01 0.300000000E+01 0.000000000E+00
 
 1     165       0       2
 0.500000000E+01 0.250000000E+01 0.000000000E+00
 
 1     166       0       2
 0.500000000E+01 0.200000000E+01 0.000000000E+00
 
 1     167       0       2
 0.500000000E+01 0.150000000E+01 0.000000000E+00
 
 1     168       0       2
 0.500000000E+01 0.100000000E+01 0.000000000E+00
 
 1     169       0       2
 0.500000000E+01 0.500000000E+00 0.000000000E+00
 
 1     170       0       2
 0.500000000E+01 0.000000000E+00 0.000000000E+00
 
 1     171       0       2
 0.500000000E+01-0.500000000E+00 0.000000000E+00
 
 1     172       0       2
 0.500000000E+01-0.100000000E+01 0.000000000E+00
 
 1     173       0       2
 0.500000000E+01-0.150000000E+01 0.000000000E+00
 
 1     174       0       2
 0.500000000E+01-0.200000000E+01 0.000000000E+00
 
 1     175       0       2
 0.500000000E+01-0.250000000E+01 0.000000000E+00
 
 1     176       0       2
 0.500000000E+01-0.300000000E+01 0.000000000E+00
 
 1     177       0       2
 0.500000000E+01-0.350000000E+01 0.000000000E+00
 
 1     178       0       2
 0.500000000E+01-0.400000000E+01 0.000000000E+00
 
 1     179       0       2
 0.500000000E+01-0.450000000E+01 0.000000000E+00
 
 1     180       0       2
-0.500000000E+01 0.500000000E+01-0.950000000E+01
 
 1     181       0       2
-0.500000000E+01 0.500000000E+01-0.900000000E+01
 
 1     182       0       2
-0.500000000E+01 0.500000000E+01-0.850000000E+01
 
 1     183       0       2
-0.500000000E+01 0.500000000E+01-0.800000000E+01
 
 1     184       0       2
-0.500000000E+01 0.500000000E+01-0.750000000E+01
 
 1     185       0       2
-0.500000000E+01 0.500000000E+01-0.700000000E+01
 
 1     186       0       2
-0.500000000E+01 0.500000000E+01-0.650000000E+01
 
 1     187       0       2
-0.500000000E+01 0.500000000E+01-0.600000000E+01
 
 1     188       0       2
-0.500000000E+01 0.500000000E+01-0.550000000E+01
 
 1     189       0       2
-0.500000000E+01 0.500000000E+01-0.500000000E+01
 
 1     190       0       2
-0.500000000E+01 0.500000000E+01-0.450000000E+01
 
 1     191       0       2
-0.500000000E+01 0.500000000E+01-0.400000000E+01
 
 1     192       0       2
-0.500000000E+01 0.500000000E+01-0.350000000E+01
 
 1     193       0       2
-0.500000000E+01 0.500000000E+01-0.300000000E+01
 
 1     194       0       2
-0.500000000E+01 0.500000000E+01-0.250000000E+01
 
 1     195       0       2
-0.500000000E+01 0.500000000E+01-0.200000000E+01
 
 1     196       0       2
-0.500000000E+01 0.500000000E+01-0.150000000E+01
 
 1     197       0       2
-0.500000000E+01 0.500000000E+01-0.100000000E+01
 
 1     198       0       2
-0.500000000E+01 0.500000000E+01-0.500000000E+00
 
 1     199       0       2
-0.500000000E+01-0.450000000E+01 0.000000000E+00
 
 1     200       0       2
-0.500000000E+01-0.400000000E+01 0.000000000E+00
 
 1     201       0       2
-0.500000000E+01-0.350000000E+01 0.000000000E+00
 
 1     202       0       2
-0.500000000E+01-0.300000000E+01 0.000000000E+00
 
 1     203       0       2
-0.500000000E+01-0.250000000E+01 0.000000000E+00
 
 1     204       0       2
-0.500000000E+01-0.200000000E+01 0.000000000E+00
 
 1     205       0       2
-0.500000000E+01-0.150000000E+01 0.000000000E+00
 
 1     206       0       2
-0.500000000E+01-0.100000000E+01 0.000000000E+00
 
 1     207       0       2
-0.500000000E+01-0.500000000E+00 0.000000000E+00
 
 1     208       0       2
-0.500000000E+01 0.000000000E+00 0.000000000E+00
 
 1     209       0       2
-0.500000000E+01 0.500000000E+00 0.000000000E+00
 
 1     210       0       2
-0.500000000E+01 0.100000000E+01 0.000000000E+00
 
 1     211       0       2
-0.500000000E+01 0.150000000E+01 0.000000000E+00
 
 1     212       0       2
-0.500000000E+01 0.200000000E+01 0.000000000E+00
 
 1     213       0       2
-0.500000000E+01 0.250000000E+01 0.000000000E+00
 
 1     214       0       2
-0.500000000E+01 0.300000000E+01 0.000000000E+00
 
 1     215       0       2
-0.500000000E+01 0.350000000E+01 0.000000000E+00
 
 1     216       0       2
-0.500000000E+01 0.400000000E+01 0.000000000E+00
 
 1     217       0       2
-0.500000000E+01 0.450000000E+01 0.000000000E+00
 
 1     218       0       2
-0.450000000E+01 0.500000000E+01 0.000000000E+00
 
 1     219       0       2
-0.400000000E+01 0.500000000E+01 0.000000000E+00
 
 1     220       0       2
-0.350000000E+01 0.500000000E+01 0.000000000E+00
 
 1     221       0       2
-0.300000000E+01 0.500000000E+01 0.000000000E+00
 
 1     222       0       2
-0.250000000E+01 0.500000000E+01 0.000000000E+00
 
 1     223       0       2
-0.200000000E+01 0.500000000E+01 0.000000000E+00
 
 1     224       0       2
-0.150000000E+01 0.500000000E+01 0.000000000E+00
 
 1     225       0       2
-0.100000000E+01 0.500000000E+01 0.000000000E+00
 
 1     226       0       2
-0.500000000E+00 0.500000000E+01 0.000000000E+00
 
 1     227       0       2
 0.000000000E+00 0.500000000E+01 0.000000000E+00
 
 1     228       0       2
 0.500000000E+00 0.500000000E+01 0.000000000E+00
 
 1     229       0       2
 0.100000000E+01 0.500000000E+01 0.000000000E+00
 
 1     230       0       2
 0.150000000E+01 0.500000000E+01 0.000000000E+00
 
 1     231       0       2
 0.200000000E+01 0.500000000E+01 0.000000000E+00
 
 1     232       0       2
 0.250000000E+01 0.500000000E+01 0.000000000E+00
 
 1     233       0       2
 0.300000000E+01 0.500000000E+01 0.000000000E+00
 
 1     234       0       2
 0.350000000E+01 0.500000000E+01 0.000000000E+00
 
 1     235       0       2
 0.400000000E+01 0.500000000E+01 0.000000000E+00
 
 1     236       0       2
 0.450000000E+01 0.500000000E+01 0.000000000E+00
 
 1     237       0       2
 0.000000000E+00-0.500000000E+01-0.500000000E+01
 
 1     238       0       2
 0.500000000E+00-0.500000000E+01-0.500000000E+01
 
 1     239       0       2
 0.000000000E+00-0.500000000E+01-0.550000000E+01
 
 1     240       0       2
-0.500000000E+00-0.500000000E+01-0.500000000E+01
 
 1     241       0       2
 0.000000000E+00-0.500000000E+01-0.450000000E+01
 
 1     242       0       2
 0.500000000E+00-0.500000000E+01-0.450000000E+01
 
 1     243       0       2
 0.500000000E+00-0.500000000E+01-0.550000000E+01
 
 1     244       0       2
-0.500000000E+00-0.500000000E+01-0.550000000E+01
 
 1     245       0       2
-0.500000000E+00-0.500000000E+01-0.450000000E+01
 
 1     246       0       2
 0.100000000E+01-0.500000000E+01-0.450000000E+01
 
 1     247       0       2
 0.100000000E+01-0.500000000E+01-0.550000000E+01
 
 1     248       0       2
-0.100000000E+01-0.500000000E+01-0.550000000E+01
 
 1     249       0       2
-0.500000000E+00-0.500000000E+01-0.600000000E+01
 
 1     250       0       2
-0.500000000E+00-0.500000000E+01-0.400000000E+01
 
 1     251       0       2
-0.100000000E+01-0.500000000E+01-0.450000000E+01
 
 1     252       0       2
-0.612935612E-18-0.500000000E+01-0.400000000E+01
 
 1     253       0       2
 0.100000000E+01-0.500000000E+01-0.400000000E+01
 
 1     254       0       2
 0.100000000E+01-0.500000000E+01-0.600000000E+01
 
 1     255       0       2
-0.100000000E+01-0.500000000E+01-0.600000000E+01
 
 1     256       0       2
-0.100000000E+01-0.500000000E+01-0.400000000E+01
 
 1     257       0       2
 0.100000000E+01-0.500000000E+01-0.350000000E+01
 
 1     258       0       2
 0.150000000E+01-0.500000000E+01-0.450000000E+01
 
 1     259       0       2
 0.150000000E+01-0.500000000E+01-0.500000000E+01
 
 1     260       0       2
 0.150000000E+01-0.500000000E+01-0.550000000E+01
 
 1     261       0       2
 0.150000000E+01-0.500000000E+01-0.600000000E+01
 
 1     262       0       2
 0.500000000E+00-0.500000000E+01-0.650000000E+01
 
 1     263       0       2
-0.500000000E+00-0.500000000E+01-0.650000000E+01
 
 1     264       0       2
-0.100000000E+01-0.500000000E+01-0.650000000E+01
 
 1     265       0       2
-0.150000000E+01-0.500000000E+01-0.550000000E+01
 
 1     266       0       2
-0.150000000E+01-0.500000000E+01-0.500000000E+01
 
 1     267       0       2
-0.150000000E+01-0.500000000E+01-0.450000000E+01
 
 1     268       0       2
-0.150000000E+01-0.500000000E+01-0.400000000E+01
 
 1     269       0       2
-0.500000000E+00-0.500000000E+01-0.350000000E+01
 
 1     270       0       2
-0.153233906E-17-0.500000000E+01-0.350000000E+01
 
 1     271       0       2
 0.500000000E+00-0.500000000E+01-0.350000000E+01
 
 1     272       0       2
 0.150000000E+01-0.500000000E+01-0.350000000E+01
 
 1     273       0       2
 0.150000000E+01-0.500000000E+01-0.650000000E+01
 
 1     274       0       2
-0.150000000E+01-0.500000000E+01-0.650000000E+01
 
 1     275       0       2
 0.200000000E+01-0.500000000E+01-0.450000000E+01
 
 1     276       0       2
 0.200000000E+01-0.500000000E+01-0.500000000E+01
 
 1     277       0       2
 0.200000000E+01-0.500000000E+01-0.350000000E+01
 
 1     278       0       2
 0.150000000E+01-0.500000000E+01-0.700000000E+01
 
 1     279       0       2
 0.200000000E+01-0.500000000E+01-0.650000000E+01
 
 1     280       0       2
 0.500000000E+00-0.500000000E+01-0.700000000E+01
 
 1     281       0       2
-0.500000000E+00-0.500000000E+01-0.700000000E+01
 
 1     282       0       2
-0.200000000E+01-0.500000000E+01-0.650000000E+01
 
 1     283       0       2
-0.150000000E+01-0.500000000E+01-0.700000000E+01
 
 1     284       0       2
-0.200000000E+01-0.500000000E+01-0.550000000E+01
 
 1     285       0       2
-0.200000000E+01-0.500000000E+01-0.450000000E+01
 
 1     286       0       2
-0.150000000E+01-0.500000000E+01-0.300000000E+01
 
 1     287       0       2
-0.200000000E+01-0.500000000E+01-0.400000000E+01
 
 1     288       0       2
-0.200000000E+01-0.500000000E+01-0.350000000E+01
 
 1     289       0       2
-0.100000000E+01-0.500000000E+01-0.300000000E+01
 
 1     290       0       2
-0.500000000E+00-0.500000000E+01-0.300000000E+01
 
 1     291       0       2
-0.124321844E-17-0.500000000E+01-0.300000000E+01
 
 1     292       0       2
 0.500000000E+00-0.500000000E+01-0.300000000E+01
 
 1     293       0       2
 0.100000000E+01-0.500000000E+01-0.300000000E+01
 
 1     294       0       2
 0.150000000E+01-0.500000000E+01-0.300000000E+01
 
 1     295       0       2
 0.200000000E+01-0.500000000E+01-0.300000000E+01
 
 1     296       0       2
 0.200000000E+01-0.500000000E+01-0.700000000E+01
 
 1     297       0       2
-0.200000000E+01-0.500000000E+01-0.700000000E+01
 
 1     298       0       2
-0.200000000E+01-0.500000000E+01-0.300000000E+01
 
 1     299       0       2
 0.200000000E+01-0.500000000E+01-0.250000000E+01
 
 1     300       0       2
 0.250000000E+01-0.500000000E+01-0.350000000E+01
 
 1     301       0       2
 0.250000000E+01-0.500000000E+01-0.450000000E+01
 
 1     302       0       2
 0.250000000E+01-0.500000000E+01-0.550000000E+01
 
 1     303       0       2
 0.250000000E+01-0.500000000E+01-0.650000000E+01
 
 1     304       0       2
 0.250000000E+01-0.500000000E+01-0.700000000E+01
 
 1     305       0       2
 0.200000000E+01-0.500000000E+01-0.750000000E+01
 
 1     306       0       2
 0.150000000E+01-0.500000000E+01-0.750000000E+01
 
 1     307       0       2
 0.500000000E+00-0.500000000E+01-0.750000000E+01
 
 1     308       0       2
-0.150000000E+01-0.500000000E+01-0.750000000E+01
 
 1     309       0       2
-0.200000000E+01-0.500000000E+01-0.750000000E+01
 
 1     310       0       2
-0.250000000E+01-0.500000000E+01-0.700000000E+01
 
 1     311       0       2
-0.250000000E+01-0.500000000E+01-0.650000000E+01
 
 1     312       0       2
-0.250000000E+01-0.500000000E+01-0.600000000E+01
 
 1     313       0       2
-0.250000000E+01-0.500000000E+01-0.550000000E+01
 
 1     314       0       2
-0.250000000E+01-0.500000000E+01-0.450000000E+01
 
 1     315       0       2
-0.250000000E+01-0.500000000E+01-0.400000000E+01
 
 1     316       0       2
-0.250000000E+01-0.500000000E+01-0.350000000E+01
 
 1     317       0       2
-0.250000000E+01-0.500000000E+01-0.300000000E+01
 
 1     318       0       2
-0.200000000E+01-0.500000000E+01-0.250000000E+01
 
 1     319       0       2
-0.150000000E+01-0.500000000E+01-0.250000000E+01
 
 1     320       0       2
-0.100000000E+01-0.500000000E+01-0.250000000E+01
 
 1     321       0       2
-0.500000000E+00-0.500000000E+01-0.250000000E+01
 
 1     322       0       2
 0.000000000E+00-0.500000000E+01-0.250000000E+01
 
 1     323       0       2
 0.500000000E+00-0.500000000E+01-0.250000000E+01
 
 1     324       0       2
 0.250000000E+01-0.500000000E+01-0.250000000E+01
 
 1     325       0       2
 0.250000000E+01-0.500000000E+01-0.750000000E+01
 
 1     326       0       2
-0.250000000E+01-0.500000000E+01-0.750000000E+01
 
 1     327       0       2
-0.250000000E+01-0.500000000E+01-0.250000000E+01
 
 1     328       0       2
 0.300000000E+01-0.500000000E+01-0.350000000E+01
 
 1     329       0       2
 0.300000000E+01-0.500000000E+01-0.450000000E+01
 
 1     330       0       2
 0.300000000E+01-0.500000000E+01-0.550000000E+01
 
 1     331       0       2
 0.300000000E+01-0.500000000E+01-0.650000000E+01
 
 1     332       0       2
 0.300000000E+01-0.500000000E+01-0.250000000E+01
 
 1     333       0       2
 0.250000000E+01-0.500000000E+01-0.800000000E+01
 
 1     334       0       2
 0.300000000E+01-0.500000000E+01-0.750000000E+01
 
 1     335       0       2
 0.200000000E+01-0.500000000E+01-0.800000000E+01
 
 1     336       0       2
 0.150000000E+01-0.500000000E+01-0.800000000E+01
 
 1     337       0       2
 0.100000000E+01-0.500000000E+01-0.800000000E+01
 
 1     338       0       2
 0.500000000E+00-0.500000000E+01-0.800000000E+01
 
 1     339       0       2
-0.500000000E+00-0.500000000E+01-0.800000000E+01
 
 1     340       0       2
-0.150000000E+01-0.500000000E+01-0.800000000E+01
 
 1     341       0       2
-0.300000000E+01-0.500000000E+01-0.750000000E+01
 
 1     342       0       2
-0.300000000E+01-0.500000000E+01-0.700000000E+01
 
 1     343       0       2
-0.300000000E+01-0.500000000E+01-0.650000000E+01
 
 1     344       0       2
-0.300000000E+01-0.500000000E+01-0.550000000E+01
 
 1     345       0       2
-0.300000000E+01-0.500000000E+01-0.450000000E+01
 
 1     346       0       2
-0.300000000E+01-0.500000000E+01-0.400000000E+01
 
 1     347       0       2
-0.300000000E+01-0.500000000E+01-0.350000000E+01
 
 1     348       0       2
-0.250000000E+01-0.500000000E+01-0.200000000E+01
 
 1     349       0       2
-0.300000000E+01-0.500000000E+01-0.300000000E+01
 
 1     350       0       2
-0.300000000E+01-0.500000000E+01-0.250000000E+01
 
 1     351       0       2
-0.200000000E+01-0.500000000E+01-0.200000000E+01
 
 1     352       0       2
-0.150000000E+01-0.500000000E+01-0.200000000E+01
 
 1     353       0       2
-0.100000000E+01-0.500000000E+01-0.200000000E+01
 
 1     354       0       2
-0.500000000E+00-0.500000000E+01-0.200000000E+01
 
 1     355       0       2
 0.000000000E+00-0.500000000E+01-0.200000000E+01
 
 1     356       0       2
 0.500000000E+00-0.500000000E+01-0.200000000E+01
 
 1     357       0       2
 0.150000000E+01-0.500000000E+01-0.200000000E+01
 
 1     358       0       2
 0.250000000E+01-0.500000000E+01-0.200000000E+01
 
 1     359       0       2
 0.300000000E+01-0.500000000E+01-0.200000000E+01
 
 1     360       0       2
 0.300000000E+01-0.500000000E+01-0.800000000E+01
 
 1     361       0       2
-0.300000000E+01-0.500000000E+01-0.800000000E+01
 
 1     362       0       2
-0.300000000E+01-0.500000000E+01-0.200000000E+01
 
 1     363       0       2
 0.300000000E+01-0.500000000E+01-0.150000000E+01
 
 1     364       0       2
 0.350000000E+01-0.500000000E+01-0.200000000E+01
 
 1     365       0       2
 0.350000000E+01-0.500000000E+01-0.250000000E+01
 
 1     366       0       2
 0.350000000E+01-0.500000000E+01-0.350000000E+01
 
 1     367       0       2
 0.350000000E+01-0.500000000E+01-0.400000000E+01
 
 1     368       0       2
 0.350000000E+01-0.500000000E+01-0.450000000E+01
 
 1     369       0       2
 0.350000000E+01-0.500000000E+01-0.550000000E+01
 
 1     370       0       2
 0.350000000E+01-0.500000000E+01-0.650000000E+01
 
 1     371       0       2
 0.350000000E+01-0.500000000E+01-0.750000000E+01
 
 1     372       0       2
 0.350000000E+01-0.500000000E+01-0.800000000E+01
 
 1     373       0       2
 0.300000000E+01-0.500000000E+01-0.850000000E+01
 
 1     374       0       2
 0.250000000E+01-0.500000000E+01-0.850000000E+01
 
 1     375       0       2
 0.150000000E+01-0.500000000E+01-0.850000000E+01
 
 1     376       0       2
 0.500000000E+00-0.500000000E+01-0.850000000E+01
 
 1     377       0       2
-0.500000000E+00-0.500000000E+01-0.850000000E+01
 
 1     378       0       2
-0.150000000E+01-0.500000000E+01-0.850000000E+01
 
 1     379       0       2
-0.200000000E+01-0.500000000E+01-0.850000000E+01
 
 1     380       0       2
-0.250000000E+01-0.500000000E+01-0.850000000E+01
 
 1     381       0       2
-0.300000000E+01-0.500000000E+01-0.850000000E+01
 
 1     382       0       2
-0.350000000E+01-0.500000000E+01-0.800000000E+01
 
 1     383       0       2
-0.350000000E+01-0.500000000E+01-0.750000000E+01
 
 1     384       0       2
-0.350000000E+01-0.500000000E+01-0.650000000E+01
 
 1     385       0       2
-0.350000000E+01-0.500000000E+01-0.600000000E+01
 
 1     386       0       2
-0.350000000E+01-0.500000000E+01-0.550000000E+01
 
 1     387       0       2
-0.350000000E+01-0.500000000E+01-0.400000000E+01
 
 1     388       0       2
-0.350000000E+01-0.500000000E+01-0.350000000E+01
 
 1     389       0       2
-0.350000000E+01-0.500000000E+01-0.300000000E+01
 
 1     390       0       2
-0.350000000E+01-0.500000000E+01-0.250000000E+01
 
 1     391       0       2
-0.350000000E+01-0.500000000E+01-0.200000000E+01
 
 1     392       0       2
-0.250000000E+01-0.500000000E+01-0.150000000E+01
 
 1     393       0       2
-0.200000000E+01-0.500000000E+01-0.150000000E+01
 
 1     394       0       2
-0.150000000E+01-0.500000000E+01-0.150000000E+01
 
 1     395       0       2
-0.100000000E+01-0.500000000E+01-0.150000000E+01
 
 1     396       0       2
-0.500000000E+00-0.500000000E+01-0.150000000E+01
 
 1     397       0       2
-0.734366295E-18-0.500000000E+01-0.150000000E+01
 
 1     398       0       2
 0.500000000E+00-0.500000000E+01-0.150000000E+01
 
 1     399       0       2
 0.150000000E+01-0.500000000E+01-0.150000000E+01
 
 1     400       0       2
 0.250000000E+01-0.500000000E+01-0.150000000E+01
 
 1     401       0       2
 0.350000000E+01-0.500000000E+01-0.150000000E+01
 
 1     402       0       2
 0.350000000E+01-0.500000000E+01-0.850000000E+01
 
 1     403       0       2
-0.350000000E+01-0.500000000E+01-0.850000000E+01
 
 1     404       0       2
-0.350000000E+01-0.500000000E+01-0.150000000E+01
 
 1     405       0       2
 0.400000000E+01-0.500000000E+01-0.200000000E+01
 
 1     406       0       2
 0.400000000E+01-0.500000000E+01-0.250000000E+01
 
 1     407       0       2
 0.400000000E+01-0.500000000E+01-0.350000000E+01
 
 1     408       0       2
 0.400000000E+01-0.500000000E+01-0.450000000E+01
 
 1     409       0       2
 0.400000000E+01-0.500000000E+01-0.550000000E+01
 
 1     410       0       2
 0.400000000E+01-0.500000000E+01-0.650000000E+01
 
 1     411       0       2
 0.400000000E+01-0.500000000E+01-0.150000000E+01
 
 1     412       0       2
 0.350000000E+01-0.500000000E+01-0.900000000E+01
 
 1     413       0       2
 0.400000000E+01-0.500000000E+01-0.850000000E+01
 
 1     414       0       2
 0.300000000E+01-0.500000000E+01-0.900000000E+01
 
 1     415       0       2
 0.250000000E+01-0.500000000E+01-0.900000000E+01
 
 1     416       0       2
 0.150000000E+01-0.500000000E+01-0.900000000E+01
 
 1     417       0       2
 0.100000000E+01-0.500000000E+01-0.900000000E+01
 
 1     418       0       2
 0.500000000E+00-0.500000000E+01-0.900000000E+01
 
 1     419       0       2
 0.000000000E+00-0.500000000E+01-0.900000000E+01
 
 1     420       0       2
-0.500000000E+00-0.500000000E+01-0.900000000E+01
 
 1     421       0       2
-0.150000000E+01-0.500000000E+01-0.900000000E+01
 
 1     422       0       2
-0.200000000E+01-0.500000000E+01-0.900000000E+01
 
 1     423       0       2
-0.250000000E+01-0.500000000E+01-0.900000000E+01
 
 1     424       0       2
-0.400000000E+01-0.500000000E+01-0.850000000E+01
 
 1     425       0       2
-0.400000000E+01-0.500000000E+01-0.800000000E+01
 
 1     426       0       2
-0.400000000E+01-0.500000000E+01-0.750000000E+01
 
 1     427       0       2
-0.400000000E+01-0.500000000E+01-0.700000000E+01
 
 1     428       0       2
-0.400000000E+01-0.500000000E+01-0.650000000E+01
 
 1     429       0       2
-0.400000000E+01-0.500000000E+01-0.600000000E+01
 
 1     430       0       2
-0.400000000E+01-0.500000000E+01-0.550000000E+01
 
 1     431       0       2
-0.400000000E+01-0.500000000E+01-0.450000000E+01
 
 1     432       0       2
-0.400000000E+01-0.500000000E+01-0.350000000E+01
 
 1     433       0       2
-0.400000000E+01-0.500000000E+01-0.250000000E+01
 
 1     434       0       2
-0.400000000E+01-0.500000000E+01-0.200000000E+01
 
 1     435       0       2
-0.400000000E+01-0.500000000E+01-0.150000000E+01
 
 1     436       0       2
-0.250000000E+01-0.500000000E+01-0.100000000E+01
 
 1     437       0       2
-0.200000000E+01-0.500000000E+01-0.100000000E+01
 
 1     438       0       2
-0.150000000E+01-0.500000000E+01-0.100000000E+01
 
 1     439       0       2
-0.500000000E+00-0.500000000E+01-0.100000000E+01
 
 1     440       0       2
-0.146873259E-18-0.500000000E+01-0.100000000E+01
 
 1     441       0       2
 0.500000000E+00-0.500000000E+01-0.100000000E+01
 
 1     442       0       2
 0.150000000E+01-0.500000000E+01-0.100000000E+01
 
 1     443       0       2
 0.350000000E+01-0.500000000E+01-0.100000000E+01
 
 1     444       0       2
 0.400000000E+01-0.500000000E+01-0.100000000E+01
 
 1     445       0       2
 0.400000000E+01-0.500000000E+01-0.900000000E+01
 
 1     446       0       2
-0.400000000E+01-0.500000000E+01-0.900000000E+01
 
 1     447       0       2
-0.400000000E+01-0.500000000E+01-0.100000000E+01
 
 1     448       0       2
 0.450000000E+01-0.500000000E+01-0.100000000E+01
 
 1     449       0       2
 0.450000000E+01-0.500000000E+01-0.150000000E+01
 
 1     450       0       2
 0.450000000E+01-0.500000000E+01-0.200000000E+01
 
 1     451       0       2
 0.450000000E+01-0.500000000E+01-0.250000000E+01
 
 1     452       0       2
 0.450000000E+01-0.500000000E+01-0.300000000E+01
 
 1     453       0       2
 0.450000000E+01-0.500000000E+01-0.350000000E+01
 
 1     454       0       2
 0.450000000E+01-0.500000000E+01-0.400000000E+01
 
 1     455       0       2
 0.450000000E+01-0.500000000E+01-0.450000000E+01
 
 1     456       0       2
 0.450000000E+01-0.500000000E+01-0.500000000E+01
 
 1     457       0       2
 0.450000000E+01-0.500000000E+01-0.550000000E+01
 
 1     458       0       2
 0.450000000E+01-0.500000000E+01-0.600000000E+01
 
 1     459       0       2
 0.450000000E+01-0.500000000E+01-0.650000000E+01
 
 1     460       0       2
 0.450000000E+01-0.500000000E+01-0.700000000E+01
 
 1     461       0       2
 0.450000000E+01-0.500000000E+01-0.750000000E+01
 
 1     462       0       2
 0.450000000E+01-0.500000000E+01-0.800000000E+01
 
 1     463       0       2
 0.450000000E+01-0.500000000E+01-0.850000000E+01
 
 1     464       0       2
 0.450000000E+01-0.500000000E+01-0.900000000E+01
 
 1     465       0       2
 0.450000000E+01-0.500000000E+01-0.950000000E+01
 
 1     466       0       2
 0.400000000E+01-0.500000000E+01-0.950000000E+01
 
 1     467       0       2
 0.350000000E+01-0.500000000E+01-0.950000000E+01
 
 1     468       0       2
 0.300000000E+01-0.500000000E+01-0.950000000E+01
 
 1     469       0       2
 0.250000000E+01-0.500000000E+01-0.950000000E+01
 
 1     470       0       2
 0.200000000E+01-0.500000000E+01-0.950000000E+01
 
 1     471       0       2
 0.150000000E+01-0.500000000E+01-0.950000000E+01
 
 1     472       0       2
 0.100000000E+01-0.500000000E+01-0.950000000E+01
 
 1     473       0       2
 0.500000000E+00-0.500000000E+01-0.950000000E+01
 
 1     474       0       2
 0.000000000E+00-0.500000000E+01-0.950000000E+01
 
 1     475       0       2
-0.500000000E+00-0.500000000E+01-0.950000000E+01
 
 1     476       0       2
-0.100000000E+01-0.500000000E+01-0.950000000E+01
 
 1     477       0       2
-0.150000000E+01-0.500000000E+01-0.950000000E+01
 
 1     478       0       2
-0.200000000E+01-0.500000000E+01-0.950000000E+01
 
 1     479       0       2
-0.250000000E+01-0.500000000E+01-0.950000000E+01
 
 1     480       0       2
-0.300000000E+01-0.500000000E+01-0.950000000E+01
 
 1     481       0       2
-0.350000000E+01-0.500000000E+01-0.950000000E+01
 
 1     482       0       2
-0.400000000E+01-0.500000000E+01-0.950000000E+01
 
 1     483       0       2
-0.450000000E+01-0.500000000E+01-0.950000000E+01
 
 1     484       0       2
-0.450000000E+01-0.500000000E+01-0.900000000E+01
 
 1     485       0       2
-0.450000000E+01-0.500000000E+01-0.850000000E+01
 
 1     486       0       2
-0.450000000E+01-0.500000000E+01-0.800000000E+01
 
 1     487       0       2
-0.450000000E+01-0.500000000E+01-0.750000000E+01
 
 1     488       0       2
-0.450000000E+01-0.500000000E+01-0.700000000E+01
 
 1     489       0       2
-0.450000000E+01-0.500000000E+01-0.650000000E+01
 
 1     490       0       2
-0.450000000E+01-0.500000000E+01-0.600000000E+01
 
 1     491       0       2
-0.450000000E+01-0.500000000E+01-0.550000000E+01
 
 1     492       0       2
-0.450000000E+01-0.500000000E+01-0.500000000E+01
 
 1     493       0       2
-0.450000000E+01-0.500000000E+01-0.450000000E+01
 
 1     494       0       2
-0.450000000E+01-0.500000000E+01-0.400000000E+01
 
 1     495       0       2
-0.450000000E+01-0.500000000E+01-0.350000000E+01
 
 1     496       0       2
-0.450000000E+01-0.500000000E+01-0.300000000E+01
 
 1     497       0       2
-0.450000000E+01-0.500000000E+01-0.250000000E+01
 
 1     498       0       2
-0.450000000E+01-0.500000000E+01-0.200000000E+01
 
 1     499       0       2
-0.450000000E+01-0.500000000E+01-0.150000000E+01
 
 1     500       0       2
-0.450000000E+01-0.500000000E+01-0.100000000E+01
 
 1     501       0       2
-0.450000000E+01-0.500000000E+01-0.500000000E+00
 
 1     502       0       2
-0.400000000E+01-0.500000000E+01-0.500000000E+00
 
 1     503       0       2
-0.350000000E+01-0.500000000E+01-0.500000000E+00
 
 1     504       0       2
-0.300000000E+01-0.500000000E+01-0.500000000E+00
 
 1     505       0       2
-0.250000000E+01-0.500000000E+01-0.500000000E+00
 
 1     506       0       2
-0.200000000E+01-0.500000000E+01-0.500000000E+00
 
 1     507       0       2
-0.150000000E+01-0.500000000E+01-0.500000000E+00
 
 1     508       0       2
-0.100000000E+01-0.500000000E+01-0.500000000E+00
 
 1     509       0       2
-0.500000000E+00-0.500000000E+01-0.500000000E+00
 
 1     510       0       2
-0.293746505E-19-0.500000000E+01-0.500000000E+00
 
 1     511       0       2
 0.500000000E+00-0.500000000E+01-0.500000000E+00
 
 1     512       0       2
 0.100000000E+01-0.500000000E+01-0.500000000E+00
 
 1     513       0       2
 0.150000000E+01-0.500000000E+01-0.500000000E+00
 
 1     514       0       2
 0.200000000E+01-0.500000000E+01-0.500000000E+00
 
 1     515       0       2
 0.250000000E+01-0.500000000E+01-0.500000000E+00
 
 1     516       0       2
 0.300000000E+01-0.500000000E+01-0.500000000E+00
 
 1     517       0       2
 0.350000000E+01-0.500000000E+01-0.500000000E+00
 
 1     518       0       2
 0.400000000E+01-0.500000000E+01-0.500000000E+00
 
 1     519       0       2
 0.450000000E+01-0.500000000E+01-0.500000000E+00
 
 1     520       0       2
-0.250000000E+01-0.500000000E+01-0.800000000E+01
 
 1     521       0       2
-0.100000000E+01-0.500000000E+01-0.100000000E+01
 
 1     522       0       2
 0.400000000E+01-0.500000000E+01-0.750000000E+01
 
 1     523       0       2
 0.250000000E+01-0.500000000E+01-0.100000000E+01
 
 1     524       0       2
 0.200000000E+01-0.500000000E+01-0.400000000E+01
 
 1     525       0       2
-0.100000000E+01-0.500000000E+01-0.350000000E+01
 
 1     526       0       2
 0.400000000E+01-0.500000000E+01-0.400000000E+01
 
 1     527       0       2
-0.200000000E+01-0.500000000E+01-0.800000000E+01
 
 1     528       0       2
-0.100000000E+01-0.500000000E+01-0.800000000E+01
 
 1     529       0       2
 0.100000000E+01-0.500000000E+01-0.250000000E+01
 
 1     530       0       2
 0.144560294E-18-0.500000000E+01-0.600000000E+01
 
 1     531       0       2
-0.300000000E+01-0.500000000E+01-0.500000000E+01
 
 1     532       0       2
-0.300000000E+01-0.500000000E+01-0.100000000E+01
 
 1     533       0       2
 0.200000000E+01-0.500000000E+01-0.900000000E+01
 
 1     534       0       2
-0.100000000E+01-0.500000000E+01-0.850000000E+01
 
 1     535       0       2
-0.300000000E+01-0.500000000E+01-0.600000000E+01
 
 1     536       0       2
 0.500000000E+00-0.500000000E+01-0.400000000E+01
 
 1     537       0       2
 0.000000000E+00-0.500000000E+01-0.850000000E+01
 
 1     538       0       2
 0.100000000E+01-0.500000000E+01-0.850000000E+01
 
 1     539       0       2
-0.500000000E+00-0.500000000E+01-0.750000000E+01
 
 1     540       0       2
 0.200000000E+01-0.500000000E+01-0.550000000E+01
 
 1     541       0       2
 0.000000000E+00-0.500000000E+01-0.650000000E+01
 
 1     542       0       2
-0.400000000E+01-0.500000000E+01-0.500000000E+01
 
 1     543       0       2
 0.400000000E+01-0.500000000E+01-0.300000000E+01
 
 1     544       0       2
-0.100000000E+01-0.500000000E+01-0.900000000E+01
 
 1     545       0       2
 0.350000000E+01-0.500000000E+01-0.700000000E+01
 
 1     546       0       2
 0.200000000E+01-0.500000000E+01-0.150000000E+01
 
 1     547       0       2
 0.250000000E+01-0.500000000E+01-0.300000000E+01
 
 1     548       0       2
 0.300000000E+01-0.500000000E+01-0.500000000E+01
 
 1     549       0       2
 0.250000000E+01-0.500000000E+01-0.600000000E+01
 
 1     550       0       2
-0.400000000E+01-0.500000000E+01-0.300000000E+01
 
 1     551       0       2
 0.150000000E+01-0.500000000E+01-0.250000000E+01
 
 1     552       0       2
 0.100000000E+01-0.500000000E+01-0.700000000E+01
 
 1     553       0       2
-0.400000000E+01-0.500000000E+01-0.400000000E+01
 
 1     554       0       2
 0.200000000E+01-0.500000000E+01-0.850000000E+01
 
 1     555       0       2
 0.350000000E+01-0.500000000E+01-0.300000000E+01
 
 1     556       0       2
-0.200000000E+01-0.500000000E+01-0.500000000E+01
 
 1     557       0       2
 0.350000000E+01-0.500000000E+01-0.500000000E+01
 
 1     558       0       2
-0.350000000E+01-0.500000000E+01-0.500000000E+01
 
 1     559       0       2
-0.300000000E+01-0.500000000E+01-0.150000000E+01
 
 1     560       0       2
-0.150000000E+01-0.500000000E+01-0.600000000E+01
 
 1     561       0       2
 0.300000000E+01-0.500000000E+01-0.400000000E+01
 
 1     562       0       2
-0.100000000E+01-0.500000000E+01-0.700000000E+01
 
 1     563       0       2
 0.000000000E+00-0.500000000E+01-0.800000000E+01
 
 1     564       0       2
-0.200000000E+01-0.500000000E+01-0.600000000E+01
 
 1     565       0       2
 0.350000000E+01-0.500000000E+01-0.600000000E+01
 
 1     566       0       2
 0.100000000E+01-0.500000000E+01-0.150000000E+01
 
 1     567       0       2
-0.300000000E+01-0.500000000E+01-0.900000000E+01
 
 1     568       0       2
 0.300000000E+01-0.500000000E+01-0.600000000E+01
 
 1     569       0       2
 0.100000000E+01-0.500000000E+01-0.200000000E+01
 
 1     570       0       2
 0.300000000E+01-0.500000000E+01-0.100000000E+01
 
 1     571       0       2
 0.400000000E+01-0.500000000E+01-0.800000000E+01
 
 1     572       0       2
-0.274664547E-18-0.500000000E+01-0.700000000E+01
 
 1     573       0       2
 0.100000000E+01-0.500000000E+01-0.500000000E+01
 
 1     574       0       2
 0.100000000E+01-0.500000000E+01-0.650000000E+01
 
 1     575       0       2
-0.150000000E+01-0.500000000E+01-0.350000000E+01
 
 1     576       0       2
 0.150000000E+01-0.500000000E+01-0.400000000E+01
 
 1     577       0       2
 0.250000000E+01-0.500000000E+01-0.500000000E+01
 
 1     578       0       2
 0.200000000E+01-0.500000000E+01-0.600000000E+01
 
 1     579       0       2
-0.350000000E+01-0.500000000E+01-0.700000000E+01
 
 1     580       0       2
-0.350000000E+01-0.500000000E+01-0.450000000E+01
 
 1     581       0       2
 0.000000000E+00-0.500000000E+01-0.750000000E+01
 
 1     582       0       2
 0.500000000E+00-0.500000000E+01-0.600000000E+01
 
 1     583       0       2
 0.100000000E+01-0.500000000E+01-0.100000000E+01
 
 1     584       0       2
 0.200000000E+01-0.500000000E+01-0.100000000E+01
 
 1     585       0       2
 0.400000000E+01-0.500000000E+01-0.600000000E+01
 
 1     586       0       2
 0.400000000E+01-0.500000000E+01-0.700000000E+01
 
 1     587       0       2
 0.300000000E+01-0.500000000E+01-0.300000000E+01
 
 1     588       0       2
 0.400000000E+01-0.500000000E+01-0.500000000E+01
 
 1     589       0       2
-0.350000000E+01-0.500000000E+01-0.100000000E+01
 
 1     590       0       2
-0.350000000E+01-0.500000000E+01-0.900000000E+01
 
 1     591       0       2
-0.100000000E+01-0.500000000E+01-0.500000000E+01
 
 1     592       0       2
 0.300000000E+01-0.500000000E+01-0.700000000E+01
 
 1     593       0       2
 0.200000000E+01-0.500000000E+01-0.200000000E+01
 
 1     594       0       2
-0.250000000E+01-0.500000000E+01-0.500000000E+01
 
 1     595       0       2
 0.250000000E+01-0.500000000E+01-0.400000000E+01
 
 1     596       0       2
-0.100000000E+01-0.500000000E+01-0.750000000E+01
 
 1     597       0       2
 0.100000000E+01-0.500000000E+01-0.750000000E+01
 
 1     598       0       2
 0.500000000E+01-0.544835642E-18-0.500000000E+01
 
 1     599       0       2
 0.500000000E+01 0.500000000E+00-0.500000000E+01
 
 1     600       0       2
 0.500000000E+01-0.617520765E-19-0.550000000E+01
 
 1     601       0       2
 0.500000000E+01-0.500000000E+00-0.500000000E+01
 
 1     602       0       2
 0.500000000E+01 0.000000000E+00-0.450000000E+01
 
 1     603       0       2
 0.500000000E+01 0.500000000E+00-0.450000000E+01
 
 1     604       0       2
 0.500000000E+01 0.500000000E+00-0.550000000E+01
 
 1     605       0       2
 0.500000000E+01-0.500000000E+00-0.550000000E+01
 
 1     606       0       2
 0.500000000E+01-0.500000000E+00-0.450000000E+01
 
 1     607       0       2
 0.500000000E+01 0.100000000E+01-0.450000000E+01
 
 1     608       0       2
 0.500000000E+01 0.100000000E+01-0.550000000E+01
 
 1     609       0       2
 0.500000000E+01-0.100000000E+01-0.550000000E+01
 
 1     610       0       2
 0.500000000E+01-0.500000000E+00-0.600000000E+01
 
 1     611       0       2
 0.500000000E+01-0.500000000E+00-0.400000000E+01
 
 1     612       0       2
 0.500000000E+01-0.100000000E+01-0.450000000E+01
 
 1     613       0       2
 0.500000000E+01-0.296059489E-16-0.400000000E+01
 
 1     614       0       2
 0.500000000E+01 0.100000000E+01-0.400000000E+01
 
 1     615       0       2
 0.500000000E+01 0.100000000E+01-0.600000000E+01
 
 1     616       0       2
 0.500000000E+01-0.100000000E+01-0.600000000E+01
 
 1     617       0       2
 0.500000000E+01-0.100000000E+01-0.400000000E+01
 
 1     618       0       2
 0.500000000E+01 0.100000000E+01-0.350000000E+01
 
 1     619       0       2
 0.500000000E+01 0.150000000E+01-0.450000000E+01
 
 1     620       0       2
 0.500000000E+01 0.150000000E+01-0.500000000E+01
 
 1     621       0       2
 0.500000000E+01 0.150000000E+01-0.550000000E+01
 
 1     622       0       2
 0.500000000E+01 0.150000000E+01-0.600000000E+01
 
 1     623       0       2
 0.500000000E+01 0.500000000E+00-0.650000000E+01
 
 1     624       0       2
 0.500000000E+01-0.500000000E+00-0.650000000E+01
 
 1     625       0       2
 0.500000000E+01-0.100000000E+01-0.650000000E+01
 
 1     626       0       2
 0.500000000E+01-0.150000000E+01-0.550000000E+01
 
 1     627       0       2
 0.500000000E+01-0.150000000E+01-0.500000000E+01
 
 1     628       0       2
 0.500000000E+01-0.150000000E+01-0.450000000E+01
 
 1     629       0       2
 0.500000000E+01-0.150000000E+01-0.400000000E+01
 
 1     630       0       2
 0.500000000E+01-0.500000000E+00-0.350000000E+01
 
 1     631       0       2
 0.500000000E+01-0.109099650E-15-0.350000000E+01
 
 1     632       0       2
 0.500000000E+01 0.500000000E+00-0.350000000E+01
 
 1     633       0       2
 0.500000000E+01 0.150000000E+01-0.350000000E+01
 
 1     634       0       2
 0.500000000E+01 0.150000000E+01-0.650000000E+01
 
 1     635       0       2
 0.500000000E+01-0.150000000E+01-0.650000000E+01
 
 1     636       0       2
 0.500000000E+01 0.200000000E+01-0.450000000E+01
 
 1     637       0       2
 0.500000000E+01 0.200000000E+01-0.500000000E+01
 
 1     638       0       2
 0.500000000E+01 0.200000000E+01-0.350000000E+01
 
 1     639       0       2
 0.500000000E+01 0.150000000E+01-0.700000000E+01
 
 1     640       0       2
 0.500000000E+01 0.200000000E+01-0.650000000E+01
 
 1     641       0       2
 0.500000000E+01 0.500000000E+00-0.700000000E+01
 
 1     642       0       2
 0.500000000E+01-0.500000000E+00-0.700000000E+01
 
 1     643       0       2
 0.500000000E+01-0.200000000E+01-0.650000000E+01
 
 1     644       0       2
 0.500000000E+01-0.150000000E+01-0.700000000E+01
 
 1     645       0       2
 0.500000000E+01-0.200000000E+01-0.550000000E+01
 
 1     646       0       2
 0.500000000E+01-0.200000000E+01-0.450000000E+01
 
 1     647       0       2
 0.500000000E+01-0.150000000E+01-0.300000000E+01
 
 1     648       0       2
 0.500000000E+01-0.200000000E+01-0.400000000E+01
 
 1     649       0       2
 0.500000000E+01-0.200000000E+01-0.350000000E+01
 
 1     650       0       2
 0.500000000E+01-0.100000000E+01-0.300000000E+01
 
 1     651       0       2
 0.500000000E+01-0.500000000E+00-0.300000000E+01
 
 1     652       0       2
 0.500000000E+01-0.205955042E-15-0.300000000E+01
 
 1     653       0       2
 0.500000000E+01 0.500000000E+00-0.300000000E+01
 
 1     654       0       2
 0.500000000E+01 0.100000000E+01-0.300000000E+01
 
 1     655       0       2
 0.500000000E+01 0.150000000E+01-0.300000000E+01
 
 1     656       0       2
 0.500000000E+01 0.200000000E+01-0.300000000E+01
 
 1     657       0       2
 0.500000000E+01 0.200000000E+01-0.700000000E+01
 
 1     658       0       2
 0.500000000E+01-0.200000000E+01-0.700000000E+01
 
 1     659       0       2
 0.500000000E+01-0.200000000E+01-0.300000000E+01
 
 1     660       0       2
 0.500000000E+01 0.200000000E+01-0.250000000E+01
 
 1     661       0       2
 0.500000000E+01 0.250000000E+01-0.350000000E+01
 
 1     662       0       2
 0.500000000E+01 0.250000000E+01-0.450000000E+01
 
 1     663       0       2
 0.500000000E+01 0.250000000E+01-0.550000000E+01
 
 1     664       0       2
 0.500000000E+01 0.250000000E+01-0.650000000E+01
 
 1     665       0       2
 0.500000000E+01 0.250000000E+01-0.700000000E+01
 
 1     666       0       2
 0.500000000E+01 0.200000000E+01-0.750000000E+01
 
 1     667       0       2
 0.500000000E+01 0.150000000E+01-0.750000000E+01
 
 1     668       0       2
 0.500000000E+01 0.500000000E+00-0.750000000E+01
 
 1     669       0       2
 0.500000000E+01-0.150000000E+01-0.750000000E+01
 
 1     670       0       2
 0.500000000E+01-0.200000000E+01-0.750000000E+01
 
 1     671       0       2
 0.500000000E+01-0.250000000E+01-0.700000000E+01
 
 1     672       0       2
 0.500000000E+01-0.250000000E+01-0.650000000E+01
 
 1     673       0       2
 0.500000000E+01-0.250000000E+01-0.600000000E+01
 
 1     674       0       2
 0.500000000E+01-0.250000000E+01-0.550000000E+01
 
 1     675       0       2
 0.500000000E+01-0.250000000E+01-0.450000000E+01
 
 1     676       0       2
 0.500000000E+01-0.250000000E+01-0.400000000E+01
 
 1     677       0       2
 0.500000000E+01-0.250000000E+01-0.350000000E+01
 
 1     678       0       2
 0.500000000E+01-0.250000000E+01-0.300000000E+01
 
 1     679       0       2
 0.500000000E+01-0.200000000E+01-0.250000000E+01
 
 1     680       0       2
 0.500000000E+01-0.150000000E+01-0.250000000E+01
 
 1     681       0       2
 0.500000000E+01-0.100000000E+01-0.250000000E+01
 
 1     682       0       2
 0.500000000E+01-0.500000000E+00-0.250000000E+01
 
 1     683       0       2
 0.500000000E+01-0.236570320E-15-0.250000000E+01
 
 1     684       0       2
 0.500000000E+01 0.500000000E+00-0.250000000E+01
 
 1     685       0       2
 0.500000000E+01 0.250000000E+01-0.250000000E+01
 
 1     686       0       2
 0.500000000E+01 0.250000000E+01-0.750000000E+01
 
 1     687       0       2
 0.500000000E+01-0.250000000E+01-0.750000000E+01
 
 1     688       0       2
 0.500000000E+01-0.250000000E+01-0.250000000E+01
 
 1     689       0       2
 0.500000000E+01 0.300000000E+01-0.350000000E+01
 
 1     690       0       2
 0.500000000E+01 0.300000000E+01-0.450000000E+01
 
 1     691       0       2
 0.500000000E+01 0.300000000E+01-0.550000000E+01
 
 1     692       0       2
 0.500000000E+01 0.300000000E+01-0.650000000E+01
 
 1     693       0       2
 0.500000000E+01 0.300000000E+01-0.250000000E+01
 
 1     694       0       2
 0.500000000E+01 0.250000000E+01-0.800000000E+01
 
 1     695       0       2
 0.500000000E+01 0.300000000E+01-0.750000000E+01
 
 1     696       0       2
 0.500000000E+01 0.200000000E+01-0.800000000E+01
 
 1     697       0       2
 0.500000000E+01 0.150000000E+01-0.800000000E+01
 
 1     698       0       2
 0.500000000E+01 0.100000000E+01-0.800000000E+01
 
 1     699       0       2
 0.500000000E+01 0.500000000E+00-0.800000000E+01
 
 1     700       0       2
 0.500000000E+01-0.500000000E+00-0.800000000E+01
 
 1     701       0       2
 0.500000000E+01-0.150000000E+01-0.800000000E+01
 
 1     702       0       2
 0.500000000E+01-0.300000000E+01-0.750000000E+01
 
 1     703       0       2
 0.500000000E+01-0.300000000E+01-0.700000000E+01
 
 1     704       0       2
 0.500000000E+01-0.300000000E+01-0.650000000E+01
 
 1     705       0       2
 0.500000000E+01-0.300000000E+01-0.550000000E+01
 
 1     706       0       2
 0.500000000E+01-0.300000000E+01-0.450000000E+01
 
 1     707       0       2
 0.500000000E+01-0.300000000E+01-0.400000000E+01
 
 1     708       0       2
 0.500000000E+01-0.300000000E+01-0.350000000E+01
 
 1     709       0       2
 0.500000000E+01-0.250000000E+01-0.200000000E+01
 
 1     710       0       2
 0.500000000E+01-0.300000000E+01-0.300000000E+01
 
 1     711       0       2
 0.500000000E+01-0.300000000E+01-0.250000000E+01
 
 1     712       0       2
 0.500000000E+01-0.200000000E+01-0.200000000E+01
 
 1     713       0       2
 0.500000000E+01-0.150000000E+01-0.200000000E+01
 
 1     714       0       2
 0.500000000E+01-0.100000000E+01-0.200000000E+01
 
 1     715       0       2
 0.500000000E+01-0.500000000E+00-0.200000000E+01
 
 1     716       0       2
 0.500000000E+01-0.347126463E-15-0.200000000E+01
 
 1     717       0       2
 0.500000000E+01 0.500000000E+00-0.200000000E+01
 
 1     718       0       2
 0.500000000E+01 0.150000000E+01-0.200000000E+01
 
 1     719       0       2
 0.500000000E+01 0.250000000E+01-0.200000000E+01
 
 1     720       0       2
 0.500000000E+01 0.300000000E+01-0.200000000E+01
 
 1     721       0       2
 0.500000000E+01 0.300000000E+01-0.800000000E+01
 
 1     722       0       2
 0.500000000E+01-0.300000000E+01-0.800000000E+01
 
 1     723       0       2
 0.500000000E+01-0.300000000E+01-0.200000000E+01
 
 1     724       0       2
 0.500000000E+01 0.300000000E+01-0.150000000E+01
 
 1     725       0       2
 0.500000000E+01 0.350000000E+01-0.200000000E+01
 
 1     726       0       2
 0.500000000E+01 0.350000000E+01-0.250000000E+01
 
 1     727       0       2
 0.500000000E+01 0.350000000E+01-0.350000000E+01
 
 1     728       0       2
 0.500000000E+01 0.350000000E+01-0.400000000E+01
 
 1     729       0       2
 0.500000000E+01 0.350000000E+01-0.450000000E+01
 
 1     730       0       2
 0.500000000E+01 0.350000000E+01-0.550000000E+01
 
 1     731       0       2
 0.500000000E+01 0.350000000E+01-0.650000000E+01
 
 1     732       0       2
 0.500000000E+01 0.350000000E+01-0.750000000E+01
 
 1     733       0       2
 0.500000000E+01 0.350000000E+01-0.800000000E+01
 
 1     734       0       2
 0.500000000E+01 0.300000000E+01-0.850000000E+01
 
 1     735       0       2
 0.500000000E+01 0.250000000E+01-0.850000000E+01
 
 1     736       0       2
 0.500000000E+01 0.150000000E+01-0.850000000E+01
 
 1     737       0       2
 0.500000000E+01 0.500000000E+00-0.850000000E+01
 
 1     738       0       2
 0.500000000E+01-0.500000000E+00-0.850000000E+01
 
 1     739       0       2
 0.500000000E+01-0.150000000E+01-0.850000000E+01
 
 1     740       0       2
 0.500000000E+01-0.200000000E+01-0.850000000E+01
 
 1     741       0       2
 0.500000000E+01-0.250000000E+01-0.850000000E+01
 
 1     742       0       2
 0.500000000E+01-0.300000000E+01-0.850000000E+01
 
 1     743       0       2
 0.500000000E+01-0.350000000E+01-0.800000000E+01
 
 1     744       0       2
 0.500000000E+01-0.350000000E+01-0.750000000E+01
 
 1     745       0       2
 0.500000000E+01-0.350000000E+01-0.650000000E+01
 
 1     746       0       2
 0.500000000E+01-0.350000000E+01-0.600000000E+01
 
 1     747       0       2
 0.500000000E+01-0.350000000E+01-0.550000000E+01
 
 1     748       0       2
 0.500000000E+01-0.350000000E+01-0.400000000E+01
 
 1     749       0       2
 0.500000000E+01-0.350000000E+01-0.350000000E+01
 
 1     750       0       2
 0.500000000E+01-0.350000000E+01-0.300000000E+01
 
 1     751       0       2
 0.500000000E+01-0.350000000E+01-0.250000000E+01
 
 1     752       0       2
 0.500000000E+01-0.350000000E+01-0.200000000E+01
 
 1     753       0       2
 0.500000000E+01-0.250000000E+01-0.150000000E+01
 
 1     754       0       2
 0.500000000E+01-0.200000000E+01-0.150000000E+01
 
 1     755       0       2
 0.500000000E+01-0.150000000E+01-0.150000000E+01
 
 1     756       0       2
 0.500000000E+01-0.100000000E+01-0.150000000E+01
 
 1     757       0       2
 0.500000000E+01-0.500000000E+00-0.150000000E+01
 
 1     758       0       2
 0.500000000E+01-0.377531955E-15-0.150000000E+01
 
 1     759       0       2
 0.500000000E+01 0.500000000E+00-0.150000000E+01
 
 1     760       0       2
 0.500000000E+01 0.150000000E+01-0.150000000E+01
 
 1     761       0       2
 0.500000000E+01 0.250000000E+01-0.150000000E+01
 
 1     762       0       2
 0.500000000E+01 0.350000000E+01-0.150000000E+01
 
 1     763       0       2
 0.500000000E+01 0.350000000E+01-0.850000000E+01
 
 1     764       0       2
 0.500000000E+01-0.350000000E+01-0.850000000E+01
 
 1     765       0       2
 0.500000000E+01-0.350000000E+01-0.150000000E+01
 
 1     766       0       2
 0.500000000E+01 0.400000000E+01-0.200000000E+01
 
 1     767       0       2
 0.500000000E+01 0.400000000E+01-0.250000000E+01
 
 1     768       0       2
 0.500000000E+01 0.400000000E+01-0.350000000E+01
 
 1     769       0       2
 0.500000000E+01 0.400000000E+01-0.450000000E+01
 
 1     770       0       2
 0.500000000E+01 0.400000000E+01-0.550000000E+01
 
 1     771       0       2
 0.500000000E+01 0.400000000E+01-0.650000000E+01
 
 1     772       0       2
 0.500000000E+01 0.400000000E+01-0.150000000E+01
 
 1     773       0       2
 0.500000000E+01 0.350000000E+01-0.900000000E+01
 
 1     774       0       2
 0.500000000E+01 0.400000000E+01-0.850000000E+01
 
 1     775       0       2
 0.500000000E+01 0.300000000E+01-0.900000000E+01
 
 1     776       0       2
 0.500000000E+01 0.250000000E+01-0.900000000E+01
 
 1     777       0       2
 0.500000000E+01 0.150000000E+01-0.900000000E+01
 
 1     778       0       2
 0.500000000E+01 0.100000000E+01-0.900000000E+01
 
 1     779       0       2
 0.500000000E+01 0.500000000E+00-0.900000000E+01
 
 1     780       0       2
 0.500000000E+01 0.000000000E+00-0.900000000E+01
 
 1     781       0       2
 0.500000000E+01-0.500000000E+00-0.900000000E+01
 
 1     782       0       2
 0.500000000E+01-0.150000000E+01-0.900000000E+01
 
 1     783       0       2
 0.500000000E+01-0.200000000E+01-0.900000000E+01
 
 1     784       0       2
 0.500000000E+01-0.250000000E+01-0.900000000E+01
 
 1     785       0       2
 0.500000000E+01-0.400000000E+01-0.850000000E+01
 
 1     786       0       2
 0.500000000E+01-0.400000000E+01-0.800000000E+01
 
 1     787       0       2
 0.500000000E+01-0.400000000E+01-0.750000000E+01
 
 1     788       0       2
 0.500000000E+01-0.400000000E+01-0.700000000E+01
 
 1     789       0       2
 0.500000000E+01-0.400000000E+01-0.650000000E+01
 
 1     790       0       2
 0.500000000E+01-0.400000000E+01-0.600000000E+01
 
 1     791       0       2
 0.500000000E+01-0.400000000E+01-0.550000000E+01
 
 1     792       0       2
 0.500000000E+01-0.400000000E+01-0.450000000E+01
 
 1     793       0       2
 0.500000000E+01-0.400000000E+01-0.350000000E+01
 
 1     794       0       2
 0.500000000E+01-0.400000000E+01-0.250000000E+01
 
 1     795       0       2
 0.500000000E+01-0.400000000E+01-0.200000000E+01
 
 1     796       0       2
 0.500000000E+01-0.400000000E+01-0.150000000E+01
 
 1     797       0       2
 0.500000000E+01-0.250000000E+01-0.100000000E+01
 
 1     798       0       2
 0.500000000E+01-0.200000000E+01-0.100000000E+01
 
 1     799       0       2
 0.500000000E+01-0.150000000E+01-0.100000000E+01
 
 1     800       0       2
 0.500000000E+01-0.500000000E+00-0.100000000E+01
 
 1     801       0       2
 0.500000000E+01-0.466293649E-15-0.100000000E+01
 
 1     802       0       2
 0.500000000E+01 0.500000000E+00-0.100000000E+01
 
 1     803       0       2
 0.500000000E+01 0.150000000E+01-0.100000000E+01
 
 1     804       0       2
 0.500000000E+01 0.350000000E+01-0.100000000E+01
 
 1     805       0       2
 0.500000000E+01 0.400000000E+01-0.100000000E+01
 
 1     806       0       2
 0.500000000E+01 0.400000000E+01-0.900000000E+01
 
 1     807       0       2
 0.500000000E+01-0.400000000E+01-0.900000000E+01
 
 1     808       0       2
 0.500000000E+01-0.400000000E+01-0.100000000E+01
 
 1     809       0       2
 0.500000000E+01 0.450000000E+01-0.100000000E+01
 
 1     810       0       2
 0.500000000E+01 0.450000000E+01-0.150000000E+01
 
 1     811       0       2
 0.500000000E+01 0.450000000E+01-0.200000000E+01
 
 1     812       0       2
 0.500000000E+01 0.450000000E+01-0.250000000E+01
 
 1     813       0       2
 0.500000000E+01 0.450000000E+01-0.300000000E+01
 
 1     814       0       2
 0.500000000E+01 0.450000000E+01-0.350000000E+01
 
 1     815       0       2
 0.500000000E+01 0.450000000E+01-0.400000000E+01
 
 1     816       0       2
 0.500000000E+01 0.450000000E+01-0.450000000E+01
 
 1     817       0       2
 0.500000000E+01 0.450000000E+01-0.500000000E+01
 
 1     818       0       2
 0.500000000E+01 0.450000000E+01-0.550000000E+01
 
 1     819       0       2
 0.500000000E+01 0.450000000E+01-0.600000000E+01
 
 1     820       0       2
 0.500000000E+01 0.450000000E+01-0.650000000E+01
 
 1     821       0       2
 0.500000000E+01 0.450000000E+01-0.700000000E+01
 
 1     822       0       2
 0.500000000E+01 0.450000000E+01-0.750000000E+01
 
 1     823       0       2
 0.500000000E+01 0.450000000E+01-0.800000000E+01
 
 1     824       0       2
 0.500000000E+01 0.450000000E+01-0.850000000E+01
 
 1     825       0       2
 0.500000000E+01 0.450000000E+01-0.900000000E+01
 
 1     826       0       2
 0.500000000E+01 0.450000000E+01-0.950000000E+01
 
 1     827       0       2
 0.500000000E+01 0.400000000E+01-0.950000000E+01
 
 1     828       0       2
 0.500000000E+01 0.350000000E+01-0.950000000E+01
 
 1     829       0       2
 0.500000000E+01 0.300000000E+01-0.950000000E+01
 
 1     830       0       2
 0.500000000E+01 0.250000000E+01-0.950000000E+01
 
 1     831       0       2
 0.500000000E+01 0.200000000E+01-0.950000000E+01
 
 1     832       0       2
 0.500000000E+01 0.150000000E+01-0.950000000E+01
 
 1     833       0       2
 0.500000000E+01 0.100000000E+01-0.950000000E+01
 
 1     834       0       2
 0.500000000E+01 0.500000000E+00-0.950000000E+01
 
 1     835       0       2
 0.500000000E+01 0.000000000E+00-0.950000000E+01
 
 1     836       0       2
 0.500000000E+01-0.500000000E+00-0.950000000E+01
 
 1     837       0       2
 0.500000000E+01-0.100000000E+01-0.950000000E+01
 
 1     838       0       2
 0.500000000E+01-0.150000000E+01-0.950000000E+01
 
 1     839       0       2
 0.500000000E+01-0.200000000E+01-0.950000000E+01
 
 1     840       0       2
 0.500000000E+01-0.250000000E+01-0.950000000E+01
 
 1     841       0       2
 0.500000000E+01-0.300000000E+01-0.950000000E+01
 
 1     842       0       2
 0.500000000E+01-0.350000000E+01-0.950000000E+01
 
 1     843       0       2
 0.500000000E+01-0.400000000E+01-0.950000000E+01
 
 1     844       0       2
 0.500000000E+01-0.450000000E+01-0.950000000E+01
 
 1     845       0       2
 0.500000000E+01-0.450000000E+01-0.900000000E+01
 
 1     846       0       2
 0.500000000E+01-0.450000000E+01-0.850000000E+01
 
 1     847       0       2
 0.500000000E+01-0.450000000E+01-0.800000000E+01
 
 1     848       0       2
 0.500000000E+01-0.450000000E+01-0.750000000E+01
 
 1     849       0       2
 0.500000000E+01-0.450000000E+01-0.700000000E+01
 
 1     850       0       2
 0.500000000E+01-0.450000000E+01-0.650000000E+01
 
 1     851       0       2
 0.500000000E+01-0.450000000E+01-0.600000000E+01
 
 1     852       0       2
 0.500000000E+01-0.450000000E+01-0.550000000E+01
 
 1     853       0       2
 0.500000000E+01-0.450000000E+01-0.500000000E+01
 
 1     854       0       2
 0.500000000E+01-0.450000000E+01-0.450000000E+01
 
 1     855       0       2
 0.500000000E+01-0.450000000E+01-0.400000000E+01
 
 1     856       0       2
 0.500000000E+01-0.450000000E+01-0.350000000E+01
 
 1     857       0       2
 0.500000000E+01-0.450000000E+01-0.300000000E+01
 
 1     858       0       2
 0.500000000E+01-0.450000000E+01-0.250000000E+01
 
 1     859       0       2
 0.500000000E+01-0.450000000E+01-0.200000000E+01
 
 1     860       0       2
 0.500000000E+01-0.450000000E+01-0.150000000E+01
 
 1     861       0       2
 0.500000000E+01-0.450000000E+01-0.100000000E+01
 
 1     862       0       2
 0.500000000E+01-0.450000000E+01-0.500000000E+00
 
 1     863       0       2
 0.500000000E+01-0.400000000E+01-0.500000000E+00
 
 1     864       0       2
 0.500000000E+01-0.350000000E+01-0.500000000E+00
 
 1     865       0       2
 0.500000000E+01-0.300000000E+01-0.500000000E+00
 
 1     866       0       2
 0.500000000E+01-0.250000000E+01-0.500000000E+00
 
 1     867       0       2
 0.500000000E+01-0.200000000E+01-0.500000000E+00
 
 1     868       0       2
 0.500000000E+01-0.150000000E+01-0.500000000E+00
 
 1     869       0       2
 0.500000000E+01-0.100000000E+01-0.500000000E+00
 
 1     870       0       2
 0.500000000E+01-0.500000000E+00-0.500000000E+00
 
 1     871       0       2
 0.500000000E+01-0.315303329E-15-0.500000000E+00
 
 1     872       0       2
 0.500000000E+01 0.500000000E+00-0.500000000E+00
 
 1     873       0       2
 0.500000000E+01 0.100000000E+01-0.500000000E+00
 
 1     874       0       2
 0.500000000E+01 0.150000000E+01-0.500000000E+00
 
 1     875       0       2
 0.500000000E+01 0.200000000E+01-0.500000000E+00
 
 1     876       0       2
 0.500000000E+01 0.250000000E+01-0.500000000E+00
 
 1     877       0       2
 0.500000000E+01 0.300000000E+01-0.500000000E+00
 
 1     878       0       2
 0.500000000E+01 0.350000000E+01-0.500000000E+00
 
 1     879       0       2
 0.500000000E+01 0.400000000E+01-0.500000000E+00
 
 1     880       0       2
 0.500000000E+01 0.450000000E+01-0.500000000E+00
 
 1     881       0       2
 0.500000000E+01-0.250000000E+01-0.800000000E+01
 
 1     882       0       2
 0.500000000E+01-0.100000000E+01-0.100000000E+01
 
 1     883       0       2
 0.500000000E+01 0.250000000E+01-0.100000000E+01
 
 1     884       0       2
 0.500000000E+01 0.400000000E+01-0.750000000E+01
 
 1     885       0       2
 0.500000000E+01 0.200000000E+01-0.400000000E+01
 
 1     886       0       2
 0.500000000E+01-0.100000000E+01-0.350000000E+01
 
 1     887       0       2
 0.500000000E+01 0.400000000E+01-0.400000000E+01
 
 1     888       0       2
 0.500000000E+01-0.200000000E+01-0.800000000E+01
 
 1     889       0       2
 0.500000000E+01-0.100000000E+01-0.800000000E+01
 
 1     890       0       2
 0.500000000E+01 0.100000000E+01-0.250000000E+01
 
 1     891       0       2
 0.500000000E+01 0.985830364E-19-0.600000000E+01
 
 1     892       0       2
 0.500000000E+01-0.300000000E+01-0.500000000E+01
 
 1     893       0       2
 0.500000000E+01-0.300000000E+01-0.100000000E+01
 
 1     894       0       2
 0.500000000E+01 0.200000000E+01-0.900000000E+01
 
 1     895       0       2
 0.500000000E+01-0.100000000E+01-0.850000000E+01
 
 1     896       0       2
 0.500000000E+01-0.300000000E+01-0.600000000E+01
 
 1     897       0       2
 0.500000000E+01 0.500000000E+00-0.400000000E+01
 
 1     898       0       2
 0.500000000E+01 0.868951820E-21-0.850000000E+01
 
 1     899       0       2
 0.500000000E+01 0.100000000E+01-0.850000000E+01
 
 1     900       0       2
 0.500000000E+01-0.500000000E+00-0.750000000E+01
 
 1     901       0       2
 0.500000000E+01 0.200000000E+01-0.550000000E+01
 
 1     902       0       2
 0.500000000E+01-0.105054794E-18-0.650000000E+01
 
 1     903       0       2
 0.500000000E+01-0.400000000E+01-0.500000000E+01
 
 1     904       0       2
 0.500000000E+01 0.400000000E+01-0.300000000E+01
 
 1     905       0       2
 0.500000000E+01-0.100000000E+01-0.900000000E+01
 
 1     906       0       2
 0.500000000E+01 0.200000000E+01-0.150000000E+01
 
 1     907       0       2
 0.500000000E+01 0.350000000E+01-0.700000000E+01
 
 1     908       0       2
 0.500000000E+01 0.250000000E+01-0.300000000E+01
 
 1     909       0       2
 0.500000000E+01 0.300000000E+01-0.500000000E+01
 
 1     910       0       2
 0.500000000E+01 0.250000000E+01-0.600000000E+01
 
 1     911       0       2
 0.500000000E+01-0.400000000E+01-0.300000000E+01
 
 1     912       0       2
 0.500000000E+01 0.150000000E+01-0.250000000E+01
 
 1     913       0       2
 0.500000000E+01 0.100000000E+01-0.700000000E+01
 
 1     914       0       2
 0.500000000E+01-0.400000000E+01-0.400000000E+01
 
 1     915       0       2
 0.500000000E+01 0.350000000E+01-0.300000000E+01
 
 1     916       0       2
 0.500000000E+01 0.200000000E+01-0.850000000E+01
 
 1     917       0       2
 0.500000000E+01-0.200000000E+01-0.500000000E+01
 
 1     918       0       2
 0.500000000E+01 0.350000000E+01-0.500000000E+01
 
 1     919       0       2
 0.500000000E+01-0.350000000E+01-0.500000000E+01
 
 1     920       0       2
 0.500000000E+01-0.300000000E+01-0.150000000E+01
 
 1     921       0       2
 0.500000000E+01-0.150000000E+01-0.600000000E+01
 
 1     922       0       2
 0.500000000E+01-0.100000000E+01-0.700000000E+01
 
 1     923       0       2
 0.500000000E+01 0.300000000E+01-0.400000000E+01
 
 1     924       0       2
 0.500000000E+01 0.173790361E-21-0.800000000E+01
 
 1     925       0       2
 0.500000000E+01-0.200000000E+01-0.600000000E+01
 
 1     926       0       2
 0.500000000E+01 0.100000000E+01-0.150000000E+01
 
 1     927       0       2
 0.500000000E+01 0.350000000E+01-0.600000000E+01
 
 1     928       0       2
 0.500000000E+01-0.300000000E+01-0.900000000E+01
 
 1     929       0       2
 0.500000000E+01 0.100000000E+01-0.200000000E+01
 
 1     930       0       2
 0.500000000E+01 0.300000000E+01-0.600000000E+01
 
 1     931       0       2
 0.500000000E+01 0.400000000E+01-0.800000000E+01
 
 1     932       0       2
 0.500000000E+01 0.300000000E+01-0.100000000E+01
 
 1     933       0       2
 0.500000000E+01-0.322433995E-18-0.700000000E+01
 
 1     934       0       2
 0.500000000E+01 0.100000000E+01-0.500000000E+01
 
 1     935       0       2
 0.500000000E+01 0.100000000E+01-0.650000000E+01
 
 1     936       0       2
 0.500000000E+01-0.150000000E+01-0.350000000E+01
 
 1     937       0       2
 0.500000000E+01 0.150000000E+01-0.400000000E+01
 
 1     938       0       2
 0.500000000E+01 0.250000000E+01-0.500000000E+01
 
 1     939       0       2
 0.500000000E+01 0.200000000E+01-0.600000000E+01
 
 1     940       0       2
 0.500000000E+01-0.350000000E+01-0.700000000E+01
 
 1     941       0       2
 0.500000000E+01-0.350000000E+01-0.450000000E+01
 
 1     942       0       2
 0.500000000E+01 0.000000000E+00-0.750000000E+01
 
 1     943       0       2
 0.500000000E+01 0.500000000E+00-0.600000000E+01
 
 1     944       0       2
 0.500000000E+01 0.400000000E+01-0.600000000E+01
 
 1     945       0       2
 0.500000000E+01 0.400000000E+01-0.700000000E+01
 
 1     946       0       2
 0.500000000E+01 0.100000000E+01-0.100000000E+01
 
 1     947       0       2
 0.500000000E+01 0.200000000E+01-0.100000000E+01
 
 1     948       0       2
 0.500000000E+01 0.300000000E+01-0.300000000E+01
 
 1     949       0       2
 0.500000000E+01 0.400000000E+01-0.500000000E+01
 
 1     950       0       2
 0.500000000E+01-0.350000000E+01-0.100000000E+01
 
 1     951       0       2
 0.500000000E+01-0.350000000E+01-0.900000000E+01
 
 1     952       0       2
 0.500000000E+01-0.100000000E+01-0.500000000E+01
 
 1     953       0       2
 0.500000000E+01 0.200000000E+01-0.200000000E+01
 
 1     954       0       2
 0.500000000E+01 0.300000000E+01-0.700000000E+01
 
 1     955       0       2
 0.500000000E+01-0.250000000E+01-0.500000000E+01
 
 1     956       0       2
 0.500000000E+01-0.100000000E+01-0.750000000E+01
 
 1     957       0       2
 0.500000000E+01 0.100000000E+01-0.750000000E+01
 
 1     958       0       2
 0.500000000E+01 0.250000000E+01-0.400000000E+01
 
 1     959       0       2
 0.386715195E-15 0.500000000E+01-0.500000000E+01
 
 1     960       0       2
-0.500000000E+00 0.500000000E+01-0.500000000E+01
 
 1     961       0       2
 0.325724217E-15 0.500000000E+01-0.550000000E+01
 
 1     962       0       2
 0.500000000E+00 0.500000000E+01-0.500000000E+01
 
 1     963       0       2
 0.266080948E-15 0.500000000E+01-0.450000000E+01
 
 1     964       0       2
-0.500000000E+00 0.500000000E+01-0.450000000E+01
 
 1     965       0       2
-0.500000000E+00 0.500000000E+01-0.550000000E+01
 
 1     966       0       2
 0.500000000E+00 0.500000000E+01-0.550000000E+01
 
 1     967       0       2
 0.500000000E+00 0.500000000E+01-0.450000000E+01
 
 1     968       0       2
-0.100000000E+01 0.500000000E+01-0.450000000E+01
 
 1     969       0       2
-0.500000000E+00 0.500000000E+01-0.600000000E+01
 
 1     970       0       2
 0.100000000E+01 0.500000000E+01-0.550000000E+01
 
 1     971       0       2
 0.500000000E+00 0.500000000E+01-0.600000000E+01
 
 1     972       0       2
 0.100000000E+01 0.500000000E+01-0.450000000E+01
 
 1     973       0       2
-0.500000000E+00 0.500000000E+01-0.400000000E+01
 
 1     974       0       2
-0.100000000E+01 0.500000000E+01-0.400000000E+01
 
 1     975       0       2
-0.100000000E+01 0.500000000E+01-0.600000000E+01
 
 1     976       0       2
 0.100000000E+01 0.500000000E+01-0.600000000E+01
 
 1     977       0       2
 0.100000000E+01 0.500000000E+01-0.400000000E+01
 
 1     978       0       2
-0.100000000E+01 0.500000000E+01-0.350000000E+01
 
 1     979       0       2
-0.150000000E+01 0.500000000E+01-0.450000000E+01
 
 1     980       0       2
-0.150000000E+01 0.500000000E+01-0.550000000E+01
 
 1     981       0       2
-0.150000000E+01 0.500000000E+01-0.600000000E+01
 
 1     982       0       2
-0.500000000E+00 0.500000000E+01-0.650000000E+01
 
 1     983       0       2
 0.500000000E+00 0.500000000E+01-0.650000000E+01
 
 1     984       0       2
 0.100000000E+01 0.500000000E+01-0.650000000E+01
 
 1     985       0       2
 0.150000000E+01 0.500000000E+01-0.550000000E+01
 
 1     986       0       2
 0.150000000E+01 0.500000000E+01-0.500000000E+01
 
 1     987       0       2
 0.150000000E+01 0.500000000E+01-0.450000000E+01
 
 1     988       0       2
 0.150000000E+01 0.500000000E+01-0.400000000E+01
 
 1     989       0       2
 0.500000000E+00 0.500000000E+01-0.350000000E+01
 
 1     990       0       2
-0.500000000E+00 0.500000000E+01-0.350000000E+01
 
 1     991       0       2
-0.150000000E+01 0.500000000E+01-0.650000000E+01
 
 1     992       0       2
 0.150000000E+01 0.500000000E+01-0.650000000E+01
 
 1     993       0       2
 0.150000000E+01 0.500000000E+01-0.350000000E+01
 
 1     994       0       2
-0.200000000E+01 0.500000000E+01-0.450000000E+01
 
 1     995       0       2
-0.200000000E+01 0.500000000E+01-0.550000000E+01
 
 1     996       0       2
-0.200000000E+01 0.500000000E+01-0.350000000E+01
 
 1     997       0       2
-0.150000000E+01 0.500000000E+01-0.700000000E+01
 
 1     998       0       2
-0.200000000E+01 0.500000000E+01-0.650000000E+01
 
 1     999       0       2
-0.500000000E+00 0.500000000E+01-0.700000000E+01
 
 1    1000       0       2
 0.200000000E+01 0.500000000E+01-0.650000000E+01
 
 1    1001       0       2
 0.150000000E+01 0.500000000E+01-0.700000000E+01
 
 1    1002       0       2
 0.200000000E+01 0.500000000E+01-0.550000000E+01
 
 1    1003       0       2
 0.200000000E+01 0.500000000E+01-0.500000000E+01
 
 1    1004       0       2
 0.150000000E+01 0.500000000E+01-0.300000000E+01
 
 1    1005       0       2
 0.200000000E+01 0.500000000E+01-0.350000000E+01
 
 1    1006       0       2
 0.500000000E+00 0.500000000E+01-0.300000000E+01
 
 1    1007       0       2
-0.500000000E+00 0.500000000E+01-0.300000000E+01
 
 1    1008       0       2
-0.150000000E+01 0.500000000E+01-0.300000000E+01
 
 1    1009       0       2
-0.200000000E+01 0.500000000E+01-0.300000000E+01
 
 1    1010       0       2
-0.200000000E+01 0.500000000E+01-0.700000000E+01
 
 1    1011       0       2
 0.200000000E+01 0.500000000E+01-0.700000000E+01
 
 1    1012       0       2
 0.200000000E+01 0.500000000E+01-0.300000000E+01
 
 1    1013       0       2
-0.200000000E+01 0.500000000E+01-0.250000000E+01
 
 1    1014       0       2
-0.250000000E+01 0.500000000E+01-0.300000000E+01
 
 1    1015       0       2
-0.250000000E+01 0.500000000E+01-0.350000000E+01
 
 1    1016       0       2
-0.250000000E+01 0.500000000E+01-0.450000000E+01
 
 1    1017       0       2
-0.250000000E+01 0.500000000E+01-0.550000000E+01
 
 1    1018       0       2
-0.250000000E+01 0.500000000E+01-0.600000000E+01
 
 1    1019       0       2
-0.250000000E+01 0.500000000E+01-0.650000000E+01
 
 1    1020       0       2
-0.250000000E+01 0.500000000E+01-0.700000000E+01
 
 1    1021       0       2
-0.500000000E+00 0.500000000E+01-0.750000000E+01
 
 1    1022       0       2
 0.500000000E+00 0.500000000E+01-0.750000000E+01
 
 1    1023       0       2
 0.150000000E+01 0.500000000E+01-0.750000000E+01
 
 1    1024       0       2
 0.200000000E+01 0.500000000E+01-0.750000000E+01
 
 1    1025       0       2
 0.250000000E+01 0.500000000E+01-0.650000000E+01
 
 1    1026       0       2
 0.250000000E+01 0.500000000E+01-0.550000000E+01
 
 1    1027       0       2
 0.250000000E+01 0.500000000E+01-0.450000000E+01
 
 1    1028       0       2
 0.250000000E+01 0.500000000E+01-0.350000000E+01
 
 1    1029       0       2
 0.250000000E+01 0.500000000E+01-0.300000000E+01
 
 1    1030       0       2
 0.150000000E+01 0.500000000E+01-0.250000000E+01
 
 1    1031       0       2
 0.500000000E+00 0.500000000E+01-0.250000000E+01
 
 1    1032       0       2
-0.250000000E+01 0.500000000E+01-0.250000000E+01
 
 1    1033       0       2
-0.250000000E+01 0.500000000E+01-0.750000000E+01
 
 1    1034       0       2
 0.250000000E+01 0.500000000E+01-0.750000000E+01
 
 1    1035       0       2
 0.250000000E+01 0.500000000E+01-0.250000000E+01
 
 1    1036       0       2
-0.300000000E+01 0.500000000E+01-0.300000000E+01
 
 1    1037       0       2
-0.300000000E+01 0.500000000E+01-0.350000000E+01
 
 1    1038       0       2
-0.300000000E+01 0.500000000E+01-0.450000000E+01
 
 1    1039       0       2
-0.300000000E+01 0.500000000E+01-0.500000000E+01
 
 1    1040       0       2
-0.300000000E+01 0.500000000E+01-0.550000000E+01
 
 1    1041       0       2
-0.300000000E+01 0.500000000E+01-0.600000000E+01
 
 1    1042       0       2
-0.300000000E+01 0.500000000E+01-0.650000000E+01
 
 1    1043       0       2
-0.300000000E+01 0.500000000E+01-0.250000000E+01
 
 1    1044       0       2
-0.250000000E+01 0.500000000E+01-0.800000000E+01
 
 1    1045       0       2
-0.300000000E+01 0.500000000E+01-0.750000000E+01
 
 1    1046       0       2
-0.200000000E+01 0.500000000E+01-0.800000000E+01
 
 1    1047       0       2
-0.150000000E+01 0.500000000E+01-0.800000000E+01
 
 1    1048       0       2
-0.500000000E+00 0.500000000E+01-0.800000000E+01
 
 1    1049       0       2
 0.500000000E+00 0.500000000E+01-0.800000000E+01
 
 1    1050       0       2
 0.150000000E+01 0.500000000E+01-0.800000000E+01
 
 1    1051       0       2
 0.300000000E+01 0.500000000E+01-0.750000000E+01
 
 1    1052       0       2
 0.250000000E+01 0.500000000E+01-0.800000000E+01
 
 1    1053       0       2
 0.300000000E+01 0.500000000E+01-0.650000000E+01
 
 1    1054       0       2
 0.300000000E+01 0.500000000E+01-0.550000000E+01
 
 1    1055       0       2
 0.300000000E+01 0.500000000E+01-0.450000000E+01
 
 1    1056       0       2
 0.300000000E+01 0.500000000E+01-0.350000000E+01
 
 1    1057       0       2
 0.250000000E+01 0.500000000E+01-0.200000000E+01
 
 1    1058       0       2
 0.300000000E+01 0.500000000E+01-0.250000000E+01
 
 1    1059       0       2
 0.100000000E+01 0.500000000E+01-0.200000000E+01
 
 1    1060       0       2
 0.500000000E+00 0.500000000E+01-0.200000000E+01
 
 1    1061       0       2
-0.500000000E+00 0.500000000E+01-0.200000000E+01
 
 1    1062       0       2
-0.150000000E+01 0.500000000E+01-0.200000000E+01
 
 1    1063       0       2
-0.200000000E+01 0.500000000E+01-0.200000000E+01
 
 1    1064       0       2
-0.250000000E+01 0.500000000E+01-0.200000000E+01
 
 1    1065       0       2
-0.300000000E+01 0.500000000E+01-0.200000000E+01
 
 1    1066       0       2
-0.300000000E+01 0.500000000E+01-0.800000000E+01
 
 1    1067       0       2
 0.300000000E+01 0.500000000E+01-0.800000000E+01
 
 1    1068       0       2
 0.300000000E+01 0.500000000E+01-0.200000000E+01
 
 1    1069       0       2
-0.300000000E+01 0.500000000E+01-0.150000000E+01
 
 1    1070       0       2
-0.350000000E+01 0.500000000E+01-0.200000000E+01
 
 1    1071       0       2
-0.350000000E+01 0.500000000E+01-0.350000000E+01
 
 1    1072       0       2
-0.350000000E+01 0.500000000E+01-0.450000000E+01
 
 1    1073       0       2
-0.350000000E+01 0.500000000E+01-0.550000000E+01
 
 1    1074       0       2
-0.350000000E+01 0.500000000E+01-0.600000000E+01
 
 1    1075       0       2
-0.350000000E+01 0.500000000E+01-0.650000000E+01
 
 1    1076       0       2
-0.350000000E+01 0.500000000E+01-0.750000000E+01
 
 1    1077       0       2
-0.350000000E+01 0.500000000E+01-0.800000000E+01
 
 1    1078       0       2
-0.250000000E+01 0.500000000E+01-0.850000000E+01
 
 1    1079       0       2
-0.150000000E+01 0.500000000E+01-0.850000000E+01
 
 1    1080       0       2
-0.100000000E+01 0.500000000E+01-0.850000000E+01
 
 1    1081       0       2
-0.500000000E+00 0.500000000E+01-0.850000000E+01
 
 1    1082       0       2
 0.500000000E+00 0.500000000E+01-0.850000000E+01
 
 1    1083       0       2
 0.150000000E+01 0.500000000E+01-0.850000000E+01
 
 1    1084       0       2
 0.250000000E+01 0.500000000E+01-0.850000000E+01
 
 1    1085       0       2
 0.300000000E+01 0.500000000E+01-0.850000000E+01
 
 1    1086       0       2
 0.350000000E+01 0.500000000E+01-0.750000000E+01
 
 1    1087       0       2
 0.350000000E+01 0.500000000E+01-0.650000000E+01
 
 1    1088       0       2
 0.350000000E+01 0.500000000E+01-0.600000000E+01
 
 1    1089       0       2
 0.350000000E+01 0.500000000E+01-0.550000000E+01
 
 1    1090       0       2
 0.350000000E+01 0.500000000E+01-0.450000000E+01
 
 1    1091       0       2
 0.350000000E+01 0.500000000E+01-0.350000000E+01
 
 1    1092       0       2
 0.350000000E+01 0.500000000E+01-0.250000000E+01
 
 1    1093       0       2
 0.350000000E+01 0.500000000E+01-0.200000000E+01
 
 1    1094       0       2
 0.250000000E+01 0.500000000E+01-0.150000000E+01
 
 1    1095       0       2
 0.150000000E+01 0.500000000E+01-0.150000000E+01
 
 1    1096       0       2
 0.500000000E+00 0.500000000E+01-0.150000000E+01
 
 1    1097       0       2
-0.500000000E+00 0.500000000E+01-0.150000000E+01
 
 1    1098       0       2
-0.150000000E+01 0.500000000E+01-0.150000000E+01
 
 1    1099       0       2
-0.200000000E+01 0.500000000E+01-0.150000000E+01
 
 1    1100       0       2
-0.250000000E+01 0.500000000E+01-0.150000000E+01
 
 1    1101       0       2
-0.350000000E+01 0.500000000E+01-0.150000000E+01
 
 1    1102       0       2
-0.350000000E+01 0.500000000E+01-0.850000000E+01
 
 1    1103       0       2
 0.350000000E+01 0.500000000E+01-0.850000000E+01
 
 1    1104       0       2
 0.350000000E+01 0.500000000E+01-0.150000000E+01
 
 1    1105       0       2
-0.400000000E+01 0.500000000E+01-0.200000000E+01
 
 1    1106       0       2
-0.400000000E+01 0.500000000E+01-0.250000000E+01
 
 1    1107       0       2
-0.400000000E+01 0.500000000E+01-0.350000000E+01
 
 1    1108       0       2
-0.400000000E+01 0.500000000E+01-0.450000000E+01
 
 1    1109       0       2
-0.400000000E+01 0.500000000E+01-0.500000000E+01
 
 1    1110       0       2
-0.400000000E+01 0.500000000E+01-0.550000000E+01
 
 1    1111       0       2
-0.400000000E+01 0.500000000E+01-0.600000000E+01
 
 1    1112       0       2
-0.400000000E+01 0.500000000E+01-0.650000000E+01
 
 1    1113       0       2
-0.400000000E+01 0.500000000E+01-0.750000000E+01
 
 1    1114       0       2
-0.400000000E+01 0.500000000E+01-0.150000000E+01
 
 1    1115       0       2
-0.350000000E+01 0.500000000E+01-0.900000000E+01
 
 1    1116       0       2
-0.400000000E+01 0.500000000E+01-0.800000000E+01
 
 1    1117       0       2
-0.400000000E+01 0.500000000E+01-0.850000000E+01
 
 1    1118       0       2
-0.250000000E+01 0.500000000E+01-0.900000000E+01
 
 1    1119       0       2
-0.200000000E+01 0.500000000E+01-0.900000000E+01
 
 1    1120       0       2
-0.150000000E+01 0.500000000E+01-0.900000000E+01
 
 1    1121       0       2
-0.100000000E+01 0.500000000E+01-0.900000000E+01
 
 1    1122       0       2
-0.500000000E+00 0.500000000E+01-0.900000000E+01
 
 1    1123       0       2
 0.500000000E+00 0.500000000E+01-0.900000000E+01
 
 1    1124       0       2
 0.150000000E+01 0.500000000E+01-0.900000000E+01
 
 1    1125       0       2
 0.250000000E+01 0.500000000E+01-0.900000000E+01
 
 1    1126       0       2
 0.300000000E+01 0.500000000E+01-0.900000000E+01
 
 1    1127       0       2
 0.350000000E+01 0.500000000E+01-0.900000000E+01
 
 1    1128       0       2
 0.400000000E+01 0.500000000E+01-0.750000000E+01
 
 1    1129       0       2
 0.400000000E+01 0.500000000E+01-0.650000000E+01
 
 1    1130       0       2
 0.400000000E+01 0.500000000E+01-0.600000000E+01
 
 1    1131       0       2
 0.400000000E+01 0.500000000E+01-0.550000000E+01
 
 1    1132       0       2
 0.400000000E+01 0.500000000E+01-0.450000000E+01
 
 1    1133       0       2
 0.400000000E+01 0.500000000E+01-0.350000000E+01
 
 1    1134       0       2
 0.400000000E+01 0.500000000E+01-0.250000000E+01
 
 1    1135       0       2
 0.350000000E+01 0.500000000E+01-0.100000000E+01
 
 1    1136       0       2
 0.400000000E+01 0.500000000E+01-0.200000000E+01
 
 1    1137       0       2
 0.400000000E+01 0.500000000E+01-0.150000000E+01
 
 1    1138       0       2
 0.250000000E+01 0.500000000E+01-0.100000000E+01
 
 1    1139       0       2
 0.150000000E+01 0.500000000E+01-0.100000000E+01
 
 1    1140       0       2
 0.100000000E+01 0.500000000E+01-0.100000000E+01
 
 1    1141       0       2
 0.500000000E+00 0.500000000E+01-0.100000000E+01
 
 1    1142       0       2
 0.410782524E-15 0.500000000E+01-0.100000000E+01
 
 1    1143       0       2
-0.500000000E+00 0.500000000E+01-0.100000000E+01
 
 1    1144       0       2
-0.150000000E+01 0.500000000E+01-0.100000000E+01
 
 1    1145       0       2
-0.200000000E+01 0.500000000E+01-0.100000000E+01
 
 1    1146       0       2
-0.250000000E+01 0.500000000E+01-0.100000000E+01
 
 1    1147       0       2
-0.350000000E+01 0.500000000E+01-0.100000000E+01
 
 1    1148       0       2
-0.400000000E+01 0.500000000E+01-0.100000000E+01
 
 1    1149       0       2
-0.400000000E+01 0.500000000E+01-0.900000000E+01
 
 1    1150       0       2
 0.400000000E+01 0.500000000E+01-0.100000000E+01
 
 1    1151       0       2
-0.450000000E+01 0.500000000E+01-0.100000000E+01
 
 1    1152       0       2
-0.450000000E+01 0.500000000E+01-0.150000000E+01
 
 1    1153       0       2
-0.450000000E+01 0.500000000E+01-0.200000000E+01
 
 1    1154       0       2
-0.450000000E+01 0.500000000E+01-0.250000000E+01
 
 1    1155       0       2
-0.450000000E+01 0.500000000E+01-0.300000000E+01
 
 1    1156       0       2
-0.450000000E+01 0.500000000E+01-0.350000000E+01
 
 1    1157       0       2
-0.450000000E+01 0.500000000E+01-0.400000000E+01
 
 1    1158       0       2
-0.450000000E+01 0.500000000E+01-0.450000000E+01
 
 1    1159       0       2
-0.450000000E+01 0.500000000E+01-0.500000000E+01
 
 1    1160       0       2
-0.450000000E+01 0.500000000E+01-0.550000000E+01
 
 1    1161       0       2
-0.450000000E+01 0.500000000E+01-0.600000000E+01
 
 1    1162       0       2
-0.450000000E+01 0.500000000E+01-0.650000000E+01
 
 1    1163       0       2
-0.450000000E+01 0.500000000E+01-0.700000000E+01
 
 1    1164       0       2
-0.450000000E+01 0.500000000E+01-0.750000000E+01
 
 1    1165       0       2
-0.450000000E+01 0.500000000E+01-0.800000000E+01
 
 1    1166       0       2
-0.450000000E+01 0.500000000E+01-0.850000000E+01
 
 1    1167       0       2
-0.450000000E+01 0.500000000E+01-0.900000000E+01
 
 1    1168       0       2
-0.450000000E+01 0.500000000E+01-0.950000000E+01
 
 1    1169       0       2
-0.400000000E+01 0.500000000E+01-0.950000000E+01
 
 1    1170       0       2
-0.350000000E+01 0.500000000E+01-0.950000000E+01
 
 1    1171       0       2
-0.300000000E+01 0.500000000E+01-0.950000000E+01
 
 1    1172       0       2
-0.250000000E+01 0.500000000E+01-0.950000000E+01
 
 1    1173       0       2
-0.200000000E+01 0.500000000E+01-0.950000000E+01
 
 1    1174       0       2
-0.150000000E+01 0.500000000E+01-0.950000000E+01
 
 1    1175       0       2
-0.100000000E+01 0.500000000E+01-0.950000000E+01
 
 1    1176       0       2
-0.500000000E+00 0.500000000E+01-0.950000000E+01
 
 1    1177       0       2
 0.581016692E-15 0.500000000E+01-0.950000000E+01
 
 1    1178       0       2
 0.500000000E+00 0.500000000E+01-0.950000000E+01
 
 1    1179       0       2
 0.100000000E+01 0.500000000E+01-0.950000000E+01
 
 1    1180       0       2
 0.150000000E+01 0.500000000E+01-0.950000000E+01
 
 1    1181       0       2
 0.200000000E+01 0.500000000E+01-0.950000000E+01
 
 1    1182       0       2
 0.250000000E+01 0.500000000E+01-0.950000000E+01
 
 1    1183       0       2
 0.300000000E+01 0.500000000E+01-0.950000000E+01
 
 1    1184       0       2
 0.350000000E+01 0.500000000E+01-0.950000000E+01
 
 1    1185       0       2
 0.400000000E+01 0.500000000E+01-0.950000000E+01
 
 1    1186       0       2
 0.450000000E+01 0.500000000E+01-0.950000000E+01
 
 1    1187       0       2
 0.450000000E+01 0.500000000E+01-0.900000000E+01
 
 1    1188       0       2
 0.450000000E+01 0.500000000E+01-0.850000000E+01
 
 1    1189       0       2
 0.450000000E+01 0.500000000E+01-0.800000000E+01
 
 1    1190       0       2
 0.450000000E+01 0.500000000E+01-0.750000000E+01
 
 1    1191       0       2
 0.450000000E+01 0.500000000E+01-0.700000000E+01
 
 1    1192       0       2
 0.450000000E+01 0.500000000E+01-0.650000000E+01
 
 1    1193       0       2
 0.450000000E+01 0.500000000E+01-0.600000000E+01
 
 1    1194       0       2
 0.450000000E+01 0.500000000E+01-0.550000000E+01
 
 1    1195       0       2
 0.450000000E+01 0.500000000E+01-0.500000000E+01
 
 1    1196       0       2
 0.450000000E+01 0.500000000E+01-0.450000000E+01
 
 1    1197       0       2
 0.450000000E+01 0.500000000E+01-0.400000000E+01
 
 1    1198       0       2
 0.450000000E+01 0.500000000E+01-0.350000000E+01
 
 1    1199       0       2
 0.450000000E+01 0.500000000E+01-0.300000000E+01
 
 1    1200       0       2
 0.450000000E+01 0.500000000E+01-0.250000000E+01
 
 1    1201       0       2
 0.450000000E+01 0.500000000E+01-0.200000000E+01
 
 1    1202       0       2
 0.450000000E+01 0.500000000E+01-0.150000000E+01
 
 1    1203       0       2
 0.450000000E+01 0.500000000E+01-0.100000000E+01
 
 1    1204       0       2
 0.450000000E+01 0.500000000E+01-0.500000000E+00
 
 1    1205       0       2
 0.400000000E+01 0.500000000E+01-0.500000000E+00
 
 1    1206       0       2
 0.350000000E+01 0.500000000E+01-0.500000000E+00
 
 1    1207       0       2
 0.300000000E+01 0.500000000E+01-0.500000000E+00
 
 1    1208       0       2
 0.250000000E+01 0.500000000E+01-0.500000000E+00
 
 1    1209       0       2
 0.200000000E+01 0.500000000E+01-0.500000000E+00
 
 1    1210       0       2
 0.150000000E+01 0.500000000E+01-0.500000000E+00
 
 1    1211       0       2
 0.100000000E+01 0.500000000E+01-0.500000000E+00
 
 1    1212       0       2
 0.500000000E+00 0.500000000E+01-0.500000000E+00
 
 1    1213       0       2
 0.358972113E-15 0.500000000E+01-0.500000000E+00
 
 1    1214       0       2
-0.500000000E+00 0.500000000E+01-0.500000000E+00
 
 1    1215       0       2
-0.100000000E+01 0.500000000E+01-0.500000000E+00
 
 1    1216       0       2
-0.150000000E+01 0.500000000E+01-0.500000000E+00
 
 1    1217       0       2
-0.200000000E+01 0.500000000E+01-0.500000000E+00
 
 1    1218       0       2
-0.250000000E+01 0.500000000E+01-0.500000000E+00
 
 1    1219       0       2
-0.300000000E+01 0.500000000E+01-0.500000000E+00
 
 1    1220       0       2
-0.350000000E+01 0.500000000E+01-0.500000000E+00
 
 1    1221       0       2
-0.400000000E+01 0.500000000E+01-0.500000000E+00
 
 1    1222       0       2
-0.450000000E+01 0.500000000E+01-0.500000000E+00
 
 1    1223       0       2
-0.300000000E+01 0.500000000E+01-0.700000000E+01
 
 1    1224       0       2
-0.400000000E+01 0.500000000E+01-0.700000000E+01
 
 1    1225       0       2
 0.200000000E+01 0.500000000E+01-0.600000000E+01
 
 1    1226       0       2
 0.300000000E+01 0.500000000E+01-0.100000000E+01
 
 1    1227       0       2
-0.350000000E+01 0.500000000E+01-0.700000000E+01
 
 1    1228       0       2
 0.200000000E+01 0.500000000E+01-0.100000000E+01
 
 1    1229       0       2
 0.400000000E+01 0.500000000E+01-0.900000000E+01
 
 1    1230       0       2
 0.200000000E+01 0.500000000E+01-0.150000000E+01
 
 1    1231       0       2
-0.300000000E+01 0.500000000E+01-0.900000000E+01
 
 1    1232       0       2
-0.350000000E+01 0.500000000E+01-0.300000000E+01
 
 1    1233       0       2
 0.200000000E+01 0.500000000E+01-0.250000000E+01
 
 1    1234       0       2
 0.400000000E+01 0.500000000E+01-0.850000000E+01
 
 1    1235       0       2
-0.350000000E+01 0.500000000E+01-0.250000000E+01
 
 1    1236       0       2
 0.492198881E-15 0.500000000E+01-0.150000000E+01
 
 1    1237       0       2
 0.100000000E+01 0.500000000E+01-0.150000000E+01
 
 1    1238       0       2
-0.500000000E+00 0.500000000E+01-0.250000000E+01
 
 1    1239       0       2
 0.200000000E+01 0.500000000E+01-0.450000000E+01
 
 1    1240       0       2
-0.200000000E+01 0.500000000E+01-0.850000000E+01
 
 1    1241       0       2
-0.150000000E+01 0.500000000E+01-0.750000000E+01
 
 1    1242       0       2
-0.350000000E+01 0.500000000E+01-0.500000000E+01
 
 1    1243       0       2
 0.410782524E-15 0.500000000E+01-0.700000000E+01
 
 1    1244       0       2
-0.100000000E+01 0.500000000E+01-0.200000000E+01
 
 1    1245       0       2
-0.150000000E+01 0.500000000E+01-0.350000000E+01
 
 1    1246       0       2
-0.100000000E+01 0.500000000E+01-0.100000000E+01
 
 1    1247       0       2
-0.150000000E+01 0.500000000E+01-0.250000000E+01
 
 1    1248       0       2
 0.350000000E+01 0.500000000E+01-0.300000000E+01
 
 1    1249       0       2
 0.200000000E+01 0.500000000E+01-0.850000000E+01
 
 1    1250       0       2
 0.250000000E+01 0.500000000E+01-0.700000000E+01
 
 1    1251       0       2
 0.300000000E+01 0.500000000E+01-0.500000000E+01
 
 1    1252       0       2
 0.477395922E-15 0.500000000E+01-0.800000000E+01
 
 1    1253       0       2
-0.250000000E+01 0.500000000E+01-0.400000000E+01
 
 1    1254       0       2
 0.100000000E+01 0.500000000E+01-0.750000000E+01
 
 1    1255       0       2
 0.250000000E+01 0.500000000E+01-0.400000000E+01
 
 1    1256       0       2
 0.272386473E-15 0.500000000E+01-0.600000000E+01
 
 1    1257       0       2
 0.300000000E+01 0.500000000E+01-0.150000000E+01
 
 1    1258       0       2
 0.500000000E+00 0.500000000E+01-0.700000000E+01
 
 1    1259       0       2
 0.418184004E-15 0.500000000E+01-0.350000000E+01
 
 1    1260       0       2
 0.100000000E+01 0.500000000E+01-0.300000000E+01
 
 1    1261       0       2
-0.400000000E+01 0.500000000E+01-0.300000000E+01
 
 1    1262       0       2
-0.100000000E+01 0.500000000E+01-0.700000000E+01
 
 1    1263       0       2
 0.470964718E-15 0.500000000E+01-0.850000000E+01
 
 1    1264       0       2
 0.350000000E+01 0.500000000E+01-0.500000000E+01
 
 1    1265       0       2
-0.300000000E+01 0.500000000E+01-0.850000000E+01
 
 1    1266       0       2
-0.200000000E+01 0.500000000E+01-0.500000000E+01
 
 1    1267       0       2
-0.100000000E+01 0.500000000E+01-0.500000000E+01
 
 1    1268       0       2
-0.150000000E+01 0.500000000E+01-0.400000000E+01
 
 1    1269       0       2
 0.301610592E-15 0.500000000E+01-0.400000000E+01
 
 1    1270       0       2
 0.400000000E+01 0.500000000E+01-0.800000000E+01
 
 1    1271       0       2
-0.100000000E+01 0.500000000E+01-0.650000000E+01
 
 1    1272       0       2
 0.329366168E-15 0.500000000E+01-0.650000000E+01
 
 1    1273       0       2
-0.100000000E+01 0.500000000E+01-0.150000000E+01
 
 1    1274       0       2
-0.100000000E+01 0.500000000E+01-0.300000000E+01
 
 1    1275       0       2
 0.300000000E+01 0.500000000E+01-0.600000000E+01
 
 1    1276       0       2
-0.100000000E+01 0.500000000E+01-0.800000000E+01
 
 1    1277       0       2
 0.150000000E+01 0.500000000E+01-0.200000000E+01
 
 1    1278       0       2
 0.401692696E-15 0.500000000E+01-0.200000000E+01
 
 1    1279       0       2
-0.200000000E+01 0.500000000E+01-0.600000000E+01
 
 1    1280       0       2
 0.350000000E+01 0.500000000E+01-0.400000000E+01
 
 1    1281       0       2
 0.100000000E+01 0.500000000E+01-0.850000000E+01
 
 1    1282       0       2
-0.300000000E+01 0.500000000E+01-0.100000000E+01
 
 1    1283       0       2
 0.400000000E+01 0.500000000E+01-0.700000000E+01
 
 1    1284       0       2
 0.300000000E+01 0.500000000E+01-0.400000000E+01
 
 1    1285       0       2
 0.100000000E+01 0.500000000E+01-0.800000000E+01
 
 1    1286       0       2
 0.440388470E-15 0.500000000E+01-0.300000000E+01
 
 1    1287       0       2
 0.100000000E+01 0.500000000E+01-0.500000000E+01
 
 1    1288       0       2
 0.447327364E-15 0.500000000E+01-0.750000000E+01
 
 1    1289       0       2
-0.100000000E+01 0.500000000E+01-0.550000000E+01
 
 1    1290       0       2
 0.100000000E+01 0.500000000E+01-0.350000000E+01
 
 1    1291       0       2
-0.300000000E+01 0.500000000E+01-0.400000000E+01
 
 1    1292       0       2
 0.150000000E+01 0.500000000E+01-0.600000000E+01
 
 1    1293       0       2
-0.400000000E+01 0.500000000E+01-0.400000000E+01
 
 1    1294       0       2
 0.250000000E+01 0.500000000E+01-0.500000000E+01
 
 1    1295       0       2
 0.200000000E+01 0.500000000E+01-0.400000000E+01
 
 1    1296       0       2
 0.100000000E+01 0.500000000E+01-0.700000000E+01
 
 1    1297       0       2
 0.350000000E+01 0.500000000E+01-0.700000000E+01
 
 1    1298       0       2
 0.418975345E-15 0.500000000E+01-0.250000000E+01
 
 1    1299       0       2
-0.200000000E+01 0.500000000E+01-0.750000000E+01
 
 1    1300       0       2
 0.500000000E+00 0.500000000E+01-0.400000000E+01
 
 1    1301       0       2
 0.100000000E+01 0.500000000E+01-0.900000000E+01
 
 1    1302       0       2
 0.200000000E+01 0.500000000E+01-0.900000000E+01
 
 1    1303       0       2
 0.400000000E+01 0.500000000E+01-0.400000000E+01
 
 1    1304       0       2
 0.400000000E+01 0.500000000E+01-0.300000000E+01
 
 1    1305       0       2
 0.200000000E+01 0.500000000E+01-0.200000000E+01
 
 1    1306       0       2
 0.300000000E+01 0.500000000E+01-0.700000000E+01
 
 1    1307       0       2
 0.400000000E+01 0.500000000E+01-0.500000000E+01
 
 1    1308       0       2
 0.515355915E-15 0.500000000E+01-0.900000000E+01
 
 1    1309       0       2
-0.150000000E+01 0.500000000E+01-0.500000000E+01
 
 1    1310       0       2
-0.350000000E+01 0.500000000E+01-0.400000000E+01
 
 1    1311       0       2
-0.200000000E+01 0.500000000E+01-0.400000000E+01
 
 1    1312       0       2
 0.350000000E+01 0.500000000E+01-0.800000000E+01
 
 1    1313       0       2
 0.300000000E+01 0.500000000E+01-0.300000000E+01
 
 1    1314       0       2
 0.200000000E+01 0.500000000E+01-0.800000000E+01
 
 1    1315       0       2
-0.250000000E+01 0.500000000E+01-0.500000000E+01
 
 1    1316       0       2
-0.100000000E+01 0.500000000E+01-0.250000000E+01
 
 1    1317       0       2
 0.250000000E+01 0.500000000E+01-0.600000000E+01
 
 1    1318       0       2
 0.100000000E+01 0.500000000E+01-0.250000000E+01
 
 1    1319       0       2
-0.100000000E+01 0.500000000E+01-0.750000000E+01
 
 1    1320       0       2
-0.500000000E+01 0.109777707E-15-0.500000000E+01
 
 1    1321       0       2
-0.500000000E+01-0.500000000E+00-0.500000000E+01
 
 1    1322       0       2
-0.500000000E+01 0.125825275E-15-0.550000000E+01
 
 1    1323       0       2
-0.500000000E+01 0.500000000E+00-0.500000000E+01
 
 1    1324       0       2
-0.500000000E+01 0.147780819E-15-0.450000000E+01
 
 1    1325       0       2
-0.500000000E+01-0.500000000E+00-0.450000000E+01
 
 1    1326       0       2
-0.500000000E+01-0.500000000E+00-0.550000000E+01
 
 1    1327       0       2
-0.500000000E+01 0.500000000E+00-0.550000000E+01
 
 1    1328       0       2
-0.500000000E+01 0.500000000E+00-0.450000000E+01
 
 1    1329       0       2
-0.500000000E+01-0.100000000E+01-0.450000000E+01
 
 1    1330       0       2
-0.500000000E+01-0.500000000E+00-0.600000000E+01
 
 1    1331       0       2
-0.500000000E+01 0.100000000E+01-0.550000000E+01
 
 1    1332       0       2
-0.500000000E+01 0.500000000E+00-0.600000000E+01
 
 1    1333       0       2
-0.500000000E+01 0.100000000E+01-0.450000000E+01
 
 1    1334       0       2
-0.500000000E+01-0.500000000E+00-0.400000000E+01
 
 1    1335       0       2
-0.500000000E+01-0.100000000E+01-0.400000000E+01
 
 1    1336       0       2
-0.500000000E+01-0.100000000E+01-0.600000000E+01
 
 1    1337       0       2
-0.500000000E+01 0.100000000E+01-0.600000000E+01
 
 1    1338       0       2
-0.500000000E+01 0.100000000E+01-0.400000000E+01
 
 1    1339       0       2
-0.500000000E+01-0.100000000E+01-0.350000000E+01
 
 1    1340       0       2
-0.500000000E+01-0.150000000E+01-0.450000000E+01
 
 1    1341       0       2
-0.500000000E+01-0.150000000E+01-0.550000000E+01
 
 1    1342       0       2
-0.500000000E+01-0.150000000E+01-0.600000000E+01
 
 1    1343       0       2
-0.500000000E+01-0.500000000E+00-0.650000000E+01
 
 1    1344       0       2
-0.500000000E+01 0.500000000E+00-0.650000000E+01
 
 1    1345       0       2
-0.500000000E+01 0.100000000E+01-0.650000000E+01
 
 1    1346       0       2
-0.500000000E+01 0.150000000E+01-0.550000000E+01
 
 1    1347       0       2
-0.500000000E+01 0.150000000E+01-0.500000000E+01
 
 1    1348       0       2
-0.500000000E+01 0.150000000E+01-0.450000000E+01
 
 1    1349       0       2
-0.500000000E+01 0.150000000E+01-0.400000000E+01
 
 1    1350       0       2
-0.500000000E+01 0.500000000E+00-0.350000000E+01
 
 1    1351       0       2
-0.500000000E+01-0.500000000E+00-0.350000000E+01
 
 1    1352       0       2
-0.500000000E+01-0.150000000E+01-0.650000000E+01
 
 1    1353       0       2
-0.500000000E+01 0.150000000E+01-0.650000000E+01
 
 1    1354       0       2
-0.500000000E+01 0.150000000E+01-0.350000000E+01
 
 1    1355       0       2
-0.500000000E+01-0.200000000E+01-0.450000000E+01
 
 1    1356       0       2
-0.500000000E+01-0.200000000E+01-0.550000000E+01
 
 1    1357       0       2
-0.500000000E+01-0.200000000E+01-0.350000000E+01
 
 1    1358       0       2
-0.500000000E+01-0.150000000E+01-0.700000000E+01
 
 1    1359       0       2
-0.500000000E+01-0.200000000E+01-0.650000000E+01
 
 1    1360       0       2
-0.500000000E+01-0.500000000E+00-0.700000000E+01
 
 1    1361       0       2
-0.500000000E+01 0.200000000E+01-0.650000000E+01
 
 1    1362       0       2
-0.500000000E+01 0.150000000E+01-0.700000000E+01
 
 1    1363       0       2
-0.500000000E+01 0.200000000E+01-0.550000000E+01
 
 1    1364       0       2
-0.500000000E+01 0.200000000E+01-0.500000000E+01
 
 1    1365       0       2
-0.500000000E+01 0.150000000E+01-0.300000000E+01
 
 1    1366       0       2
-0.500000000E+01 0.200000000E+01-0.350000000E+01
 
 1    1367       0       2
-0.500000000E+01 0.500000000E+00-0.300000000E+01
 
 1    1368       0       2
-0.500000000E+01-0.500000000E+00-0.300000000E+01
 
 1    1369       0       2
-0.500000000E+01-0.150000000E+01-0.300000000E+01
 
 1    1370       0       2
-0.500000000E+01-0.200000000E+01-0.300000000E+01
 
 1    1371       0       2
-0.500000000E+01-0.200000000E+01-0.700000000E+01
 
 1    1372       0       2
-0.500000000E+01 0.200000000E+01-0.700000000E+01
 
 1    1373       0       2
-0.500000000E+01 0.200000000E+01-0.300000000E+01
 
 1    1374       0       2
-0.500000000E+01-0.200000000E+01-0.250000000E+01
 
 1    1375       0       2
-0.500000000E+01-0.250000000E+01-0.300000000E+01
 
 1    1376       0       2
-0.500000000E+01-0.250000000E+01-0.350000000E+01
 
 1    1377       0       2
-0.500000000E+01-0.250000000E+01-0.450000000E+01
 
 1    1378       0       2
-0.500000000E+01-0.250000000E+01-0.550000000E+01
 
 1    1379       0       2
-0.500000000E+01-0.250000000E+01-0.600000000E+01
 
 1    1380       0       2
-0.500000000E+01-0.250000000E+01-0.650000000E+01
 
 1    1381       0       2
-0.500000000E+01-0.250000000E+01-0.700000000E+01
 
 1    1382       0       2
-0.500000000E+01-0.500000000E+00-0.750000000E+01
 
 1    1383       0       2
-0.500000000E+01 0.500000000E+00-0.750000000E+01
 
 1    1384       0       2
-0.500000000E+01 0.150000000E+01-0.750000000E+01
 
 1    1385       0       2
-0.500000000E+01 0.200000000E+01-0.750000000E+01
 
 1    1386       0       2
-0.500000000E+01 0.250000000E+01-0.650000000E+01
 
 1    1387       0       2
-0.500000000E+01 0.250000000E+01-0.550000000E+01
 
 1    1388       0       2
-0.500000000E+01 0.250000000E+01-0.450000000E+01
 
 1    1389       0       2
-0.500000000E+01 0.250000000E+01-0.350000000E+01
 
 1    1390       0       2
-0.500000000E+01 0.250000000E+01-0.300000000E+01
 
 1    1391       0       2
-0.500000000E+01 0.150000000E+01-0.250000000E+01
 
 1    1392       0       2
-0.500000000E+01 0.500000000E+00-0.250000000E+01
 
 1    1393       0       2
-0.500000000E+01-0.250000000E+01-0.250000000E+01
 
 1    1394       0       2
-0.500000000E+01-0.250000000E+01-0.750000000E+01
 
 1    1395       0       2
-0.500000000E+01 0.250000000E+01-0.750000000E+01
 
 1    1396       0       2
-0.500000000E+01 0.250000000E+01-0.250000000E+01
 
 1    1397       0       2
-0.500000000E+01-0.300000000E+01-0.300000000E+01
 
 1    1398       0       2
-0.500000000E+01-0.300000000E+01-0.350000000E+01
 
 1    1399       0       2
-0.500000000E+01-0.300000000E+01-0.450000000E+01
 
 1    1400       0       2
-0.500000000E+01-0.300000000E+01-0.500000000E+01
 
 1    1401       0       2
-0.500000000E+01-0.300000000E+01-0.550000000E+01
 
 1    1402       0       2
-0.500000000E+01-0.300000000E+01-0.600000000E+01
 
 1    1403       0       2
-0.500000000E+01-0.300000000E+01-0.650000000E+01
 
 1    1404       0       2
-0.500000000E+01-0.300000000E+01-0.250000000E+01
 
 1    1405       0       2
-0.500000000E+01-0.250000000E+01-0.800000000E+01
 
 1    1406       0       2
-0.500000000E+01-0.300000000E+01-0.750000000E+01
 
 1    1407       0       2
-0.500000000E+01-0.200000000E+01-0.800000000E+01
 
 1    1408       0       2
-0.500000000E+01-0.150000000E+01-0.800000000E+01
 
 1    1409       0       2
-0.500000000E+01-0.500000000E+00-0.800000000E+01
 
 1    1410       0       2
-0.500000000E+01 0.500000000E+00-0.800000000E+01
 
 1    1411       0       2
-0.500000000E+01 0.150000000E+01-0.800000000E+01
 
 1    1412       0       2
-0.500000000E+01 0.300000000E+01-0.750000000E+01
 
 1    1413       0       2
-0.500000000E+01 0.250000000E+01-0.800000000E+01
 
 1    1414       0       2
-0.500000000E+01 0.300000000E+01-0.650000000E+01
 
 1    1415       0       2
-0.500000000E+01 0.300000000E+01-0.550000000E+01
 
 1    1416       0       2
-0.500000000E+01 0.300000000E+01-0.450000000E+01
 
 1    1417       0       2
-0.500000000E+01 0.300000000E+01-0.350000000E+01
 
 1    1418       0       2
-0.500000000E+01 0.250000000E+01-0.200000000E+01
 
 1    1419       0       2
-0.500000000E+01 0.300000000E+01-0.250000000E+01
 
 1    1420       0       2
-0.500000000E+01 0.100000000E+01-0.200000000E+01
 
 1    1421       0       2
-0.500000000E+01 0.500000000E+00-0.200000000E+01
 
 1    1422       0       2
-0.500000000E+01-0.500000000E+00-0.200000000E+01
 
 1    1423       0       2
-0.500000000E+01-0.150000000E+01-0.200000000E+01
 
 1    1424       0       2
-0.500000000E+01-0.200000000E+01-0.200000000E+01
 
 1    1425       0       2
-0.500000000E+01-0.250000000E+01-0.200000000E+01
 
 1    1426       0       2
-0.500000000E+01-0.300000000E+01-0.200000000E+01
 
 1    1427       0       2
-0.500000000E+01-0.300000000E+01-0.800000000E+01
 
 1    1428       0       2
-0.500000000E+01 0.300000000E+01-0.800000000E+01
 
 1    1429       0       2
-0.500000000E+01 0.300000000E+01-0.200000000E+01
 
 1    1430       0       2
-0.500000000E+01-0.300000000E+01-0.150000000E+01
 
 1    1431       0       2
-0.500000000E+01-0.350000000E+01-0.200000000E+01
 
 1    1432       0       2
-0.500000000E+01-0.350000000E+01-0.350000000E+01
 
 1    1433       0       2
-0.500000000E+01-0.350000000E+01-0.450000000E+01
 
 1    1434       0       2
-0.500000000E+01-0.350000000E+01-0.550000000E+01
 
 1    1435       0       2
-0.500000000E+01-0.350000000E+01-0.600000000E+01
 
 1    1436       0       2
-0.500000000E+01-0.350000000E+01-0.650000000E+01
 
 1    1437       0       2
-0.500000000E+01-0.350000000E+01-0.750000000E+01
 
 1    1438       0       2
-0.500000000E+01-0.350000000E+01-0.800000000E+01
 
 1    1439       0       2
-0.500000000E+01-0.250000000E+01-0.850000000E+01
 
 1    1440       0       2
-0.500000000E+01-0.150000000E+01-0.850000000E+01
 
 1    1441       0       2
-0.500000000E+01-0.100000000E+01-0.850000000E+01
 
 1    1442       0       2
-0.500000000E+01-0.500000000E+00-0.850000000E+01
 
 1    1443       0       2
-0.500000000E+01 0.500000000E+00-0.850000000E+01
 
 1    1444       0       2
-0.500000000E+01 0.150000000E+01-0.850000000E+01
 
 1    1445       0       2
-0.500000000E+01 0.250000000E+01-0.850000000E+01
 
 1    1446       0       2
-0.500000000E+01 0.300000000E+01-0.850000000E+01
 
 1    1447       0       2
-0.500000000E+01 0.350000000E+01-0.750000000E+01
 
 1    1448       0       2
-0.500000000E+01 0.350000000E+01-0.650000000E+01
 
 1    1449       0       2
-0.500000000E+01 0.350000000E+01-0.600000000E+01
 
 1    1450       0       2
-0.500000000E+01 0.350000000E+01-0.550000000E+01
 
 1    1451       0       2
-0.500000000E+01 0.350000000E+01-0.450000000E+01
 
 1    1452       0       2
-0.500000000E+01 0.350000000E+01-0.350000000E+01
 
 1    1453       0       2
-0.500000000E+01 0.350000000E+01-0.250000000E+01
 
 1    1454       0       2
-0.500000000E+01 0.350000000E+01-0.200000000E+01
 
 1    1455       0       2
-0.500000000E+01 0.250000000E+01-0.150000000E+01
 
 1    1456       0       2
-0.500000000E+01 0.150000000E+01-0.150000000E+01
 
 1    1457       0       2
-0.500000000E+01 0.500000000E+00-0.150000000E+01
 
 1    1458       0       2
-0.500000000E+01-0.500000000E+00-0.150000000E+01
 
 1    1459       0       2
-0.500000000E+01-0.150000000E+01-0.150000000E+01
 
 1    1460       0       2
-0.500000000E+01-0.200000000E+01-0.150000000E+01
 
 1    1461       0       2
-0.500000000E+01-0.250000000E+01-0.150000000E+01
 
 1    1462       0       2
-0.500000000E+01-0.350000000E+01-0.150000000E+01
 
 1    1463       0       2
-0.500000000E+01-0.350000000E+01-0.850000000E+01
 
 1    1464       0       2
-0.500000000E+01 0.350000000E+01-0.850000000E+01
 
 1    1465       0       2
-0.500000000E+01 0.350000000E+01-0.150000000E+01
 
 1    1466       0       2
-0.500000000E+01-0.400000000E+01-0.200000000E+01
 
 1    1467       0       2
-0.500000000E+01-0.400000000E+01-0.250000000E+01
 
 1    1468       0       2
-0.500000000E+01-0.400000000E+01-0.350000000E+01
 
 1    1469       0       2
-0.500000000E+01-0.400000000E+01-0.450000000E+01
 
 1    1470       0       2
-0.500000000E+01-0.400000000E+01-0.500000000E+01
 
 1    1471       0       2
-0.500000000E+01-0.400000000E+01-0.550000000E+01
 
 1    1472       0       2
-0.500000000E+01-0.400000000E+01-0.600000000E+01
 
 1    1473       0       2
-0.500000000E+01-0.400000000E+01-0.650000000E+01
 
 1    1474       0       2
-0.500000000E+01-0.400000000E+01-0.750000000E+01
 
 1    1475       0       2
-0.500000000E+01-0.400000000E+01-0.150000000E+01
 
 1    1476       0       2
-0.500000000E+01-0.350000000E+01-0.900000000E+01
 
 1    1477       0       2
-0.500000000E+01-0.400000000E+01-0.800000000E+01
 
 1    1478       0       2
-0.500000000E+01-0.400000000E+01-0.850000000E+01
 
 1    1479       0       2
-0.500000000E+01-0.250000000E+01-0.900000000E+01
 
 1    1480       0       2
-0.500000000E+01-0.200000000E+01-0.900000000E+01
 
 1    1481       0       2
-0.500000000E+01-0.150000000E+01-0.900000000E+01
 
 1    1482       0       2
-0.500000000E+01-0.100000000E+01-0.900000000E+01
 
 1    1483       0       2
-0.500000000E+01-0.500000000E+00-0.900000000E+01
 
 1    1484       0       2
-0.500000000E+01 0.500000000E+00-0.900000000E+01
 
 1    1485       0       2
-0.500000000E+01 0.150000000E+01-0.900000000E+01
 
 1    1486       0       2
-0.500000000E+01 0.250000000E+01-0.900000000E+01
 
 1    1487       0       2
-0.500000000E+01 0.300000000E+01-0.900000000E+01
 
 1    1488       0       2
-0.500000000E+01 0.350000000E+01-0.900000000E+01
 
 1    1489       0       2
-0.500000000E+01 0.400000000E+01-0.750000000E+01
 
 1    1490       0       2
-0.500000000E+01 0.400000000E+01-0.650000000E+01
 
 1    1491       0       2
-0.500000000E+01 0.400000000E+01-0.600000000E+01
 
 1    1492       0       2
-0.500000000E+01 0.400000000E+01-0.550000000E+01
 
 1    1493       0       2
-0.500000000E+01 0.400000000E+01-0.450000000E+01
 
 1    1494       0       2
-0.500000000E+01 0.400000000E+01-0.350000000E+01
 
 1    1495       0       2
-0.500000000E+01 0.400000000E+01-0.250000000E+01
 
 1    1496       0       2
-0.500000000E+01 0.350000000E+01-0.100000000E+01
 
 1    1497       0       2
-0.500000000E+01 0.400000000E+01-0.200000000E+01
 
 1    1498       0       2
-0.500000000E+01 0.400000000E+01-0.150000000E+01
 
 1    1499       0       2
-0.500000000E+01 0.250000000E+01-0.100000000E+01
 
 1    1500       0       2
-0.500000000E+01 0.150000000E+01-0.100000000E+01
 
 1    1501       0       2
-0.500000000E+01 0.100000000E+01-0.100000000E+01
 
 1    1502       0       2
-0.500000000E+01 0.500000000E+00-0.100000000E+01
 
 1    1503       0       2
-0.500000000E+01 0.389040644E-15-0.100000000E+01
 
 1    1504       0       2
-0.500000000E+01-0.500000000E+00-0.100000000E+01
 
 1    1505       0       2
-0.500000000E+01-0.150000000E+01-0.100000000E+01
 
 1    1506       0       2
-0.500000000E+01-0.200000000E+01-0.100000000E+01
 
 1    1507       0       2
-0.500000000E+01-0.250000000E+01-0.100000000E+01
 
 1    1508       0       2
-0.500000000E+01-0.350000000E+01-0.100000000E+01
 
 1    1509       0       2
-0.500000000E+01-0.400000000E+01-0.100000000E+01
 
 1    1510       0       2
-0.500000000E+01-0.400000000E+01-0.900000000E+01
 
 1    1511       0       2
-0.500000000E+01 0.400000000E+01-0.100000000E+01
 
 1    1512       0       2
-0.500000000E+01-0.450000000E+01-0.100000000E+01
 
 1    1513       0       2
-0.500000000E+01-0.450000000E+01-0.150000000E+01
 
 1    1514       0       2
-0.500000000E+01-0.450000000E+01-0.200000000E+01
 
 1    1515       0       2
-0.500000000E+01-0.450000000E+01-0.250000000E+01
 
 1    1516       0       2
-0.500000000E+01-0.450000000E+01-0.300000000E+01
 
 1    1517       0       2
-0.500000000E+01-0.450000000E+01-0.350000000E+01
 
 1    1518       0       2
-0.500000000E+01-0.450000000E+01-0.400000000E+01
 
 1    1519       0       2
-0.500000000E+01-0.450000000E+01-0.450000000E+01
 
 1    1520       0       2
-0.500000000E+01-0.450000000E+01-0.500000000E+01
 
 1    1521       0       2
-0.500000000E+01-0.450000000E+01-0.550000000E+01
 
 1    1522       0       2
-0.500000000E+01-0.450000000E+01-0.600000000E+01
 
 1    1523       0       2
-0.500000000E+01-0.450000000E+01-0.650000000E+01
 
 1    1524       0       2
-0.500000000E+01-0.450000000E+01-0.700000000E+01
 
 1    1525       0       2
-0.500000000E+01-0.450000000E+01-0.750000000E+01
 
 1    1526       0       2
-0.500000000E+01-0.450000000E+01-0.800000000E+01
 
 1    1527       0       2
-0.500000000E+01-0.450000000E+01-0.850000000E+01
 
 1    1528       0       2
-0.500000000E+01-0.450000000E+01-0.900000000E+01
 
 1    1529       0       2
-0.500000000E+01-0.450000000E+01-0.950000000E+01
 
 1    1530       0       2
-0.500000000E+01-0.400000000E+01-0.950000000E+01
 
 1    1531       0       2
-0.500000000E+01-0.350000000E+01-0.950000000E+01
 
 1    1532       0       2
-0.500000000E+01-0.300000000E+01-0.950000000E+01
 
 1    1533       0       2
-0.500000000E+01-0.250000000E+01-0.950000000E+01
 
 1    1534       0       2
-0.500000000E+01-0.200000000E+01-0.950000000E+01
 
 1    1535       0       2
-0.500000000E+01-0.150000000E+01-0.950000000E+01
 
 1    1536       0       2
-0.500000000E+01-0.100000000E+01-0.950000000E+01
 
 1    1537       0       2
-0.500000000E+01-0.500000000E+00-0.950000000E+01
 
 1    1538       0       2
-0.500000000E+01 0.580276544E-15-0.950000000E+01
 
 1    1539       0       2
-0.500000000E+01 0.500000000E+00-0.950000000E+01
 
 1    1540       0       2
-0.500000000E+01 0.100000000E+01-0.950000000E+01
 
 1    1541       0       2
-0.500000000E+01 0.150000000E+01-0.950000000E+01
 
 1    1542       0       2
-0.500000000E+01 0.200000000E+01-0.950000000E+01
 
 1    1543       0       2
-0.500000000E+01 0.250000000E+01-0.950000000E+01
 
 1    1544       0       2
-0.500000000E+01 0.300000000E+01-0.950000000E+01
 
 1    1545       0       2
-0.500000000E+01 0.350000000E+01-0.950000000E+01
 
 1    1546       0       2
-0.500000000E+01 0.400000000E+01-0.950000000E+01
 
 1    1547       0       2
-0.500000000E+01 0.450000000E+01-0.950000000E+01
 
 1    1548       0       2
-0.500000000E+01 0.450000000E+01-0.900000000E+01
 
 1    1549       0       2
-0.500000000E+01 0.450000000E+01-0.850000000E+01
 
 1    1550       0       2
-0.500000000E+01 0.450000000E+01-0.800000000E+01
 
 1    1551       0       2
-0.500000000E+01 0.450000000E+01-0.750000000E+01
 
 1    1552       0       2
-0.500000000E+01 0.450000000E+01-0.700000000E+01
 
 1    1553       0       2
-0.500000000E+01 0.450000000E+01-0.650000000E+01
 
 1    1554       0       2
-0.500000000E+01 0.450000000E+01-0.600000000E+01
 
 1    1555       0       2
-0.500000000E+01 0.450000000E+01-0.550000000E+01
 
 1    1556       0       2
-0.500000000E+01 0.450000000E+01-0.500000000E+01
 
 1    1557       0       2
-0.500000000E+01 0.450000000E+01-0.450000000E+01
 
 1    1558       0       2
-0.500000000E+01 0.450000000E+01-0.400000000E+01
 
 1    1559       0       2
-0.500000000E+01 0.450000000E+01-0.350000000E+01
 
 1    1560       0       2
-0.500000000E+01 0.450000000E+01-0.300000000E+01
 
 1    1561       0       2
-0.500000000E+01 0.450000000E+01-0.250000000E+01
 
 1    1562       0       2
-0.500000000E+01 0.450000000E+01-0.200000000E+01
 
 1    1563       0       2
-0.500000000E+01 0.450000000E+01-0.150000000E+01
 
 1    1564       0       2
-0.500000000E+01 0.450000000E+01-0.100000000E+01
 
 1    1565       0       2
-0.500000000E+01 0.450000000E+01-0.500000000E+00
 
 1    1566       0       2
-0.500000000E+01 0.400000000E+01-0.500000000E+00
 
 1    1567       0       2
-0.500000000E+01 0.350000000E+01-0.500000000E+00
 
 1    1568       0       2
-0.500000000E+01 0.300000000E+01-0.500000000E+00
 
 1    1569       0       2
-0.500000000E+01 0.250000000E+01-0.500000000E+00
 
 1    1570       0       2
-0.500000000E+01 0.200000000E+01-0.500000000E+00
 
 1    1571       0       2
-0.500000000E+01 0.150000000E+01-0.500000000E+00
 
 1    1572       0       2
-0.500000000E+01 0.100000000E+01-0.500000000E+00
 
 1    1573       0       2
-0.500000000E+01 0.500000000E+00-0.500000000E+00
 
 1    1574       0       2
-0.500000000E+01 0.262845308E-15-0.500000000E+00
 
 1    1575       0       2
-0.500000000E+01-0.500000000E+00-0.500000000E+00
 
 1    1576       0       2
-0.500000000E+01-0.100000000E+01-0.500000000E+00
 
 1    1577       0       2
-0.500000000E+01-0.150000000E+01-0.500000000E+00
 
 1    1578       0       2
-0.500000000E+01-0.200000000E+01-0.500000000E+00
 
 1    1579       0       2
-0.500000000E+01-0.250000000E+01-0.500000000E+00
 
 1    1580       0       2
-0.500000000E+01-0.300000000E+01-0.500000000E+00
 
 1    1581       0       2
-0.500000000E+01-0.350000000E+01-0.500000000E+00
 
 1    1582       0       2
-0.500000000E+01-0.400000000E+01-0.500000000E+00
 
 1    1583       0       2
-0.500000000E+01-0.450000000E+01-0.500000000E+00
 
 1    1584       0       2
-0.500000000E+01-0.300000000E+01-0.700000000E+01
 
 1    1585       0       2
-0.500000000E+01-0.400000000E+01-0.700000000E+01
 
 1    1586       0       2
-0.500000000E+01 0.200000000E+01-0.600000000E+01
 
 1    1587       0       2
-0.500000000E+01 0.300000000E+01-0.100000000E+01
 
 1    1588       0       2
-0.500000000E+01-0.350000000E+01-0.700000000E+01
 
 1    1589       0       2
-0.500000000E+01 0.200000000E+01-0.100000000E+01
 
 1    1590       0       2
-0.500000000E+01 0.400000000E+01-0.900000000E+01
 
 1    1591       0       2
-0.500000000E+01 0.200000000E+01-0.150000000E+01
 
 1    1592       0       2
-0.500000000E+01-0.300000000E+01-0.900000000E+01
 
 1    1593       0       2
-0.500000000E+01-0.350000000E+01-0.300000000E+01
 
 1    1594       0       2
-0.500000000E+01 0.200000000E+01-0.250000000E+01
 
 1    1595       0       2
-0.500000000E+01 0.400000000E+01-0.850000000E+01
 
 1    1596       0       2
-0.500000000E+01-0.350000000E+01-0.250000000E+01
 
 1    1597       0       2
-0.500000000E+01 0.436687730E-15-0.150000000E+01
 
 1    1598       0       2
-0.500000000E+01 0.100000000E+01-0.150000000E+01
 
 1    1599       0       2
-0.500000000E+01-0.500000000E+00-0.250000000E+01
 
 1    1600       0       2
-0.500000000E+01 0.200000000E+01-0.450000000E+01
 
 1    1601       0       2
-0.500000000E+01-0.200000000E+01-0.850000000E+01
 
 1    1602       0       2
-0.500000000E+01-0.150000000E+01-0.750000000E+01
 
 1    1603       0       2
-0.500000000E+01-0.350000000E+01-0.500000000E+01
 
 1    1604       0       2
-0.500000000E+01 0.299962610E-15-0.700000000E+01
 
 1    1605       0       2
-0.500000000E+01-0.100000000E+01-0.200000000E+01
 
 1    1606       0       2
-0.500000000E+01-0.150000000E+01-0.350000000E+01
 
 1    1607       0       2
-0.500000000E+01-0.100000000E+01-0.100000000E+01
 
 1    1608       0       2
-0.500000000E+01-0.150000000E+01-0.250000000E+01
 
 1    1609       0       2
-0.500000000E+01 0.350000000E+01-0.300000000E+01
 
 1    1610       0       2
-0.500000000E+01 0.200000000E+01-0.850000000E+01
 
 1    1611       0       2
-0.500000000E+01 0.250000000E+01-0.700000000E+01
 
 1    1612       0       2
-0.500000000E+01 0.300000000E+01-0.500000000E+01
 
 1    1613       0       2
-0.500000000E+01 0.529206333E-15-0.800000000E+01
 
 1    1614       0       2
-0.500000000E+01-0.250000000E+01-0.400000000E+01
 
 1    1615       0       2
-0.500000000E+01 0.100000000E+01-0.750000000E+01
 
 1    1616       0       2
-0.500000000E+01 0.250000000E+01-0.400000000E+01
 
 1    1617       0       2
-0.500000000E+01 0.173285497E-15-0.600000000E+01
 
 1    1618       0       2
-0.500000000E+01 0.300000000E+01-0.150000000E+01
 
 1    1619       0       2
-0.500000000E+01 0.500000000E+00-0.700000000E+01
 
 1    1620       0       2
-0.500000000E+01 0.407081785E-15-0.350000000E+01
 
 1    1621       0       2
-0.500000000E+01 0.100000000E+01-0.300000000E+01
 
 1    1622       0       2
-0.500000000E+01-0.400000000E+01-0.300000000E+01
 
 1    1623       0       2
-0.500000000E+01-0.100000000E+01-0.700000000E+01
 
 1    1624       0       2
-0.500000000E+01 0.551410772E-15-0.850000000E+01
 
 1    1625       0       2
-0.500000000E+01 0.350000000E+01-0.500000000E+01
 
 1    1626       0       2
-0.500000000E+01-0.300000000E+01-0.850000000E+01
 
 1    1627       0       2
-0.500000000E+01-0.200000000E+01-0.500000000E+01
 
 1    1628       0       2
-0.500000000E+01-0.100000000E+01-0.500000000E+01
 
 1    1629       0       2
-0.500000000E+01-0.150000000E+01-0.400000000E+01
 
 1    1630       0       2
-0.500000000E+01 0.247949811E-15-0.400000000E+01
 
 1    1631       0       2
-0.500000000E+01 0.400000000E+01-0.800000000E+01
 
 1    1632       0       2
-0.500000000E+01-0.100000000E+01-0.650000000E+01
 
 1    1633       0       2
-0.500000000E+01 0.266507879E-15-0.650000000E+01
 
 1    1634       0       2
-0.500000000E+01-0.100000000E+01-0.150000000E+01
 
 1    1635       0       2
-0.500000000E+01-0.100000000E+01-0.300000000E+01
 
 1    1636       0       2
-0.500000000E+01-0.100000000E+01-0.800000000E+01
 
 1    1637       0       2
-0.500000000E+01 0.300000000E+01-0.600000000E+01
 
 1    1638       0       2
-0.500000000E+01 0.150000000E+01-0.200000000E+01
 
 1    1639       0       2
-0.500000000E+01 0.490348485E-15-0.200000000E+01
 
 1    1640       0       2
-0.500000000E+01-0.200000000E+01-0.600000000E+01
 
 1    1641       0       2
-0.500000000E+01 0.350000000E+01-0.400000000E+01
 
 1    1642       0       2
-0.500000000E+01 0.100000000E+01-0.850000000E+01
 
 1    1643       0       2
-0.500000000E+01-0.300000000E+01-0.100000000E+01
 
 1    1644       0       2
-0.500000000E+01 0.400000000E+01-0.700000000E+01
 
 1    1645       0       2
-0.500000000E+01 0.300000000E+01-0.400000000E+01
 
 1    1646       0       2
-0.500000000E+01 0.100000000E+01-0.800000000E+01
 
 1    1647       0       2
-0.500000000E+01 0.432986990E-15-0.300000000E+01
 
 1    1648       0       2
-0.500000000E+01 0.100000000E+01-0.500000000E+01
 
 1    1649       0       2
-0.500000000E+01 0.447789950E-15-0.750000000E+01
 
 1    1650       0       2
-0.500000000E+01-0.100000000E+01-0.550000000E+01
 
 1    1651       0       2
-0.500000000E+01 0.100000000E+01-0.350000000E+01
 
 1    1652       0       2
-0.500000000E+01-0.300000000E+01-0.400000000E+01
 
 1    1653       0       2
-0.500000000E+01 0.150000000E+01-0.600000000E+01
 
 1    1654       0       2
-0.500000000E+01-0.400000000E+01-0.400000000E+01
 
 1    1655       0       2
-0.500000000E+01 0.250000000E+01-0.500000000E+01
 
 1    1656       0       2
-0.500000000E+01 0.200000000E+01-0.400000000E+01
 
 1    1657       0       2
-0.500000000E+01 0.100000000E+01-0.700000000E+01
 
 1    1658       0       2
-0.500000000E+01 0.350000000E+01-0.700000000E+01
 
 1    1659       0       2
-0.500000000E+01 0.510332533E-15-0.250000000E+01
 
 1    1660       0       2
-0.500000000E+01-0.200000000E+01-0.750000000E+01
 
 1    1661       0       2
-0.500000000E+01 0.500000000E+00-0.400000000E+01
 
 1    1662       0       2
-0.500000000E+01 0.100000000E+01-0.900000000E+01
 
 1    1663       0       2
-0.500000000E+01 0.200000000E+01-0.900000000E+01
 
 1    1664       0       2
-0.500000000E+01 0.400000000E+01-0.400000000E+01
 
 1    1665       0       2
-0.500000000E+01 0.400000000E+01-0.300000000E+01
 
 1    1666       0       2
-0.500000000E+01 0.200000000E+01-0.200000000E+01
 
 1    1667       0       2
-0.500000000E+01 0.300000000E+01-0.700000000E+01
 
 1    1668       0       2
-0.500000000E+01 0.400000000E+01-0.500000000E+01
 
 1    1669       0       2
-0.500000000E+01 0.640228636E-15-0.900000000E+01
 
 1    1670       0       2
-0.500000000E+01-0.150000000E+01-0.500000000E+01
 
 1    1671       0       2
-0.500000000E+01-0.350000000E+01-0.400000000E+01
 
 1    1672       0       2
-0.500000000E+01-0.200000000E+01-0.400000000E+01
 
 1    1673       0       2
-0.500000000E+01 0.350000000E+01-0.800000000E+01
 
 1    1674       0       2
-0.500000000E+01 0.300000000E+01-0.300000000E+01
 
 1    1675       0       2
-0.500000000E+01 0.200000000E+01-0.800000000E+01
 
 1    1676       0       2
-0.500000000E+01-0.250000000E+01-0.500000000E+01
 
 1    1677       0       2
-0.500000000E+01-0.100000000E+01-0.250000000E+01
 
 1    1678       0       2
-0.500000000E+01-0.100000000E+01-0.750000000E+01
 
 1    1679       0       2
-0.500000000E+01 0.250000000E+01-0.600000000E+01
 
 1    1680       0       2
-0.500000000E+01 0.100000000E+01-0.250000000E+01
 
 1    1681       0       2
 0.000000000E+00 0.000000000E+00-0.100000000E+02
 
 1    1682       0       2
 0.000000000E+00-0.500000000E+00-0.100000000E+02
 
 1    1683       0       2
 0.500000000E+00 0.000000000E+00-0.100000000E+02
 
 1    1684       0       2
 0.000000000E+00 0.500000000E+00-0.100000000E+02
 
 1    1685       0       2
-0.500000000E+00 0.000000000E+00-0.100000000E+02
 
 1    1686       0       2
-0.500000000E+00-0.500000000E+00-0.100000000E+02
 
 1    1687       0       2
 0.500000000E+00-0.500000000E+00-0.100000000E+02
 
 1    1688       0       2
 0.500000000E+00 0.500000000E+00-0.100000000E+02
 
 1    1689       0       2
-0.500000000E+00 0.500000000E+00-0.100000000E+02
 
 1    1690       0       2
-0.500000000E+00-0.100000000E+01-0.100000000E+02
 
 1    1691       0       2
 0.100000000E+01-0.500000000E+00-0.100000000E+02
 
 1    1692       0       2
 0.500000000E+00-0.100000000E+01-0.100000000E+02
 
 1    1693       0       2
 0.500000000E+00 0.100000000E+01-0.100000000E+02
 
 1    1694       0       2
 0.100000000E+01 0.500000000E+00-0.100000000E+02
 
 1    1695       0       2
-0.100000000E+01 0.500000000E+00-0.100000000E+02
 
 1    1696       0       2
-0.500000000E+00 0.100000000E+01-0.100000000E+02
 
 1    1697       0       2
-0.100000000E+01 0.000000000E+00-0.100000000E+02
 
 1    1698       0       2
-0.100000000E+01-0.500000000E+00-0.100000000E+02
 
 1    1699       0       2
-0.100000000E+01-0.100000000E+01-0.100000000E+02
 
 1    1700       0       2
 0.100000000E+01-0.100000000E+01-0.100000000E+02
 
 1    1701       0       2
 0.100000000E+01 0.100000000E+01-0.100000000E+02
 
 1    1702       0       2
-0.100000000E+01 0.100000000E+01-0.100000000E+02
 
 1    1703       0       2
-0.150000000E+01-0.100000000E+01-0.100000000E+02
 
 1    1704       0       2
-0.100000000E+01-0.150000000E+01-0.100000000E+02
 
 1    1705       0       2
-0.500000000E+00-0.150000000E+01-0.100000000E+02
 
 1    1706       0       2
 0.000000000E+00-0.150000000E+01-0.100000000E+02
 
 1    1707       0       2
 0.500000000E+00-0.150000000E+01-0.100000000E+02
 
 1    1708       0       2
 0.100000000E+01-0.150000000E+01-0.100000000E+02
 
 1    1709       0       2
 0.150000000E+01-0.500000000E+00-0.100000000E+02
 
 1    1710       0       2
 0.150000000E+01 0.500000000E+00-0.100000000E+02
 
 1    1711       0       2
 0.150000000E+01 0.100000000E+01-0.100000000E+02
 
 1    1712       0       2
 0.500000000E+00 0.150000000E+01-0.100000000E+02
 
 1    1713       0       2
-0.500000000E+00 0.150000000E+01-0.100000000E+02
 
 1    1714       0       2
-0.150000000E+01 0.100000000E+01-0.100000000E+02
 
 1    1715       0       2
-0.150000000E+01 0.500000000E+00-0.100000000E+02
 
 1    1716       0       2
-0.150000000E+01 0.000000000E+00-0.100000000E+02
 
 1    1717       0       2
-0.150000000E+01-0.500000000E+00-0.100000000E+02
 
 1    1718       0       2
-0.150000000E+01-0.150000000E+01-0.100000000E+02
 
 1    1719       0       2
 0.150000000E+01-0.150000000E+01-0.100000000E+02
 
 1    1720       0       2
 0.150000000E+01 0.150000000E+01-0.100000000E+02
 
 1    1721       0       2
-0.150000000E+01 0.150000000E+01-0.100000000E+02
 
 1    1722       0       2
-0.500000000E+00-0.200000000E+01-0.100000000E+02
 
 1    1723       0       2
 0.000000000E+00-0.200000000E+01-0.100000000E+02
 
 1    1724       0       2
 0.500000000E+00-0.200000000E+01-0.100000000E+02
 
 1    1725       0       2
-0.150000000E+01-0.200000000E+01-0.100000000E+02
 
 1    1726       0       2
 0.200000000E+01-0.150000000E+01-0.100000000E+02
 
 1    1727       0       2
 0.150000000E+01-0.200000000E+01-0.100000000E+02
 
 1    1728       0       2
 0.200000000E+01-0.500000000E+00-0.100000000E+02
 
 1    1729       0       2
 0.200000000E+01 0.500000000E+00-0.100000000E+02
 
 1    1730       0       2
 0.150000000E+01 0.200000000E+01-0.100000000E+02
 
 1    1731       0       2
 0.200000000E+01 0.150000000E+01-0.100000000E+02
 
 1    1732       0       2
-0.500000000E+00 0.200000000E+01-0.100000000E+02
 
 1    1733       0       2
-0.200000000E+01 0.150000000E+01-0.100000000E+02
 
 1    1734       0       2
-0.150000000E+01 0.200000000E+01-0.100000000E+02
 
 1    1735       0       2
-0.200000000E+01 0.500000000E+00-0.100000000E+02
 
 1    1736       0       2
-0.200000000E+01-0.500000000E+00-0.100000000E+02
 
 1    1737       0       2
-0.200000000E+01-0.150000000E+01-0.100000000E+02
 
 1    1738       0       2
-0.200000000E+01-0.200000000E+01-0.100000000E+02
 
 1    1739       0       2
 0.200000000E+01-0.200000000E+01-0.100000000E+02
 
 1    1740       0       2
 0.200000000E+01 0.200000000E+01-0.100000000E+02
 
 1    1741       0       2
-0.200000000E+01 0.200000000E+01-0.100000000E+02
 
 1    1742       0       2
-0.250000000E+01-0.200000000E+01-0.100000000E+02
 
 1    1743       0       2
-0.200000000E+01-0.250000000E+01-0.100000000E+02
 
 1    1744       0       2
-0.150000000E+01-0.250000000E+01-0.100000000E+02
 
 1    1745       0       2
-0.500000000E+00-0.250000000E+01-0.100000000E+02
 
 1    1746       0       2
 0.500000000E+00-0.250000000E+01-0.100000000E+02
 
 1    1747       0       2
 0.150000000E+01-0.250000000E+01-0.100000000E+02
 
 1    1748       0       2
 0.200000000E+01-0.250000000E+01-0.100000000E+02
 
 1    1749       0       2
 0.250000000E+01-0.200000000E+01-0.100000000E+02
 
 1    1750       0       2
 0.250000000E+01-0.500000000E+00-0.100000000E+02
 
 1    1751       0       2
 0.250000000E+01 0.500000000E+00-0.100000000E+02
 
 1    1752       0       2
 0.250000000E+01 0.150000000E+01-0.100000000E+02
 
 1    1753       0       2
 0.250000000E+01 0.200000000E+01-0.100000000E+02
 
 1    1754       0       2
 0.500000000E+00 0.250000000E+01-0.100000000E+02
 
 1    1755       0       2
-0.500000000E+00 0.250000000E+01-0.100000000E+02
 
 1    1756       0       2
-0.200000000E+01 0.250000000E+01-0.100000000E+02
 
 1    1757       0       2
-0.250000000E+01 0.200000000E+01-0.100000000E+02
 
 1    1758       0       2
-0.250000000E+01 0.150000000E+01-0.100000000E+02
 
 1    1759       0       2
-0.250000000E+01 0.100000000E+01-0.100000000E+02
 
 1    1760       0       2
-0.250000000E+01 0.500000000E+00-0.100000000E+02
 
 1    1761       0       2
-0.250000000E+01-0.500000000E+00-0.100000000E+02
 
 1    1762       0       2
-0.250000000E+01-0.150000000E+01-0.100000000E+02
 
 1    1763       0       2
-0.250000000E+01-0.250000000E+01-0.100000000E+02
 
 1    1764       0       2
 0.250000000E+01-0.250000000E+01-0.100000000E+02
 
 1    1765       0       2
 0.250000000E+01 0.250000000E+01-0.100000000E+02
 
 1    1766       0       2
-0.250000000E+01 0.250000000E+01-0.100000000E+02
 
 1    1767       0       2
-0.200000000E+01-0.300000000E+01-0.100000000E+02
 
 1    1768       0       2
-0.150000000E+01-0.300000000E+01-0.100000000E+02
 
 1    1769       0       2
-0.500000000E+00-0.300000000E+01-0.100000000E+02
 
 1    1770       0       2
 0.500000000E+00-0.300000000E+01-0.100000000E+02
 
 1    1771       0       2
 0.150000000E+01-0.300000000E+01-0.100000000E+02
 
 1    1772       0       2
-0.250000000E+01-0.300000000E+01-0.100000000E+02
 
 1    1773       0       2
 0.300000000E+01-0.250000000E+01-0.100000000E+02
 
 1    1774       0       2
 0.250000000E+01-0.300000000E+01-0.100000000E+02
 
 1    1775       0       2
 0.300000000E+01-0.200000000E+01-0.100000000E+02
 
 1    1776       0       2
 0.300000000E+01-0.150000000E+01-0.100000000E+02
 
 1    1777       0       2
 0.300000000E+01-0.500000000E+00-0.100000000E+02
 
 1    1778       0       2
 0.300000000E+01 0.500000000E+00-0.100000000E+02
 
 1    1779       0       2
 0.300000000E+01 0.150000000E+01-0.100000000E+02
 
 1    1780       0       2
 0.250000000E+01 0.300000000E+01-0.100000000E+02
 
 1    1781       0       2
 0.300000000E+01 0.250000000E+01-0.100000000E+02
 
 1    1782       0       2
 0.200000000E+01 0.300000000E+01-0.100000000E+02
 
 1    1783       0       2
 0.150000000E+01 0.300000000E+01-0.100000000E+02
 
 1    1784       0       2
 0.500000000E+00 0.300000000E+01-0.100000000E+02
 
 1    1785       0       2
-0.500000000E+00 0.300000000E+01-0.100000000E+02
 
 1    1786       0       2
-0.150000000E+01 0.300000000E+01-0.100000000E+02
 
 1    1787       0       2
-0.300000000E+01 0.250000000E+01-0.100000000E+02
 
 1    1788       0       2
-0.250000000E+01 0.300000000E+01-0.100000000E+02
 
 1    1789       0       2
-0.300000000E+01 0.200000000E+01-0.100000000E+02
 
 1    1790       0       2
-0.300000000E+01 0.150000000E+01-0.100000000E+02
 
 1    1791       0       2
-0.300000000E+01 0.100000000E+01-0.100000000E+02
 
 1    1792       0       2
-0.300000000E+01 0.500000000E+00-0.100000000E+02
 
 1    1793       0       2
-0.300000000E+01-0.500000000E+00-0.100000000E+02
 
 1    1794       0       2
-0.300000000E+01-0.150000000E+01-0.100000000E+02
 
 1    1795       0       2
-0.300000000E+01-0.200000000E+01-0.100000000E+02
 
 1    1796       0       2
-0.300000000E+01-0.250000000E+01-0.100000000E+02
 
 1    1797       0       2
-0.300000000E+01-0.300000000E+01-0.100000000E+02
 
 1    1798       0       2
 0.300000000E+01-0.300000000E+01-0.100000000E+02
 
 1    1799       0       2
 0.300000000E+01 0.300000000E+01-0.100000000E+02
 
 1    1800       0       2
-0.300000000E+01 0.300000000E+01-0.100000000E+02
 
 1    1801       0       2
-0.350000000E+01-0.300000000E+01-0.100000000E+02
 
 1    1802       0       2
-0.300000000E+01-0.350000000E+01-0.100000000E+02
 
 1    1803       0       2
-0.250000000E+01-0.350000000E+01-0.100000000E+02
 
 1    1804       0       2
-0.150000000E+01-0.350000000E+01-0.100000000E+02
 
 1    1805       0       2
-0.100000000E+01-0.350000000E+01-0.100000000E+02
 
 1    1806       0       2
-0.500000000E+00-0.350000000E+01-0.100000000E+02
 
 1    1807       0       2
 0.500000000E+00-0.350000000E+01-0.100000000E+02
 
 1    1808       0       2
 0.150000000E+01-0.350000000E+01-0.100000000E+02
 
 1    1809       0       2
 0.250000000E+01-0.350000000E+01-0.100000000E+02
 
 1    1810       0       2
 0.300000000E+01-0.350000000E+01-0.100000000E+02
 
 1    1811       0       2
 0.350000000E+01-0.150000000E+01-0.100000000E+02
 
 1    1812       0       2
 0.350000000E+01-0.500000000E+00-0.100000000E+02
 
 1    1813       0       2
 0.350000000E+01 0.500000000E+00-0.100000000E+02
 
 1    1814       0       2
 0.350000000E+01 0.100000000E+01-0.100000000E+02
 
 1    1815       0       2
 0.350000000E+01 0.150000000E+01-0.100000000E+02
 
 1    1816       0       2
 0.350000000E+01 0.250000000E+01-0.100000000E+02
 
 1    1817       0       2
 0.350000000E+01 0.300000000E+01-0.100000000E+02
 
 1    1818       0       2
 0.250000000E+01 0.350000000E+01-0.100000000E+02
 
 1    1819       0       2
 0.150000000E+01 0.350000000E+01-0.100000000E+02
 
 1    1820       0       2
 0.500000000E+00 0.350000000E+01-0.100000000E+02
 
 1    1821       0       2
-0.500000000E+00 0.350000000E+01-0.100000000E+02
 
 1    1822       0       2
-0.100000000E+01 0.350000000E+01-0.100000000E+02
 
 1    1823       0       2
-0.150000000E+01 0.350000000E+01-0.100000000E+02
 
 1    1824       0       2
-0.250000000E+01 0.350000000E+01-0.100000000E+02
 
 1    1825       0       2
-0.300000000E+01 0.350000000E+01-0.100000000E+02
 
 1    1826       0       2
-0.350000000E+01 0.300000000E+01-0.100000000E+02
 
 1    1827       0       2
-0.350000000E+01 0.250000000E+01-0.100000000E+02
 
 1    1828       0       2
-0.350000000E+01 0.200000000E+01-0.100000000E+02
 
 1    1829       0       2
-0.350000000E+01 0.150000000E+01-0.100000000E+02
 
 1    1830       0       2
-0.350000000E+01 0.100000000E+01-0.100000000E+02
 
 1    1831       0       2
-0.350000000E+01 0.500000000E+00-0.100000000E+02
 
 1    1832       0       2
-0.350000000E+01-0.500000000E+00-0.100000000E+02
 
 1    1833       0       2
-0.350000000E+01-0.150000000E+01-0.100000000E+02
 
 1    1834       0       2
-0.350000000E+01-0.350000000E+01-0.100000000E+02
 
 1    1835       0       2
 0.350000000E+01-0.350000000E+01-0.100000000E+02
 
 1    1836       0       2
 0.350000000E+01 0.350000000E+01-0.100000000E+02
 
 1    1837       0       2
-0.350000000E+01 0.350000000E+01-0.100000000E+02
 
 1    1838       0       2
-0.300000000E+01-0.400000000E+01-0.100000000E+02
 
 1    1839       0       2
-0.250000000E+01-0.400000000E+01-0.100000000E+02
 
 1    1840       0       2
-0.200000000E+01-0.400000000E+01-0.100000000E+02
 
 1    1841       0       2
-0.150000000E+01-0.400000000E+01-0.100000000E+02
 
 1    1842       0       2
-0.100000000E+01-0.400000000E+01-0.100000000E+02
 
 1    1843       0       2
-0.500000000E+00-0.400000000E+01-0.100000000E+02
 
 1    1844       0       2
 0.000000000E+00-0.400000000E+01-0.100000000E+02
 
 1    1845       0       2
 0.500000000E+00-0.400000000E+01-0.100000000E+02
 
 1    1846       0       2
 0.100000000E+01-0.400000000E+01-0.100000000E+02
 
 1    1847       0       2
 0.150000000E+01-0.400000000E+01-0.100000000E+02
 
 1    1848       0       2
 0.250000000E+01-0.400000000E+01-0.100000000E+02
 
 1    1849       0       2
-0.350000000E+01-0.400000000E+01-0.100000000E+02
 
 1    1850       0       2
 0.400000000E+01-0.350000000E+01-0.100000000E+02
 
 1    1851       0       2
 0.350000000E+01-0.400000000E+01-0.100000000E+02
 
 1    1852       0       2
 0.400000000E+01-0.150000000E+01-0.100000000E+02
 
 1    1853       0       2
 0.400000000E+01-0.500000000E+00-0.100000000E+02
 
 1    1854       0       2
 0.400000000E+01 0.500000000E+00-0.100000000E+02
 
 1    1855       0       2
 0.400000000E+01 0.150000000E+01-0.100000000E+02
 
 1    1856       0       2
 0.400000000E+01 0.250000000E+01-0.100000000E+02
 
 1    1857       0       2
 0.350000000E+01 0.400000000E+01-0.100000000E+02
 
 1    1858       0       2
 0.400000000E+01 0.300000000E+01-0.100000000E+02
 
 1    1859       0       2
 0.400000000E+01 0.350000000E+01-0.100000000E+02
 
 1    1860       0       2
 0.150000000E+01 0.400000000E+01-0.100000000E+02
 
 1    1861       0       2
 0.500000000E+00 0.400000000E+01-0.100000000E+02
 
 1    1862       0       2
-0.500000000E+00 0.400000000E+01-0.100000000E+02
 
 1    1863       0       2
-0.100000000E+01 0.400000000E+01-0.100000000E+02
 
 1    1864       0       2
-0.150000000E+01 0.400000000E+01-0.100000000E+02
 
 1    1865       0       2
-0.200000000E+01 0.400000000E+01-0.100000000E+02
 
 1    1866       0       2
-0.250000000E+01 0.400000000E+01-0.100000000E+02
 
 1    1867       0       2
-0.400000000E+01 0.350000000E+01-0.100000000E+02
 
 1    1868       0       2
-0.400000000E+01 0.300000000E+01-0.100000000E+02
 
 1    1869       0       2
-0.400000000E+01 0.250000000E+01-0.100000000E+02
 
 1    1870       0       2
-0.400000000E+01 0.200000000E+01-0.100000000E+02
 
 1    1871       0       2
-0.400000000E+01 0.150000000E+01-0.100000000E+02
 
 1    1872       0       2
-0.400000000E+01 0.100000000E+01-0.100000000E+02
 
 1    1873       0       2
-0.400000000E+01 0.500000000E+00-0.100000000E+02
 
 1    1874       0       2
-0.400000000E+01-0.500000000E+00-0.100000000E+02
 
 1    1875       0       2
-0.400000000E+01-0.150000000E+01-0.100000000E+02
 
 1    1876       0       2
-0.400000000E+01-0.250000000E+01-0.100000000E+02
 
 1    1877       0       2
-0.400000000E+01-0.300000000E+01-0.100000000E+02
 
 1    1878       0       2
-0.400000000E+01-0.350000000E+01-0.100000000E+02
 
 1    1879       0       2
-0.400000000E+01-0.400000000E+01-0.100000000E+02
 
 1    1880       0       2
 0.400000000E+01 0.400000000E+01-0.100000000E+02
 
 1    1881       0       2
-0.400000000E+01 0.400000000E+01-0.100000000E+02
 
 1    1882       0       2
-0.400000000E+01-0.450000000E+01-0.100000000E+02
 
 1    1883       0       2
-0.350000000E+01-0.450000000E+01-0.100000000E+02
 
 1    1884       0       2
-0.300000000E+01-0.450000000E+01-0.100000000E+02
 
 1    1885       0       2
-0.250000000E+01-0.450000000E+01-0.100000000E+02
 
 1    1886       0       2
-0.200000000E+01-0.450000000E+01-0.100000000E+02
 
 1    1887       0       2
-0.150000000E+01-0.450000000E+01-0.100000000E+02
 
 1    1888       0       2
-0.100000000E+01-0.450000000E+01-0.100000000E+02
 
 1    1889       0       2
-0.500000000E+00-0.450000000E+01-0.100000000E+02
 
 1    1890       0       2
 0.000000000E+00-0.450000000E+01-0.100000000E+02
 
 1    1891       0       2
 0.500000000E+00-0.450000000E+01-0.100000000E+02
 
 1    1892       0       2
 0.100000000E+01-0.450000000E+01-0.100000000E+02
 
 1    1893       0       2
 0.150000000E+01-0.450000000E+01-0.100000000E+02
 
 1    1894       0       2
 0.200000000E+01-0.450000000E+01-0.100000000E+02
 
 1    1895       0       2
 0.250000000E+01-0.450000000E+01-0.100000000E+02
 
 1    1896       0       2
 0.300000000E+01-0.450000000E+01-0.100000000E+02
 
 1    1897       0       2
 0.350000000E+01-0.450000000E+01-0.100000000E+02
 
 1    1898       0       2
 0.400000000E+01-0.450000000E+01-0.100000000E+02
 
 1    1899       0       2
 0.450000000E+01-0.450000000E+01-0.100000000E+02
 
 1    1900       0       2
 0.450000000E+01-0.400000000E+01-0.100000000E+02
 
 1    1901       0       2
 0.450000000E+01-0.350000000E+01-0.100000000E+02
 
 1    1902       0       2
 0.450000000E+01-0.300000000E+01-0.100000000E+02
 
 1    1903       0       2
 0.450000000E+01-0.250000000E+01-0.100000000E+02
 
 1    1904       0       2
 0.450000000E+01-0.200000000E+01-0.100000000E+02
 
 1    1905       0       2
 0.450000000E+01-0.150000000E+01-0.100000000E+02
 
 1    1906       0       2
 0.450000000E+01-0.100000000E+01-0.100000000E+02
 
 1    1907       0       2
 0.450000000E+01-0.500000000E+00-0.100000000E+02
 
 1    1908       0       2
 0.450000000E+01 0.000000000E+00-0.100000000E+02
 
 1    1909       0       2
 0.450000000E+01 0.500000000E+00-0.100000000E+02
 
 1    1910       0       2
 0.450000000E+01 0.100000000E+01-0.100000000E+02
 
 1    1911       0       2
 0.450000000E+01 0.150000000E+01-0.100000000E+02
 
 1    1912       0       2
 0.450000000E+01 0.200000000E+01-0.100000000E+02
 
 1    1913       0       2
 0.450000000E+01 0.250000000E+01-0.100000000E+02
 
 1    1914       0       2
 0.450000000E+01 0.300000000E+01-0.100000000E+02
 
 1    1915       0       2
 0.450000000E+01 0.350000000E+01-0.100000000E+02
 
 1    1916       0       2
 0.450000000E+01 0.400000000E+01-0.100000000E+02
 
 1    1917       0       2
 0.450000000E+01 0.450000000E+01-0.100000000E+02
 
 1    1918       0       2
 0.400000000E+01 0.450000000E+01-0.100000000E+02
 
 1    1919       0       2
 0.350000000E+01 0.450000000E+01-0.100000000E+02
 
 1    1920       0       2
 0.300000000E+01 0.450000000E+01-0.100000000E+02
 
 1    1921       0       2
 0.250000000E+01 0.450000000E+01-0.100000000E+02
 
 1    1922       0       2
 0.200000000E+01 0.450000000E+01-0.100000000E+02
 
 1    1923       0       2
 0.150000000E+01 0.450000000E+01-0.100000000E+02
 
 1    1924       0       2
 0.100000000E+01 0.450000000E+01-0.100000000E+02
 
 1    1925       0       2
 0.500000000E+00 0.450000000E+01-0.100000000E+02
 
 1    1926       0       2
 0.000000000E+00 0.450000000E+01-0.100000000E+02
 
 1    1927       0       2
-0.500000000E+00 0.450000000E+01-0.100000000E+02
 
 1    1928       0       2
-0.100000000E+01 0.450000000E+01-0.100000000E+02
 
 1    1929       0       2
-0.150000000E+01 0.450000000E+01-0.100000000E+02
 
 1    1930       0       2
-0.200000000E+01 0.450000000E+01-0.100000000E+02
 
 1    1931       0       2
-0.250000000E+01 0.450000000E+01-0.100000000E+02
 
 1    1932       0       2
-0.300000000E+01 0.450000000E+01-0.100000000E+02
 
 1    1933       0       2
-0.350000000E+01 0.450000000E+01-0.100000000E+02
 
 1    1934       0       2
-0.400000000E+01 0.450000000E+01-0.100000000E+02
 
 1    1935       0       2
-0.450000000E+01 0.450000000E+01-0.100000000E+02
 
 1    1936       0       2
-0.450000000E+01 0.400000000E+01-0.100000000E+02
 
 1    1937       0       2
-0.450000000E+01 0.350000000E+01-0.100000000E+02
 
 1    1938       0       2
-0.450000000E+01 0.300000000E+01-0.100000000E+02
 
 1    1939       0       2
-0.450000000E+01 0.250000000E+01-0.100000000E+02
 
 1    1940       0       2
-0.450000000E+01 0.200000000E+01-0.100000000E+02
 
 1    1941       0       2
-0.450000000E+01 0.150000000E+01-0.100000000E+02
 
 1    1942       0       2
-0.450000000E+01 0.100000000E+01-0.100000000E+02
 
 1    1943       0       2
-0.450000000E+01 0.500000000E+00-0.100000000E+02
 
 1    1944       0       2
-0.450000000E+01 0.000000000E+00-0.100000000E+02
 
 1    1945       0       2
-0.450000000E+01-0.500000000E+00-0.100000000E+02
 
 1    1946       0       2
-0.450000000E+01-0.100000000E+01-0.100000000E+02
 
 1    1947       0       2
-0.450000000E+01-0.150000000E+01-0.100000000E+02
 
 1    1948       0       2
-0.450000000E+01-0.200000000E+01-0.100000000E+02
 
 1    1949       0       2
-0.450000000E+01-0.250000000E+01-0.100000000E+02
 
 1    1950       0       2
-0.450000000E+01-0.300000000E+01-0.100000000E+02
 
 1    1951       0       2
-0.450000000E+01-0.350000000E+01-0.100000000E+02
 
 1    1952       0       2
-0.450000000E+01-0.400000000E+01-0.100000000E+02
 
 1    1953       0       2
-0.450000000E+01-0.450000000E+01-0.100000000E+02
 
 1    1954       0       2
 0.200000000E+01-0.300000000E+01-0.100000000E+02
 
 1    1955       0       2
 0.250000000E+01 0.400000000E+01-0.100000000E+02
 
 1    1956       0       2
 0.400000000E+01-0.250000000E+01-0.100000000E+02
 
 1    1957       0       2
 0.200000000E+01 0.100000000E+01-0.100000000E+02
 
 1    1958       0       2
 0.400000000E+01 0.100000000E+01-0.100000000E+02
 
 1    1959       0       2
 0.350000000E+01-0.300000000E+01-0.100000000E+02
 
 1    1960       0       2
-0.300000000E+01 0.400000000E+01-0.100000000E+02
 
 1    1961       0       2
-0.400000000E+01-0.100000000E+01-0.100000000E+02
 
 1    1962       0       2
 0.300000000E+01-0.400000000E+01-0.100000000E+02
 
 1    1963       0       2
-0.350000000E+01-0.250000000E+01-0.100000000E+02
 
 1    1964       0       2
 0.000000000E+00-0.350000000E+01-0.100000000E+02
 
 1    1965       0       2
-0.200000000E+01-0.350000000E+01-0.100000000E+02
 
 1    1966       0       2
-0.200000000E+01 0.350000000E+01-0.100000000E+02
 
 1    1967       0       2
-0.200000000E+01 0.300000000E+01-0.100000000E+02
 
 1    1968       0       2
-0.150000000E+01 0.250000000E+01-0.100000000E+02
 
 1    1969       0       2
-0.350000000E+01 0.000000000E+00-0.100000000E+02
 
 1    1970       0       2
 0.000000000E+00 0.200000000E+01-0.100000000E+02
 
 1    1971       0       2
 0.400000000E+01 0.200000000E+01-0.100000000E+02
 
 1    1972       0       2
 0.300000000E+01 0.350000000E+01-0.100000000E+02
 
 1    1973       0       2
-0.350000000E+01-0.200000000E+01-0.100000000E+02
 
 1    1974       0       2
 0.200000000E+01 0.350000000E+01-0.100000000E+02
 
 1    1975       0       2
 0.350000000E+01-0.200000000E+01-0.100000000E+02
 
 1    1976       0       2
 0.000000000E+00 0.300000000E+01-0.100000000E+02
 
 1    1977       0       2
 0.300000000E+01 0.000000000E+00-0.100000000E+02
 
 1    1978       0       2
-0.250000000E+01-0.100000000E+01-0.100000000E+02
 
 1    1979       0       2
 0.250000000E+01-0.100000000E+01-0.100000000E+02
 
 1    1980       0       2
 0.100000000E+01 0.250000000E+01-0.100000000E+02
 
 1    1981       0       2
 0.000000000E+00 0.100000000E+01-0.100000000E+02
 
 1    1982       0       2
-0.400000000E+01-0.200000000E+01-0.100000000E+02
 
 1    1983       0       2
 0.500000000E+00 0.200000000E+01-0.100000000E+02
 
 1    1984       0       2
-0.300000000E+01 0.000000000E+00-0.100000000E+02
 
 1    1985       0       2
 0.000000000E+00-0.100000000E+01-0.100000000E+02
 
 1    1986       0       2
 0.100000000E+01-0.200000000E+01-0.100000000E+02
 
 1    1987       0       2
 0.250000000E+01-0.150000000E+01-0.100000000E+02
 
 1    1988       0       2
 0.150000000E+01 0.250000000E+01-0.100000000E+02
 
 1    1989       0       2
-0.400000000E+01 0.000000000E+00-0.100000000E+02
 
 1    1990       0       2
 0.100000000E+01-0.300000000E+01-0.100000000E+02
 
 1    1991       0       2
 0.350000000E+01 0.200000000E+01-0.100000000E+02
 
 1    1992       0       2
-0.100000000E+01 0.200000000E+01-0.100000000E+02
 
 1    1993       0       2
 0.350000000E+01 0.000000000E+00-0.100000000E+02
 
 1    1994       0       2
 0.000000000E+00 0.350000000E+01-0.100000000E+02
 
 1    1995       0       2
 0.200000000E+01 0.000000000E+00-0.100000000E+02
 
 1    1996       0       2
 0.200000000E+01-0.400000000E+01-0.100000000E+02
 
 1    1997       0       2
-0.200000000E+01 0.000000000E+00-0.100000000E+02
 
 1    1998       0       2
 0.150000000E+01 0.000000000E+00-0.100000000E+02
 
 1    1999       0       2
-0.100000000E+01 0.150000000E+01-0.100000000E+02
 
 1    2000       0       2
 0.000000000E+00 0.150000000E+01-0.100000000E+02
 
 1    2001       0       2
 0.200000000E+01 0.250000000E+01-0.100000000E+02
 
 1    2002       0       2
-0.100000000E+01 0.300000000E+01-0.100000000E+02
 
 1    2003       0       2
 0.300000000E+01 0.100000000E+01-0.100000000E+02
 
 1    2004       0       2
-0.100000000E+01-0.300000000E+01-0.100000000E+02
 
 1    2005       0       2
 0.000000000E+00-0.300000000E+01-0.100000000E+02
 
 1    2006       0       2
-0.200000000E+01 0.100000000E+01-0.100000000E+02
 
 1    2007       0       2
 0.100000000E+01 0.350000000E+01-0.100000000E+02
 
 1    2008       0       2
 0.350000000E+01-0.100000000E+01-0.100000000E+02
 
 1    2009       0       2
 0.100000000E+01-0.350000000E+01-0.100000000E+02
 
 1    2010       0       2
 0.100000000E+01 0.300000000E+01-0.100000000E+02
 
 1    2011       0       2
 0.300000000E+01-0.100000000E+01-0.100000000E+02
 
 1    2012       0       2
 0.350000000E+01-0.250000000E+01-0.100000000E+02
 
 1    2013       0       2
 0.400000000E+01-0.300000000E+01-0.100000000E+02
 
 1    2014       0       2
 0.300000000E+01 0.400000000E+01-0.100000000E+02
 
 1    2015       0       2
 0.000000000E+00 0.250000000E+01-0.100000000E+02
 
 1    2016       0       2
 0.400000000E+01-0.400000000E+01-0.100000000E+02
 
 1    2017       0       2
-0.100000000E+01-0.200000000E+01-0.100000000E+02
 
 1    2018       0       2
-0.300000000E+01-0.100000000E+01-0.100000000E+02
 
 1    2019       0       2
 0.250000000E+01 0.000000000E+00-0.100000000E+02
 
 1    2020       0       2
 0.100000000E+01 0.000000000E+00-0.100000000E+02
 
 1    2021       0       2
 0.100000000E+01 0.200000000E+01-0.100000000E+02
 
 1    2022       0       2
 0.200000000E+01-0.100000000E+01-0.100000000E+02
 
 1    2023       0       2
 0.000000000E+00-0.250000000E+01-0.100000000E+02
 
 1    2024       0       2
 0.400000000E+01-0.100000000E+01-0.100000000E+02
 
 1    2025       0       2
 0.400000000E+01-0.200000000E+01-0.100000000E+02
 
 1    2026       0       2
 0.100000000E+01 0.400000000E+01-0.100000000E+02
 
 1    2027       0       2
 0.200000000E+01 0.400000000E+01-0.100000000E+02
 
 1    2028       0       2
 0.300000000E+01 0.200000000E+01-0.100000000E+02
 
 1    2029       0       2
 0.000000000E+00 0.400000000E+01-0.100000000E+02
 
 1    2030       0       2
 0.400000000E+01 0.000000000E+00-0.100000000E+02
 
 1    2031       0       2
-0.350000000E+01 0.400000000E+01-0.100000000E+02
 
 1    2032       0       2
 0.200000000E+01-0.350000000E+01-0.100000000E+02
 
 1    2033       0       2
-0.350000000E+01-0.100000000E+01-0.100000000E+02
 
 1    2034       0       2
-0.200000000E+01-0.100000000E+01-0.100000000E+02
 
 1    2035       0       2
 0.150000000E+01-0.100000000E+01-0.100000000E+02
 
 1    2036       0       2
 0.100000000E+01 0.150000000E+01-0.100000000E+02
 
 1    2037       0       2
-0.250000000E+01 0.000000000E+00-0.100000000E+02
 
 1    2038       0       2
 0.100000000E+01-0.250000000E+01-0.100000000E+02
 
 1    2039       0       2
-0.100000000E+01-0.250000000E+01-0.100000000E+02
 
 1    2040       0       2
-0.100000000E+01 0.250000000E+01-0.100000000E+02
 
 1    2041       0       2
 0.250000000E+01 0.100000000E+01-0.100000000E+02
 
 2       1       4       2       0
       4       0       1
    1688    1683    1681    1684
 2       2       4       2       0
       4       0       1
    1683    1687    1682    1681
 2       3       4       2       0
       4       0       1
    1682    1686    1685    1681
 2       4       4       2       0
       4       0       1
    1685    1689    1684    1681
 2       5       4       2       0
       4       0       1
    1682    1985    1690    1686
 2       6       4       2       0
       4       0       1
    1687    1692    1985    1682
 2       7       4       2       0
       4       0       1
    1683    2020    1691    1687
 2       8       4       2       0
       4       0       1
    1688    1694    2020    1683
 2       9       4       2       0
       4       0       1
    1684    1981    1693    1688
 2      10       4       2       0
       4       0       1
    1689    1696    1981    1684
 2      11       4       2       0
       4       0       1
    1686    1698    1697    1685
 2      12       4       2       0
       4       0       1
    1697    1695    1689    1685
 2      13       4       2       0
       4       0       1
    1690    1699    1698    1686
 2      14       4       2       0
       4       0       1
    1691    1700    1692    1687
 2      15       4       2       0
       4       0       1
    1693    1701    1694    1688
 2      16       4       2       0
       4       0       1
    1695    1702    1696    1689
 2      17       4       2       0
       4       0       1
    1985    1706    1705    1690
 2      18       4       2       0
       4       0       1
    1690    1705    1704    1699
 2      19       4       2       0
       4       0       1
    2020    1998    1709    1691
 2      20       4       2       0
       4       0       1
    1691    1709    2035    1700
 2      21       4       2       0
       4       0       1
    1700    1708    1707    1692
 2      22       4       2       0
       4       0       1
    1692    1707    1706    1985
 2      23       4       2       0
       4       0       1
    1981    2000    1712    1693
 2      24       4       2       0
       4       0       1
    1693    1712    2036    1701
 2      25       4       2       0
       4       0       1
    1701    1711    1710    1694
 2      26       4       2       0
       4       0       1
    1694    1710    1998    2020
 2      27       4       2       0
       4       0       1
    1697    1716    1715    1695
 2      28       4       2       0
       4       0       1
    1695    1715    1714    1702
 2      29       4       2       0
       4       0       1
    1702    1999    1713    1696
 2      30       4       2       0
       4       0       1
    1696    1713    2000    1981
 2      31       4       2       0
       4       0       1
    1699    1703    1717    1698
 2      32       4       2       0
       4       0       1
    1698    1717    1716    1697
 2      33       4       2       0
       4       0       1
    1704    1718    1703    1699
 2      34       4       2       0
       4       0       1
    2035    1719    1708    1700
 2      35       4       2       0
       4       0       1
    2036    1720    1711    1701
 2      36       4       2       0
       4       0       1
    1714    1721    1999    1702
 2      37       4       2       0
       4       0       1
    1703    2034    1736    1717
 2      38       4       2       0
       4       0       1
    1718    1737    2034    1703
 2      39       4       2       0
       4       0       1
    1704    2017    1725    1718
 2      40       4       2       0
       4       0       1
    1706    1723    1722    1705
 2      41       4       2       0
       4       0       1
    1705    1722    2017    1704
 2      42       4       2       0
       4       0       1
    1708    1986    1724    1707
 2      43       4       2       0
       4       0       1
    1707    1724    1723    1706
 2      44       4       2       0
       4       0       1
    1719    1727    1986    1708
 2      45       4       2       0
       4       0       1
    2035    2022    1726    1719
 2      46       4       2       0
       4       0       1
    1998    1995    1728    1709
 2      47       4       2       0
       4       0       1
    1709    1728    2022    2035
 2      48       4       2       0
       4       0       1
    1711    1957    1729    1710
 2      49       4       2       0
       4       0       1
    1710    1729    1995    1998
 2      50       4       2       0
       4       0       1
    1720    1731    1957    1711
 2      51       4       2       0
       4       0       1
    2036    2021    1730    1720
 2      52       4       2       0
       4       0       1
    2000    1970    1983    1712
 2      53       4       2       0
       4       0       1
    1712    1983    2021    2036
 2      54       4       2       0
       4       0       1
    1999    1992    1732    1713
 2      55       4       2       0
       4       0       1
    1713    1732    1970    2000
 2      56       4       2       0
       4       0       1
    1721    1734    1992    1999
 2      57       4       2       0
       4       0       1
    1714    2006    1733    1721
 2      58       4       2       0
       4       0       1
    1716    1997    1735    1715
 2      59       4       2       0
       4       0       1
    1715    1735    2006    1714
 2      60       4       2       0
       4       0       1
    1717    1736    1997    1716
 2      61       4       2       0
       4       0       1
    1725    1738    1737    1718
 2      62       4       2       0
       4       0       1
    1726    1739    1727    1719
 2      63       4       2       0
       4       0       1
    1730    1740    1731    1720
 2      64       4       2       0
       4       0       1
    1733    1741    1734    1721
 2      65       4       2       0
       4       0       1
    2017    2039    1744    1725
 2      66       4       2       0
       4       0       1
    1723    2023    1745    1722
 2      67       4       2       0
       4       0       1
    1722    1745    2039    2017
 2      68       4       2       0
       4       0       1
    1986    2038    1746    1724
 2      69       4       2       0
       4       0       1
    1724    1746    2023    1723
 2      70       4       2       0
       4       0       1
    1725    1744    1743    1738
 2      71       4       2       0
       4       0       1
    2022    1979    1987    1726
 2      72       4       2       0
       4       0       1
    1726    1987    1749    1739
 2      73       4       2       0
       4       0       1
    1739    1748    1747    1727
 2      74       4       2       0
       4       0       1
    1727    1747    2038    1986
 2      75       4       2       0
       4       0       1
    1995    2019    1750    1728
 2      76       4       2       0
       4       0       1
    1728    1750    1979    2022
 2      77       4       2       0
       4       0       1
    1957    2041    1751    1729
 2      78       4       2       0
       4       0       1
    1729    1751    2019    1995
 2      79       4       2       0
       4       0       1
    2021    1980    1988    1730
 2      80       4       2       0
       4       0       1
    1730    1988    2001    1740
 2      81       4       2       0
       4       0       1
    1740    1753    1752    1731
 2      82       4       2       0
       4       0       1
    1731    1752    2041    1957
 2      83       4       2       0
       4       0       1
    1970    2015    1754    1983
 2      84       4       2       0
       4       0       1
    1983    1754    1980    2021
 2      85       4       2       0
       4       0       1
    1992    2040    1755    1732
 2      86       4       2       0
       4       0       1
    1732    1755    2015    1970
 2      87       4       2       0
       4       0       1
    2006    1759    1758    1733
 2      88       4       2       0
       4       0       1
    1733    1758    1757    1741
 2      89       4       2       0
       4       0       1
    1741    1756    1968    1734
 2      90       4       2       0
       4       0       1
    1734    1968    2040    1992
 2      91       4       2       0
       4       0       1
    1997    2037    1760    1735
 2      92       4       2       0
       4       0       1
    1735    1760    1759    2006
 2      93       4       2       0
       4       0       1
    2034    1978    1761    1736
 2      94       4       2       0
       4       0       1
    1736    1761    2037    1997
 2      95       4       2       0
       4       0       1
    1738    1742    1762    1737
 2      96       4       2       0
       4       0       1
    1737    1762    1978    2034
 2      97       4       2       0
       4       0       1
    1743    1763    1742    1738
 2      98       4       2       0
       4       0       1
    1749    1764    1748    1739
 2      99       4       2       0
       4       0       1
    2001    1765    1753    1740
 2     100       4       2       0
       4       0       1
    1757    1766    1756    1741
 2     101       4       2       0
       4       0       1
    1742    1795    1794    1762
 2     102       4       2       0
       4       0       1
    1763    1796    1795    1742
 2     103       4       2       0
       4       0       1
    1743    1767    1772    1763
 2     104       4       2       0
       4       0       1
    2039    2004    1768    1744
 2     105       4       2       0
       4       0       1
    1744    1768    1767    1743
 2     106       4       2       0
       4       0       1
    2023    2005    1769    1745
 2     107       4       2       0
       4       0       1
    1745    1769    2004    2039
 2     108       4       2       0
       4       0       1
    2038    1990    1770    1746
 2     109       4       2       0
       4       0       1
    1746    1770    2005    2023
 2     110       4       2       0
       4       0       1
    1748    1954    1771    1747
 2     111       4       2       0
       4       0       1
    1747    1771    1990    2038
 2     112       4       2       0
       4       0       1
    1764    1774    1954    1748
 2     113       4       2       0
       4       0       1
    1749    1775    1773    1764
 2     114       4       2       0
       4       0       1
    1979    2011    1776    1987
 2     115       4       2       0
       4       0       1
    1987    1776    1775    1749
 2     116       4       2       0
       4       0       1
    2019    1977    1777    1750
 2     117       4       2       0
       4       0       1
    1750    1777    2011    1979
 2     118       4       2       0
       4       0       1
    2041    2003    1778    1751
 2     119       4       2       0
       4       0       1
    1751    1778    1977    2019
 2     120       4       2       0
       4       0       1
    1753    2028    1779    1752
 2     121       4       2       0
       4       0       1
    1752    1779    2003    2041
 2     122       4       2       0
       4       0       1
    1765    1781    2028    1753
 2     123       4       2       0
       4       0       1
    2001    1782    1780    1765
 2     124       4       2       0
       4       0       1
    1980    2010    1783    1988
 2     125       4       2       0
       4       0       1
    1988    1783    1782    2001
 2     126       4       2       0
       4       0       1
    2015    1976    1784    1754
 2     127       4       2       0
       4       0       1
    1754    1784    2010    1980
 2     128       4       2       0
       4       0       1
    2040    2002    1785    1755
 2     129       4       2       0
       4       0       1
    1755    1785    1976    2015
 2     130       4       2       0
       4       0       1
    1756    1967    1786    1968
 2     131       4       2       0
       4       0       1
    1968    1786    2002    2040
 2     132       4       2       0
       4       0       1
    1766    1788    1967    1756
 2     133       4       2       0
       4       0       1
    1757    1789    1787    1766
 2     134       4       2       0
       4       0       1
    1759    1791    1790    1758
 2     135       4       2       0
       4       0       1
    1758    1790    1789    1757
 2     136       4       2       0
       4       0       1
    2037    1984    1792    1760
 2     137       4       2       0
       4       0       1
    1760    1792    1791    1759
 2     138       4       2       0
       4       0       1
    1978    2018    1793    1761
 2     139       4       2       0
       4       0       1
    1761    1793    1984    2037
 2     140       4       2       0
       4       0       1
    1762    1794    2018    1978
 2     141       4       2       0
       4       0       1
    1772    1797    1796    1763
 2     142       4       2       0
       4       0       1
    1773    1798    1774    1764
 2     143       4       2       0
       4       0       1
    1780    1799    1781    1765
 2     144       4       2       0
       4       0       1
    1787    1800    1788    1766
 2     145       4       2       0
       4       0       1
    1767    1965    1803    1772
 2     146       4       2       0
       4       0       1
    2004    1805    1804    1768
 2     147       4       2       0
       4       0       1
    1768    1804    1965    1767
 2     148       4       2       0
       4       0       1
    2005    1964    1806    1769
 2     149       4       2       0
       4       0       1
    1769    1806    1805    2004
 2     150       4       2       0
       4       0       1
    1990    2009    1807    1770
 2     151       4       2       0
       4       0       1
    1770    1807    1964    2005
 2     152       4       2       0
       4       0       1
    1954    2032    1808    1771
 2     153       4       2       0
       4       0       1
    1771    1808    2009    1990
 2     154       4       2       0
       4       0       1
    1772    1803    1802    1797
 2     155       4       2       0
       4       0       1
    1775    1975    2012    1773
 2     156       4       2       0
       4       0       1
    1773    2012    1959    1798
 2     157       4       2       0
       4       0       1
    1798    1810    1809    1774
 2     158       4       2       0
       4       0       1
    1774    1809    2032    1954
 2     159       4       2       0
       4       0       1
    2011    2008    1811    1776
 2     160       4       2       0
       4       0       1
    1776    1811    1975    1775
 2     161       4       2       0
       4       0       1
    1977    1993    1812    1777
 2     162       4       2       0
       4       0       1
    1777    1812    2008    2011
 2     163       4       2       0
       4       0       1
    2003    1814    1813    1778
 2     164       4       2       0
       4       0       1
    1778    1813    1993    1977
 2     165       4       2       0
       4       0       1
    2028    1991    1815    1779
 2     166       4       2       0
       4       0       1
    1779    1815    1814    2003
 2     167       4       2       0
       4       0       1
    1782    1974    1818    1780
 2     168       4       2       0
       4       0       1
    1780    1818    1972    1799
 2     169       4       2       0
       4       0       1
    1799    1817    1816    1781
 2     170       4       2       0
       4       0       1
    1781    1816    1991    2028
 2     171       4       2       0
       4       0       1
    2010    2007    1819    1783
 2     172       4       2       0
       4       0       1
    1783    1819    1974    1782
 2     173       4       2       0
       4       0       1
    1976    1994    1820    1784
 2     174       4       2       0
       4       0       1
    1784    1820    2007    2010
 2     175       4       2       0
       4       0       1
    2002    1822    1821    1785
 2     176       4       2       0
       4       0       1
    1785    1821    1994    1976
 2     177       4       2       0
       4       0       1
    1967    1966    1823    1786
 2     178       4       2       0
       4       0       1
    1786    1823    1822    2002
 2     179       4       2       0
       4       0       1
    1789    1828    1827    1787
 2     180       4       2       0
       4       0       1
    1787    1827    1826    1800
 2     181       4       2       0
       4       0       1
    1800    1825    1824    1788
 2     182       4       2       0
       4       0       1
    1788    1824    1966    1967
 2     183       4       2       0
       4       0       1
    1791    1830    1829    1790
 2     184       4       2       0
       4       0       1
    1790    1829    1828    1789
 2     185       4       2       0
       4       0       1
    1984    1969    1831    1792
 2     186       4       2       0
       4       0       1
    1792    1831    1830    1791
 2     187       4       2       0
       4       0       1
    2018    2033    1832    1793
 2     188       4       2       0
       4       0       1
    1793    1832    1969    1984
 2     189       4       2       0
       4       0       1
    1795    1973    1833    1794
 2     190       4       2       0
       4       0       1
    1794    1833    2033    2018
 2     191       4       2       0
       4       0       1
    1797    1801    1963    1796
 2     192       4       2       0
       4       0       1
    1796    1963    1973    1795
 2     193       4       2       0
       4       0       1
    1802    1834    1801    1797
 2     194       4       2       0
       4       0       1
    1959    1835    1810    1798
 2     195       4       2       0
       4       0       1
    1972    1836    1817    1799
 2     196       4       2       0
       4       0       1
    1826    1837    1825    1800
 2     197       4       2       0
       4       0       1
    1801    1877    1876    1963
 2     198       4       2       0
       4       0       1
    1834    1878    1877    1801
 2     199       4       2       0
       4       0       1
    1802    1838    1849    1834
 2     200       4       2       0
       4       0       1
    1965    1840    1839    1803
 2     201       4       2       0
       4       0       1
    1803    1839    1838    1802
 2     202       4       2       0
       4       0       1
    1805    1842    1841    1804
 2     203       4       2       0
       4       0       1
    1804    1841    1840    1965
 2     204       4       2       0
       4       0       1
    1964    1844    1843    1806
 2     205       4       2       0
       4       0       1
    1806    1843    1842    1805
 2     206       4       2       0
       4       0       1
    2009    1846    1845    1807
 2     207       4       2       0
       4       0       1
    1807    1845    1844    1964
 2     208       4       2       0
       4       0       1
    2032    1996    1847    1808
 2     209       4       2       0
       4       0       1
    1808    1847    1846    2009
 2     210       4       2       0
       4       0       1
    1810    1962    1848    1809
 2     211       4       2       0
       4       0       1
    1809    1848    1996    2032
 2     212       4       2       0
       4       0       1
    1835    1851    1962    1810
 2     213       4       2       0
       4       0       1
    1959    2013    1850    1835
 2     214       4       2       0
       4       0       1
    1975    2025    1956    2012
 2     215       4       2       0
       4       0       1
    2012    1956    2013    1959
 2     216       4       2       0
       4       0       1
    2008    2024    1852    1811
 2     217       4       2       0
       4       0       1
    1811    1852    2025    1975
 2     218       4       2       0
       4       0       1
    1993    2030    1853    1812
 2     219       4       2       0
       4       0       1
    1812    1853    2024    2008
 2     220       4       2       0
       4       0       1
    1814    1958    1854    1813
 2     221       4       2       0
       4       0       1
    1813    1854    2030    1993
 2     222       4       2       0
       4       0       1
    1991    1971    1855    1815
 2     223       4       2       0
       4       0       1
    1815    1855    1958    1814
 2     224       4       2       0
       4       0       1
    1817    1858    1856    1816
 2     225       4       2       0
       4       0       1
    1816    1856    1971    1991
 2     226       4       2       0
       4       0       1
    1836    1859    1858    1817
 2     227       4       2       0
       4       0       1
    1972    2014    1857    1836
 2     228       4       2       0
       4       0       1
    1974    2027    1955    1818
 2     229       4       2       0
       4       0       1
    1818    1955    2014    1972
 2     230       4       2       0
       4       0       1
    2007    2026    1860    1819
 2     231       4       2       0
       4       0       1
    1819    1860    2027    1974
 2     232       4       2       0
       4       0       1
    1994    2029    1861    1820
 2     233       4       2       0
       4       0       1
    1820    1861    2026    2007
 2     234       4       2       0
       4       0       1
    1822    1863    1862    1821
 2     235       4       2       0
       4       0       1
    1821    1862    2029    1994
 2     236       4       2       0
       4       0       1
    1966    1865    1864    1823
 2     237       4       2       0
       4       0       1
    1823    1864    1863    1822
 2     238       4       2       0
       4       0       1
    1825    1960    1866    1824
 2     239       4       2       0
       4       0       1
    1824    1866    1865    1966
 2     240       4       2       0
       4       0       1
    1837    2031    1960    1825
 2     241       4       2       0
       4       0       1
    1826    1868    1867    1837
 2     242       4       2       0
       4       0       1
    1828    1870    1869    1827
 2     243       4       2       0
       4       0       1
    1827    1869    1868    1826
 2     244       4       2       0
       4       0       1
    1830    1872    1871    1829
 2     245       4       2       0
       4       0       1
    1829    1871    1870    1828
 2     246       4       2       0
       4       0       1
    1969    1989    1873    1831
 2     247       4       2       0
       4       0       1
    1831    1873    1872    1830
 2     248       4       2       0
       4       0       1
    2033    1961    1874    1832
 2     249       4       2       0
       4       0       1
    1832    1874    1989    1969
 2     250       4       2       0
       4       0       1
    1973    1982    1875    1833
 2     251       4       2       0
       4       0       1
    1833    1875    1961    2033
 2     252       4       2       0
       4       0       1
    1963    1876    1982    1973
 2     253       4       2       0
       4       0       1
    1849    1879    1878    1834
 2     254       4       2       0
       4       0       1
    1850    2016    1851    1835
 2     255       4       2       0
       4       0       1
    1857    1880    1859    1836
 2     256       4       2       0
       4       0       1
    1867    1881    2031    1837
 2     257       4       2       0
       4       0       1
    1838    1884    1883    1849
 2     258       4       2       0
       4       0       1
    1840    1886    1885    1839
 2     259       4       2       0
       4       0       1
    1839    1885    1884    1838
 2     260       4       2       0
       4       0       1
    1842    1888    1887    1841
 2     261       4       2       0
       4       0       1
    1841    1887    1886    1840
 2     262       4       2       0
       4       0       1
    1844    1890    1889    1843
 2     263       4       2       0
       4       0       1
    1843    1889    1888    1842
 2     264       4       2       0
       4       0       1
    1846    1892    1891    1845
 2     265       4       2       0
       4       0       1
    1845    1891    1890    1844
 2     266       4       2       0
       4       0       1
    1996    1894    1893    1847
 2     267       4       2       0
       4       0       1
    1847    1893    1892    1846
 2     268       4       2       0
       4       0       1
    1962    1896    1895    1848
 2     269       4       2       0
       4       0       1
    1848    1895    1894    1996
 2     270       4       2       0
       4       0       1
    1849    1883    1882    1879
 2     271       4       2       0
       4       0       1
    2013    1902    1901    1850
 2     272       4       2       0
       4       0       1
    1850    1901    1900    2016
 2     273       4       2       0
       4       0       1
    2016    1898    1897    1851
 2     274       4       2       0
       4       0       1
    1851    1897    1896    1962
 2     275       4       2       0
       4       0       1
    2025    1904    1903    1956
 2     276       4       2       0
       4       0       1
    1956    1903    1902    2013
 2     277       4       2       0
       4       0       1
    2024    1906    1905    1852
 2     278       4       2       0
       4       0       1
    1852    1905    1904    2025
 2     279       4       2       0
       4       0       1
    2030    1908    1907    1853
 2     280       4       2       0
       4       0       1
    1853    1907    1906    2024
 2     281       4       2       0
       4       0       1
    1958    1910    1909    1854
 2     282       4       2       0
       4       0       1
    1854    1909    1908    2030
 2     283       4       2       0
       4       0       1
    1971    1912    1911    1855
 2     284       4       2       0
       4       0       1
    1855    1911    1910    1958
 2     285       4       2       0
       4       0       1
    1858    1914    1913    1856
 2     286       4       2       0
       4       0       1
    1856    1913    1912    1971
 2     287       4       2       0
       4       0       1
    2014    1920    1919    1857
 2     288       4       2       0
       4       0       1
    1857    1919    1918    1880
 2     289       4       2       0
       4       0       1
    1880    1916    1915    1859
 2     290       4       2       0
       4       0       1
    1859    1915    1914    1858
 2     291       4       2       0
       4       0       1
    2027    1922    1921    1955
 2     292       4       2       0
       4       0       1
    1955    1921    1920    2014
 2     293       4       2       0
       4       0       1
    2026    1924    1923    1860
 2     294       4       2       0
       4       0       1
    1860    1923    1922    2027
 2     295       4       2       0
       4       0       1
    2029    1926    1925    1861
 2     296       4       2       0
       4       0       1
    1861    1925    1924    2026
 2     297       4       2       0
       4       0       1
    1863    1928    1927    1862
 2     298       4       2       0
       4       0       1
    1862    1927    1926    2029
 2     299       4       2       0
       4       0       1
    1865    1930    1929    1864
 2     300       4       2       0
       4       0       1
    1864    1929    1928    1863
 2     301       4       2       0
       4       0       1
    1960    1932    1931    1866
 2     302       4       2       0
       4       0       1
    1866    1931    1930    1865
 2     303       4       2       0
       4       0       1
    1868    1938    1937    1867
 2     304       4       2       0
       4       0       1
    1867    1937    1936    1881
 2     305       4       2       0
       4       0       1
    1881    1934    1933    2031
 2     306       4       2       0
       4       0       1
    2031    1933    1932    1960
 2     307       4       2       0
       4       0       1
    1870    1940    1939    1869
 2     308       4       2       0
       4       0       1
    1869    1939    1938    1868
 2     309       4       2       0
       4       0       1
    1872    1942    1941    1871
 2     310       4       2       0
       4       0       1
    1871    1941    1940    1870
 2     311       4       2       0
       4       0       1
    1989    1944    1943    1873
 2     312       4       2       0
       4       0       1
    1873    1943    1942    1872
 2     313       4       2       0
       4       0       1
    1961    1946    1945    1874
 2     314       4       2       0
       4       0       1
    1874    1945    1944    1989
 2     315       4       2       0
       4       0       1
    1982    1948    1947    1875
 2     316       4       2       0
       4       0       1
    1875    1947    1946    1961
 2     317       4       2       0
       4       0       1
    1877    1950    1949    1876
 2     318       4       2       0
       4       0       1
    1876    1949    1948    1982
 2     319       4       2       0
       4       0       1
    1879    1952    1951    1878
 2     320       4       2       0
       4       0       1
    1878    1951    1950    1877
 2     321       4       2       0
       4       0       1
    1882    1953    1952    1879
 2     322       4       2       0
       4       0       1
    1900    1899    1898    2016
 2     323       4       2       0
       4       0       1
    1918    1917    1916    1880
 2     324       4       2       0
       4       0       1
    1936    1935    1934    1881
 2     325       4       2       0
       4       0       1
    1882      10       9    1953
 2     326       4       2       0
       4       0       1
    1883      11      10    1882
 2     327       4       2       0
       4       0       1
    1884      12      11    1883
 2     328       4       2       0
       4       0       1
    1885      13      12    1884
 2     329       4       2       0
       4       0       1
    1886      14      13    1885
 2     330       4       2       0
       4       0       1
    1887      15      14    1886
 2     331       4       2       0
       4       0       1
    1888      16      15    1887
 2     332       4       2       0
       4       0       1
    1889      17      16    1888
 2     333       4       2       0
       4       0       1
    1890      18      17    1889
 2     334       4       2       0
       4       0       1
    1891      19      18    1890
 2     335       4       2       0
       4       0       1
    1892      20      19    1891
 2     336       4       2       0
       4       0       1
    1893      21      20    1892
 2     337       4       2       0
       4       0       1
    1894      22      21    1893
 2     338       4       2       0
       4       0       1
    1895      23      22    1894
 2     339       4       2       0
       4       0       1
    1896      24      23    1895
 2     340       4       2       0
       4       0       1
    1897      25      24    1896
 2     341       4       2       0
       4       0       1
    1898      26      25    1897
 2     342       4       2       0
       4       0       1
    1899      27      26    1898
 2     343       4       2       0
       4       0       1
    1899      47       2      27
 2     344       4       2       0
       4       0       1
    1900      48      47    1899
 2     345       4       2       0
       4       0       1
    1901      49      48    1900
 2     346       4       2       0
       4       0       1
    1902      50      49    1901
 2     347       4       2       0
       4       0       1
    1903      51      50    1902
 2     348       4       2       0
       4       0       1
    1904      52      51    1903
 2     349       4       2       0
       4       0       1
    1905      53      52    1904
 2     350       4       2       0
       4       0       1
    1906      54      53    1905
 2     351       4       2       0
       4       0       1
    1907      55      54    1906
 2     352       4       2       0
       4       0       1
    1908      56      55    1907
 2     353       4       2       0
       4       0       1
    1909      57      56    1908
 2     354       4       2       0
       4       0       1
    1910      58      57    1909
 2     355       4       2       0
       4       0       1
    1911      59      58    1910
 2     356       4       2       0
       4       0       1
    1912      60      59    1911
 2     357       4       2       0
       4       0       1
    1913      61      60    1912
 2     358       4       2       0
       4       0       1
    1914      62      61    1913
 2     359       4       2       0
       4       0       1
    1915      63      62    1914
 2     360       4       2       0
       4       0       1
    1916      64      63    1915
 2     361       4       2       0
       4       0       1
    1917      65      64    1916
 2     362       4       2       0
       4       0       1
    1917      84       4      65
 2     363       4       2       0
       4       0       1
    1918      83      84    1917
 2     364       4       2       0
       4       0       1
    1919      82      83    1918
 2     365       4       2       0
       4       0       1
    1920      81      82    1919
 2     366       4       2       0
       4       0       1
    1921      80      81    1920
 2     367       4       2       0
       4       0       1
    1922      79      80    1921
 2     368       4       2       0
       4       0       1
    1923      78      79    1922
 2     369       4       2       0
       4       0       1
    1924      77      78    1923
 2     370       4       2       0
       4       0       1
    1925      76      77    1924
 2     371       4       2       0
       4       0       1
    1926      75      76    1925
 2     372       4       2       0
       4       0       1
    1927      74      75    1926
 2     373       4       2       0
       4       0       1
    1928      73      74    1927
 2     374       4       2       0
       4       0       1
    1929      72      73    1928
 2     375       4       2       0
       4       0       1
    1930      71      72    1929
 2     376       4       2       0
       4       0       1
    1931      70      71    1930
 2     377       4       2       0
       4       0       1
    1932      69      70    1931
 2     378       4       2       0
       4       0       1
    1933      68      69    1932
 2     379       4       2       0
       4       0       1
    1934      67      68    1933
 2     380       4       2       0
       4       0       1
    1935      66      67    1934
 2     381       4       2       0
       4       0       1
    1935      46       3      66
 2     382       4       2       0
       4       0       1
    1936      45      46    1935
 2     383       4       2       0
       4       0       1
    1937      44      45    1936
 2     384       4       2       0
       4       0       1
    1938      43      44    1937
 2     385       4       2       0
       4       0       1
    1939      42      43    1938
 2     386       4       2       0
       4       0       1
    1940      41      42    1939
 2     387       4       2       0
       4       0       1
    1941      40      41    1940
 2     388       4       2       0
       4       0       1
    1942      39      40    1941
 2     389       4       2       0
       4       0       1
    1943      38      39    1942
 2     390       4       2       0
       4       0       1
    1944      37      38    1943
 2     391       4       2       0
       4       0       1
    1945      36      37    1944
 2     392       4       2       0
       4       0       1
    1946      35      36    1945
 2     393       4       2       0
       4       0       1
    1947      34      35    1946
 2     394       4       2       0
       4       0       1
    1948      33      34    1947
 2     395       4       2       0
       4       0       1
    1949      32      33    1948
 2     396       4       2       0
       4       0       1
    1950      31      32    1949
 2     397       4       2       0
       4       0       1
    1951      30      31    1950
 2     398       4       2       0
       4       0       1
    1952      29      30    1951
 2     399       4       2       0
       4       0       1
    1953      28      29    1952
 2     400       4       2       0
       4       0       1
       9       1      28    1953
 2     401       4       2       0
       4       0       1
    1327    1322    1320    1323
 2     402       4       2       0
       4       0       1
    1322    1326    1321    1320
 2     403       4       2       0
       4       0       1
    1321    1325    1324    1320
 2     404       4       2       0
       4       0       1
    1324    1328    1323    1320
 2     405       4       2       0
       4       0       1
    1321    1628    1329    1325
 2     406       4       2       0
       4       0       1
    1326    1650    1628    1321
 2     407       4       2       0
       4       0       1
    1322    1617    1330    1326
 2     408       4       2       0
       4       0       1
    1327    1332    1617    1322
 2     409       4       2       0
       4       0       1
    1323    1648    1331    1327
 2     410       4       2       0
       4       0       1
    1328    1333    1648    1323
 2     411       4       2       0
       4       0       1
    1325    1334    1630    1324
 2     412       4       2       0
       4       0       1
    1630    1661    1328    1324
 2     413       4       2       0
       4       0       1
    1329    1335    1334    1325
 2     414       4       2       0
       4       0       1
    1330    1336    1650    1326
 2     415       4       2       0
       4       0       1
    1331    1337    1332    1327
 2     416       4       2       0
       4       0       1
    1661    1338    1333    1328
 2     417       4       2       0
       4       0       1
    1628    1670    1340    1329
 2     418       4       2       0
       4       0       1
    1329    1340    1629    1335
 2     419       4       2       0
       4       0       1
    1617    1633    1343    1330
 2     420       4       2       0
       4       0       1
    1330    1343    1632    1336
 2     421       4       2       0
       4       0       1
    1336    1342    1341    1650
 2     422       4       2       0
       4       0       1
    1650    1341    1670    1628
 2     423       4       2       0
       4       0       1
    1648    1347    1346    1331
 2     424       4       2       0
       4       0       1
    1331    1346    1653    1337
 2     425       4       2       0
       4       0       1
    1337    1345    1344    1332
 2     426       4       2       0
       4       0       1
    1332    1344    1633    1617
 2     427       4       2       0
       4       0       1
    1630    1620    1350    1661
 2     428       4       2       0
       4       0       1
    1661    1350    1651    1338
 2     429       4       2       0
       4       0       1
    1338    1349    1348    1333
 2     430       4       2       0
       4       0       1
    1333    1348    1347    1648
 2     431       4       2       0
       4       0       1
    1335    1339    1351    1334
 2     432       4       2       0
       4       0       1
    1334    1351    1620    1630
 2     433       4       2       0
       4       0       1
    1629    1606    1339    1335
 2     434       4       2       0
       4       0       1
    1632    1352    1342    1336
 2     435       4       2       0
       4       0       1
    1653    1353    1345    1337
 2     436       4       2       0
       4       0       1
    1651    1354    1349    1338
 2     437       4       2       0
       4       0       1
    1339    1635    1368    1351
 2     438       4       2       0
       4       0       1
    1606    1369    1635    1339
 2     439       4       2       0
       4       0       1
    1629    1672    1357    1606
 2     440       4       2       0
       4       0       1
    1670    1627    1355    1340
 2     441       4       2       0
       4       0       1
    1340    1355    1672    1629
 2     442       4       2       0
       4       0       1
    1342    1640    1356    1341
 2     443       4       2       0
       4       0       1
    1341    1356    1627    1670
 2     444       4       2       0
       4       0       1
    1352    1359    1640    1342
 2     445       4       2       0
       4       0       1
    1632    1623    1358    1352
 2     446       4       2       0
       4       0       1
    1633    1604    1360    1343
 2     447       4       2       0
       4       0       1
    1343    1360    1623    1632
 2     448       4       2       0
       4       0       1
    1345    1657    1619    1344
 2     449       4       2       0
       4       0       1
    1344    1619    1604    1633
 2     450       4       2       0
       4       0       1
    1353    1362    1657    1345
 2     451       4       2       0
       4       0       1
    1653    1586    1361    1353
 2     452       4       2       0
       4       0       1
    1347    1364    1363    1346
 2     453       4       2       0
       4       0       1
    1346    1363    1586    1653
 2     454       4       2       0
       4       0       1
    1349    1656    1600    1348
 2     455       4       2       0
       4       0       1
    1348    1600    1364    1347
 2     456       4       2       0
       4       0       1
    1354    1366    1656    1349
 2     457       4       2       0
       4       0       1
    1651    1621    1365    1354
 2     458       4       2       0
       4       0       1
    1620    1647    1367    1350
 2     459       4       2       0
       4       0       1
    1350    1367    1621    1651
 2     460       4       2       0
       4       0       1
    1351    1368    1647    1620
 2     461       4       2       0
       4       0       1
    1357    1370    1369    1606
 2     462       4       2       0
       4       0       1
    1358    1371    1359    1352
 2     463       4       2       0
       4       0       1
    1361    1372    1362    1353
 2     464       4       2       0
       4       0       1
    1365    1373    1366    1354
 2     465       4       2       0
       4       0       1
    1672    1614    1376    1357
 2     466       4       2       0
       4       0       1
    1627    1676    1377    1355
 2     467       4       2       0
       4       0       1
    1355    1377    1614    1672
 2     468       4       2       0
       4       0       1
    1640    1379    1378    1356
 2     469       4       2       0
       4       0       1
    1356    1378    1676    1627
 2     470       4       2       0
       4       0       1
    1357    1376    1375    1370
 2     471       4       2       0
       4       0       1
    1623    1678    1602    1358
 2     472       4       2       0
       4       0       1
    1358    1602    1660    1371
 2     473       4       2       0
       4       0       1
    1371    1381    1380    1359
 2     474       4       2       0
       4       0       1
    1359    1380    1379    1640
 2     475       4       2       0
       4       0       1
    1604    1649    1382    1360
 2     476       4       2       0
       4       0       1
    1360    1382    1678    1623
 2     477       4       2       0
       4       0       1
    1657    1615    1383    1619
 2     478       4       2       0
       4       0       1
    1619    1383    1649    1604
 2     479       4       2       0
       4       0       1
    1586    1679    1386    1361
 2     480       4       2       0
       4       0       1
    1361    1386    1611    1372
 2     481       4       2       0
       4       0       1
    1372    1385    1384    1362
 2     482       4       2       0
       4       0       1
    1362    1384    1615    1657
 2     483       4       2       0
       4       0       1
    1364    1655    1387    1363
 2     484       4       2       0
       4       0       1
    1363    1387    1679    1586
 2     485       4       2       0
       4       0       1
    1656    1616    1388    1600
 2     486       4       2       0
       4       0       1
    1600    1388    1655    1364
 2     487       4       2       0
       4       0       1
    1621    1680    1391    1365
 2     488       4       2       0
       4       0       1
    1365    1391    1594    1373
 2     489       4       2       0
       4       0       1
    1373    1390    1389    1366
 2     490       4       2       0
       4       0       1
    1366    1389    1616    1656
 2     491       4       2       0
       4       0       1
    1647    1659    1392    1367
 2     492       4       2       0
       4       0       1
    1367    1392    1680    1621
 2     493       4       2       0
       4       0       1
    1635    1677    1599    1368
 2     494       4       2       0
       4       0       1
    1368    1599    1659    1647
 2     495       4       2       0
       4       0       1
    1370    1374    1608    1369
 2     496       4       2       0
       4       0       1
    1369    1608    1677    1635
 2     497       4       2       0
       4       0       1
    1375    1393    1374    1370
 2     498       4       2       0
       4       0       1
    1660    1394    1381    1371
 2     499       4       2       0
       4       0       1
    1611    1395    1385    1372
 2     500       4       2       0
       4       0       1
    1594    1396    1390    1373
 2     501       4       2       0
       4       0       1
    1374    1424    1423    1608
 2     502       4       2       0
       4       0       1
    1393    1425    1424    1374
 2     503       4       2       0
       4       0       1
    1375    1397    1404    1393
 2     504       4       2       0
       4       0       1
    1614    1652    1398    1376
 2     505       4       2       0
       4       0       1
    1376    1398    1397    1375
 2     506       4       2       0
       4       0       1
    1676    1400    1399    1377
 2     507       4       2       0
       4       0       1
    1377    1399    1652    1614
 2     508       4       2       0
       4       0       1
    1379    1402    1401    1378
 2     509       4       2       0
       4       0       1
    1378    1401    1400    1676
 2     510       4       2       0
       4       0       1
    1381    1584    1403    1380
 2     511       4       2       0
       4       0       1
    1380    1403    1402    1379
 2     512       4       2       0
       4       0       1
    1394    1406    1584    1381
 2     513       4       2       0
       4       0       1
    1660    1407    1405    1394
 2     514       4       2       0
       4       0       1
    1678    1636    1408    1602
 2     515       4       2       0
       4       0       1
    1602    1408    1407    1660
 2     516       4       2       0
       4       0       1
    1649    1613    1409    1382
 2     517       4       2       0
       4       0       1
    1382    1409    1636    1678
 2     518       4       2       0
       4       0       1
    1615    1646    1410    1383
 2     519       4       2       0
       4       0       1
    1383    1410    1613    1649
 2     520       4       2       0
       4       0       1
    1385    1675    1411    1384
 2     521       4       2       0
       4       0       1
    1384    1411    1646    1615
 2     522       4       2       0
       4       0       1
    1395    1413    1675    1385
 2     523       4       2       0
       4       0       1
    1611    1667    1412    1395
 2     524       4       2       0
       4       0       1
    1679    1637    1414    1386
 2     525       4       2       0
       4       0       1
    1386    1414    1667    1611
 2     526       4       2       0
       4       0       1
    1655    1612    1415    1387
 2     527       4       2       0
       4       0       1
    1387    1415    1637    1679
 2     528       4       2       0
       4       0       1
    1616    1645    1416    1388
 2     529       4       2       0
       4       0       1
    1388    1416    1612    1655
 2     530       4       2       0
       4       0       1
    1390    1674    1417    1389
 2     531       4       2       0
       4       0       1
    1389    1417    1645    1616
 2     532       4       2       0
       4       0       1
    1396    1419    1674    1390
 2     533       4       2       0
       4       0       1
    1594    1666    1418    1396
 2     534       4       2       0
       4       0       1
    1680    1420    1638    1391
 2     535       4       2       0
       4       0       1
    1391    1638    1666    1594
 2     536       4       2       0
       4       0       1
    1659    1639    1421    1392
 2     537       4       2       0
       4       0       1
    1392    1421    1420    1680
 2     538       4       2       0
       4       0       1
    1677    1605    1422    1599
 2     539       4       2       0
       4       0       1
    1599    1422    1639    1659
 2     540       4       2       0
       4       0       1
    1608    1423    1605    1677
 2     541       4       2       0
       4       0       1
    1404    1426    1425    1393
 2     542       4       2       0
       4       0       1
    1405    1427    1406    1394
 2     543       4       2       0
       4       0       1
    1412    1428    1413    1395
 2     544       4       2       0
       4       0       1
    1418    1429    1419    1396
 2     545       4       2       0
       4       0       1
    1397    1593    1596    1404
 2     546       4       2       0
       4       0       1
    1652    1671    1432    1398
 2     547       4       2       0
       4       0       1
    1398    1432    1593    1397
 2     548       4       2       0
       4       0       1
    1400    1603    1433    1399
 2     549       4       2       0
       4       0       1
    1399    1433    1671    1652
 2     550       4       2       0
       4       0       1
    1402    1435    1434    1401
 2     551       4       2       0
       4       0       1
    1401    1434    1603    1400
 2     552       4       2       0
       4       0       1
    1584    1588    1436    1403
 2     553       4       2       0
       4       0       1
    1403    1436    1435    1402
 2     554       4       2       0
       4       0       1
    1404    1596    1431    1426
 2     555       4       2       0
       4       0       1
    1407    1601    1439    1405
 2     556       4       2       0
       4       0       1
    1405    1439    1626    1427
 2     557       4       2       0
       4       0       1
    1427    1438    1437    1406
 2     558       4       2       0
       4       0       1
    1406    1437    1588    1584
 2     559       4       2       0
       4       0       1
    1636    1441    1440    1408
 2     560       4       2       0
       4       0       1
    1408    1440    1601    1407
 2     561       4       2       0
       4       0       1
    1613    1624    1442    1409
 2     562       4       2       0
       4       0       1
    1409    1442    1441    1636
 2     563       4       2       0
       4       0       1
    1646    1642    1443    1410
 2     564       4       2       0
       4       0       1
    1410    1443    1624    1613
 2     565       4       2       0
       4       0       1
    1675    1610    1444    1411
 2     566       4       2       0
       4       0       1
    1411    1444    1642    1646
 2     567       4       2       0
       4       0       1
    1667    1658    1447    1412
 2     568       4       2       0
       4       0       1
    1412    1447    1673    1428
 2     569       4       2       0
       4       0       1
    1428    1446    1445    1413
 2     570       4       2       0
       4       0       1
    1413    1445    1610    1675
 2     571       4       2       0
       4       0       1
    1637    1449    1448    1414
 2     572       4       2       0
       4       0       1
    1414    1448    1658    1667
 2     573       4       2       0
       4       0       1
    1612    1625    1450    1415
 2     574       4       2       0
       4       0       1
    1415    1450    1449    1637
 2     575       4       2       0
       4       0       1
    1645    1641    1451    1416
 2     576       4       2       0
       4       0       1
    1416    1451    1625    1612
 2     577       4       2       0
       4       0       1
    1674    1609    1452    1417
 2     578       4       2       0
       4       0       1
    1417    1452    1641    1645
 2     579       4       2       0
       4       0       1
    1666    1591    1455    1418
 2     580       4       2       0
       4       0       1
    1418    1455    1618    1429
 2     581       4       2       0
       4       0       1
    1429    1454    1453    1419
 2     582       4       2       0
       4       0       1
    1419    1453    1609    1674
 2     583       4       2       0
       4       0       1
    1420    1598    1456    1638
 2     584       4       2       0
       4       0       1
    1638    1456    1591    1666
 2     585       4       2       0
       4       0       1
    1639    1597    1457    1421
 2     586       4       2       0
       4       0       1
    1421    1457    1598    1420
 2     587       4       2       0
       4       0       1
    1605    1634    1458    1422
 2     588       4       2       0
       4       0       1
    1422    1458    1597    1639
 2     589       4       2       0
       4       0       1
    1424    1460    1459    1423
 2     590       4       2       0
       4       0       1
    1423    1459    1634    1605
 2     591       4       2       0
       4       0       1
    1426    1430    1461    1425
 2     592       4       2       0
       4       0       1
    1425    1461    1460    1424
 2     593       4       2       0
       4       0       1
    1431    1462    1430    1426
 2     594       4       2       0
       4       0       1
    1626    1463    1438    1427
 2     595       4       2       0
       4       0       1
    1673    1464    1446    1428
 2     596       4       2       0
       4       0       1
    1618    1465    1454    1429
 2     597       4       2       0
       4       0       1
    1430    1643    1507    1461
 2     598       4       2       0
       4       0       1
    1462    1508    1643    1430
 2     599       4       2       0
       4       0       1
    1431    1466    1475    1462
 2     600       4       2       0
       4       0       1
    1593    1622    1467    1596
 2     601       4       2       0
       4       0       1
    1596    1467    1466    1431
 2     602       4       2       0
       4       0       1
    1671    1654    1468    1432
 2     603       4       2       0
       4       0       1
    1432    1468    1622    1593
 2     604       4       2       0
       4       0       1
    1603    1470    1469    1433
 2     605       4       2       0
       4       0       1
    1433    1469    1654    1671
 2     606       4       2       0
       4       0       1
    1435    1472    1471    1434
 2     607       4       2       0
       4       0       1
    1434    1471    1470    1603
 2     608       4       2       0
       4       0       1
    1588    1585    1473    1436
 2     609       4       2       0
       4       0       1
    1436    1473    1472    1435
 2     610       4       2       0
       4       0       1
    1438    1477    1474    1437
 2     611       4       2       0
       4       0       1
    1437    1474    1585    1588
 2     612       4       2       0
       4       0       1
    1463    1478    1477    1438
 2     613       4       2       0
       4       0       1
    1626    1592    1476    1463
 2     614       4       2       0
       4       0       1
    1601    1480    1479    1439
 2     615       4       2       0
       4       0       1
    1439    1479    1592    1626
 2     616       4       2       0
       4       0       1
    1441    1482    1481    1440
 2     617       4       2       0
       4       0       1
    1440    1481    1480    1601
 2     618       4       2       0
       4       0       1
    1624    1669    1483    1442
 2     619       4       2       0
       4       0       1
    1442    1483    1482    1441
 2     620       4       2       0
       4       0       1
    1642    1662    1484    1443
 2     621       4       2       0
       4       0       1
    1443    1484    1669    1624
 2     622       4       2       0
       4       0       1
    1610    1663    1485    1444
 2     623       4       2       0
       4       0       1
    1444    1485    1662    1642
 2     624       4       2       0
       4       0       1
    1446    1487    1486    1445
 2     625       4       2       0
       4       0       1
    1445    1486    1663    1610
 2     626       4       2       0
       4       0       1
    1464    1488    1487    1446
 2     627       4       2       0
       4       0       1
    1673    1631    1595    1464
 2     628       4       2       0
       4       0       1
    1658    1644    1489    1447
 2     629       4       2       0
       4       0       1
    1447    1489    1631    1673
 2     630       4       2       0
       4       0       1
    1449    1491    1490    1448
 2     631       4       2       0
       4       0       1
    1448    1490    1644    1658
 2     632       4       2       0
       4       0       1
    1625    1668    1492    1450
 2     633       4       2       0
       4       0       1
    1450    1492    1491    1449
 2     634       4       2       0
       4       0       1
    1641    1664    1493    1451
 2     635       4       2       0
       4       0       1
    1451    1493    1668    1625
 2     636       4       2       0
       4       0       1
    1609    1665    1494    1452
 2     637       4       2       0
       4       0       1
    1452    1494    1664    1641
 2     638       4       2       0
       4       0       1
    1454    1497    1495    1453
 2     639       4       2       0
       4       0       1
    1453    1495    1665    1609
 2     640       4       2       0
       4       0       1
    1465    1498    1497    1454
 2     641       4       2       0
       4       0       1
    1618    1587    1496    1465
 2     642       4       2       0
       4       0       1
    1591    1589    1499    1455
 2     643       4       2       0
       4       0       1
    1455    1499    1587    1618
 2     644       4       2       0
       4       0       1
    1598    1501    1500    1456
 2     645       4       2       0
       4       0       1
    1456    1500    1589    1591
 2     646       4       2       0
       4       0       1
    1597    1503    1502    1457
 2     647       4       2       0
       4       0       1
    1457    1502    1501    1598
 2     648       4       2       0
       4       0       1
    1634    1607    1504    1458
 2     649       4       2       0
       4       0       1
    1458    1504    1503    1597
 2     650       4       2       0
       4       0       1
    1460    1506    1505    1459
 2     651       4       2       0
       4       0       1
    1459    1505    1607    1634
 2     652       4       2       0
       4       0       1
    1461    1507    1506    1460
 2     653       4       2       0
       4       0       1
    1475    1509    1508    1462
 2     654       4       2       0
       4       0       1
    1476    1510    1478    1463
 2     655       4       2       0
       4       0       1
    1595    1590    1488    1464
 2     656       4       2       0
       4       0       1
    1496    1511    1498    1465
 2     657       4       2       0
       4       0       1
    1466    1514    1513    1475
 2     658       4       2       0
       4       0       1
    1622    1516    1515    1467
 2     659       4       2       0
       4       0       1
    1467    1515    1514    1466
 2     660       4       2       0
       4       0       1
    1654    1518    1517    1468
 2     661       4       2       0
       4       0       1
    1468    1517    1516    1622
 2     662       4       2       0
       4       0       1
    1470    1520    1519    1469
 2     663       4       2       0
       4       0       1
    1469    1519    1518    1654
 2     664       4       2       0
       4       0       1
    1472    1522    1521    1471
 2     665       4       2       0
       4       0       1
    1471    1521    1520    1470
 2     666       4       2       0
       4       0       1
    1585    1524    1523    1473
 2     667       4       2       0
       4       0       1
    1473    1523    1522    1472
 2     668       4       2       0
       4       0       1
    1477    1526    1525    1474
 2     669       4       2       0
       4       0       1
    1474    1525    1524    1585
 2     670       4       2       0
       4       0       1
    1475    1513    1512    1509
 2     671       4       2       0
       4       0       1
    1592    1532    1531    1476
 2     672       4       2       0
       4       0       1
    1476    1531    1530    1510
 2     673       4       2       0
       4       0       1
    1510    1528    1527    1478
 2     674       4       2       0
       4       0       1
    1478    1527    1526    1477
 2     675       4       2       0
       4       0       1
    1480    1534    1533    1479
 2     676       4       2       0
       4       0       1
    1479    1533    1532    1592
 2     677       4       2       0
       4       0       1
    1482    1536    1535    1481
 2     678       4       2       0
       4       0       1
    1481    1535    1534    1480
 2     679       4       2       0
       4       0       1
    1669    1538    1537    1483
 2     680       4       2       0
       4       0       1
    1483    1537    1536    1482
 2     681       4       2       0
       4       0       1
    1662    1540    1539    1484
 2     682       4       2       0
       4       0       1
    1484    1539    1538    1669
 2     683       4       2       0
       4       0       1
    1663    1542    1541    1485
 2     684       4       2       0
       4       0       1
    1485    1541    1540    1662
 2     685       4       2       0
       4       0       1
    1487    1544    1543    1486
 2     686       4       2       0
       4       0       1
    1486    1543    1542    1663
 2     687       4       2       0
       4       0       1
    1631    1550    1549    1595
 2     688       4       2       0
       4       0       1
    1595    1549    1548    1590
 2     689       4       2       0
       4       0       1
    1590    1546    1545    1488
 2     690       4       2       0
       4       0       1
    1488    1545    1544    1487
 2     691       4       2       0
       4       0       1
    1644    1552    1551    1489
 2     692       4       2       0
       4       0       1
    1489    1551    1550    1631
 2     693       4       2       0
       4       0       1
    1491    1554    1553    1490
 2     694       4       2       0
       4       0       1
    1490    1553    1552    1644
 2     695       4       2       0
       4       0       1
    1668    1556    1555    1492
 2     696       4       2       0
       4       0       1
    1492    1555    1554    1491
 2     697       4       2       0
       4       0       1
    1664    1558    1557    1493
 2     698       4       2       0
       4       0       1
    1493    1557    1556    1668
 2     699       4       2       0
       4       0       1
    1665    1560    1559    1494
 2     700       4       2       0
       4       0       1
    1494    1559    1558    1664
 2     701       4       2       0
       4       0       1
    1497    1562    1561    1495
 2     702       4       2       0
       4       0       1
    1495    1561    1560    1665
 2     703       4       2       0
       4       0       1
    1587    1568    1567    1496
 2     704       4       2       0
       4       0       1
    1496    1567    1566    1511
 2     705       4       2       0
       4       0       1
    1511    1564    1563    1498
 2     706       4       2       0
       4       0       1
    1498    1563    1562    1497
 2     707       4       2       0
       4       0       1
    1589    1570    1569    1499
 2     708       4       2       0
       4       0       1
    1499    1569    1568    1587
 2     709       4       2       0
       4       0       1
    1501    1572    1571    1500
 2     710       4       2       0
       4       0       1
    1500    1571    1570    1589
 2     711       4       2       0
       4       0       1
    1503    1574    1573    1502
 2     712       4       2       0
       4       0       1
    1502    1573    1572    1501
 2     713       4       2       0
       4       0       1
    1607    1576    1575    1504
 2     714       4       2       0
       4       0       1
    1504    1575    1574    1503
 2     715       4       2       0
       4       0       1
    1506    1578    1577    1505
 2     716       4       2       0
       4       0       1
    1505    1577    1576    1607
 2     717       4       2       0
       4       0       1
    1643    1580    1579    1507
 2     718       4       2       0
       4       0       1
    1507    1579    1578    1506
 2     719       4       2       0
       4       0       1
    1509    1582    1581    1508
 2     720       4       2       0
       4       0       1
    1508    1581    1580    1643
 2     721       4       2       0
       4       0       1
    1512    1583    1582    1509
 2     722       4       2       0
       4       0       1
    1530    1529    1528    1510
 2     723       4       2       0
       4       0       1
    1548    1547    1546    1590
 2     724       4       2       0
       4       0       1
    1566    1565    1564    1511
 2     725       4       2       0
       4       0       1
    1512     102     103    1583
 2     726       4       2       0
       4       0       1
    1513     101     102    1512
 2     727       4       2       0
       4       0       1
    1514     100     101    1513
 2     728       4       2       0
       4       0       1
    1515      99     100    1514
 2     729       4       2       0
       4       0       1
    1516      98      99    1515
 2     730       4       2       0
       4       0       1
    1517      97      98    1516
 2     731       4       2       0
       4       0       1
    1518      96      97    1517
 2     732       4       2       0
       4       0       1
    1519      95      96    1518
 2     733       4       2       0
       4       0       1
    1520      94      95    1519
 2     734       4       2       0
       4       0       1
    1521      93      94    1520
 2     735       4       2       0
       4       0       1
    1522      92      93    1521
 2     736       4       2       0
       4       0       1
    1523      91      92    1522
 2     737       4       2       0
       4       0       1
    1524      90      91    1523
 2     738       4       2       0
       4       0       1
    1525      89      90    1524
 2     739       4       2       0
       4       0       1
    1526      88      89    1525
 2     740       4       2       0
       4       0       1
    1527      87      88    1526
 2     741       4       2       0
       4       0       1
    1528      86      87    1527
 2     742       4       2       0
       4       0       1
    1529      85      86    1528
 2     743       4       2       0
       4       0       1
    1529      28       1      85
 2     744       4       2       0
       4       0       1
    1530      29      28    1529
 2     745       4       2       0
       4       0       1
    1531      30      29    1530
 2     746       4       2       0
       4       0       1
    1532      31      30    1531
 2     747       4       2       0
       4       0       1
    1533      32      31    1532
 2     748       4       2       0
       4       0       1
    1534      33      32    1533
 2     749       4       2       0
       4       0       1
    1535      34      33    1534
 2     750       4       2       0
       4       0       1
    1536      35      34    1535
 2     751       4       2       0
       4       0       1
    1537      36      35    1536
 2     752       4       2       0
       4       0       1
    1538      37      36    1537
 2     753       4       2       0
       4       0       1
    1539      38      37    1538
 2     754       4       2       0
       4       0       1
    1540      39      38    1539
 2     755       4       2       0
       4       0       1
    1541      40      39    1540
 2     756       4       2       0
       4       0       1
    1542      41      40    1541
 2     757       4       2       0
       4       0       1
    1543      42      41    1542
 2     758       4       2       0
       4       0       1
    1544      43      42    1543
 2     759       4       2       0
       4       0       1
    1545      44      43    1544
 2     760       4       2       0
       4       0       1
    1546      45      44    1545
 2     761       4       2       0
       4       0       1
    1547      46      45    1546
 2     762       4       2       0
       4       0       1
    1547     180       3      46
 2     763       4       2       0
       4       0       1
    1548     181     180    1547
 2     764       4       2       0
       4       0       1
    1549     182     181    1548
 2     765       4       2       0
       4       0       1
    1550     183     182    1549
 2     766       4       2       0
       4       0       1
    1551     184     183    1550
 2     767       4       2       0
       4       0       1
    1552     185     184    1551
 2     768       4       2       0
       4       0       1
    1553     186     185    1552
 2     769       4       2       0
       4       0       1
    1554     187     186    1553
 2     770       4       2       0
       4       0       1
    1555     188     187    1554
 2     771       4       2       0
       4       0       1
    1556     189     188    1555
 2     772       4       2       0
       4       0       1
    1557     190     189    1556
 2     773       4       2       0
       4       0       1
    1558     191     190    1557
 2     774       4       2       0
       4       0       1
    1559     192     191    1558
 2     775       4       2       0
       4       0       1
    1560     193     192    1559
 2     776       4       2       0
       4       0       1
    1561     194     193    1560
 2     777       4       2       0
       4       0       1
    1562     195     194    1561
 2     778       4       2       0
       4       0       1
    1563     196     195    1562
 2     779       4       2       0
       4       0       1
    1564     197     196    1563
 2     780       4       2       0
       4       0       1
    1565     198     197    1564
 2     781       4       2       0
       4       0       1
    1565     217       8     198
 2     782       4       2       0
       4       0       1
    1566     216     217    1565
 2     783       4       2       0
       4       0       1
    1567     215     216    1566
 2     784       4       2       0
       4       0       1
    1568     214     215    1567
 2     785       4       2       0
       4       0       1
    1569     213     214    1568
 2     786       4       2       0
       4       0       1
    1570     212     213    1569
 2     787       4       2       0
       4       0       1
    1571     211     212    1570
 2     788       4       2       0
       4       0       1
    1572     210     211    1571
 2     789       4       2       0
       4       0       1
    1573     209     210    1572
 2     790       4       2       0
       4       0       1
    1574     208     209    1573
 2     791       4       2       0
       4       0       1
    1575     207     208    1574
 2     792       4       2       0
       4       0       1
    1576     206     207    1575
 2     793       4       2       0
       4       0       1
    1577     205     206    1576
 2     794       4       2       0
       4       0       1
    1578     204     205    1577
 2     795       4       2       0
       4       0       1
    1579     203     204    1578
 2     796       4       2       0
       4       0       1
    1580     202     203    1579
 2     797       4       2       0
       4       0       1
    1581     201     202    1580
 2     798       4       2       0
       4       0       1
    1582     200     201    1581
 2     799       4       2       0
       4       0       1
    1583     199     200    1582
 2     800       4       2       0
       4       0       1
     103       5     199    1583
 2     801       4       2       0
       4       0       1
     966     961     959     962
 2     802       4       2       0
       4       0       1
     961     965     960     959
 2     803       4       2       0
       4       0       1
     960     964     963     959
 2     804       4       2       0
       4       0       1
     963     967     962     959
 2     805       4       2       0
       4       0       1
     960    1267     968     964
 2     806       4       2       0
       4       0       1
     965    1289    1267     960
 2     807       4       2       0
       4       0       1
     961    1256     969     965
 2     808       4       2       0
       4       0       1
     966     971    1256     961
 2     809       4       2       0
       4       0       1
     962    1287     970     966
 2     810       4       2       0
       4       0       1
     967     972    1287     962
 2     811       4       2       0
       4       0       1
     964     973    1269     963
 2     812       4       2       0
       4       0       1
    1269    1300     967     963
 2     813       4       2       0
       4       0       1
     968     974     973     964
 2     814       4       2       0
       4       0       1
     969     975    1289     965
 2     815       4       2       0
       4       0       1
     970     976     971     966
 2     816       4       2       0
       4       0       1
    1300     977     972     967
 2     817       4       2       0
       4       0       1
    1267    1309     979     968
 2     818       4       2       0
       4       0       1
     968     979    1268     974
 2     819       4       2       0
       4       0       1
    1256    1272     982     969
 2     820       4       2       0
       4       0       1
     969     982    1271     975
 2     821       4       2       0
       4       0       1
     975     981     980    1289
 2     822       4       2       0
       4       0       1
    1289     980    1309    1267
 2     823       4       2       0
       4       0       1
    1287     986     985     970
 2     824       4       2       0
       4       0       1
     970     985    1292     976
 2     825       4       2       0
       4       0       1
     976     984     983     971
 2     826       4       2       0
       4       0       1
     971     983    1272    1256
 2     827       4       2       0
       4       0       1
    1269    1259     989    1300
 2     828       4       2       0
       4       0       1
    1300     989    1290     977
 2     829       4       2       0
       4       0       1
     977     988     987     972
 2     830       4       2       0
       4       0       1
     972     987     986    1287
 2     831       4       2       0
       4       0       1
     974     978     990     973
 2     832       4       2       0
       4       0       1
     973     990    1259    1269
 2     833       4       2       0
       4       0       1
    1268    1245     978     974
 2     834       4       2       0
       4       0       1
    1271     991     981     975
 2     835       4       2       0
       4       0       1
    1292     992     984     976
 2     836       4       2       0
       4       0       1
    1290     993     988     977
 2     837       4       2       0
       4       0       1
     978    1274    1007     990
 2     838       4       2       0
       4       0       1
    1245    1008    1274     978
 2     839       4       2       0
       4       0       1
    1268    1311     996    1245
 2     840       4       2       0
       4       0       1
    1309    1266     994     979
 2     841       4       2       0
       4       0       1
     979     994    1311    1268
 2     842       4       2       0
       4       0       1
     981    1279     995     980
 2     843       4       2       0
       4       0       1
     980     995    1266    1309
 2     844       4       2       0
       4       0       1
     991     998    1279     981
 2     845       4       2       0
       4       0       1
    1271    1262     997     991
 2     846       4       2       0
       4       0       1
    1272    1243     999     982
 2     847       4       2       0
       4       0       1
     982     999    1262    1271
 2     848       4       2       0
       4       0       1
     984    1296    1258     983
 2     849       4       2       0
       4       0       1
     983    1258    1243    1272
 2     850       4       2       0
       4       0       1
     992    1001    1296     984
 2     851       4       2       0
       4       0       1
    1292    1225    1000     992
 2     852       4       2       0
       4       0       1
     986    1003    1002     985
 2     853       4       2       0
       4       0       1
     985    1002    1225    1292
 2     854       4       2       0
       4       0       1
     988    1295    1239     987
 2     855       4       2       0
       4       0       1
     987    1239    1003     986
 2     856       4       2       0
       4       0       1
     993    1005    1295     988
 2     857       4       2       0
       4       0       1
    1290    1260    1004     993
 2     858       4       2       0
       4       0       1
    1259    1286    1006     989
 2     859       4       2       0
       4       0       1
     989    1006    1260    1290
 2     860       4       2       0
       4       0       1
     990    1007    1286    1259
 2     861       4       2       0
       4       0       1
     996    1009    1008    1245
 2     862       4       2       0
       4       0       1
     997    1010     998     991
 2     863       4       2       0
       4       0       1
    1000    1011    1001     992
 2     864       4       2       0
       4       0       1
    1004    1012    1005     993
 2     865       4       2       0
       4       0       1
    1311    1253    1015     996
 2     866       4       2       0
       4       0       1
    1266    1315    1016     994
 2     867       4       2       0
       4       0       1
     994    1016    1253    1311
 2     868       4       2       0
       4       0       1
    1279    1018    1017     995
 2     869       4       2       0
       4       0       1
     995    1017    1315    1266
 2     870       4       2       0
       4       0       1
     996    1015    1014    1009
 2     871       4       2       0
       4       0       1
    1262    1319    1241     997
 2     872       4       2       0
       4       0       1
     997    1241    1299    1010
 2     873       4       2       0
       4       0       1
    1010    1020    1019     998
 2     874       4       2       0
       4       0       1
     998    1019    1018    1279
 2     875       4       2       0
       4       0       1
    1243    1288    1021     999
 2     876       4       2       0
       4       0       1
     999    1021    1319    1262
 2     877       4       2       0
       4       0       1
    1296    1254    1022    1258
 2     878       4       2       0
       4       0       1
    1258    1022    1288    1243
 2     879       4       2       0
       4       0       1
    1225    1317    1025    1000
 2     880       4       2       0
       4       0       1
    1000    1025    1250    1011
 2     881       4       2       0
       4       0       1
    1011    1024    1023    1001
 2     882       4       2       0
       4       0       1
    1001    1023    1254    1296
 2     883       4       2       0
       4       0       1
    1003    1294    1026    1002
 2     884       4       2       0
       4       0       1
    1002    1026    1317    1225
 2     885       4       2       0
       4       0       1
    1295    1255    1027    1239
 2     886       4       2       0
       4       0       1
    1239    1027    1294    1003
 2     887       4       2       0
       4       0       1
    1260    1318    1030    1004
 2     888       4       2       0
       4       0       1
    1004    1030    1233    1012
 2     889       4       2       0
       4       0       1
    1012    1029    1028    1005
 2     890       4       2       0
       4       0       1
    1005    1028    1255    1295
 2     891       4       2       0
       4       0       1
    1286    1298    1031    1006
 2     892       4       2       0
       4       0       1
    1006    1031    1318    1260
 2     893       4       2       0
       4       0       1
    1274    1316    1238    1007
 2     894       4       2       0
       4       0       1
    1007    1238    1298    1286
 2     895       4       2       0
       4       0       1
    1009    1013    1247    1008
 2     896       4       2       0
       4       0       1
    1008    1247    1316    1274
 2     897       4       2       0
       4       0       1
    1014    1032    1013    1009
 2     898       4       2       0
       4       0       1
    1299    1033    1020    1010
 2     899       4       2       0
       4       0       1
    1250    1034    1024    1011
 2     900       4       2       0
       4       0       1
    1233    1035    1029    1012
 2     901       4       2       0
       4       0       1
    1013    1063    1062    1247
 2     902       4       2       0
       4       0       1
    1032    1064    1063    1013
 2     903       4       2       0
       4       0       1
    1014    1036    1043    1032
 2     904       4       2       0
       4       0       1
    1253    1291    1037    1015
 2     905       4       2       0
       4       0       1
    1015    1037    1036    1014
 2     906       4       2       0
       4       0       1
    1315    1039    1038    1016
 2     907       4       2       0
       4       0       1
    1016    1038    1291    1253
 2     908       4       2       0
       4       0       1
    1018    1041    1040    1017
 2     909       4       2       0
       4       0       1
    1017    1040    1039    1315
 2     910       4       2       0
       4       0       1
    1020    1223    1042    1019
 2     911       4       2       0
       4       0       1
    1019    1042    1041    1018
 2     912       4       2       0
       4       0       1
    1033    1045    1223    1020
 2     913       4       2       0
       4       0       1
    1299    1046    1044    1033
 2     914       4       2       0
       4       0       1
    1319    1276    1047    1241
 2     915       4       2       0
       4       0       1
    1241    1047    1046    1299
 2     916       4       2       0
       4       0       1
    1288    1252    1048    1021
 2     917       4       2       0
       4       0       1
    1021    1048    1276    1319
 2     918       4       2       0
       4       0       1
    1254    1285    1049    1022
 2     919       4       2       0
       4       0       1
    1022    1049    1252    1288
 2     920       4       2       0
       4       0       1
    1024    1314    1050    1023
 2     921       4       2       0
       4       0       1
    1023    1050    1285    1254
 2     922       4       2       0
       4       0       1
    1034    1052    1314    1024
 2     923       4       2       0
       4       0       1
    1250    1306    1051    1034
 2     924       4       2       0
       4       0       1
    1317    1275    1053    1025
 2     925       4       2       0
       4       0       1
    1025    1053    1306    1250
 2     926       4       2       0
       4       0       1
    1294    1251    1054    1026
 2     927       4       2       0
       4       0       1
    1026    1054    1275    1317
 2     928       4       2       0
       4       0       1
    1255    1284    1055    1027
 2     929       4       2       0
       4       0       1
    1027    1055    1251    1294
 2     930       4       2       0
       4       0       1
    1029    1313    1056    1028
 2     931       4       2       0
       4       0       1
    1028    1056    1284    1255
 2     932       4       2       0
       4       0       1
    1035    1058    1313    1029
 2     933       4       2       0
       4       0       1
    1233    1305    1057    1035
 2     934       4       2       0
       4       0       1
    1318    1059    1277    1030
 2     935       4       2       0
       4       0       1
    1030    1277    1305    1233
 2     936       4       2       0
       4       0       1
    1298    1278    1060    1031
 2     937       4       2       0
       4       0       1
    1031    1060    1059    1318
 2     938       4       2       0
       4       0       1
    1316    1244    1061    1238
 2     939       4       2       0
       4       0       1
    1238    1061    1278    1298
 2     940       4       2       0
       4       0       1
    1247    1062    1244    1316
 2     941       4       2       0
       4       0       1
    1043    1065    1064    1032
 2     942       4       2       0
       4       0       1
    1044    1066    1045    1033
 2     943       4       2       0
       4       0       1
    1051    1067    1052    1034
 2     944       4       2       0
       4       0       1
    1057    1068    1058    1035
 2     945       4       2       0
       4       0       1
    1036    1232    1235    1043
 2     946       4       2       0
       4       0       1
    1291    1310    1071    1037
 2     947       4       2       0
       4       0       1
    1037    1071    1232    1036
 2     948       4       2       0
       4       0       1
    1039    1242    1072    1038
 2     949       4       2       0
       4       0       1
    1038    1072    1310    1291
 2     950       4       2       0
       4       0       1
    1041    1074    1073    1040
 2     951       4       2       0
       4       0       1
    1040    1073    1242    1039
 2     952       4       2       0
       4       0       1
    1223    1227    1075    1042
 2     953       4       2       0
       4       0       1
    1042    1075    1074    1041
 2     954       4       2       0
       4       0       1
    1043    1235    1070    1065
 2     955       4       2       0
       4       0       1
    1046    1240    1078    1044
 2     956       4       2       0
       4       0       1
    1044    1078    1265    1066
 2     957       4       2       0
       4       0       1
    1066    1077    1076    1045
 2     958       4       2       0
       4       0       1
    1045    1076    1227    1223
 2     959       4       2       0
       4       0       1
    1276    1080    1079    1047
 2     960       4       2       0
       4       0       1
    1047    1079    1240    1046
 2     961       4       2       0
       4       0       1
    1252    1263    1081    1048
 2     962       4       2       0
       4       0       1
    1048    1081    1080    1276
 2     963       4       2       0
       4       0       1
    1285    1281    1082    1049
 2     964       4       2       0
       4       0       1
    1049    1082    1263    1252
 2     965       4       2       0
       4       0       1
    1314    1249    1083    1050
 2     966       4       2       0
       4       0       1
    1050    1083    1281    1285
 2     967       4       2       0
       4       0       1
    1306    1297    1086    1051
 2     968       4       2       0
       4       0       1
    1051    1086    1312    1067
 2     969       4       2       0
       4       0       1
    1067    1085    1084    1052
 2     970       4       2       0
       4       0       1
    1052    1084    1249    1314
 2     971       4       2       0
       4       0       1
    1275    1088    1087    1053
 2     972       4       2       0
       4       0       1
    1053    1087    1297    1306
 2     973       4       2       0
       4       0       1
    1251    1264    1089    1054
 2     974       4       2       0
       4       0       1
    1054    1089    1088    1275
 2     975       4       2       0
       4       0       1
    1284    1280    1090    1055
 2     976       4       2       0
       4       0       1
    1055    1090    1264    1251
 2     977       4       2       0
       4       0       1
    1313    1248    1091    1056
 2     978       4       2       0
       4       0       1
    1056    1091    1280    1284
 2     979       4       2       0
       4       0       1
    1305    1230    1094    1057
 2     980       4       2       0
       4       0       1
    1057    1094    1257    1068
 2     981       4       2       0
       4       0       1
    1068    1093    1092    1058
 2     982       4       2       0
       4       0       1
    1058    1092    1248    1313
 2     983       4       2       0
       4       0       1
    1059    1237    1095    1277
 2     984       4       2       0
       4       0       1
    1277    1095    1230    1305
 2     985       4       2       0
       4       0       1
    1278    1236    1096    1060
 2     986       4       2       0
       4       0       1
    1060    1096    1237    1059
 2     987       4       2       0
       4       0       1
    1244    1273    1097    1061
 2     988       4       2       0
       4       0       1
    1061    1097    1236    1278
 2     989       4       2       0
       4       0       1
    1063    1099    1098    1062
 2     990       4       2       0
       4       0       1
    1062    1098    1273    1244
 2     991       4       2       0
       4       0       1
    1065    1069    1100    1064
 2     992       4       2       0
       4       0       1
    1064    1100    1099    1063
 2     993       4       2       0
       4       0       1
    1070    1101    1069    1065
 2     994       4       2       0
       4       0       1
    1265    1102    1077    1066
 2     995       4       2       0
       4       0       1
    1312    1103    1085    1067
 2     996       4       2       0
       4       0       1
    1257    1104    1093    1068
 2     997       4       2       0
       4       0       1
    1069    1282    1146    1100
 2     998       4       2       0
       4       0       1
    1101    1147    1282    1069
 2     999       4       2       0
       4       0       1
    1070    1105    1114    1101
 2    1000       4       2       0
       4       0       1
    1232    1261    1106    1235
 2    1001       4       2       0
       4       0       1
    1235    1106    1105    1070
 2    1002       4       2       0
       4       0       1
    1310    1293    1107    1071
 2    1003       4       2       0
       4       0       1
    1071    1107    1261    1232
 2    1004       4       2       0
       4       0       1
    1242    1109    1108    1072
 2    1005       4       2       0
       4       0       1
    1072    1108    1293    1310
 2    1006       4       2       0
       4       0       1
    1074    1111    1110    1073
 2    1007       4       2       0
       4       0       1
    1073    1110    1109    1242
 2    1008       4       2       0
       4       0       1
    1227    1224    1112    1075
 2    1009       4       2       0
       4       0       1
    1075    1112    1111    1074
 2    1010       4       2       0
       4       0       1
    1077    1116    1113    1076
 2    1011       4       2       0
       4       0       1
    1076    1113    1224    1227
 2    1012       4       2       0
       4       0       1
    1102    1117    1116    1077
 2    1013       4       2       0
       4       0       1
    1265    1231    1115    1102
 2    1014       4       2       0
       4       0       1
    1240    1119    1118    1078
 2    1015       4       2       0
       4       0       1
    1078    1118    1231    1265
 2    1016       4       2       0
       4       0       1
    1080    1121    1120    1079
 2    1017       4       2       0
       4       0       1
    1079    1120    1119    1240
 2    1018       4       2       0
       4       0       1
    1263    1308    1122    1081
 2    1019       4       2       0
       4       0       1
    1081    1122    1121    1080
 2    1020       4       2       0
       4       0       1
    1281    1301    1123    1082
 2    1021       4       2       0
       4       0       1
    1082    1123    1308    1263
 2    1022       4       2       0
       4       0       1
    1249    1302    1124    1083
 2    1023       4       2       0
       4       0       1
    1083    1124    1301    1281
 2    1024       4       2       0
       4       0       1
    1085    1126    1125    1084
 2    1025       4       2       0
       4       0       1
    1084    1125    1302    1249
 2    1026       4       2       0
       4       0       1
    1103    1127    1126    1085
 2    1027       4       2       0
       4       0       1
    1312    1270    1234    1103
 2    1028       4       2       0
       4       0       1
    1297    1283    1128    1086
 2    1029       4       2       0
       4       0       1
    1086    1128    1270    1312
 2    1030       4       2       0
       4       0       1
    1088    1130    1129    1087
 2    1031       4       2       0
       4       0       1
    1087    1129    1283    1297
 2    1032       4       2       0
       4       0       1
    1264    1307    1131    1089
 2    1033       4       2       0
       4       0       1
    1089    1131    1130    1088
 2    1034       4       2       0
       4       0       1
    1280    1303    1132    1090
 2    1035       4       2       0
       4       0       1
    1090    1132    1307    1264
 2    1036       4       2       0
       4       0       1
    1248    1304    1133    1091
 2    1037       4       2       0
       4       0       1
    1091    1133    1303    1280
 2    1038       4       2       0
       4       0       1
    1093    1136    1134    1092
 2    1039       4       2       0
       4       0       1
    1092    1134    1304    1248
 2    1040       4       2       0
       4       0       1
    1104    1137    1136    1093
 2    1041       4       2       0
       4       0       1
    1257    1226    1135    1104
 2    1042       4       2       0
       4       0       1
    1230    1228    1138    1094
 2    1043       4       2       0
       4       0       1
    1094    1138    1226    1257
 2    1044       4       2       0
       4       0       1
    1237    1140    1139    1095
 2    1045       4       2       0
       4       0       1
    1095    1139    1228    1230
 2    1046       4       2       0
       4       0       1
    1236    1142    1141    1096
 2    1047       4       2       0
       4       0       1
    1096    1141    1140    1237
 2    1048       4       2       0
       4       0       1
    1273    1246    1143    1097
 2    1049       4       2       0
       4       0       1
    1097    1143    1142    1236
 2    1050       4       2       0
       4       0       1
    1099    1145    1144    1098
 2    1051       4       2       0
       4       0       1
    1098    1144    1246    1273
 2    1052       4       2       0
       4       0       1
    1100    1146    1145    1099
 2    1053       4       2       0
       4       0       1
    1114    1148    1147    1101
 2    1054       4       2       0
       4       0       1
    1115    1149    1117    1102
 2    1055       4       2       0
       4       0       1
    1234    1229    1127    1103
 2    1056       4       2       0
       4       0       1
    1135    1150    1137    1104
 2    1057       4       2       0
       4       0       1
    1105    1153    1152    1114
 2    1058       4       2       0
       4       0       1
    1261    1155    1154    1106
 2    1059       4       2       0
       4       0       1
    1106    1154    1153    1105
 2    1060       4       2       0
       4       0       1
    1293    1157    1156    1107
 2    1061       4       2       0
       4       0       1
    1107    1156    1155    1261
 2    1062       4       2       0
       4       0       1
    1109    1159    1158    1108
 2    1063       4       2       0
       4       0       1
    1108    1158    1157    1293
 2    1064       4       2       0
       4       0       1
    1111    1161    1160    1110
 2    1065       4       2       0
       4       0       1
    1110    1160    1159    1109
 2    1066       4       2       0
       4       0       1
    1224    1163    1162    1112
 2    1067       4       2       0
       4       0       1
    1112    1162    1161    1111
 2    1068       4       2       0
       4       0       1
    1116    1165    1164    1113
 2    1069       4       2       0
       4       0       1
    1113    1164    1163    1224
 2    1070       4       2       0
       4       0       1
    1114    1152    1151    1148
 2    1071       4       2       0
       4       0       1
    1231    1171    1170    1115
 2    1072       4       2       0
       4       0       1
    1115    1170    1169    1149
 2    1073       4       2       0
       4       0       1
    1149    1167    1166    1117
 2    1074       4       2       0
       4       0       1
    1117    1166    1165    1116
 2    1075       4       2       0
       4       0       1
    1119    1173    1172    1118
 2    1076       4       2       0
       4       0       1
    1118    1172    1171    1231
 2    1077       4       2       0
       4       0       1
    1121    1175    1174    1120
 2    1078       4       2       0
       4       0       1
    1120    1174    1173    1119
 2    1079       4       2       0
       4       0       1
    1308    1177    1176    1122
 2    1080       4       2       0
       4       0       1
    1122    1176    1175    1121
 2    1081       4       2       0
       4       0       1
    1301    1179    1178    1123
 2    1082       4       2       0
       4       0       1
    1123    1178    1177    1308
 2    1083       4       2       0
       4       0       1
    1302    1181    1180    1124
 2    1084       4       2       0
       4       0       1
    1124    1180    1179    1301
 2    1085       4       2       0
       4       0       1
    1126    1183    1182    1125
 2    1086       4       2       0
       4       0       1
    1125    1182    1181    1302
 2    1087       4       2       0
       4       0       1
    1270    1189    1188    1234
 2    1088       4       2       0
       4       0       1
    1234    1188    1187    1229
 2    1089       4       2       0
       4       0       1
    1229    1185    1184    1127
 2    1090       4       2       0
       4       0       1
    1127    1184    1183    1126
 2    1091       4       2       0
       4       0       1
    1283    1191    1190    1128
 2    1092       4       2       0
       4       0       1
    1128    1190    1189    1270
 2    1093       4       2       0
       4       0       1
    1130    1193    1192    1129
 2    1094       4       2       0
       4       0       1
    1129    1192    1191    1283
 2    1095       4       2       0
       4       0       1
    1307    1195    1194    1131
 2    1096       4       2       0
       4       0       1
    1131    1194    1193    1130
 2    1097       4       2       0
       4       0       1
    1303    1197    1196    1132
 2    1098       4       2       0
       4       0       1
    1132    1196    1195    1307
 2    1099       4       2       0
       4       0       1
    1304    1199    1198    1133
 2    1100       4       2       0
       4       0       1
    1133    1198    1197    1303
 2    1101       4       2       0
       4       0       1
    1136    1201    1200    1134
 2    1102       4       2       0
       4       0       1
    1134    1200    1199    1304
 2    1103       4       2       0
       4       0       1
    1226    1207    1206    1135
 2    1104       4       2       0
       4       0       1
    1135    1206    1205    1150
 2    1105       4       2       0
       4       0       1
    1150    1203    1202    1137
 2    1106       4       2       0
       4       0       1
    1137    1202    1201    1136
 2    1107       4       2       0
       4       0       1
    1228    1209    1208    1138
 2    1108       4       2       0
       4       0       1
    1138    1208    1207    1226
 2    1109       4       2       0
       4       0       1
    1140    1211    1210    1139
 2    1110       4       2       0
       4       0       1
    1139    1210    1209    1228
 2    1111       4       2       0
       4       0       1
    1142    1213    1212    1141
 2    1112       4       2       0
       4       0       1
    1141    1212    1211    1140
 2    1113       4       2       0
       4       0       1
    1246    1215    1214    1143
 2    1114       4       2       0
       4       0       1
    1143    1214    1213    1142
 2    1115       4       2       0
       4       0       1
    1145    1217    1216    1144
 2    1116       4       2       0
       4       0       1
    1144    1216    1215    1246
 2    1117       4       2       0
       4       0       1
    1282    1219    1218    1146
 2    1118       4       2       0
       4       0       1
    1146    1218    1217    1145
 2    1119       4       2       0
       4       0       1
    1148    1221    1220    1147
 2    1120       4       2       0
       4       0       1
    1147    1220    1219    1282
 2    1121       4       2       0
       4       0       1
    1151    1222    1221    1148
 2    1122       4       2       0
       4       0       1
    1169    1168    1167    1149
 2    1123       4       2       0
       4       0       1
    1187    1186    1185    1229
 2    1124       4       2       0
       4       0       1
    1205    1204    1203    1150
 2    1125       4       2       0
       4       0       1
    1151     197     198    1222
 2    1126       4       2       0
       4       0       1
    1152     196     197    1151
 2    1127       4       2       0
       4       0       1
    1153     195     196    1152
 2    1128       4       2       0
       4       0       1
    1154     194     195    1153
 2    1129       4       2       0
       4       0       1
    1155     193     194    1154
 2    1130       4       2       0
       4       0       1
    1156     192     193    1155
 2    1131       4       2       0
       4       0       1
    1157     191     192    1156
 2    1132       4       2       0
       4       0       1
    1158     190     191    1157
 2    1133       4       2       0
       4       0       1
    1159     189     190    1158
 2    1134       4       2       0
       4       0       1
    1160     188     189    1159
 2    1135       4       2       0
       4       0       1
    1161     187     188    1160
 2    1136       4       2       0
       4       0       1
    1162     186     187    1161
 2    1137       4       2       0
       4       0       1
    1163     185     186    1162
 2    1138       4       2       0
       4       0       1
    1164     184     185    1163
 2    1139       4       2       0
       4       0       1
    1165     183     184    1164
 2    1140       4       2       0
       4       0       1
    1166     182     183    1165
 2    1141       4       2       0
       4       0       1
    1167     181     182    1166
 2    1142       4       2       0
       4       0       1
    1168     180     181    1167
 2    1143       4       2       0
       4       0       1
    1168      66       3     180
 2    1144       4       2       0
       4       0       1
    1169      67      66    1168
 2    1145       4       2       0
       4       0       1
    1170      68      67    1169
 2    1146       4       2       0
       4       0       1
    1171      69      68    1170
 2    1147       4       2       0
       4       0       1
    1172      70      69    1171
 2    1148       4       2       0
       4       0       1
    1173      71      70    1172
 2    1149       4       2       0
       4       0       1
    1174      72      71    1173
 2    1150       4       2       0
       4       0       1
    1175      73      72    1174
 2    1151       4       2       0
       4       0       1
    1176      74      73    1175
 2    1152       4       2       0
       4       0       1
    1177      75      74    1176
 2    1153       4       2       0
       4       0       1
    1178      76      75    1177
 2    1154       4       2       0
       4       0       1
    1179      77      76    1178
 2    1155       4       2       0
       4       0       1
    1180      78      77    1179
 2    1156       4       2       0
       4       0       1
    1181      79      78    1180
 2    1157       4       2       0
       4       0       1
    1182      80      79    1181
 2    1158       4       2       0
       4       0       1
    1183      81      80    1182
 2    1159       4       2       0
       4       0       1
    1184      82      81    1183
 2    1160       4       2       0
       4       0       1
    1185      83      82    1184
 2    1161       4       2       0
       4       0       1
    1186      84      83    1185
 2    1162       4       2       0
       4       0       1
    1186     142       4      84
 2    1163       4       2       0
       4       0       1
    1187     143     142    1186
 2    1164       4       2       0
       4       0       1
    1188     144     143    1187
 2    1165       4       2       0
       4       0       1
    1189     145     144    1188
 2    1166       4       2       0
       4       0       1
    1190     146     145    1189
 2    1167       4       2       0
       4       0       1
    1191     147     146    1190
 2    1168       4       2       0
       4       0       1
    1192     148     147    1191
 2    1169       4       2       0
       4       0       1
    1193     149     148    1192
 2    1170       4       2       0
       4       0       1
    1194     150     149    1193
 2    1171       4       2       0
       4       0       1
    1195     151     150    1194
 2    1172       4       2       0
       4       0       1
    1196     152     151    1195
 2    1173       4       2       0
       4       0       1
    1197     153     152    1196
 2    1174       4       2       0
       4       0       1
    1198     154     153    1197
 2    1175       4       2       0
       4       0       1
    1199     155     154    1198
 2    1176       4       2       0
       4       0       1
    1200     156     155    1199
 2    1177       4       2       0
       4       0       1
    1201     157     156    1200
 2    1178       4       2       0
       4       0       1
    1202     158     157    1201
 2    1179       4       2       0
       4       0       1
    1203     159     158    1202
 2    1180       4       2       0
       4       0       1
    1204     160     159    1203
 2    1181       4       2       0
       4       0       1
    1204     236       7     160
 2    1182       4       2       0
       4       0       1
    1205     235     236    1204
 2    1183       4       2       0
       4       0       1
    1206     234     235    1205
 2    1184       4       2       0
       4       0       1
    1207     233     234    1206
 2    1185       4       2       0
       4       0       1
    1208     232     233    1207
 2    1186       4       2       0
       4       0       1
    1209     231     232    1208
 2    1187       4       2       0
       4       0       1
    1210     230     231    1209
 2    1188       4       2       0
       4       0       1
    1211     229     230    1210
 2    1189       4       2       0
       4       0       1
    1212     228     229    1211
 2    1190       4       2       0
       4       0       1
    1213     227     228    1212
 2    1191       4       2       0
       4       0       1
    1214     226     227    1213
 2    1192       4       2       0
       4       0       1
    1215     225     226    1214
 2    1193       4       2       0
       4       0       1
    1216     224     225    1215
 2    1194       4       2       0
       4       0       1
    1217     223     224    1216
 2    1195       4       2       0
       4       0       1
    1218     222     223    1217
 2    1196       4       2       0
       4       0       1
    1219     221     222    1218
 2    1197       4       2       0
       4       0       1
    1220     220     221    1219
 2    1198       4       2       0
       4       0       1
    1221     219     220    1220
 2    1199       4       2       0
       4       0       1
    1222     218     219    1221
 2    1200       4       2       0
       4       0       1
     198       8     218    1222
 2    1201       4       2       0
       4       0       1
     598     601     605     600
 2    1202       4       2       0
       4       0       1
     600     604     599     598
 2    1203       4       2       0
       4       0       1
     599     603     602     598
 2    1204       4       2       0
       4       0       1
     602     606     601     598
 2    1205       4       2       0
       4       0       1
     599     934     607     603
 2    1206       4       2       0
       4       0       1
     604     608     934     599
 2    1207       4       2       0
       4       0       1
     600     891     943     604
 2    1208       4       2       0
       4       0       1
     605     610     891     600
 2    1209       4       2       0
       4       0       1
     601     952     609     605
 2    1210       4       2       0
       4       0       1
     606     612     952     601
 2    1211       4       2       0
       4       0       1
     603     897     613     602
 2    1212       4       2       0
       4       0       1
     613     611     606     602
 2    1213       4       2       0
       4       0       1
     607     614     897     603
 2    1214       4       2       0
       4       0       1
     943     615     608     604
 2    1215       4       2       0
       4       0       1
     609     616     610     605
 2    1216       4       2       0
       4       0       1
     611     617     612     606
 2    1217       4       2       0
       4       0       1
     934     620     619     607
 2    1218       4       2       0
       4       0       1
     607     619     937     614
 2    1219       4       2       0
       4       0       1
     891     902     623     943
 2    1220       4       2       0
       4       0       1
     943     623     935     615
 2    1221       4       2       0
       4       0       1
     615     622     621     608
 2    1222       4       2       0
       4       0       1
     608     621     620     934
 2    1223       4       2       0
       4       0       1
     952     627     626     609
 2    1224       4       2       0
       4       0       1
     609     626     921     616
 2    1225       4       2       0
       4       0       1
     616     625     624     610
 2    1226       4       2       0
       4       0       1
     610     624     902     891
 2    1227       4       2       0
       4       0       1
     613     631     630     611
 2    1228       4       2       0
       4       0       1
     611     630     886     617
 2    1229       4       2       0
       4       0       1
     617     629     628     612
 2    1230       4       2       0
       4       0       1
     612     628     627     952
 2    1231       4       2       0
       4       0       1
     614     618     632     897
 2    1232       4       2       0
       4       0       1
     897     632     631     613
 2    1233       4       2       0
       4       0       1
     937     633     618     614
 2    1234       4       2       0
       4       0       1
     935     634     622     615
 2    1235       4       2       0
       4       0       1
     921     635     625     616
 2    1236       4       2       0
       4       0       1
     886     936     629     617
 2    1237       4       2       0
       4       0       1
     618     654     653     632
 2    1238       4       2       0
       4       0       1
     633     655     654     618
 2    1239       4       2       0
       4       0       1
     937     885     638     633
 2    1240       4       2       0
       4       0       1
     620     637     636     619
 2    1241       4       2       0
       4       0       1
     619     636     885     937
 2    1242       4       2       0
       4       0       1
     622     939     901     621
 2    1243       4       2       0
       4       0       1
     621     901     637     620
 2    1244       4       2       0
       4       0       1
     634     640     939     622
 2    1245       4       2       0
       4       0       1
     935     913     639     634
 2    1246       4       2       0
       4       0       1
     902     933     641     623
 2    1247       4       2       0
       4       0       1
     623     641     913     935
 2    1248       4       2       0
       4       0       1
     625     922     642     624
 2    1249       4       2       0
       4       0       1
     624     642     933     902
 2    1250       4       2       0
       4       0       1
     635     644     922     625
 2    1251       4       2       0
       4       0       1
     921     925     643     635
 2    1252       4       2       0
       4       0       1
     627     917     645     626
 2    1253       4       2       0
       4       0       1
     626     645     925     921
 2    1254       4       2       0
       4       0       1
     629     648     646     628
 2    1255       4       2       0
       4       0       1
     628     646     917     627
 2    1256       4       2       0
       4       0       1
     936     649     648     629
 2    1257       4       2       0
       4       0       1
     886     650     647     936
 2    1258       4       2       0
       4       0       1
     631     652     651     630
 2    1259       4       2       0
       4       0       1
     630     651     650     886
 2    1260       4       2       0
       4       0       1
     632     653     652     631
 2    1261       4       2       0
       4       0       1
     638     656     655     633
 2    1262       4       2       0
       4       0       1
     639     657     640     634
 2    1263       4       2       0
       4       0       1
     643     658     644     635
 2    1264       4       2       0
       4       0       1
     647     659     649     936
 2    1265       4       2       0
       4       0       1
     885     958     661     638
 2    1266       4       2       0
       4       0       1
     637     938     662     636
 2    1267       4       2       0
       4       0       1
     636     662     958     885
 2    1268       4       2       0
       4       0       1
     939     910     663     901
 2    1269       4       2       0
       4       0       1
     901     663     938     637
 2    1270       4       2       0
       4       0       1
     638     661     908     656
 2    1271       4       2       0
       4       0       1
     913     957     667     639
 2    1272       4       2       0
       4       0       1
     639     667     666     657
 2    1273       4       2       0
       4       0       1
     657     665     664     640
 2    1274       4       2       0
       4       0       1
     640     664     910     939
 2    1275       4       2       0
       4       0       1
     933     942     668     641
 2    1276       4       2       0
       4       0       1
     641     668     957     913
 2    1277       4       2       0
       4       0       1
     922     956     900     642
 2    1278       4       2       0
       4       0       1
     642     900     942     933
 2    1279       4       2       0
       4       0       1
     925     673     672     643
 2    1280       4       2       0
       4       0       1
     643     672     671     658
 2    1281       4       2       0
       4       0       1
     658     670     669     644
 2    1282       4       2       0
       4       0       1
     644     669     956     922
 2    1283       4       2       0
       4       0       1
     917     955     674     645
 2    1284       4       2       0
       4       0       1
     645     674     673     925
 2    1285       4       2       0
       4       0       1
     648     676     675     646
 2    1286       4       2       0
       4       0       1
     646     675     955     917
 2    1287       4       2       0
       4       0       1
     650     681     680     647
 2    1288       4       2       0
       4       0       1
     647     680     679     659
 2    1289       4       2       0
       4       0       1
     659     678     677     649
 2    1290       4       2       0
       4       0       1
     649     677     676     648
 2    1291       4       2       0
       4       0       1
     652     683     682     651
 2    1292       4       2       0
       4       0       1
     651     682     681     650
 2    1293       4       2       0
       4       0       1
     654     890     684     653
 2    1294       4       2       0
       4       0       1
     653     684     683     652
 2    1295       4       2       0
       4       0       1
     656     660     912     655
 2    1296       4       2       0
       4       0       1
     655     912     890     654
 2    1297       4       2       0
       4       0       1
     908     685     660     656
 2    1298       4       2       0
       4       0       1
     666     686     665     657
 2    1299       4       2       0
       4       0       1
     671     687     670     658
 2    1300       4       2       0
       4       0       1
     679     688     678     659
 2    1301       4       2       0
       4       0       1
     660     953     718     912
 2    1302       4       2       0
       4       0       1
     685     719     953     660
 2    1303       4       2       0
       4       0       1
     908     948     693     685
 2    1304       4       2       0
       4       0       1
     958     923     689     661
 2    1305       4       2       0
       4       0       1
     661     689     948     908
 2    1306       4       2       0
       4       0       1
     938     909     690     662
 2    1307       4       2       0
       4       0       1
     662     690     923     958
 2    1308       4       2       0
       4       0       1
     910     930     691     663
 2    1309       4       2       0
       4       0       1
     663     691     909     938
 2    1310       4       2       0
       4       0       1
     665     954     692     664
 2    1311       4       2       0
       4       0       1
     664     692     930     910
 2    1312       4       2       0
       4       0       1
     686     695     954     665
 2    1313       4       2       0
       4       0       1
     666     696     694     686
 2    1314       4       2       0
       4       0       1
     957     698     697     667
 2    1315       4       2       0
       4       0       1
     667     697     696     666
 2    1316       4       2       0
       4       0       1
     942     924     699     668
 2    1317       4       2       0
       4       0       1
     668     699     698     957
 2    1318       4       2       0
       4       0       1
     956     889     700     900
 2    1319       4       2       0
       4       0       1
     900     700     924     942
 2    1320       4       2       0
       4       0       1
     670     888     701     669
 2    1321       4       2       0
       4       0       1
     669     701     889     956
 2    1322       4       2       0
       4       0       1
     687     881     888     670
 2    1323       4       2       0
       4       0       1
     671     703     702     687
 2    1324       4       2       0
       4       0       1
     673     896     704     672
 2    1325       4       2       0
       4       0       1
     672     704     703     671
 2    1326       4       2       0
       4       0       1
     955     892     705     674
 2    1327       4       2       0
       4       0       1
     674     705     896     673
 2    1328       4       2       0
       4       0       1
     676     707     706     675
 2    1329       4       2       0
       4       0       1
     675     706     892     955
 2    1330       4       2       0
       4       0       1
     678     710     708     677
 2    1331       4       2       0
       4       0       1
     677     708     707     676
 2    1332       4       2       0
       4       0       1
     688     711     710     678
 2    1333       4       2       0
       4       0       1
     679     712     709     688
 2    1334       4       2       0
       4       0       1
     681     714     713     680
 2    1335       4       2       0
       4       0       1
     680     713     712     679
 2    1336       4       2       0
       4       0       1
     683     716     715     682
 2    1337       4       2       0
       4       0       1
     682     715     714     681
 2    1338       4       2       0
       4       0       1
     890     929     717     684
 2    1339       4       2       0
       4       0       1
     684     717     716     683
 2    1340       4       2       0
       4       0       1
     912     718     929     890
 2    1341       4       2       0
       4       0       1
     693     720     719     685
 2    1342       4       2       0
       4       0       1
     694     721     695     686
 2    1343       4       2       0
       4       0       1
     702     722     881     687
 2    1344       4       2       0
       4       0       1
     709     723     711     688
 2    1345       4       2       0
       4       0       1
     948     915     726     693
 2    1346       4       2       0
       4       0       1
     923     728     727     689
 2    1347       4       2       0
       4       0       1
     689     727     915     948
 2    1348       4       2       0
       4       0       1
     909     918     729     690
 2    1349       4       2       0
       4       0       1
     690     729     728     923
 2    1350       4       2       0
       4       0       1
     930     927     730     691
 2    1351       4       2       0
       4       0       1
     691     730     918     909
 2    1352       4       2       0
       4       0       1
     954     907     731     692
 2    1353       4       2       0
       4       0       1
     692     731     927     930
 2    1354       4       2       0
       4       0       1
     693     726     725     720
 2    1355       4       2       0
       4       0       1
     696     916     735     694
 2    1356       4       2       0
       4       0       1
     694     735     734     721
 2    1357       4       2       0
       4       0       1
     721     733     732     695
 2    1358       4       2       0
       4       0       1
     695     732     907     954
 2    1359       4       2       0
       4       0       1
     698     899     736     697
 2    1360       4       2       0
       4       0       1
     697     736     916     696
 2    1361       4       2       0
       4       0       1
     924     898     737     699
 2    1362       4       2       0
       4       0       1
     699     737     899     698
 2    1363       4       2       0
       4       0       1
     889     895     738     700
 2    1364       4       2       0
       4       0       1
     700     738     898     924
 2    1365       4       2       0
       4       0       1
     888     740     739     701
 2    1366       4       2       0
       4       0       1
     701     739     895     889
 2    1367       4       2       0
       4       0       1
     703     940     744     702
 2    1368       4       2       0
       4       0       1
     702     744     743     722
 2    1369       4       2       0
       4       0       1
     722     742     741     881
 2    1370       4       2       0
       4       0       1
     881     741     740     888
 2    1371       4       2       0
       4       0       1
     896     746     745     704
 2    1372       4       2       0
       4       0       1
     704     745     940     703
 2    1373       4       2       0
       4       0       1
     892     919     747     705
 2    1374       4       2       0
       4       0       1
     705     747     746     896
 2    1375       4       2       0
       4       0       1
     707     748     941     706
 2    1376       4       2       0
       4       0       1
     706     941     919     892
 2    1377       4       2       0
       4       0       1
     710     750     749     708
 2    1378       4       2       0
       4       0       1
     708     749     748     707
 2    1379       4       2       0
       4       0       1
     712     754     753     709
 2    1380       4       2       0
       4       0       1
     709     753     920     723
 2    1381       4       2       0
       4       0       1
     723     752     751     711
 2    1382       4       2       0
       4       0       1
     711     751     750     710
 2    1383       4       2       0
       4       0       1
     714     756     755     713
 2    1384       4       2       0
       4       0       1
     713     755     754     712
 2    1385       4       2       0
       4       0       1
     716     758     757     715
 2    1386       4       2       0
       4       0       1
     715     757     756     714
 2    1387       4       2       0
       4       0       1
     929     926     759     717
 2    1388       4       2       0
       4       0       1
     717     759     758     716
 2    1389       4       2       0
       4       0       1
     953     906     760     718
 2    1390       4       2       0
       4       0       1
     718     760     926     929
 2    1391       4       2       0
       4       0       1
     720     724     761     719
 2    1392       4       2       0
       4       0       1
     719     761     906     953
 2    1393       4       2       0
       4       0       1
     725     762     724     720
 2    1394       4       2       0
       4       0       1
     734     763     733     721
 2    1395       4       2       0
       4       0       1
     743     764     742     722
 2    1396       4       2       0
       4       0       1
     920     765     752     723
 2    1397       4       2       0
       4       0       1
     724     932     883     761
 2    1398       4       2       0
       4       0       1
     762     804     932     724
 2    1399       4       2       0
       4       0       1
     725     766     772     762
 2    1400       4       2       0
       4       0       1
     915     904     767     726
 2    1401       4       2       0
       4       0       1
     726     767     766     725
 2    1402       4       2       0
       4       0       1
     728     887     768     727
 2    1403       4       2       0
       4       0       1
     727     768     904     915
 2    1404       4       2       0
       4       0       1
     918     949     769     729
 2    1405       4       2       0
       4       0       1
     729     769     887     728
 2    1406       4       2       0
       4       0       1
     927     944     770     730
 2    1407       4       2       0
       4       0       1
     730     770     949     918
 2    1408       4       2       0
       4       0       1
     907     945     771     731
 2    1409       4       2       0
       4       0       1
     731     771     944     927
 2    1410       4       2       0
       4       0       1
     733     931     884     732
 2    1411       4       2       0
       4       0       1
     732     884     945     907
 2    1412       4       2       0
       4       0       1
     763     774     931     733
 2    1413       4       2       0
       4       0       1
     734     775     773     763
 2    1414       4       2       0
       4       0       1
     916     894     776     735
 2    1415       4       2       0
       4       0       1
     735     776     775     734
 2    1416       4       2       0
       4       0       1
     899     778     777     736
 2    1417       4       2       0
       4       0       1
     736     777     894     916
 2    1418       4       2       0
       4       0       1
     898     780     779     737
 2    1419       4       2       0
       4       0       1
     737     779     778     899
 2    1420       4       2       0
       4       0       1
     895     905     781     738
 2    1421       4       2       0
       4       0       1
     738     781     780     898
 2    1422       4       2       0
       4       0       1
     740     783     782     739
 2    1423       4       2       0
       4       0       1
     739     782     905     895
 2    1424       4       2       0
       4       0       1
     742     928     784     741
 2    1425       4       2       0
       4       0       1
     741     784     783     740
 2    1426       4       2       0
       4       0       1
     764     951     928     742
 2    1427       4       2       0
       4       0       1
     743     786     785     764
 2    1428       4       2       0
       4       0       1
     940     788     787     744
 2    1429       4       2       0
       4       0       1
     744     787     786     743
 2    1430       4       2       0
       4       0       1
     746     790     789     745
 2    1431       4       2       0
       4       0       1
     745     789     788     940
 2    1432       4       2       0
       4       0       1
     919     903     791     747
 2    1433       4       2       0
       4       0       1
     747     791     790     746
 2    1434       4       2       0
       4       0       1
     748     914     792     941
 2    1435       4       2       0
       4       0       1
     941     792     903     919
 2    1436       4       2       0
       4       0       1
     750     911     793     749
 2    1437       4       2       0
       4       0       1
     749     793     914     748
 2    1438       4       2       0
       4       0       1
     752     795     794     751
 2    1439       4       2       0
       4       0       1
     751     794     911     750
 2    1440       4       2       0
       4       0       1
     765     796     795     752
 2    1441       4       2       0
       4       0       1
     920     893     950     765
 2    1442       4       2       0
       4       0       1
     754     798     797     753
 2    1443       4       2       0
       4       0       1
     753     797     893     920
 2    1444       4       2       0
       4       0       1
     756     882     799     755
 2    1445       4       2       0
       4       0       1
     755     799     798     754
 2    1446       4       2       0
       4       0       1
     758     801     800     757
 2    1447       4       2       0
       4       0       1
     757     800     882     756
 2    1448       4       2       0
       4       0       1
     926     946     802     759
 2    1449       4       2       0
       4       0       1
     759     802     801     758
 2    1450       4       2       0
       4       0       1
     906     947     803     760
 2    1451       4       2       0
       4       0       1
     760     803     946     926
 2    1452       4       2       0
       4       0       1
     761     883     947     906
 2    1453       4       2       0
       4       0       1
     772     805     804     762
 2    1454       4       2       0
       4       0       1
     773     806     774     763
 2    1455       4       2       0
       4       0       1
     785     807     951     764
 2    1456       4       2       0
       4       0       1
     950     808     796     765
 2    1457       4       2       0
       4       0       1
     766     811     810     772
 2    1458       4       2       0
       4       0       1
     904     813     812     767
 2    1459       4       2       0
       4       0       1
     767     812     811     766
 2    1460       4       2       0
       4       0       1
     887     815     814     768
 2    1461       4       2       0
       4       0       1
     768     814     813     904
 2    1462       4       2       0
       4       0       1
     949     817     816     769
 2    1463       4       2       0
       4       0       1
     769     816     815     887
 2    1464       4       2       0
       4       0       1
     944     819     818     770
 2    1465       4       2       0
       4       0       1
     770     818     817     949
 2    1466       4       2       0
       4       0       1
     945     821     820     771
 2    1467       4       2       0
       4       0       1
     771     820     819     944
 2    1468       4       2       0
       4       0       1
     931     823     822     884
 2    1469       4       2       0
       4       0       1
     884     822     821     945
 2    1470       4       2       0
       4       0       1
     772     810     809     805
 2    1471       4       2       0
       4       0       1
     775     829     828     773
 2    1472       4       2       0
       4       0       1
     773     828     827     806
 2    1473       4       2       0
       4       0       1
     806     825     824     774
 2    1474       4       2       0
       4       0       1
     774     824     823     931
 2    1475       4       2       0
       4       0       1
     894     831     830     776
 2    1476       4       2       0
       4       0       1
     776     830     829     775
 2    1477       4       2       0
       4       0       1
     778     833     832     777
 2    1478       4       2       0
       4       0       1
     777     832     831     894
 2    1479       4       2       0
       4       0       1
     780     835     834     779
 2    1480       4       2       0
       4       0       1
     779     834     833     778
 2    1481       4       2       0
       4       0       1
     905     837     836     781
 2    1482       4       2       0
       4       0       1
     781     836     835     780
 2    1483       4       2       0
       4       0       1
     783     839     838     782
 2    1484       4       2       0
       4       0       1
     782     838     837     905
 2    1485       4       2       0
       4       0       1
     928     841     840     784
 2    1486       4       2       0
       4       0       1
     784     840     839     783
 2    1487       4       2       0
       4       0       1
     786     847     846     785
 2    1488       4       2       0
       4       0       1
     785     846     845     807
 2    1489       4       2       0
       4       0       1
     807     843     842     951
 2    1490       4       2       0
       4       0       1
     951     842     841     928
 2    1491       4       2       0
       4       0       1
     788     849     848     787
 2    1492       4       2       0
       4       0       1
     787     848     847     786
 2    1493       4       2       0
       4       0       1
     790     851     850     789
 2    1494       4       2       0
       4       0       1
     789     850     849     788
 2    1495       4       2       0
       4       0       1
     903     853     852     791
 2    1496       4       2       0
       4       0       1
     791     852     851     790
 2    1497       4       2       0
       4       0       1
     914     855     854     792
 2    1498       4       2       0
       4       0       1
     792     854     853     903
 2    1499       4       2       0
       4       0       1
     911     857     856     793
 2    1500       4       2       0
       4       0       1
     793     856     855     914
 2    1501       4       2       0
       4       0       1
     795     859     858     794
 2    1502       4       2       0
       4       0       1
     794     858     857     911
 2    1503       4       2       0
       4       0       1
     893     865     864     950
 2    1504       4       2       0
       4       0       1
     950     864     863     808
 2    1505       4       2       0
       4       0       1
     808     861     860     796
 2    1506       4       2       0
       4       0       1
     796     860     859     795
 2    1507       4       2       0
       4       0       1
     798     867     866     797
 2    1508       4       2       0
       4       0       1
     797     866     865     893
 2    1509       4       2       0
       4       0       1
     882     869     868     799
 2    1510       4       2       0
       4       0       1
     799     868     867     798
 2    1511       4       2       0
       4       0       1
     801     871     870     800
 2    1512       4       2       0
       4       0       1
     800     870     869     882
 2    1513       4       2       0
       4       0       1
     946     873     872     802
 2    1514       4       2       0
       4       0       1
     802     872     871     801
 2    1515       4       2       0
       4       0       1
     947     875     874     803
 2    1516       4       2       0
       4       0       1
     803     874     873     946
 2    1517       4       2       0
       4       0       1
     932     877     876     883
 2    1518       4       2       0
       4       0       1
     883     876     875     947
 2    1519       4       2       0
       4       0       1
     805     879     878     804
 2    1520       4       2       0
       4       0       1
     804     878     877     932
 2    1521       4       2       0
       4       0       1
     809     880     879     805
 2    1522       4       2       0
       4       0       1
     827     826     825     806
 2    1523       4       2       0
       4       0       1
     845     844     843     807
 2    1524       4       2       0
       4       0       1
     863     862     861     808
 2    1525       4       2       0
       4       0       1
     809     159     160     880
 2    1526       4       2       0
       4       0       1
     810     158     159     809
 2    1527       4       2       0
       4       0       1
     811     157     158     810
 2    1528       4       2       0
       4       0       1
     812     156     157     811
 2    1529       4       2       0
       4       0       1
     813     155     156     812
 2    1530       4       2       0
       4       0       1
     814     154     155     813
 2    1531       4       2       0
       4       0       1
     815     153     154     814
 2    1532       4       2       0
       4       0       1
     816     152     153     815
 2    1533       4       2       0
       4       0       1
     817     151     152     816
 2    1534       4       2       0
       4       0       1
     818     150     151     817
 2    1535       4       2       0
       4       0       1
     819     149     150     818
 2    1536       4       2       0
       4       0       1
     820     148     149     819
 2    1537       4       2       0
       4       0       1
     821     147     148     820
 2    1538       4       2       0
       4       0       1
     822     146     147     821
 2    1539       4       2       0
       4       0       1
     823     145     146     822
 2    1540       4       2       0
       4       0       1
     824     144     145     823
 2    1541       4       2       0
       4       0       1
     825     143     144     824
 2    1542       4       2       0
       4       0       1
     826     142     143     825
 2    1543       4       2       0
       4       0       1
     826      65       4     142
 2    1544       4       2       0
       4       0       1
     827      64      65     826
 2    1545       4       2       0
       4       0       1
     828      63      64     827
 2    1546       4       2       0
       4       0       1
     829      62      63     828
 2    1547       4       2       0
       4       0       1
     830      61      62     829
 2    1548       4       2       0
       4       0       1
     831      60      61     830
 2    1549       4       2       0
       4       0       1
     832      59      60     831
 2    1550       4       2       0
       4       0       1
     833      58      59     832
 2    1551       4       2       0
       4       0       1
     834      57      58     833
 2    1552       4       2       0
       4       0       1
     835      56      57     834
 2    1553       4       2       0
       4       0       1
     836      55      56     835
 2    1554       4       2       0
       4       0       1
     837      54      55     836
 2    1555       4       2       0
       4       0       1
     838      53      54     837
 2    1556       4       2       0
       4       0       1
     839      52      53     838
 2    1557       4       2       0
       4       0       1
     840      51      52     839
 2    1558       4       2       0
       4       0       1
     841      50      51     840
 2    1559       4       2       0
       4       0       1
     842      49      50     841
 2    1560       4       2       0
       4       0       1
     843      48      49     842
 2    1561       4       2       0
       4       0       1
     844      47      48     843
 2    1562       4       2       0
       4       0       1
     844     104       2      47
 2    1563       4       2       0
       4       0       1
     845     105     104     844
 2    1564       4       2       0
       4       0       1
     846     106     105     845
 2    1565       4       2       0
       4       0       1
     847     107     106     846
 2    1566       4       2       0
       4       0       1
     848     108     107     847
 2    1567       4       2       0
       4       0       1
     849     109     108     848
 2    1568       4       2       0
       4       0       1
     850     110     109     849
 2    1569       4       2       0
       4       0       1
     851     111     110     850
 2    1570       4       2       0
       4       0       1
     852     112     111     851
 2    1571       4       2       0
       4       0       1
     853     113     112     852
 2    1572       4       2       0
       4       0       1
     854     114     113     853
 2    1573       4       2       0
       4       0       1
     855     115     114     854
 2    1574       4       2       0
       4       0       1
     856     116     115     855
 2    1575       4       2       0
       4       0       1
     857     117     116     856
 2    1576       4       2       0
       4       0       1
     858     118     117     857
 2    1577       4       2       0
       4       0       1
     859     119     118     858
 2    1578       4       2       0
       4       0       1
     860     120     119     859
 2    1579       4       2       0
       4       0       1
     861     121     120     860
 2    1580       4       2       0
       4       0       1
     862     122     121     861
 2    1581       4       2       0
       4       0       1
     862     179       6     122
 2    1582       4       2       0
       4       0       1
     863     178     179     862
 2    1583       4       2       0
       4       0       1
     864     177     178     863
 2    1584       4       2       0
       4       0       1
     865     176     177     864
 2    1585       4       2       0
       4       0       1
     866     175     176     865
 2    1586       4       2       0
       4       0       1
     867     174     175     866
 2    1587       4       2       0
       4       0       1
     868     173     174     867
 2    1588       4       2       0
       4       0       1
     869     172     173     868
 2    1589       4       2       0
       4       0       1
     870     171     172     869
 2    1590       4       2       0
       4       0       1
     871     170     171     870
 2    1591       4       2       0
       4       0       1
     872     169     170     871
 2    1592       4       2       0
       4       0       1
     873     168     169     872
 2    1593       4       2       0
       4       0       1
     874     167     168     873
 2    1594       4       2       0
       4       0       1
     875     166     167     874
 2    1595       4       2       0
       4       0       1
     876     165     166     875
 2    1596       4       2       0
       4       0       1
     877     164     165     876
 2    1597       4       2       0
       4       0       1
     878     163     164     877
 2    1598       4       2       0
       4       0       1
     879     162     163     878
 2    1599       4       2       0
       4       0       1
     880     161     162     879
 2    1600       4       2       0
       4       0       1
     160       7     161     880
 2    1601       4       2       0
       4       0       1
     237     240     244     239
 2    1602       4       2       0
       4       0       1
     239     243     238     237
 2    1603       4       2       0
       4       0       1
     238     242     241     237
 2    1604       4       2       0
       4       0       1
     241     245     240     237
 2    1605       4       2       0
       4       0       1
     238     573     246     242
 2    1606       4       2       0
       4       0       1
     243     247     573     238
 2    1607       4       2       0
       4       0       1
     239     530     582     243
 2    1608       4       2       0
       4       0       1
     244     249     530     239
 2    1609       4       2       0
       4       0       1
     240     591     248     244
 2    1610       4       2       0
       4       0       1
     245     251     591     240
 2    1611       4       2       0
       4       0       1
     242     536     252     241
 2    1612       4       2       0
       4       0       1
     252     250     245     241
 2    1613       4       2       0
       4       0       1
     246     253     536     242
 2    1614       4       2       0
       4       0       1
     582     254     247     243
 2    1615       4       2       0
       4       0       1
     248     255     249     244
 2    1616       4       2       0
       4       0       1
     250     256     251     245
 2    1617       4       2       0
       4       0       1
     573     259     258     246
 2    1618       4       2       0
       4       0       1
     246     258     576     253
 2    1619       4       2       0
       4       0       1
     530     541     262     582
 2    1620       4       2       0
       4       0       1
     582     262     574     254
 2    1621       4       2       0
       4       0       1
     254     261     260     247
 2    1622       4       2       0
       4       0       1
     247     260     259     573
 2    1623       4       2       0
       4       0       1
     591     266     265     248
 2    1624       4       2       0
       4       0       1
     248     265     560     255
 2    1625       4       2       0
       4       0       1
     255     264     263     249
 2    1626       4       2       0
       4       0       1
     249     263     541     530
 2    1627       4       2       0
       4       0       1
     252     270     269     250
 2    1628       4       2       0
       4       0       1
     250     269     525     256
 2    1629       4       2       0
       4       0       1
     256     268     267     251
 2    1630       4       2       0
       4       0       1
     251     267     266     591
 2    1631       4       2       0
       4       0       1
     253     257     271     536
 2    1632       4       2       0
       4       0       1
     536     271     270     252
 2    1633       4       2       0
       4       0       1
     576     272     257     253
 2    1634       4       2       0
       4       0       1
     574     273     261     254
 2    1635       4       2       0
       4       0       1
     560     274     264     255
 2    1636       4       2       0
       4       0       1
     525     575     268     256
 2    1637       4       2       0
       4       0       1
     257     293     292     271
 2    1638       4       2       0
       4       0       1
     272     294     293     257
 2    1639       4       2       0
       4       0       1
     576     524     277     272
 2    1640       4       2       0
       4       0       1
     259     276     275     258
 2    1641       4       2       0
       4       0       1
     258     275     524     576
 2    1642       4       2       0
       4       0       1
     261     578     540     260
 2    1643       4       2       0
       4       0       1
     260     540     276     259
 2    1644       4       2       0
       4       0       1
     273     279     578     261
 2    1645       4       2       0
       4       0       1
     574     552     278     273
 2    1646       4       2       0
       4       0       1
     541     572     280     262
 2    1647       4       2       0
       4       0       1
     262     280     552     574
 2    1648       4       2       0
       4       0       1
     264     562     281     263
 2    1649       4       2       0
       4       0       1
     263     281     572     541
 2    1650       4       2       0
       4       0       1
     274     283     562     264
 2    1651       4       2       0
       4       0       1
     560     564     282     274
 2    1652       4       2       0
       4       0       1
     266     556     284     265
 2    1653       4       2       0
       4       0       1
     265     284     564     560
 2    1654       4       2       0
       4       0       1
     268     287     285     267
 2    1655       4       2       0
       4       0       1
     267     285     556     266
 2    1656       4       2       0
       4       0       1
     575     288     287     268
 2    1657       4       2       0
       4       0       1
     525     289     286     575
 2    1658       4       2       0
       4       0       1
     270     291     290     269
 2    1659       4       2       0
       4       0       1
     269     290     289     525
 2    1660       4       2       0
       4       0       1
     271     292     291     270
 2    1661       4       2       0
       4       0       1
     277     295     294     272
 2    1662       4       2       0
       4       0       1
     278     296     279     273
 2    1663       4       2       0
       4       0       1
     282     297     283     274
 2    1664       4       2       0
       4       0       1
     286     298     288     575
 2    1665       4       2       0
       4       0       1
     524     595     300     277
 2    1666       4       2       0
       4       0       1
     276     577     301     275
 2    1667       4       2       0
       4       0       1
     275     301     595     524
 2    1668       4       2       0
       4       0       1
     578     549     302     540
 2    1669       4       2       0
       4       0       1
     540     302     577     276
 2    1670       4       2       0
       4       0       1
     277     300     547     295
 2    1671       4       2       0
       4       0       1
     552     597     306     278
 2    1672       4       2       0
       4       0       1
     278     306     305     296
 2    1673       4       2       0
       4       0       1
     296     304     303     279
 2    1674       4       2       0
       4       0       1
     279     303     549     578
 2    1675       4       2       0
       4       0       1
     572     581     307     280
 2    1676       4       2       0
       4       0       1
     280     307     597     552
 2    1677       4       2       0
       4       0       1
     562     596     539     281
 2    1678       4       2       0
       4       0       1
     281     539     581     572
 2    1679       4       2       0
       4       0       1
     564     312     311     282
 2    1680       4       2       0
       4       0       1
     282     311     310     297
 2    1681       4       2       0
       4       0       1
     297     309     308     283
 2    1682       4       2       0
       4       0       1
     283     308     596     562
 2    1683       4       2       0
       4       0       1
     556     594     313     284
 2    1684       4       2       0
       4       0       1
     284     313     312     564
 2    1685       4       2       0
       4       0       1
     287     315     314     285
 2    1686       4       2       0
       4       0       1
     285     314     594     556
 2    1687       4       2       0
       4       0       1
     289     320     319     286
 2    1688       4       2       0
       4       0       1
     286     319     318     298
 2    1689       4       2       0
       4       0       1
     298     317     316     288
 2    1690       4       2       0
       4       0       1
     288     316     315     287
 2    1691       4       2       0
       4       0       1
     291     322     321     290
 2    1692       4       2       0
       4       0       1
     290     321     320     289
 2    1693       4       2       0
       4       0       1
     293     529     323     292
 2    1694       4       2       0
       4       0       1
     292     323     322     291
 2    1695       4       2       0
       4       0       1
     295     299     551     294
 2    1696       4       2       0
       4       0       1
     294     551     529     293
 2    1697       4       2       0
       4       0       1
     547     324     299     295
 2    1698       4       2       0
       4       0       1
     305     325     304     296
 2    1699       4       2       0
       4       0       1
     310     326     309     297
 2    1700       4       2       0
       4       0       1
     318     327     317     298
 2    1701       4       2       0
       4       0       1
     299     593     357     551
 2    1702       4       2       0
       4       0       1
     324     358     593     299
 2    1703       4       2       0
       4       0       1
     547     587     332     324
 2    1704       4       2       0
       4       0       1
     595     561     328     300
 2    1705       4       2       0
       4       0       1
     300     328     587     547
 2    1706       4       2       0
       4       0       1
     577     548     329     301
 2    1707       4       2       0
       4       0       1
     301     329     561     595
 2    1708       4       2       0
       4       0       1
     549     568     330     302
 2    1709       4       2       0
       4       0       1
     302     330     548     577
 2    1710       4       2       0
       4       0       1
     304     592     331     303
 2    1711       4       2       0
       4       0       1
     303     331     568     549
 2    1712       4       2       0
       4       0       1
     325     334     592     304
 2    1713       4       2       0
       4       0       1
     305     335     333     325
 2    1714       4       2       0
       4       0       1
     597     337     336     306
 2    1715       4       2       0
       4       0       1
     306     336     335     305
 2    1716       4       2       0
       4       0       1
     581     563     338     307
 2    1717       4       2       0
       4       0       1
     307     338     337     597
 2    1718       4       2       0
       4       0       1
     596     528     339     539
 2    1719       4       2       0
       4       0       1
     539     339     563     581
 2    1720       4       2       0
       4       0       1
     309     527     340     308
 2    1721       4       2       0
       4       0       1
     308     340     528     596
 2    1722       4       2       0
       4       0       1
     326     520     527     309
 2    1723       4       2       0
       4       0       1
     310     342     341     326
 2    1724       4       2       0
       4       0       1
     312     535     343     311
 2    1725       4       2       0
       4       0       1
     311     343     342     310
 2    1726       4       2       0
       4       0       1
     594     531     344     313
 2    1727       4       2       0
       4       0       1
     313     344     535     312
 2    1728       4       2       0
       4       0       1
     315     346     345     314
 2    1729       4       2       0
       4       0       1
     314     345     531     594
 2    1730       4       2       0
       4       0       1
     317     349     347     316
 2    1731       4       2       0
       4       0       1
     316     347     346     315
 2    1732       4       2       0
       4       0       1
     327     350     349     317
 2    1733       4       2       0
       4       0       1
     318     351     348     327
 2    1734       4       2       0
       4       0       1
     320     353     352     319
 2    1735       4       2       0
       4       0       1
     319     352     351     318
 2    1736       4       2       0
       4       0       1
     322     355     354     321
 2    1737       4       2       0
       4       0       1
     321     354     353     320
 2    1738       4       2       0
       4       0       1
     529     569     356     323
 2    1739       4       2       0
       4       0       1
     323     356     355     322
 2    1740       4       2       0
       4       0       1
     551     357     569     529
 2    1741       4       2       0
       4       0       1
     332     359     358     324
 2    1742       4       2       0
       4       0       1
     333     360     334     325
 2    1743       4       2       0
       4       0       1
     341     361     520     326
 2    1744       4       2       0
       4       0       1
     348     362     350     327
 2    1745       4       2       0
       4       0       1
     587     555     365     332
 2    1746       4       2       0
       4       0       1
     561     367     366     328
 2    1747       4       2       0
       4       0       1
     328     366     555     587
 2    1748       4       2       0
       4       0       1
     548     557     368     329
 2    1749       4       2       0
       4       0       1
     329     368     367     561
 2    1750       4       2       0
       4       0       1
     568     565     369     330
 2    1751       4       2       0
       4       0       1
     330     369     557     548
 2    1752       4       2       0
       4       0       1
     592     545     370     331
 2    1753       4       2       0
       4       0       1
     331     370     565     568
 2    1754       4       2       0
       4       0       1
     332     365     364     359
 2    1755       4       2       0
       4       0       1
     335     554     374     333
 2    1756       4       2       0
       4       0       1
     333     374     373     360
 2    1757       4       2       0
       4       0       1
     360     372     371     334
 2    1758       4       2       0
       4       0       1
     334     371     545     592
 2    1759       4       2       0
       4       0       1
     337     538     375     336
 2    1760       4       2       0
       4       0       1
     336     375     554     335
 2    1761       4       2       0
       4       0       1
     563     537     376     338
 2    1762       4       2       0
       4       0       1
     338     376     538     337
 2    1763       4       2       0
       4       0       1
     528     534     377     339
 2    1764       4       2       0
       4       0       1
     339     377     537     563
 2    1765       4       2       0
       4       0       1
     527     379     378     340
 2    1766       4       2       0
       4       0       1
     340     378     534     528
 2    1767       4       2       0
       4       0       1
     342     579     383     341
 2    1768       4       2       0
       4       0       1
     341     383     382     361
 2    1769       4       2       0
       4       0       1
     361     381     380     520
 2    1770       4       2       0
       4       0       1
     520     380     379     527
 2    1771       4       2       0
       4       0       1
     535     385     384     343
 2    1772       4       2       0
       4       0       1
     343     384     579     342
 2    1773       4       2       0
       4       0       1
     531     558     386     344
 2    1774       4       2       0
       4       0       1
     344     386     385     535
 2    1775       4       2       0
       4       0       1
     346     387     580     345
 2    1776       4       2       0
       4       0       1
     345     580     558     531
 2    1777       4       2       0
       4       0       1
     349     389     388     347
 2    1778       4       2       0
       4       0       1
     347     388     387     346
 2    1779       4       2       0
       4       0       1
     351     393     392     348
 2    1780       4       2       0
       4       0       1
     348     392     559     362
 2    1781       4       2       0
       4       0       1
     362     391     390     350
 2    1782       4       2       0
       4       0       1
     350     390     389     349
 2    1783       4       2       0
       4       0       1
     353     395     394     352
 2    1784       4       2       0
       4       0       1
     352     394     393     351
 2    1785       4       2       0
       4       0       1
     355     397     396     354
 2    1786       4       2       0
       4       0       1
     354     396     395     353
 2    1787       4       2       0
       4       0       1
     569     566     398     356
 2    1788       4       2       0
       4       0       1
     356     398     397     355
 2    1789       4       2       0
       4       0       1
     593     546     399     357
 2    1790       4       2       0
       4       0       1
     357     399     566     569
 2    1791       4       2       0
       4       0       1
     359     363     400     358
 2    1792       4       2       0
       4       0       1
     358     400     546     593
 2    1793       4       2       0
       4       0       1
     364     401     363     359
 2    1794       4       2       0
       4       0       1
     373     402     372     360
 2    1795       4       2       0
       4       0       1
     382     403     381     361
 2    1796       4       2       0
       4       0       1
     559     404     391     362
 2    1797       4       2       0
       4       0       1
     363     570     523     400
 2    1798       4       2       0
       4       0       1
     401     443     570     363
 2    1799       4       2       0
       4       0       1
     364     405     411     401
 2    1800       4       2       0
       4       0       1
     555     543     406     365
 2    1801       4       2       0
       4       0       1
     365     406     405     364
 2    1802       4       2       0
       4       0       1
     367     526     407     366
 2    1803       4       2       0
       4       0       1
     366     407     543     555
 2    1804       4       2       0
       4       0       1
     557     588     408     368
 2    1805       4       2       0
       4       0       1
     368     408     526     367
 2    1806       4       2       0
       4       0       1
     565     585     409     369
 2    1807       4       2       0
       4       0       1
     369     409     588     557
 2    1808       4       2       0
       4       0       1
     545     586     410     370
 2    1809       4       2       0
       4       0       1
     370     410     585     565
 2    1810       4       2       0
       4       0       1
     372     571     522     371
 2    1811       4       2       0
       4       0       1
     371     522     586     545
 2    1812       4       2       0
       4       0       1
     402     413     571     372
 2    1813       4       2       0
       4       0       1
     373     414     412     402
 2    1814       4       2       0
       4       0       1
     554     533     415     374
 2    1815       4       2       0
       4       0       1
     374     415     414     373
 2    1816       4       2       0
       4       0       1
     538     417     416     375
 2    1817       4       2       0
       4       0       1
     375     416     533     554
 2    1818       4       2       0
       4       0       1
     537     419     418     376
 2    1819       4       2       0
       4       0       1
     376     418     417     538
 2    1820       4       2       0
       4       0       1
     534     544     420     377
 2    1821       4       2       0
       4       0       1
     377     420     419     537
 2    1822       4       2       0
       4       0       1
     379     422     421     378
 2    1823       4       2       0
       4       0       1
     378     421     544     534
 2    1824       4       2       0
       4       0       1
     381     567     423     380
 2    1825       4       2       0
       4       0       1
     380     423     422     379
 2    1826       4       2       0
       4       0       1
     403     590     567     381
 2    1827       4       2       0
       4       0       1
     382     425     424     403
 2    1828       4       2       0
       4       0       1
     579     427     426     383
 2    1829       4       2       0
       4       0       1
     383     426     425     382
 2    1830       4       2       0
       4       0       1
     385     429     428     384
 2    1831       4       2       0
       4       0       1
     384     428     427     579
 2    1832       4       2       0
       4       0       1
     558     542     430     386
 2    1833       4       2       0
       4       0       1
     386     430     429     385
 2    1834       4       2       0
       4       0       1
     387     553     431     580
 2    1835       4       2       0
       4       0       1
     580     431     542     558
 2    1836       4       2       0
       4       0       1
     389     550     432     388
 2    1837       4       2       0
       4       0       1
     388     432     553     387
 2    1838       4       2       0
       4       0       1
     391     434     433     390
 2    1839       4       2       0
       4       0       1
     390     433     550     389
 2    1840       4       2       0
       4       0       1
     404     435     434     391
 2    1841       4       2       0
       4       0       1
     559     532     589     404
 2    1842       4       2       0
       4       0       1
     393     437     436     392
 2    1843       4       2       0
       4       0       1
     392     436     532     559
 2    1844       4       2       0
       4       0       1
     395     521     438     394
 2    1845       4       2       0
       4       0       1
     394     438     437     393
 2    1846       4       2       0
       4       0       1
     397     440     439     396
 2    1847       4       2       0
       4       0       1
     396     439     521     395
 2    1848       4       2       0
       4       0       1
     566     583     441     398
 2    1849       4       2       0
       4       0       1
     398     441     440     397
 2    1850       4       2       0
       4       0       1
     546     584     442     399
 2    1851       4       2       0
       4       0       1
     399     442     583     566
 2    1852       4       2       0
       4       0       1
     400     523     584     546
 2    1853       4       2       0
       4       0       1
     411     444     443     401
 2    1854       4       2       0
       4       0       1
     412     445     413     402
 2    1855       4       2       0
       4       0       1
     424     446     590     403
 2    1856       4       2       0
       4       0       1
     589     447     435     404
 2    1857       4       2       0
       4       0       1
     405     450     449     411
 2    1858       4       2       0
       4       0       1
     543     452     451     406
 2    1859       4       2       0
       4       0       1
     406     451     450     405
 2    1860       4       2       0
       4       0       1
     526     454     453     407
 2    1861       4       2       0
       4       0       1
     407     453     452     543
 2    1862       4       2       0
       4       0       1
     588     456     455     408
 2    1863       4       2       0
       4       0       1
     408     455     454     526
 2    1864       4       2       0
       4       0       1
     585     458     457     409
 2    1865       4       2       0
       4       0       1
     409     457     456     588
 2    1866       4       2       0
       4       0       1
     586     460     459     410
 2    1867       4       2       0
       4       0       1
     410     459     458     585
 2    1868       4       2       0
       4       0       1
     571     462     461     522
 2    1869       4       2       0
       4       0       1
     522     461     460     586
 2    1870       4       2       0
       4       0       1
     411     449     448     444
 2    1871       4       2       0
       4       0       1
     414     468     467     412
 2    1872       4       2       0
       4       0       1
     412     467     466     445
 2    1873       4       2       0
       4       0       1
     445     464     463     413
 2    1874       4       2       0
       4       0       1
     413     463     462     571
 2    1875       4       2       0
       4       0       1
     533     470     469     415
 2    1876       4       2       0
       4       0       1
     415     469     468     414
 2    1877       4       2       0
       4       0       1
     417     472     471     416
 2    1878       4       2       0
       4       0       1
     416     471     470     533
 2    1879       4       2       0
       4       0       1
     419     474     473     418
 2    1880       4       2       0
       4       0       1
     418     473     472     417
 2    1881       4       2       0
       4       0       1
     544     476     475     420
 2    1882       4       2       0
       4       0       1
     420     475     474     419
 2    1883       4       2       0
       4       0       1
     422     478     477     421
 2    1884       4       2       0
       4       0       1
     421     477     476     544
 2    1885       4       2       0
       4       0       1
     567     480     479     423
 2    1886       4       2       0
       4       0       1
     423     479     478     422
 2    1887       4       2       0
       4       0       1
     425     486     485     424
 2    1888       4       2       0
       4       0       1
     424     485     484     446
 2    1889       4       2       0
       4       0       1
     446     482     481     590
 2    1890       4       2       0
       4       0       1
     590     481     480     567
 2    1891       4       2       0
       4       0       1
     427     488     487     426
 2    1892       4       2       0
       4       0       1
     426     487     486     425
 2    1893       4       2       0
       4       0       1
     429     490     489     428
 2    1894       4       2       0
       4       0       1
     428     489     488     427
 2    1895       4       2       0
       4       0       1
     542     492     491     430
 2    1896       4       2       0
       4       0       1
     430     491     490     429
 2    1897       4       2       0
       4       0       1
     553     494     493     431
 2    1898       4       2       0
       4       0       1
     431     493     492     542
 2    1899       4       2       0
       4       0       1
     550     496     495     432
 2    1900       4       2       0
       4       0       1
     432     495     494     553
 2    1901       4       2       0
       4       0       1
     434     498     497     433
 2    1902       4       2       0
       4       0       1
     433     497     496     550
 2    1903       4       2       0
       4       0       1
     532     504     503     589
 2    1904       4       2       0
       4       0       1
     589     503     502     447
 2    1905       4       2       0
       4       0       1
     447     500     499     435
 2    1906       4       2       0
       4       0       1
     435     499     498     434
 2    1907       4       2       0
       4       0       1
     437     506     505     436
 2    1908       4       2       0
       4       0       1
     436     505     504     532
 2    1909       4       2       0
       4       0       1
     521     508     507     438
 2    1910       4       2       0
       4       0       1
     438     507     506     437
 2    1911       4       2       0
       4       0       1
     440     510     509     439
 2    1912       4       2       0
       4       0       1
     439     509     508     521
 2    1913       4       2       0
       4       0       1
     583     512     511     441
 2    1914       4       2       0
       4       0       1
     441     511     510     440
 2    1915       4       2       0
       4       0       1
     584     514     513     442
 2    1916       4       2       0
       4       0       1
     442     513     512     583
 2    1917       4       2       0
       4       0       1
     570     516     515     523
 2    1918       4       2       0
       4       0       1
     523     515     514     584
 2    1919       4       2       0
       4       0       1
     444     518     517     443
 2    1920       4       2       0
       4       0       1
     443     517     516     570
 2    1921       4       2       0
       4       0       1
     448     519     518     444
 2    1922       4       2       0
       4       0       1
     466     465     464     445
 2    1923       4       2       0
       4       0       1
     484     483     482     446
 2    1924       4       2       0
       4       0       1
     502     501     500     447
 2    1925       4       2       0
       4       0       1
     448     121     122     519
 2    1926       4       2       0
       4       0       1
     449     120     121     448
 2    1927       4       2       0
       4       0       1
     450     119     120     449
 2    1928       4       2       0
       4       0       1
     451     118     119     450
 2    1929       4       2       0
       4       0       1
     452     117     118     451
 2    1930       4       2       0
       4       0       1
     453     116     117     452
 2    1931       4       2       0
       4       0       1
     454     115     116     453
 2    1932       4       2       0
       4       0       1
     455     114     115     454
 2    1933       4       2       0
       4       0       1
     456     113     114     455
 2    1934       4       2       0
       4       0       1
     457     112     113     456
 2    1935       4       2       0
       4       0       1
     458     111     112     457
 2    1936       4       2       0
       4       0       1
     459     110     111     458
 2    1937       4       2       0
       4       0       1
     460     109     110     459
 2    1938       4       2       0
       4       0       1
     461     108     109     460
 2    1939       4       2       0
       4       0       1
     462     107     108     461
 2    1940       4       2       0
       4       0       1
     463     106     107     462
 2    1941       4       2       0
       4       0       1
     464     105     106     463
 2    1942       4       2       0
       4       0       1
     465     104     105     464
 2    1943       4       2       0
       4       0       1
     465      27       2     104
 2    1944       4       2       0
       4       0       1
     466      26      27     465
 2    1945       4       2       0
       4       0       1
     467      25      26     466
 2    1946       4       2       0
       4       0       1
     468      24      25     467
 2    1947       4       2       0
       4       0       1
     469      23      24     468
 2    1948       4       2       0
       4       0       1
     470      22      23     469
 2    1949       4       2       0
       4       0       1
     471      21      22     470
 2    1950       4       2       0
       4       0       1
     472      20      21     471
 2    1951       4       2       0
       4       0       1
     473      19      20     472
 2    1952       4       2       0
       4       0       1
     474      18      19     473
 2    1953       4       2       0
       4       0       1
     475      17      18     474
 2    1954       4       2       0
       4       0       1
     476      16      17     475
 2    1955       4       2       0
       4       0       1
     477      15      16     476
 2    1956       4       2       0
       4       0       1
     478      14      15     477
 2    1957       4       2       0
       4       0       1
     479      13      14     478
 2    1958       4       2       0
       4       0       1
     480      12      13     479
 2    1959       4       2       0
       4       0       1
     481      11      12     480
 2    1960       4       2       0
       4       0       1
     482      10      11     481
 2    1961       4       2       0
       4       0       1
     483       9      10     482
 2    1962       4       2       0
       4       0       1
     483      85       1       9
 2    1963       4       2       0
       4       0       1
     484      86      85     483
 2    1964       4       2       0
       4       0       1
     485      87      86     484
 2    1965       4       2       0
       4       0       1
     486      88      87     485
 2    1966       4       2       0
       4       0       1
     487      89      88     486
 2    1967       4       2       0
       4       0       1
     488      90      89     487
 2    1968       4       2       0
       4       0       1
     489      91      90     488
 2    1969       4       2       0
       4       0       1
     490      92      91     489
 2    1970       4       2       0
       4       0       1
     491      93      92     490
 2    1971       4       2       0
       4       0       1
     492      94      93     491
 2    1972       4       2       0
       4       0       1
     493      95      94     492
 2    1973       4       2       0
       4       0       1
     494      96      95     493
 2    1974       4       2       0
       4       0       1
     495      97      96     494
 2    1975       4       2       0
       4       0       1
     496      98      97     495
 2    1976       4       2       0
       4       0       1
     497      99      98     496
 2    1977       4       2       0
       4       0       1
     498     100      99     497
 2    1978       4       2       0
       4       0       1
     499     101     100     498
 2    1979       4       2       0
       4       0       1
     500     102     101     499
 2    1980       4       2       0
       4       0       1
     501     103     102     500
 2    1981       4       2       0
       4       0       1
     501     123       5     103
 2    1982       4       2       0
       4       0       1
     502     124     123     501
 2    1983       4       2       0
       4       0       1
     503     125     124     502
 2    1984       4       2       0
       4       0       1
     504     126     125     503
 2    1985       4       2       0
       4       0       1
     505     127     126     504
 2    1986       4       2       0
       4       0       1
     506     128     127     505
 2    1987       4       2       0
       4       0       1
     507     129     128     506
 2    1988       4       2       0
       4       0       1
     508     130     129     507
 2    1989       4       2       0
       4       0       1
     509     131     130     508
 2    1990       4       2       0
       4       0       1
     510     132     131     509
 2    1991       4       2       0
       4       0       1
     511     133     132     510
 2    1992       4       2       0
       4       0       1
     512     134     133     511
 2    1993       4       2       0
       4       0       1
     513     135     134     512
 2    1994       4       2       0
       4       0       1
     514     136     135     513
 2    1995       4       2       0
       4       0       1
     515     137     136     514
 2    1996       4       2       0
       4       0       1
     516     138     137     515
 2    1997       4       2       0
       4       0       1
     517     139     138     516
 2    1998       4       2       0
       4       0       1
     518     140     139     517
 2    1999       4       2       0
       4       0       1
     519     141     140     518
 2    2000       4       2       0
       4       0       1
     122       6     141     519
 2    2001       2       2       0
       2       0       3
      10       9
 2    2002       2       2       0
       2       0       3
      11      10
 2    2003       2       2       0
       2       0       3
      12      11
 2    2004       2       2       0
       2       0       3
      13      12
 2    2005       2       2       0
       2       0       3
      14      13
 2    2006       2       2       0
       2       0       3
      15      14
 2    2007       2       2       0
       2       0       3
      16      15
 2    2008       2       2       0
       2       0       3
      17      16
 2    2009       2       2       0
       2       0       3
      18      17
 2    2010       2       2       0
       2       0       3
      19      18
 2    2011       2       2       0
       2       0       3
      20      19
 2    2012       2       2       0
       2       0       3
      21      20
 2    2013       2       2       0
       2       0       3
      22      21
 2    2014       2       2       0
       2       0       3
      23      22
 2    2015       2       2       0
       2       0       3
      24      23
 2    2016       2       2       0
       2       0       3
      25      24
 2    2017       2       2       0
       2       0       3
      26      25
 2    2018       2       2       0
       2       0       3
      27      26
 2    2019       2       2       0
       2       0       3
       2      27
 2    2020       2       2       0
       2       0       3
       9       1
 2    2021       2       2       0
       2       0       3
      46       3
 2    2022       2       2       0
       2       0       3
      45      46
 2    2023       2       2       0
       2       0       3
      44      45
 2    2024       2       2       0
       2       0       3
      43      44
 2    2025       2       2       0
       2       0       3
      42      43
 2    2026       2       2       0
       2       0       3
      41      42
 2    2027       2       2       0
       2       0       3
      40      41
 2    2028       2       2       0
       2       0       3
      39      40
 2    2029       2       2       0
       2       0       3
      38      39
 2    2030       2       2       0
       2       0       3
      37      38
 2    2031       2       2       0
       2       0       3
      36      37
 2    2032       2       2       0
       2       0       3
      35      36
 2    2033       2       2       0
       2       0       3
      34      35
 2    2034       2       2       0
       2       0       3
      33      34
 2    2035       2       2       0
       2       0       3
      32      33
 2    2036       2       2       0
       2       0       3
      31      32
 2    2037       2       2       0
       2       0       3
      30      31
 2    2038       2       2       0
       2       0       3
      29      30
 2    2039       2       2       0
       2       0       3
      28      29
 2    2040       2       2       0
       2       0       3
       1      28
 2    2041       2       2       0
       2       0       3
      84       4
 2    2042       2       2       0
       2       0       3
      83      84
 2    2043       2       2       0
       2       0       3
      82      83
 2    2044       2       2       0
       2       0       3
      81      82
 2    2045       2       2       0
       2       0       3
      80      81
 2    2046       2       2       0
       2       0       3
      79      80
 2    2047       2       2       0
       2       0       3
      78      79
 2    2048       2       2       0
       2       0       3
      77      78
 2    2049       2       2       0
       2       0       3
      76      77
 2    2050       2       2       0
       2       0       3
      75      76
 2    2051       2       2       0
       2       0       3
      74      75
 2    2052       2       2       0
       2       0       3
      73      74
 2    2053       2       2       0
       2       0       3
      72      73
 2    2054       2       2       0
       2       0       3
      71      72
 2    2055       2       2       0
       2       0       3
      70      71
 2    2056       2       2       0
       2       0       3
      69      70
 2    2057       2       2       0
       2       0       3
      68      69
 2    2058       2       2       0
       2       0       3
      67      68
 2    2059       2       2       0
       2       0       3
      66      67
 2    2060       2       2       0
       2       0       3
       3      66
 2    2061       2       2       0
       2       0       3
      47       2
 2    2062       2       2       0
       2       0       3
      48      47
 2    2063       2       2       0
       2       0       3
      49      48
 2    2064       2       2       0
       2       0       3
      50      49
 2    2065       2       2       0
       2       0       3
      51      50
 2    2066       2       2       0
       2       0       3
      52      51
 2    2067       2       2       0
       2       0       3
      53      52
 2    2068       2       2       0
       2       0       3
      54      53
 2    2069       2       2       0
       2       0       3
      55      54
 2    2070       2       2       0
       2       0       3
      56      55
 2    2071       2       2       0
       2       0       3
      57      56
 2    2072       2       2       0
       2       0       3
      58      57
 2    2073       2       2       0
       2       0       3
      59      58
 2    2074       2       2       0
       2       0       3
      60      59
 2    2075       2       2       0
       2       0       3
      61      60
 2    2076       2       2       0
       2       0       3
      62      61
 2    2077       2       2       0
       2       0       3
      63      62
 2    2078       2       2       0
       2       0       3
      64      63
 2    2079       2       2       0
       2       0       3
      65      64
 2    2080       2       2       0
       2       0       3
       4      65
 2    2081       2       2       0
       2       0       5
     102     103
 2    2082       2       2       0
       2       0       5
     101     102
 2    2083       2       2       0
       2       0       5
     100     101
 2    2084       2       2       0
       2       0       5
      99     100
 2    2085       2       2       0
       2       0       5
      98      99
 2    2086       2       2       0
       2       0       5
      97      98
 2    2087       2       2       0
       2       0       5
      96      97
 2    2088       2       2       0
       2       0       5
      95      96
 2    2089       2       2       0
       2       0       5
      94      95
 2    2090       2       2       0
       2       0       5
      93      94
 2    2091       2       2       0
       2       0       5
      92      93
 2    2092       2       2       0
       2       0       5
      91      92
 2    2093       2       2       0
       2       0       5
      90      91
 2    2094       2       2       0
       2       0       5
      89      90
 2    2095       2       2       0
       2       0       5
      88      89
 2    2096       2       2       0
       2       0       5
      87      88
 2    2097       2       2       0
       2       0       5
      86      87
 2    2098       2       2       0
       2       0       5
      85      86
 2    2099       2       2       0
       2       0       5
       1      85
 2    2100       2       2       0
       2       0       5
     103       5
 2    2101       2       2       0
       2       0       5
     217       8
 2    2102       2       2       0
       2       0       5
     216     217
 2    2103       2       2       0
       2       0       5
     215     216
 2    2104       2       2       0
       2       0       5
     214     215
 2    2105       2       2       0
       2       0       5
     213     214
 2    2106       2       2       0
       2       0       5
     212     213
 2    2107       2       2       0
       2       0       5
     211     212
 2    2108       2       2       0
       2       0       5
     210     211
 2    2109       2       2       0
       2       0       5
     209     210
 2    2110       2       2       0
       2       0       5
     208     209
 2    2111       2       2       0
       2       0       5
     207     208
 2    2112       2       2       0
       2       0       5
     206     207
 2    2113       2       2       0
       2       0       5
     205     206
 2    2114       2       2       0
       2       0       5
     204     205
 2    2115       2       2       0
       2       0       5
     203     204
 2    2116       2       2       0
       2       0       5
     202     203
 2    2117       2       2       0
       2       0       5
     201     202
 2    2118       2       2       0
       2       0       5
     200     201
 2    2119       2       2       0
       2       0       5
     199     200
 2    2120       2       2       0
       2       0       5
       5     199
 2    2121       2       2       0
       2       0       5
     180       3
 2    2122       2       2       0
       2       0       5
     181     180
 2    2123       2       2       0
       2       0       5
     182     181
 2    2124       2       2       0
       2       0       5
     183     182
 2    2125       2       2       0
       2       0       5
     184     183
 2    2126       2       2       0
       2       0       5
     185     184
 2    2127       2       2       0
       2       0       5
     186     185
 2    2128       2       2       0
       2       0       5
     187     186
 2    2129       2       2       0
       2       0       5
     188     187
 2    2130       2       2       0
       2       0       5
     189     188
 2    2131       2       2       0
       2       0       5
     190     189
 2    2132       2       2       0
       2       0       5
     191     190
 2    2133       2       2       0
       2       0       5
     192     191
 2    2134       2       2       0
       2       0       5
     193     192
 2    2135       2       2       0
       2       0       5
     194     193
 2    2136       2       2       0
       2       0       5
     195     194
 2    2137       2       2       0
       2       0       5
     196     195
 2    2138       2       2       0
       2       0       5
     197     196
 2    2139       2       2       0
       2       0       5
     198     197
 2    2140       2       2       0
       2       0       5
       8     198
 2    2141       2       2       0
       2       0       7
     236       7
 2    2142       2       2       0
       2       0       7
     235     236
 2    2143       2       2       0
       2       0       7
     234     235
 2    2144       2       2       0
       2       0       7
     233     234
 2    2145       2       2       0
       2       0       7
     232     233
 2    2146       2       2       0
       2       0       7
     231     232
 2    2147       2       2       0
       2       0       7
     230     231
 2    2148       2       2       0
       2       0       7
     229     230
 2    2149       2       2       0
       2       0       7
     228     229
 2    2150       2       2       0
       2       0       7
     227     228
 2    2151       2       2       0
       2       0       7
     226     227
 2    2152       2       2       0
       2       0       7
     225     226
 2    2153       2       2       0
       2       0       7
     224     225
 2    2154       2       2       0
       2       0       7
     223     224
 2    2155       2       2       0
       2       0       7
     222     223
 2    2156       2       2       0
       2       0       7
     221     222
 2    2157       2       2       0
       2       0       7
     220     221
 2    2158       2       2       0
       2       0       7
     219     220
 2    2159       2       2       0
       2       0       7
     218     219
 2    2160       2       2       0
       2       0       7
       8     218
 2    2161       2       2       0
       2       0       7
     142       4
 2    2162       2       2       0
       2       0       7
     143     142
 2    2163       2       2       0
       2       0       7
     144     143
 2    2164       2       2       0
       2       0       7
     145     144
 2    2165       2       2       0
       2       0       7
     146     145
 2    2166       2       2       0
       2       0       7
     147     146
 2    2167       2       2       0
       2       0       7
     148     147
 2    2168       2       2       0
       2       0       7
     149     148
 2    2169       2       2       0
       2       0       7
     150     149
 2    2170       2       2       0
       2       0       7
     151     150
 2    2171       2       2       0
       2       0       7
     152     151
 2    2172       2       2       0
       2       0       7
     153     152
 2    2173       2       2       0
       2       0       7
     154     153
 2    2174       2       2       0
       2       0       7
     155     154
 2    2175       2       2       0
       2       0       7
     156     155
 2    2176       2       2       0
       2       0       7
     157     156
 2    2177       2       2       0
       2       0       7
     158     157
 2    2178       2       2       0
       2       0       7
     159     158
 2    2179       2       2       0
       2       0       7
     160     159
 2    2180       2       2       0
       2       0       7
       7     160
 2    2181       2       2       0
       2       0       9
     179       6
 2    2182       2       2       0
       2       0       9
     178     179
 2    2183       2       2       0
       2       0       9
     177     178
 2    2184       2       2       0
       2       0       9
     176     177
 2    2185       2       2       0
       2       0       9
     175     176
 2    2186       2       2       0
       2       0       9
     174     175
 2    2187       2       2       0
       2       0       9
     173     174
 2    2188       2       2       0
       2       0       9
     172     173
 2    2189       2       2       0
       2       0       9
     171     172
 2    2190       2       2       0
       2       0       9
     170     171
 2    2191       2       2       0
       2       0       9
     169     170
 2    2192       2       2       0
       2       0       9
     168     169
 2    2193       2       2       0
       2       0       9
     167     168
 2    2194       2       2       0
       2       0       9
     166     167
 2    2195       2       2       0
       2       0       9
     165     166
 2    2196       2       2       0
       2       0       9
     164     165
 2    2197       2       2       0
       2       0       9
     163     164
 2    2198       2       2       0
       2       0       9
     162     163
 2    2199       2       2       0
       2       0       9
     161     162
 2    2200       2       2       0
       2       0       9
       7     161
 2    2201       2       2       0
       2       0       9
     104       2
 2    2202       2       2       0
       2       0       9
     105     104
 2    2203       2       2       0
       2       0       9
     106     105
 2    2204       2       2       0
       2       0       9
     107     106
 2    2205       2       2       0
       2       0       9
     108     107
 2    2206       2       2       0
       2       0       9
     109     108
 2    2207       2       2       0
       2       0       9
     110     109
 2    2208       2       2       0
       2       0       9
     111     110
 2    2209       2       2       0
       2       0       9
     112     111
 2    2210       2       2       0
       2       0       9
     113     112
 2    2211       2       2       0
       2       0       9
     114     113
 2    2212       2       2       0
       2       0       9
     115     114
 2    2213       2       2       0
       2       0       9
     116     115
 2    2214       2       2       0
       2       0       9
     117     116
 2    2215       2       2       0
       2       0       9
     118     117
 2    2216       2       2       0
       2       0       9
     119     118
 2    2217       2       2       0
       2       0       9
     120     119
 2    2218       2       2       0
       2       0       9
     121     120
 2    2219       2       2       0
       2       0       9
     122     121
 2    2220       2       2       0
       2       0       9
       6     122
 2    2221       2       2       0
       2       0      11
     123       5
 2    2222       2       2       0
       2       0      11
     124     123
 2    2223       2       2       0
       2       0      11
     125     124
 2    2224       2       2       0
       2       0      11
     126     125
 2    2225       2       2       0
       2       0      11
     127     126
 2    2226       2       2       0
       2       0      11
     128     127
 2    2227       2       2       0
       2       0      11
     129     128
 2    2228       2       2       0
       2       0      11
     130     129
 2    2229       2       2       0
       2       0      11
     131     130
 2    2230       2       2       0
       2       0      11
     132     131
 2    2231       2       2       0
       2       0      11
     133     132
 2    2232       2       2       0
       2       0      11
     134     133
 2    2233       2       2       0
       2       0      11
     135     134
 2    2234       2       2       0
       2       0      11
     136     135
 2    2235       2       2       0
       2       0      11
     137     136
 2    2236       2       2       0
       2       0      11
     138     137
 2    2237       2       2       0
       2       0      11
     139     138
 2    2238       2       2       0
       2       0      11
     140     139
 2    2239       2       2       0
       2       0      11
     141     140
 2    2240       2       2       0
       2       0      11
       6     141
21       1    4000     401
FLOATER     
       8       1       8       2       8       3       8       4       8       5
       8       6       8       7       8       8       8       9       8      10
       8      11       8      12       8      13       8      14       8      15
       8      16       8      17       8      18       8      19       8      20
       8      21       8      22       8      23       8      24       8      25
       8      26       8      27       8      28       8      29       8      30
       8      31       8      32       8      33       8      34       8      35
       8      36       8      37       8      38       8      39       8      40
       8      41       8      42       8      43       8      44       8      45
       8      46       8      47       8      48       8      49       8      50
       8      51       8      52       8      53       8      54       8      55
       8      56       8      57       8      58       8      59       8      60
       8      61       8      62       8      63       8      64       8      65
       8      66       8      67       8      68       8      69       8      70
       8      71       8      72       8      73       8      74       8      75
       8      76       8      77       8      78       8      79       8      80
       8      81       8      82       8      83       8      84       8      85
       8      86       8      87       8      88       8      89       8      90
       8      91       8      92       8      93       8      94       8      95
       8      96       8      97       8      98       8      99       8     100
       8     101       8     102       8     103       8     104       8     105
       8     106       8     107       8     108       8     109       8     110
       8     111       8     112       8     113       8     114       8     115
       8     116       8     117       8     118       8     119       8     120
       8     121       8     122       8     123       8     124       8     125
       8     126       8     127       8     128       8     129       8     130
       8     131       8     132       8     133       8     134       8     135
       8     136       8     137       8     138       8     139       8     140
       8     141       8     142       8     143       8     144       8     145
       8     146       8     147       8     148       8     149       8     150
       8     151       8     152       8     153       8     154       8     155
       8     156       8     157       8     158       8     159       8     160
       8     161       8     162       8     163       8     164       8     165
       8     166       8     167       8     168       8     169       8     170
       8     171       8     172       8     173       8     174       8     175
       8     176       8     177       8     178       8     179       8     180
       8     181       8     182       8     183       8     184       8     185
       8     186       8     187       8     188       8     189       8     190
       8     191       8     192       8     193       8     194       8     195
       8     196       8     197       8     198       8     199       8     200
       8     201       8     202       8     203       8     204       8     205
       8     206       8     207       8     208       8     209       8     210
       8     211       8     212       8     213       8     214       8     215
       8     216       8     217       8     218       8     219       8     220
       8     221       8     222       8     223       8     224       8     225
       8     226       8     227       8     228       8     229       8     230
       8     231       8     232       8     233       8     234       8     235
       8     236       8     237       8     238       8     239       8     240
       8     241       8     242       8     243       8     244       8     245
       8     246       8     247       8     248       8     249       8     250
       8     251       8     252       8     253       8     254       8     255
       8     256       8     257       8     258       8     259       8     260
       8     261       8     262       8     263       8     264       8     265
       8     266       8     267       8     268       8     269       8     270
       8     271       8     272       8     273       8     274       8     275
       8     276       8     277       8     278       8     279       8     280
       8     281       8     282       8     283       8     284       8     285
       8     286       8     287       8     288       8     289       8     290
       8     291       8     292       8     293       8     294       8     295
       8     296       8     297       8     298       8     299       8     300
       8     301       8     302       8     303       8     304       8     305
       8     306       8     307       8     308       8     309       8     310
       8     311       8     312       8     313       8     314       8     315
       8     316       8     317       8     318       8     319       8     320
       8     321       8     322       8     323       8     324       8     325
       8     326       8     327       8     328       8     329       8     330
       8     331       8     332       8     333       8     334       8     335
       8     336       8     337       8     338       8     339       8     340
       8     341       8     342       8     343       8     344       8     345
       8     346       8     347       8     348       8     349       8     350
       8     351       8     352       8     353       8     354       8     355
       8     356       8     357       8     358       8     359       8     360
       8     361       8     362       8     363       8     364       8     365
       8     366       8     367       8     368       8     369       8     370
       8     371       8     372       8     373       8     374       8     375
       8     376       8     377       8     378       8     379       8     380
       8     381       8     382       8     383       8     384       8     385
       8     386       8     387       8     388       8     389       8     390
       8     391       8     392       8     393       8     394       8     395
       8     396       8     397       8     398       8     399       8     400
       8     401       8     402       8     403       8     404       8     405
       8     406       8     407       8     408       8     409       8     410
       8     411       8     412       8     413       8     414       8     415
       8     416       8     417       8     418       8     419       8     420
       8     421       8     422       8     423       8     424       8     425
       8     426       8     427       8     428       8     429       8     430
       8     431       8     432       8     433       8     434       8     435
       8     436       8     437       8     438       8     439       8     440
       8     441       8     442       8     443       8     444       8     445
       8     446       8     447       8     448       8     449       8     450
       8     451       8     452       8     453       8     454       8     455
       8     456       8     457       8     458       8     459       8     460
       8     461       8     462       8     463       8     464       8     465
       8     466       8     467       8     468       8     469       8     470
       8     471       8     472       8     473       8     474       8     475
       8     476       8     477       8     478       8     479       8     480
       8     481       8     482       8     483       8     484       8     485
       8     486       8     487       8     488       8     489       8     490
       8     491       8     492       8     493       8     494       8     495
       8     496       8     497       8     498       8     499       8     500
       8     501       8     502       8     503       8     504       8     505
       8     506       8     507       8     508       8     509       8     510
       8     511       8     512       8     513       8     514       8     515
       8     516       8     517       8     518       8     519       8     520
       8     521       8     522       8     523       8     524       8     525
       8     526       8     527       8     528       8     529       8     530
       8     531       8     532       8     533       8     534       8     535
       8     536       8     537       8     538       8     539       8     540
       8     541       8     542       8     543       8     544       8     545
       8     546       8     547       8     548       8     549       8     550
       8     551       8     552       8     553       8     554       8     555
       8     556       8     557       8     558       8     559       8     560
       8     561       8     562       8     563       8     564       8     565
       8     566       8     567       8     568       8     569       8     570
       8     571       8     572       8     573       8     574       8     575
       8     576       8     577       8     578       8     579       8     580
       8     581       8     582       8     583       8     584       8     585
       8     586       8     587       8     588       8     589       8     590
       8     591       8     592       8     593       8     594       8     595
       8     596       8     597       8     598       8     599       8     600
       8     601       8     602       8     603       8     604       8     605
       8     606       8     607       8     608       8     609       8     610
       8     611       8     612       8     613       8     614       8     615
       8     616       8     617       8     618       8     619       8     620
       8     621       8     622       8     623       8     624       8     625
       8     626       8     627       8     628       8     629       8     630
       8     631       8     632       8     633       8     634       8     635
       8     636       8     637       8     638       8     639       8     640
       8     641       8     642       8     643       8     644       8     645
       8     646       8     647       8     648       8     649       8     650
       8     651       8     652       8     653       8     654       8     655
       8     656       8     657       8     658       8     659       8     660
       8     661       8     662       8     663       8     664       8     665
       8     666       8     667       8     668       8     669       8     670
       8     671       8     672       8     673       8     674       8     675
       8     676       8     677       8     678       8     679       8     680
       8     681       8     682       8     683       8     684       8     685
       8     686       8     687       8     688       8     689       8     690
       8     691       8     692       8     693       8     694       8     695
       8     696       8     697       8     698       8     699       8     700
       8     701       8     702       8     703       8     704       8     705
       8     706       8     707       8     708       8     709       8     710
       8     711       8     712       8     713       8     714       8     715
       8     716       8     717       8     718       8     719       8     720
       8     721       8     722       8     723       8     724       8     725
       8     726       8     727       8     728       8     729       8     730
       8     731       8     732       8     733       8     734       8     735
       8     736       8     737       8     738       8     739       8     740
       8     741       8     742       8     743       8     744       8     745
       8     746       8     747       8     748       8     749       8     750
       8     751       8     752       8     753       8     754       8     755
       8     756       8     757       8     758       8     759       8     760
       8     761       8     762       8     763       8     764       8     765
       8     766       8     767       8     768       8     769       8     770
       8     771       8     772       8     773       8     774       8     775
       8     776       8     777       8     778       8     779       8     780
       8     781       8     782       8     783       8     784       8     785
       8     786       8     787       8     788       8     789       8     790
       8     791       8     792       8     793       8     794       8     795
       8     796       8     797       8     798       8     799       8     800
       8     801       8     802       8     803       8     804       8     805
       8     806       8     807       8     808       8     809       8     810
       8     811       8     812       8     813       8     814       8     815
       8     816       8     817       8     818       8     819       8     820
       8     821       8     822       8     823       8     824       8     825
       8     826       8     827       8     828       8     829       8     830
       8     831       8     832       8     833       8     834       8     835
       8     836       8     837       8     838       8     839       8     840
       8     841       8     842       8     843       8     844       8     845
       8     846       8     847       8     848       8     849       8     850
       8     851       8     852       8     853       8     854       8     855
       8     856       8     857       8     858       8     859       8     860
       8     861       8     862       8     863       8     864       8     865
       8     866       8     867       8     868       8     869       8     870
       8     871       8     872       8     873       8     874       8     875
       8     876       8     877       8     878       8     879       8     880
       8     881       8     882       8     883       8     884       8     885
       8     886       8     887       8     888       8     889       8     890
       8     891       8     892       8     893       8     894       8     895
       8     896       8     897       8     898       8     899       8     900
       8     901       8     902       8     903       8     904       8     905
       8     906       8     907       8     908       8     909       8     910
       8     911       8     912       8     913       8     914       8     915
       8     916       8     917       8     918       8     919       8     920
       8     921       8     922       8     923       8     924       8     925
       8     926       8     927       8     928       8     929       8     930
       8     931       8     932       8     933       8     934       8     935
       8     936       8     937       8     938       8     939       8     940
       8     941       8     942       8     943       8     944       8     945
       8     946       8     947       8     948       8     949       8     950
       8     951       8     952       8     953       8     954       8     955
       8     956       8     957       8     958       8     959       8     960
       8     961       8     962       8     963       8     964       8     965
       8     966       8     967       8     968       8     969       8     970
       8     971       8     972       8     973       8     974       8     975
       8     976       8     977       8     978       8     979       8     980
       8     981       8     982       8     983       8     984       8     985
       8     986       8     987       8     988       8     989       8     990
       8     991       8     992       8     993       8     994       8     995
       8     996       8     997       8     998       8     999       8    1000
       8    1001       8    1002       8    1003       8    1004       8    1005
       8    1006       8    1007       8    1008       8    1009       8    1010
       8    1011       8    1012       8    1013       8    1014       8    1015
       8    1016       8    1017       8    1018       8    1019       8    1020
       8    1021       8    1022       8    1023       8    1024       8    1025
       8    1026       8    1027       8    1028       8    1029       8    1030
       8    1031       8    1032       8    1033       8    1034       8    1035
       8    1036       8    1037       8    1038       8    1039       8    1040
       8    1041       8    1042       8    1043       8    1044       8    1045
       8    1046       8    1047       8    1048       8    1049       8    1050
       8    1051       8    1052       8    1053       8    1054       8    1055
       8    1056       8    1057       8    1058       8    1059       8    1060
       8    1061       8    1062       8    1063       8    1064       8    1065
       8    1066       8    1067       8    1068       8    1069       8    1070
       8    1071       8    1072       8    1073       8    1074       8    1075
       8    1076       8    1077       8    1078       8    1079       8    1080
       8    1081       8    1082       8    1083       8    1084       8    1085
       8    1086       8    1087       8    1088       8    1089       8    1090
       8    1091       8    1092       8    1093       8    1094       8    1095
       8    1096       8    1097       8    1098       8    1099       8    1100
       8    1101       8    1102       8    1103       8    1104       8    1105
       8    1106       8    1107       8    1108       8    1109       8    1110
       8    1111       8    1112       8    1113       8    1114       8    1115
       8    1116       8    1117       8    1118       8    1119       8    1120
       8    1121       8    1122       8    1123       8    1124       8    1125
       8    1126       8    1127       8    1128       8    1129       8    1130
       8    1131       8    1132       8    1133       8    1134       8    1135
       8    1136       8    1137       8    1138       8    1139       8    1140
       8    1141       8    1142       8    1143       8    1144       8    1145
       8    1146       8    1147       8    1148       8    1149       8    1150
       8    1151       8    1152       8    1153       8    1154       8    1155
       8    1156       8    1157       8    1158       8    1159       8    1160
       8    1161       8    1162       8    1163       8    1164       8    1165
       8    1166       8    1167       8    1168       8    1169       8    1170
       8    1171       8    1172       8    1173       8    1174       8    1175
       8    1176       8    1177       8    1178       8    1179       8    1180
       8    1181       8    1182       8    1183       8    1184       8    1185
       8    1186       8    1187       8    1188       8    1189       8    1190
       8    1191       8    1192       8    1193       8    1194       8    1195
       8    1196       8    1197       8    1198       8    1199       8    1200
       8    1201       8    1202       8    1203       8    1204       8    1205
       8    1206       8    1207       8    1208       8    1209       8    1210
       8    1211       8    1212       8    1213       8    1214       8    1215
       8    1216       8    1217       8    1218       8    1219       8    1220
       8    1221       8    1222       8    1223       8    1224       8    1225
       8    1226       8    1227       8    1228       8    1229       8    1230
       8    1231       8    1232       8    1233       8    1234       8    1235
       8    1236       8    1237       8    1238       8    1239       8    1240
       8    1241       8    1242       8    1243       8    1244       8    1245
       8    1246       8    1247       8    1248       8    1249       8    1250
       8    1251       8    1252       8    1253       8    1254       8    1255
       8    1256       8    1257       8    1258       8    1259       8    1260
       8    1261       8    1262       8    1263       8    1264       8    1265
       8    1266       8    1267       8    1268       8    1269       8    1270
       8    1271       8    1272       8    1273       8    1274       8    1275
       8    1276       8    1277       8    1278       8    1279       8    1280
       8    1281       8    1282       8    1283       8    1284       8    1285
       8    1286       8    1287       8    1288       8    1289       8    1290
       8    1291       8    1292       8    1293       8    1294       8    1295
       8    1296       8    1297       8    1298       8    1299       8    1300
       8    1301       8    1302       8    1303       8    1304       8    1305
       8    1306       8    1307       8    1308       8    1309       8    1310
       8    1311       8    1312       8    1313       8    1314       8    1315
       8    1316       8    1317       8    1318       8    1319       8    1320
       8    1321       8    1322       8    1323       8    1324       8    1325
       8    1326       8    1327       8    1328       8    1329       8    1330
       8    1331       8    1332       8    1333       8    1334       8    1335
       8    1336       8    1337       8    1338       8    1339       8    1340
       8    1341       8    1342       8    1343       8    1344       8    1345
       8    1346       8    1347       8    1348       8    1349       8    1350
       8    1351       8    1352       8    1353       8    1354       8    1355
       8    1356       8    1357       8    1358       8    1359       8    1360
       8    1361       8    1362       8    1363       8    1364       8    1365
       8    1366       8    1367       8    1368       8    1369       8    1370
       8    1371       8    1372       8    1373       8    1374       8    1375
       8    1376       8    1377       8    1378       8    1379       8    1380
       8    1381       8    1382       8    1383       8    1384       8    1385
       8    1386       8    1387       8    1388       8    1389       8    1390
       8    1391       8    1392       8    1393       8    1394       8    1395
       8    1396       8    1397       8    1398       8    1399       8    1400
       8    1401       8    1402       8    1403       8    1404       8    1405
       8    1406       8    1407       8    1408       8    1409       8    1410
       8    1411       8    1412       8    1413       8    1414       8    1415
       8    1416       8    1417       8    1418       8    1419       8    1420
       8    1421       8    1422       8    1423       8    1424       8    1425
       8    1426       8    1427       8    1428       8    1429       8    1430
       8    1431       8    1432       8    1433       8    1434       8    1435
       8    1436       8    1437       8    1438       8    1439       8    1440
       8    1441       8    1442       8    1443       8    1444       8    1445
       8    1446       8    1447       8    1448       8    1449       8    1450
       8    1451       8    1452       8    1453       8    1454       8    1455
       8    1456       8    1457       8    1458       8    1459       8    1460
       8    1461       8    1462       8    1463       8    1464       8    1465
       8    1466       8    1467       8    1468       8    1469       8    1470
       8    1471       8    1472       8    1473       8    1474       8    1475
       8    1476       8    1477       8    1478       8    1479       8    1480
       8    1481       8    1482       8    1483       8    1484       8    1485
       8    1486       8    1487       8    1488       8    1489       8    1490
       8    1491       8    1492       8    1493       8    1494       8    1495
       8    1496       8    1497       8    1498       8    1499       8    1500
       8    1501       8    1502       8    1503       8    1504       8    1505
       8    1506       8    1507       8    1508       8    1509       8    1510
       8    1511       8    1512       8    1513       8    1514       8    1515
       8    1516       8    1517       8    1518       8    1519       8    1520
       8    1521       8    1522       8    1523       8    1524       8    1525
       8    1526       8    1527       8    1528       8    1529       8    1530
       8    1531       8    1532       8    1533       8    1534       8    1535
       8    1536       8    1537       8    1538       8    1539       8    1540
       8    1541       8    1542       8    1543       8    1544       8    1545
       8    1546       8    1547       8    1548       8    1549       8    1550
       8    1551       8    1552       8    1553       8    1554       8    1555
       8    1556       8    1557       8    1558       8    1559       8    1560
       8    1561       8    1562       8    1563       8    1564       8    1565
       8    1566       8    1567       8    1568       8    1569       8    1570
       8    1571       8    1572       8    1573       8    1574       8    1575
       8    1576       8    1577       8    1578       8    1579       8    1580
       8    1581       8    1582       8    1583       8    1584       8    1585
       8    1586       8    1587       8    1588       8    1589       8    1590
       8    1591       8    1592       8    1593       8    1594       8    1595
       8    1596       8    1597       8    1598       8    1599       8    1600
       8    1601       8    1602       8    1603       8    1604       8    1605
       8    1606       8    1607       8    1608       8    1609       8    1610
       8    1611       8    1612       8    1613       8    1614       8    1615
       8    1616       8    1617       8    1618       8    1619       8    1620
       8    1621       8    1622       8    1623       8    1624       8    1625
       8    1626       8    1627       8    1628       8    1629       8    1630
       8    1631       8    1632       8    1633       8    1634       8    1635
       8    1636       8    1637       8    1638       8    1639       8    1640
       8    1641       8    1642       8    1643       8    1644       8    1645
       8    1646       8    1647       8    1648       8    1649       8    1650
       8    1651       8    1652       8    1653       8    1654       8    1655
       8    1656       8    1657       8    1658       8    1659       8    1660
       8    1661       8    1662       8    1663       8    1664       8    1665
       8    1666       8    1667       8    1668       8    1669       8    1670
       8    1671       8    1672       8    1673       8    1674       8    1675
       8    1676       8    1677       8    1678       8    1679       8    1680
       8    1681       8    1682       8    1683       8    1684       8    1685
       8    1686       8    1687       8    1688       8    1689       8    1690
       8    1691       8    1692       8    1693       8    1694       8    1695
       8    1696       8    1697       8    1698       8    1699       8    1700
       8    1701       8    1702       8    1703       8    1704       8    1705
       8    1706       8    1707       8    1708       8    1709       8    1710
       8    1711       8    1712       8    1713       8    1714       8    1715
       8    1716       8    1717       8    1718       8    1719       8    1720
       8    1721       8    1722       8    1723       8    1724       8    1725
       8    1726       8    1727       8    1728       8    1729       8    1730
       8    1731       8    1732       8    1733       8    1734       8    1735
       8    1736       8    1737       8    1738       8    1739       8    1740
       8    1741       8    1742       8    1743       8    1744       8    1745
       8    1746       8    1747       8    1748       8    1749       8    1750
       8    1751       8    1752       8    1753       8    1754       8    1755
       8    1756       8    1757       8    1758       8    1759       8    1760
       8    1761       8    1762       8    1763       8    1764       8    1765
       8    1766       8    1767       8    1768       8    1769       8    1770
       8    1771       8    1772       8    1773       8    1774       8    1775
       8    1776       8    1777       8    1778       8    1779       8    1780
       8    1781       8    1782       8    1783       8    1784       8    1785
       8    1786       8    1787       8    1788       8    1789       8    1790
       8    1791       8    1792       8    1793       8    1794       8    1795
       8    1796       8    1797       8    1798       8    1799       8    1800
       8    1801       8    1802       8    1803       8    1804       8    1805
       8    1806       8    1807       8    1808       8    1809       8    1810
       8    1811       8    1812       8    1813       8    1814       8    1815
       8    1816       8    1817       8    1818       8    1819       8    1820
       8    1821       8    1822       8    1823       8    1824       8    1825
       8    1826       8    1827       8    1828       8    1829       8    1830
       8    1831       8    1832       8    1833       8    1834       8    1835
       8    1836       8    1837       8    1838       8    1839       8    1840
       8    1841       8    1842       8    1843       8    1844       8    1845
       8    1846       8    1847       8    1848       8    1849       8    1850
       8    1851       8    1852       8    1853       8    1854       8    1855
       8    1856       8    1857       8    1858       8    1859       8    1860
       8    1861       8    1862       8    1863       8    1864       8    1865
       8    1866       8    1867       8    1868       8    1869       8    1870
       8    1871       8    1872       8    1873       8    1874       8    1875
       8    1876       8    1877       8    1878       8    1879       8    1880
       8    1881       8    1882       8    1883       8    1884       8    1885
       8    1886       8    1887       8    1888       8    1889       8    1890
       8    1891       8    1892       8    1893       8    1894       8    1895
       8    1896       8    1897       8    1898       8    1899       8    1900
       8    1901       8    1902       8    1903       8    1904       8    1905
       8    1906       8    1907       8    1908       8    1909       8    1910
       8    1911       8    1912       8    1913       8    1914       8    1915
       8    1916       8    1917       8    1918       8    1919       8    1920
       8    1921       8    1922       8    1923       8    1924       8    1925
       8    1926       8    1927       8    1928       8    1929       8    1930
       8    1931       8    1932       8    1933       8    1934       8    1935
       8    1936       8    1937       8    1938       8    1939       8    1940
       8    1941       8    1942       8    1943       8    1944       8    1945
       8    1946       8    1947       8    1948       8    1949       8    1950
       8    1951       8    1952       8    1953       8    1954       8    1955
       8    1956       8    1957       8    1958       8    1959       8    1960
       8    1961       8    1962       8    1963       8    1964       8    1965
       8    1966       8    1967       8    1968       8    1969       8    1970
       8    1971       8    1972       8    1973       8    1974       8    1975
       8    1976       8    1977       8    1978       8    1979       8    1980
       8    1981       8    1982       8    1983       8    1984       8    1985
       8    1986       8    1987       8    1988       8    1989       8    1990
       8    1991       8    1992       8    1993       8    1994       8    1995
       8    1996       8    1997       8    1998       8    1999       8    2000
21       2      40       5
FLOATER_1_2 
       6    2101       6    2102       6    2103       6    2104       6    2105
       6    2106       6    2107       6    2108       6    2109       6    2110
       6    2111       6    2112       6    2113       6    2114       6    2115
       6    2116       6    2117       6    2118       6    2119       6    2120
21       3      40       5
FLOATER_1_3 
       6    2141       6    2142       6    2143       6    2144       6    2145
       6    2146       6    2147       6    2148       6    2149       6    2150
       6    2151       6    2152       6    2153       6    2154       6    2155
       6    2156       6    2157       6    2158       6    2159       6    2160
21       4      40       5
FLOATER_1_4 
       6    2181       6    2182       6    2183       6    2184       6    2185
       6    2186       6    2187       6    2188       6    2189       6    2190
       6    2191       6    2192       6    2193       6    2194       6    2195
       6    2196       6    2197       6    2198       6    2199       6    2200
21       5      40       5
FLOATER_1_5 
       6    2221       6    2222       6    2223       6    2224       6    2225
       6    2226       6    2227       6    2228       6    2229       6    2230
       6    2231       6    2232       6    2233       6    2234       6    2235
       6    2236       6    2237       6    2238       6    2239       6    2240
99       0       0       1
