25       0       0       1
ICEM - POLYFLOW INTERFACE - Version 15.0.3 - "LengthUnitForPfl=_meter_"
26       0       0       1    1442    1640
23-Apr-26   13:57:27     2.4
 1       1       0       2
-0.500000000E+01-0.500000000E+01-0.100000000E+02
 
 1       2       0       2
-0.500000000E+01 0.500000000E+01-0.100000000E+02
 
 1       3       0       2
-0.500000000E+01-0.500000000E+01 0.000000000E+00
 
 1       4       0       2
-0.500000000E+01 0.500000000E+01 0.000000000E+00
 
 1       5       0       2
 0.500000000E+01 0.500000000E+01-0.100000000E+02
 
 1       6       0       2
 0.500000000E+01 0.500000000E+01 0.000000000E+00
 
 1       7       0       2
 0.500000000E+01-0.500000000E+01 0.000000000E+00
 
 1       8       0       2
 0.500000000E+01-0.500000000E+01-0.100000000E+02
 
 1       9       0       2
 0.151122198E+02-0.151122198E+02 0.000000000E+00
 
 1      10       0       2
 0.151122198E+02 0.151122198E+02 0.000000000E+00
 
 1      11       0       2
-0.151122198E+02-0.151122198E+02 0.000000000E+00
 
 1      12       0       2
-0.151122198E+02 0.151122198E+02 0.000000000E+00
 
 1      13       0       2
-0.500000000E+01-0.400000000E+01-0.100000000E+02
 
 1      14       0       2
-0.500000000E+01-0.300000000E+01-0.100000000E+02
 
 1      15       0       2
-0.500000000E+01-0.200000000E+01-0.100000000E+02
 
 1      16       0       2
-0.500000000E+01-0.100000000E+01-0.100000000E+02
 
 1      17       0       2
-0.500000000E+01 0.000000000E+00-0.100000000E+02
 
 1      18       0       2
-0.500000000E+01 0.100000000E+01-0.100000000E+02
 
 1      19       0       2
-0.500000000E+01 0.200000000E+01-0.100000000E+02
 
 1      20       0       2
-0.500000000E+01 0.300000000E+01-0.100000000E+02
 
 1      21       0       2
-0.500000000E+01 0.400000000E+01-0.100000000E+02
 
 1      22       0       2
-0.500000000E+01-0.500000000E+01-0.900000000E+01
 
 1      23       0       2
-0.500000000E+01-0.500000000E+01-0.800000000E+01
 
 1      24       0       2
-0.500000000E+01-0.500000000E+01-0.700000000E+01
 
 1      25       0       2
-0.500000000E+01-0.500000000E+01-0.600000000E+01
 
 1      26       0       2
-0.500000000E+01-0.500000000E+01-0.500000000E+01
 
 1      27       0       2
-0.500000000E+01-0.500000000E+01-0.400000000E+01
 
 1      28       0       2
-0.500000000E+01-0.500000000E+01-0.300000000E+01
 
 1      29       0       2
-0.500000000E+01-0.500000000E+01-0.200000000E+01
 
 1      30       0       2
-0.500000000E+01-0.500000000E+01-0.100000000E+01
 
 1      31       0       2
-0.500000000E+01 0.500000000E+01-0.900000000E+01
 
 1      32       0       2
-0.500000000E+01 0.500000000E+01-0.800000000E+01
 
 1      33       0       2
-0.500000000E+01 0.500000000E+01-0.700000000E+01
 
 1      34       0       2
-0.500000000E+01 0.500000000E+01-0.600000000E+01
 
 1      35       0       2
-0.500000000E+01 0.500000000E+01-0.500000000E+01
 
 1      36       0       2
-0.500000000E+01 0.500000000E+01-0.400000000E+01
 
 1      37       0       2
-0.500000000E+01 0.500000000E+01-0.300000000E+01
 
 1      38       0       2
-0.500000000E+01 0.500000000E+01-0.200000000E+01
 
 1      39       0       2
-0.500000000E+01 0.500000000E+01-0.100000000E+01
 
 1      40       0       2
-0.500000000E+01-0.400000000E+01 0.000000000E+00
 
 1      41       0       2
-0.500000000E+01-0.300000000E+01 0.000000000E+00
 
 1      42       0       2
-0.500000000E+01-0.200000000E+01 0.000000000E+00
 
 1      43       0       2
-0.500000000E+01-0.100000000E+01 0.000000000E+00
 
 1      44       0       2
-0.500000000E+01 0.000000000E+00 0.000000000E+00
 
 1      45       0       2
-0.500000000E+01 0.100000000E+01 0.000000000E+00
 
 1      46       0       2
-0.500000000E+01 0.200000000E+01 0.000000000E+00
 
 1      47       0       2
-0.500000000E+01 0.300000000E+01 0.000000000E+00
 
 1      48       0       2
-0.500000000E+01 0.400000000E+01 0.000000000E+00
 
 1      49       0       2
-0.400000000E+01 0.500000000E+01-0.100000000E+02
 
 1      50       0       2
-0.300000000E+01 0.500000000E+01-0.100000000E+02
 
 1      51       0       2
-0.200000000E+01 0.500000000E+01-0.100000000E+02
 
 1      52       0       2
-0.100000000E+01 0.500000000E+01-0.100000000E+02
 
 1      53       0       2
 0.000000000E+00 0.500000000E+01-0.100000000E+02
 
 1      54       0       2
 0.100000000E+01 0.500000000E+01-0.100000000E+02
 
 1      55       0       2
 0.200000000E+01 0.500000000E+01-0.100000000E+02
 
 1      56       0       2
 0.300000000E+01 0.500000000E+01-0.100000000E+02
 
 1      57       0       2
 0.400000000E+01 0.500000000E+01-0.100000000E+02
 
 1      58       0       2
 0.500000000E+01 0.500000000E+01-0.900000000E+01
 
 1      59       0       2
 0.500000000E+01 0.500000000E+01-0.800000000E+01
 
 1      60       0       2
 0.500000000E+01 0.500000000E+01-0.700000000E+01
 
 1      61       0       2
 0.500000000E+01 0.500000000E+01-0.600000000E+01
 
 1      62       0       2
 0.500000000E+01 0.500000000E+01-0.500000000E+01
 
 1      63       0       2
 0.500000000E+01 0.500000000E+01-0.400000000E+01
 
 1      64       0       2
 0.500000000E+01 0.500000000E+01-0.300000000E+01
 
 1      65       0       2
 0.500000000E+01 0.500000000E+01-0.200000000E+01
 
 1      66       0       2
 0.500000000E+01 0.500000000E+01-0.100000000E+01
 
 1      67       0       2
 0.400000000E+01 0.500000000E+01 0.000000000E+00
 
 1      68       0       2
 0.300000000E+01 0.500000000E+01 0.000000000E+00
 
 1      69       0       2
 0.200000000E+01 0.500000000E+01 0.000000000E+00
 
 1      70       0       2
 0.100000000E+01 0.500000000E+01 0.000000000E+00
 
 1      71       0       2
 0.000000000E+00 0.500000000E+01 0.000000000E+00
 
 1      72       0       2
-0.100000000E+01 0.500000000E+01 0.000000000E+00
 
 1      73       0       2
-0.200000000E+01 0.500000000E+01 0.000000000E+00
 
 1      74       0       2
-0.300000000E+01 0.500000000E+01 0.000000000E+00
 
 1      75       0       2
-0.400000000E+01 0.500000000E+01 0.000000000E+00
 
 1      76       0       2
 0.500000000E+01 0.400000000E+01 0.000000000E+00
 
 1      77       0       2
 0.500000000E+01 0.300000000E+01 0.000000000E+00
 
 1      78       0       2
 0.500000000E+01 0.200000000E+01 0.000000000E+00
 
 1      79       0       2
 0.500000000E+01 0.100000000E+01 0.000000000E+00
 
 1      80       0       2
 0.500000000E+01 0.000000000E+00 0.000000000E+00
 
 1      81       0       2
 0.500000000E+01-0.100000000E+01 0.000000000E+00
 
 1      82       0       2
 0.500000000E+01-0.200000000E+01 0.000000000E+00
 
 1      83       0       2
 0.500000000E+01-0.300000000E+01 0.000000000E+00
 
 1      84       0       2
 0.500000000E+01-0.400000000E+01 0.000000000E+00
 
 1      85       0       2
 0.400000000E+01-0.500000000E+01 0.000000000E+00
 
 1      86       0       2
 0.300000000E+01-0.500000000E+01 0.000000000E+00
 
 1      87       0       2
 0.200000000E+01-0.500000000E+01 0.000000000E+00
 
 1      88       0       2
 0.100000000E+01-0.500000000E+01 0.000000000E+00
 
 1      89       0       2
 0.000000000E+00-0.500000000E+01 0.000000000E+00
 
 1      90       0       2
-0.100000000E+01-0.500000000E+01 0.000000000E+00
 
 1      91       0       2
-0.200000000E+01-0.500000000E+01 0.000000000E+00
 
 1      92       0       2
-0.300000000E+01-0.500000000E+01 0.000000000E+00
 
 1      93       0       2
-0.400000000E+01-0.500000000E+01 0.000000000E+00
 
 1      94       0       2
-0.400000000E+01-0.500000000E+01-0.100000000E+02
 
 1      95       0       2
-0.300000000E+01-0.500000000E+01-0.100000000E+02
 
 1      96       0       2
-0.200000000E+01-0.500000000E+01-0.100000000E+02
 
 1      97       0       2
-0.100000000E+01-0.500000000E+01-0.100000000E+02
 
 1      98       0       2
 0.000000000E+00-0.500000000E+01-0.100000000E+02
 
 1      99       0       2
 0.100000000E+01-0.500000000E+01-0.100000000E+02
 
 1     100       0       2
 0.200000000E+01-0.500000000E+01-0.100000000E+02
 
 1     101       0       2
 0.300000000E+01-0.500000000E+01-0.100000000E+02
 
 1     102       0       2
 0.400000000E+01-0.500000000E+01-0.100000000E+02
 
 1     103       0       2
 0.500000000E+01-0.500000000E+01-0.900000000E+01
 
 1     104       0       2
 0.500000000E+01-0.500000000E+01-0.800000000E+01
 
 1     105       0       2
 0.500000000E+01-0.500000000E+01-0.700000000E+01
 
 1     106       0       2
 0.500000000E+01-0.500000000E+01-0.600000000E+01
 
 1     107       0       2
 0.500000000E+01-0.500000000E+01-0.500000000E+01
 
 1     108       0       2
 0.500000000E+01-0.500000000E+01-0.400000000E+01
 
 1     109       0       2
 0.500000000E+01-0.500000000E+01-0.300000000E+01
 
 1     110       0       2
 0.500000000E+01-0.500000000E+01-0.200000000E+01
 
 1     111       0       2
 0.500000000E+01-0.500000000E+01-0.100000000E+01
 
 1     112       0       2
 0.500000000E+01-0.400000000E+01-0.100000000E+02
 
 1     113       0       2
 0.500000000E+01-0.300000000E+01-0.100000000E+02
 
 1     114       0       2
 0.500000000E+01-0.200000000E+01-0.100000000E+02
 
 1     115       0       2
 0.500000000E+01-0.100000000E+01-0.100000000E+02
 
 1     116       0       2
 0.500000000E+01 0.000000000E+00-0.100000000E+02
 
 1     117       0       2
 0.500000000E+01 0.100000000E+01-0.100000000E+02
 
 1     118       0       2
 0.500000000E+01 0.200000000E+01-0.100000000E+02
 
 1     119       0       2
 0.500000000E+01 0.300000000E+01-0.100000000E+02
 
 1     120       0       2
 0.500000000E+01 0.400000000E+01-0.100000000E+02
 
 1     121       0       2
 0.151122198E+02-0.141047392E+02 0.000000000E+00
 
 1     122       0       2
 0.151122198E+02-0.130972576E+02 0.000000000E+00
 
 1     123       0       2
 0.151122198E+02-0.120897760E+02 0.000000000E+00
 
 1     124       0       2
 0.151122198E+02-0.110822945E+02 0.000000000E+00
 
 1     125       0       2
 0.151122198E+02-0.100748138E+02 0.000000000E+00
 
 1     126       0       2
 0.151122198E+02-0.906733227E+01 0.000000000E+00
 
 1     127       0       2
 0.151122198E+02-0.805985069E+01 0.000000000E+00
 
 1     128       0       2
 0.151122198E+02-0.705236959E+01 0.000000000E+00
 
 1     129       0       2
 0.151122198E+02-0.604488802E+01 0.000000000E+00
 
 1     130       0       2
 0.151122198E+02-0.503740692E+01 0.000000000E+00
 
 1     131       0       2
 0.151122198E+02-0.402992535E+01 0.000000000E+00
 
 1     132       0       2
 0.151122198E+02-0.302244401E+01 0.000000000E+00
 
 1     133       0       2
 0.151122198E+02-0.201496267E+01 0.000000000E+00
 
 1     134       0       2
 0.151122198E+02-0.100748134E+01 0.000000000E+00
 
 1     135       0       2
 0.151122198E+02 0.000000000E+00 0.000000000E+00
 
 1     136       0       2
 0.151122198E+02 0.100748134E+01 0.000000000E+00
 
 1     137       0       2
 0.151122198E+02 0.201496267E+01 0.000000000E+00
 
 1     138       0       2
 0.151122198E+02 0.302244401E+01 0.000000000E+00
 
 1     139       0       2
 0.151122198E+02 0.402992535E+01 0.000000000E+00
 
 1     140       0       2
 0.151122198E+02 0.503740692E+01 0.000000000E+00
 
 1     141       0       2
 0.151122198E+02 0.604488802E+01 0.000000000E+00
 
 1     142       0       2
 0.151122198E+02 0.705236959E+01 0.000000000E+00
 
 1     143       0       2
 0.151122198E+02 0.805985069E+01 0.000000000E+00
 
 1     144       0       2
 0.151122198E+02 0.906733227E+01 0.000000000E+00
 
 1     145       0       2
 0.151122198E+02 0.100748138E+02 0.000000000E+00
 
 1     146       0       2
 0.151122198E+02 0.110822945E+02 0.000000000E+00
 
 1     147       0       2
 0.151122198E+02 0.120897760E+02 0.000000000E+00
 
 1     148       0       2
 0.151122198E+02 0.130972576E+02 0.000000000E+00
 
 1     149       0       2
 0.151122198E+02 0.141047392E+02 0.000000000E+00
 
 1     150       0       2
 0.141047392E+02-0.151122198E+02 0.000000000E+00
 
 1     151       0       2
 0.130972576E+02-0.151122198E+02 0.000000000E+00
 
 1     152       0       2
 0.120897760E+02-0.151122198E+02 0.000000000E+00
 
 1     153       0       2
 0.110822945E+02-0.151122198E+02 0.000000000E+00
 
 1     154       0       2
 0.100748138E+02-0.151122198E+02 0.000000000E+00
 
 1     155       0       2
 0.906733227E+01-0.151122198E+02 0.000000000E+00
 
 1     156       0       2
 0.805985069E+01-0.151122198E+02 0.000000000E+00
 
 1     157       0       2
 0.705236959E+01-0.151122198E+02 0.000000000E+00
 
 1     158       0       2
 0.604488802E+01-0.151122198E+02 0.000000000E+00
 
 1     159       0       2
 0.503740692E+01-0.151122198E+02 0.000000000E+00
 
 1     160       0       2
 0.402992535E+01-0.151122198E+02 0.000000000E+00
 
 1     161       0       2
 0.302244401E+01-0.151122198E+02 0.000000000E+00
 
 1     162       0       2
 0.201496267E+01-0.151122198E+02 0.000000000E+00
 
 1     163       0       2
 0.100748134E+01-0.151122198E+02 0.000000000E+00
 
 1     164       0       2
-0.177635684E-14-0.151122198E+02 0.000000000E+00
 
 1     165       0       2
-0.100748134E+01-0.151122198E+02 0.000000000E+00
 
 1     166       0       2
-0.201496267E+01-0.151122198E+02 0.000000000E+00
 
 1     167       0       2
-0.302244401E+01-0.151122198E+02 0.000000000E+00
 
 1     168       0       2
-0.402992535E+01-0.151122198E+02 0.000000000E+00
 
 1     169       0       2
-0.503740692E+01-0.151122198E+02 0.000000000E+00
 
 1     170       0       2
-0.604488802E+01-0.151122198E+02 0.000000000E+00
 
 1     171       0       2
-0.705236959E+01-0.151122198E+02 0.000000000E+00
 
 1     172       0       2
-0.805985069E+01-0.151122198E+02 0.000000000E+00
 
 1     173       0       2
-0.906733227E+01-0.151122198E+02 0.000000000E+00
 
 1     174       0       2
-0.100748138E+02-0.151122198E+02 0.000000000E+00
 
 1     175       0       2
-0.110822945E+02-0.151122198E+02 0.000000000E+00
 
 1     176       0       2
-0.120897760E+02-0.151122198E+02 0.000000000E+00
 
 1     177       0       2
-0.130972576E+02-0.151122198E+02 0.000000000E+00
 
 1     178       0       2
-0.141047392E+02-0.151122198E+02 0.000000000E+00
 
 1     179       0       2
 0.141047392E+02 0.151122198E+02 0.000000000E+00
 
 1     180       0       2
 0.130972576E+02 0.151122198E+02 0.000000000E+00
 
 1     181       0       2
 0.120897760E+02 0.151122198E+02 0.000000000E+00
 
 1     182       0       2
 0.110822945E+02 0.151122198E+02 0.000000000E+00
 
 1     183       0       2
 0.100748138E+02 0.151122198E+02 0.000000000E+00
 
 1     184       0       2
 0.906733227E+01 0.151122198E+02 0.000000000E+00
 
 1     185       0       2
 0.805985069E+01 0.151122198E+02 0.000000000E+00
 
 1     186       0       2
 0.705236959E+01 0.151122198E+02 0.000000000E+00
 
 1     187       0       2
 0.604488802E+01 0.151122198E+02 0.000000000E+00
 
 1     188       0       2
 0.503740692E+01 0.151122198E+02 0.000000000E+00
 
 1     189       0       2
 0.402992535E+01 0.151122198E+02 0.000000000E+00
 
 1     190       0       2
 0.302244401E+01 0.151122198E+02 0.000000000E+00
 
 1     191       0       2
 0.201496267E+01 0.151122198E+02 0.000000000E+00
 
 1     192       0       2
 0.100748134E+01 0.151122198E+02 0.000000000E+00
 
 1     193       0       2
 0.000000000E+00 0.151122198E+02 0.000000000E+00
 
 1     194       0       2
-0.100748134E+01 0.151122198E+02 0.000000000E+00
 
 1     195       0       2
-0.201496267E+01 0.151122198E+02 0.000000000E+00
 
 1     196       0       2
-0.302244401E+01 0.151122198E+02 0.000000000E+00
 
 1     197       0       2
-0.402992535E+01 0.151122198E+02 0.000000000E+00
 
 1     198       0       2
-0.503740692E+01 0.151122198E+02 0.000000000E+00
 
 1     199       0       2
-0.604488802E+01 0.151122198E+02 0.000000000E+00
 
 1     200       0       2
-0.705236959E+01 0.151122198E+02 0.000000000E+00
 
 1     201       0       2
-0.805985069E+01 0.151122198E+02 0.000000000E+00
 
 1     202       0       2
-0.906733227E+01 0.151122198E+02 0.000000000E+00
 
 1     203       0       2
-0.100748138E+02 0.151122198E+02 0.000000000E+00
 
 1     204       0       2
-0.110822945E+02 0.151122198E+02 0.000000000E+00
 
 1     205       0       2
-0.120897760E+02 0.151122198E+02 0.000000000E+00
 
 1     206       0       2
-0.130972576E+02 0.151122198E+02 0.000000000E+00
 
 1     207       0       2
-0.141047392E+02 0.151122198E+02 0.000000000E+00
 
 1     208       0       2
-0.151122198E+02 0.141047392E+02 0.000000000E+00
 
 1     209       0       2
-0.151122198E+02 0.130972576E+02 0.000000000E+00
 
 1     210       0       2
-0.151122198E+02 0.120897760E+02 0.000000000E+00
 
 1     211       0       2
-0.151122198E+02 0.110822945E+02 0.000000000E+00
 
 1     212       0       2
-0.151122198E+02 0.100748138E+02 0.000000000E+00
 
 1     213       0       2
-0.151122198E+02 0.906733227E+01 0.000000000E+00
 
 1     214       0       2
-0.151122198E+02 0.805985069E+01 0.000000000E+00
 
 1     215       0       2
-0.151122198E+02 0.705236959E+01 0.000000000E+00
 
 1     216       0       2
-0.151122198E+02 0.604488802E+01 0.000000000E+00
 
 1     217       0       2
-0.151122198E+02 0.503740692E+01 0.000000000E+00
 
 1     218       0       2
-0.151122198E+02 0.402992535E+01 0.000000000E+00
 
 1     219       0       2
-0.151122198E+02 0.302244401E+01 0.000000000E+00
 
 1     220       0       2
-0.151122198E+02 0.201496267E+01 0.000000000E+00
 
 1     221       0       2
-0.151122198E+02 0.100748134E+01 0.000000000E+00
 
 1     222       0       2
-0.151122198E+02 0.000000000E+00 0.000000000E+00
 
 1     223       0       2
-0.151122198E+02-0.100748134E+01 0.000000000E+00
 
 1     224       0       2
-0.151122198E+02-0.201496267E+01 0.000000000E+00
 
 1     225       0       2
-0.151122198E+02-0.302244401E+01 0.000000000E+00
 
 1     226       0       2
-0.151122198E+02-0.402992535E+01 0.000000000E+00
 
 1     227       0       2
-0.151122198E+02-0.503740692E+01 0.000000000E+00
 
 1     228       0       2
-0.151122198E+02-0.604488802E+01 0.000000000E+00
 
 1     229       0       2
-0.151122198E+02-0.705236959E+01 0.000000000E+00
 
 1     230       0       2
-0.151122198E+02-0.805985069E+01 0.000000000E+00
 
 1     231       0       2
-0.151122198E+02-0.906733227E+01 0.000000000E+00
 
 1     232       0       2
-0.151122198E+02-0.100748138E+02 0.000000000E+00
 
 1     233       0       2
-0.151122198E+02-0.110822945E+02 0.000000000E+00
 
 1     234       0       2
-0.151122198E+02-0.120897760E+02 0.000000000E+00
 
 1     235       0       2
-0.151122198E+02-0.130972576E+02 0.000000000E+00
 
 1     236       0       2
-0.151122198E+02-0.141047392E+02 0.000000000E+00
 
 1     237       0       2
-0.500000000E+01 0.375856757E-18-0.600000000E+01
 
 1     238       0       2
-0.500000000E+01 0.100000000E+01-0.500000000E+01
 
 1     239       0       2
-0.500000000E+01 0.000000000E+00-0.400000000E+01
 
 1     240       0       2
-0.500000000E+01-0.100000000E+01-0.500000000E+01
 
 1     241       0       2
-0.500000000E+01-0.100000000E+01-0.600000000E+01
 
 1     242       0       2
-0.500000000E+01 0.100000000E+01-0.600000000E+01
 
 1     243       0       2
-0.500000000E+01 0.100000000E+01-0.400000000E+01
 
 1     244       0       2
-0.500000000E+01-0.100000000E+01-0.400000000E+01
 
 1     245       0       2
-0.500000000E+01-0.200000000E+01-0.600000000E+01
 
 1     246       0       2
-0.500000000E+01-0.310804611E-18-0.700000000E+01
 
 1     247       0       2
-0.500000000E+01 0.100000000E+01-0.700000000E+01
 
 1     248       0       2
-0.500000000E+01 0.200000000E+01-0.500000000E+01
 
 1     249       0       2
-0.500000000E+01 0.200000000E+01-0.400000000E+01
 
 1     250       0       2
-0.500000000E+01 0.724506075E-17-0.300000000E+01
 
 1     251       0       2
-0.500000000E+01-0.100000000E+01-0.300000000E+01
 
 1     252       0       2
-0.500000000E+01-0.200000000E+01-0.500000000E+01
 
 1     253       0       2
-0.500000000E+01-0.200000000E+01-0.700000000E+01
 
 1     254       0       2
-0.500000000E+01 0.200000000E+01-0.700000000E+01
 
 1     255       0       2
-0.500000000E+01 0.200000000E+01-0.300000000E+01
 
 1     256       0       2
-0.500000000E+01-0.621609234E-19-0.800000000E+01
 
 1     257       0       2
-0.500000000E+01-0.200000000E+01-0.800000000E+01
 
 1     258       0       2
-0.500000000E+01 0.300000000E+01-0.700000000E+01
 
 1     259       0       2
-0.500000000E+01 0.200000000E+01-0.800000000E+01
 
 1     260       0       2
-0.500000000E+01 0.300000000E+01-0.500000000E+01
 
 1     261       0       2
-0.500000000E+01 0.200000000E+01-0.200000000E+01
 
 1     262       0       2
-0.500000000E+01 0.300000000E+01-0.300000000E+01
 
 1     263       0       2
-0.500000000E+01 0.100000000E+01-0.200000000E+01
 
 1     264       0       2
-0.500000000E+01 0.156932923E-17-0.200000000E+01
 
 1     265       0       2
-0.500000000E+01-0.300000000E+01-0.300000000E+01
 
 1     266       0       2
-0.500000000E+01-0.100000000E+01-0.200000000E+01
 
 1     267       0       2
-0.500000000E+01-0.300000000E+01-0.400000000E+01
 
 1     268       0       2
-0.500000000E+01-0.300000000E+01-0.500000000E+01
 
 1     269       0       2
-0.500000000E+01-0.300000000E+01-0.600000000E+01
 
 1     270       0       2
-0.500000000E+01-0.300000000E+01-0.700000000E+01
 
 1     271       0       2
-0.500000000E+01-0.300000000E+01-0.800000000E+01
 
 1     272       0       2
-0.500000000E+01 0.300000000E+01-0.800000000E+01
 
 1     273       0       2
-0.500000000E+01 0.300000000E+01-0.200000000E+01
 
 1     274       0       2
-0.500000000E+01-0.300000000E+01-0.200000000E+01
 
 1     275       0       2
-0.500000000E+01-0.300000000E+01-0.900000000E+01
 
 1     276       0       2
-0.500000000E+01-0.200000000E+01-0.900000000E+01
 
 1     277       0       2
-0.500000000E+01-0.100000000E+01-0.900000000E+01
 
 1     278       0       2
-0.500000000E+01-0.124321845E-19-0.900000000E+01
 
 1     279       0       2
-0.500000000E+01 0.100000000E+01-0.900000000E+01
 
 1     280       0       2
-0.500000000E+01 0.200000000E+01-0.900000000E+01
 
 1     281       0       2
-0.500000000E+01 0.300000000E+01-0.900000000E+01
 
 1     282       0       2
-0.500000000E+01 0.400000000E+01-0.900000000E+01
 
 1     283       0       2
-0.500000000E+01 0.400000000E+01-0.800000000E+01
 
 1     284       0       2
-0.500000000E+01 0.400000000E+01-0.700000000E+01
 
 1     285       0       2
-0.500000000E+01 0.400000000E+01-0.600000000E+01
 
 1     286       0       2
-0.500000000E+01 0.400000000E+01-0.500000000E+01
 
 1     287       0       2
-0.500000000E+01 0.400000000E+01-0.400000000E+01
 
 1     288       0       2
-0.500000000E+01 0.400000000E+01-0.300000000E+01
 
 1     289       0       2
-0.500000000E+01 0.400000000E+01-0.200000000E+01
 
 1     290       0       2
-0.500000000E+01 0.400000000E+01-0.100000000E+01
 
 1     291       0       2
-0.500000000E+01 0.300000000E+01-0.100000000E+01
 
 1     292       0       2
-0.500000000E+01 0.200000000E+01-0.100000000E+01
 
 1     293       0       2
-0.500000000E+01 0.100000000E+01-0.100000000E+01
 
 1     294       0       2
-0.500000000E+01 0.313865825E-18-0.100000000E+01
 
 1     295       0       2
-0.500000000E+01-0.100000000E+01-0.100000000E+01
 
 1     296       0       2
-0.500000000E+01-0.200000000E+01-0.100000000E+01
 
 1     297       0       2
-0.500000000E+01-0.300000000E+01-0.100000000E+01
 
 1     298       0       2
-0.500000000E+01-0.400000000E+01-0.100000000E+01
 
 1     299       0       2
-0.500000000E+01-0.400000000E+01-0.200000000E+01
 
 1     300       0       2
-0.500000000E+01-0.400000000E+01-0.300000000E+01
 
 1     301       0       2
-0.500000000E+01-0.400000000E+01-0.400000000E+01
 
 1     302       0       2
-0.500000000E+01-0.400000000E+01-0.500000000E+01
 
 1     303       0       2
-0.500000000E+01-0.400000000E+01-0.600000000E+01
 
 1     304       0       2
-0.500000000E+01-0.400000000E+01-0.700000000E+01
 
 1     305       0       2
-0.500000000E+01-0.400000000E+01-0.800000000E+01
 
 1     306       0       2
-0.500000000E+01-0.400000000E+01-0.900000000E+01
 
 1     307       0       2
-0.500000000E+01-0.100000000E+01-0.800000000E+01
 
 1     308       0       2
-0.500000000E+01-0.100000000E+01-0.700000000E+01
 
 1     309       0       2
-0.500000000E+01-0.200000000E+01-0.300000000E+01
 
 1     310       0       2
-0.500000000E+01 0.300000000E+01-0.600000000E+01
 
 1     311       0       2
-0.500000000E+01-0.200000000E+01-0.200000000E+01
 
 1     312       0       2
-0.500000000E+01-0.200000000E+01-0.400000000E+01
 
 1     313       0       2
-0.500000000E+01 0.100000000E+01-0.800000000E+01
 
 1     314       0       2
-0.500000000E+01 0.300000000E+01-0.400000000E+01
 
 1     315       0       2
-0.500000000E+01 0.100000000E+01-0.300000000E+01
 
 1     316       0       2
-0.500000000E+01 0.200000000E+01-0.600000000E+01
 
 1     317       0       2
-0.500000000E+01 0.751713500E-19-0.500000000E+01
 
 1     318       0       2
-0.254426115E-17 0.500000000E+01-0.600000000E+01
 
 1     319       0       2
 0.100000000E+01 0.500000000E+01-0.500000000E+01
 
 1     320       0       2
 0.000000000E+00 0.500000000E+01-0.400000000E+01
 
 1     321       0       2
-0.100000000E+01 0.500000000E+01-0.500000000E+01
 
 1     322       0       2
-0.100000000E+01 0.500000000E+01-0.600000000E+01
 
 1     323       0       2
 0.100000000E+01 0.500000000E+01-0.600000000E+01
 
 1     324       0       2
 0.100000000E+01 0.500000000E+01-0.400000000E+01
 
 1     325       0       2
-0.100000000E+01 0.500000000E+01-0.400000000E+01
 
 1     326       0       2
-0.200000000E+01 0.500000000E+01-0.600000000E+01
 
 1     327       0       2
-0.154679507E-17 0.500000000E+01-0.700000000E+01
 
 1     328       0       2
 0.100000000E+01 0.500000000E+01-0.700000000E+01
 
 1     329       0       2
 0.200000000E+01 0.500000000E+01-0.500000000E+01
 
 1     330       0       2
 0.200000000E+01 0.500000000E+01-0.400000000E+01
 
 1     331       0       2
 0.531643714E-18 0.500000000E+01-0.300000000E+01
 
 1     332       0       2
-0.100000000E+01 0.500000000E+01-0.300000000E+01
 
 1     333       0       2
-0.200000000E+01 0.500000000E+01-0.500000000E+01
 
 1     334       0       2
-0.200000000E+01 0.500000000E+01-0.700000000E+01
 
 1     335       0       2
 0.200000000E+01 0.500000000E+01-0.700000000E+01
 
 1     336       0       2
 0.200000000E+01 0.500000000E+01-0.300000000E+01
 
 1     337       0       2
-0.200000000E+01 0.500000000E+01-0.300000000E+01
 
 1     338       0       2
-0.336257217E-18 0.500000000E+01-0.800000000E+01
 
 1     339       0       2
-0.200000000E+01 0.500000000E+01-0.800000000E+01
 
 1     340       0       2
 0.300000000E+01 0.500000000E+01-0.700000000E+01
 
 1     341       0       2
 0.200000000E+01 0.500000000E+01-0.800000000E+01
 
 1     342       0       2
 0.300000000E+01 0.500000000E+01-0.500000000E+01
 
 1     343       0       2
 0.200000000E+01 0.500000000E+01-0.200000000E+01
 
 1     344       0       2
 0.300000000E+01 0.500000000E+01-0.300000000E+01
 
 1     345       0       2
 0.106328749E-18 0.500000000E+01-0.200000000E+01
 
 1     346       0       2
-0.300000000E+01 0.500000000E+01-0.300000000E+01
 
 1     347       0       2
-0.100000000E+01 0.500000000E+01-0.200000000E+01
 
 1     348       0       2
-0.200000000E+01 0.500000000E+01-0.200000000E+01
 
 1     349       0       2
-0.300000000E+01 0.500000000E+01-0.500000000E+01
 
 1     350       0       2
-0.300000000E+01 0.500000000E+01-0.700000000E+01
 
 1     351       0       2
-0.300000000E+01 0.500000000E+01-0.800000000E+01
 
 1     352       0       2
 0.300000000E+01 0.500000000E+01-0.800000000E+01
 
 1     353       0       2
 0.300000000E+01 0.500000000E+01-0.200000000E+01
 
 1     354       0       2
-0.300000000E+01 0.500000000E+01-0.200000000E+01
 
 1     355       0       2
-0.300000000E+01 0.500000000E+01-0.900000000E+01
 
 1     356       0       2
-0.200000000E+01 0.500000000E+01-0.900000000E+01
 
 1     357       0       2
-0.100000000E+01 0.500000000E+01-0.900000000E+01
 
 1     358       0       2
-0.672514446E-19 0.500000000E+01-0.900000000E+01
 
 1     359       0       2
 0.100000000E+01 0.500000000E+01-0.900000000E+01
 
 1     360       0       2
 0.200000000E+01 0.500000000E+01-0.900000000E+01
 
 1     361       0       2
 0.300000000E+01 0.500000000E+01-0.900000000E+01
 
 1     362       0       2
 0.400000000E+01 0.500000000E+01-0.900000000E+01
 
 1     363       0       2
 0.400000000E+01 0.500000000E+01-0.800000000E+01
 
 1     364       0       2
 0.400000000E+01 0.500000000E+01-0.700000000E+01
 
 1     365       0       2
 0.400000000E+01 0.500000000E+01-0.600000000E+01
 
 1     366       0       2
 0.400000000E+01 0.500000000E+01-0.500000000E+01
 
 1     367       0       2
 0.400000000E+01 0.500000000E+01-0.400000000E+01
 
 1     368       0       2
 0.400000000E+01 0.500000000E+01-0.300000000E+01
 
 1     369       0       2
 0.400000000E+01 0.500000000E+01-0.200000000E+01
 
 1     370       0       2
 0.400000000E+01 0.500000000E+01-0.100000000E+01
 
 1     371       0       2
 0.300000000E+01 0.500000000E+01-0.100000000E+01
 
 1     372       0       2
 0.200000000E+01 0.500000000E+01-0.100000000E+01
 
 1     373       0       2
 0.100000000E+01 0.500000000E+01-0.100000000E+01
 
 1     374       0       2
 0.212657489E-19 0.500000000E+01-0.100000000E+01
 
 1     375       0       2
-0.100000000E+01 0.500000000E+01-0.100000000E+01
 
 1     376       0       2
-0.200000000E+01 0.500000000E+01-0.100000000E+01
 
 1     377       0       2
-0.300000000E+01 0.500000000E+01-0.100000000E+01
 
 1     378       0       2
-0.400000000E+01 0.500000000E+01-0.100000000E+01
 
 1     379       0       2
-0.400000000E+01 0.500000000E+01-0.200000000E+01
 
 1     380       0       2
-0.400000000E+01 0.500000000E+01-0.300000000E+01
 
 1     381       0       2
-0.400000000E+01 0.500000000E+01-0.400000000E+01
 
 1     382       0       2
-0.400000000E+01 0.500000000E+01-0.500000000E+01
 
 1     383       0       2
-0.400000000E+01 0.500000000E+01-0.600000000E+01
 
 1     384       0       2
-0.400000000E+01 0.500000000E+01-0.700000000E+01
 
 1     385       0       2
-0.400000000E+01 0.500000000E+01-0.800000000E+01
 
 1     386       0       2
-0.400000000E+01 0.500000000E+01-0.900000000E+01
 
 1     387       0       2
-0.100000000E+01 0.500000000E+01-0.800000000E+01
 
 1     388       0       2
-0.100000000E+01 0.500000000E+01-0.700000000E+01
 
 1     389       0       2
 0.300000000E+01 0.500000000E+01-0.600000000E+01
 
 1     390       0       2
 0.100000000E+01 0.500000000E+01-0.200000000E+01
 
 1     391       0       2
-0.300000000E+01 0.500000000E+01-0.400000000E+01
 
 1     392       0       2
-0.300000000E+01 0.500000000E+01-0.600000000E+01
 
 1     393       0       2
-0.200000000E+01 0.500000000E+01-0.400000000E+01
 
 1     394       0       2
 0.300000000E+01 0.500000000E+01-0.400000000E+01
 
 1     395       0       2
 0.100000000E+01 0.500000000E+01-0.800000000E+01
 
 1     396       0       2
 0.200000000E+01 0.500000000E+01-0.600000000E+01
 
 1     397       0       2
 0.100000000E+01 0.500000000E+01-0.300000000E+01
 
 1     398       0       2
 0.000000000E+00 0.500000000E+01-0.500000000E+01
 
 1     399       0       2
-0.269002573E-18-0.500000000E+01-0.400000000E+01
 
 1     400       0       2
 0.100000000E+01-0.500000000E+01-0.500000000E+01
 
 1     401       0       2
-0.309359014E-17-0.500000000E+01-0.600000000E+01
 
 1     402       0       2
-0.100000000E+01-0.500000000E+01-0.500000000E+01
 
 1     403       0       2
-0.100000000E+01-0.500000000E+01-0.400000000E+01
 
 1     404       0       2
 0.100000000E+01-0.500000000E+01-0.400000000E+01
 
 1     405       0       2
 0.100000000E+01-0.500000000E+01-0.600000000E+01
 
 1     406       0       2
-0.100000000E+01-0.500000000E+01-0.600000000E+01
 
 1     407       0       2
-0.200000000E+01-0.500000000E+01-0.400000000E+01
 
 1     408       0       2
-0.116371036E-17-0.500000000E+01-0.300000000E+01
 
 1     409       0       2
 0.100000000E+01-0.500000000E+01-0.300000000E+01
 
 1     410       0       2
 0.200000000E+01-0.500000000E+01-0.400000000E+01
 
 1     411       0       2
 0.200000000E+01-0.500000000E+01-0.500000000E+01
 
 1     412       0       2
 0.200000000E+01-0.500000000E+01-0.600000000E+01
 
 1     413       0       2
-0.702374051E-18-0.500000000E+01-0.700000000E+01
 
 1     414       0       2
-0.100000000E+01-0.500000000E+01-0.700000000E+01
 
 1     415       0       2
-0.200000000E+01-0.500000000E+01-0.500000000E+01
 
 1     416       0       2
-0.200000000E+01-0.500000000E+01-0.300000000E+01
 
 1     417       0       2
 0.200000000E+01-0.500000000E+01-0.300000000E+01
 
 1     418       0       2
 0.200000000E+01-0.500000000E+01-0.700000000E+01
 
 1     419       0       2
 0.000000000E+00-0.500000000E+01-0.200000000E+01
 
 1     420       0       2
-0.200000000E+01-0.500000000E+01-0.200000000E+01
 
 1     421       0       2
 0.300000000E+01-0.500000000E+01-0.300000000E+01
 
 1     422       0       2
 0.200000000E+01-0.500000000E+01-0.200000000E+01
 
 1     423       0       2
 0.300000000E+01-0.500000000E+01-0.500000000E+01
 
 1     424       0       2
 0.200000000E+01-0.500000000E+01-0.800000000E+01
 
 1     425       0       2
 0.300000000E+01-0.500000000E+01-0.700000000E+01
 
 1     426       0       2
 0.100000000E+01-0.500000000E+01-0.800000000E+01
 
 1     427       0       2
-0.152142852E-18-0.500000000E+01-0.800000000E+01
 
 1     428       0       2
-0.300000000E+01-0.500000000E+01-0.700000000E+01
 
 1     429       0       2
-0.100000000E+01-0.500000000E+01-0.800000000E+01
 
 1     430       0       2
-0.300000000E+01-0.500000000E+01-0.600000000E+01
 
 1     431       0       2
-0.300000000E+01-0.500000000E+01-0.500000000E+01
 
 1     432       0       2
-0.300000000E+01-0.500000000E+01-0.400000000E+01
 
 1     433       0       2
-0.300000000E+01-0.500000000E+01-0.300000000E+01
 
 1     434       0       2
-0.300000000E+01-0.500000000E+01-0.200000000E+01
 
 1     435       0       2
 0.300000000E+01-0.500000000E+01-0.200000000E+01
 
 1     436       0       2
 0.300000000E+01-0.500000000E+01-0.800000000E+01
 
 1     437       0       2
-0.300000000E+01-0.500000000E+01-0.800000000E+01
 
 1     438       0       2
-0.300000000E+01-0.500000000E+01-0.100000000E+01
 
 1     439       0       2
-0.200000000E+01-0.500000000E+01-0.100000000E+01
 
 1     440       0       2
-0.100000000E+01-0.500000000E+01-0.100000000E+01
 
 1     441       0       2
 0.000000000E+00-0.500000000E+01-0.100000000E+01
 
 1     442       0       2
 0.100000000E+01-0.500000000E+01-0.100000000E+01
 
 1     443       0       2
 0.200000000E+01-0.500000000E+01-0.100000000E+01
 
 1     444       0       2
 0.300000000E+01-0.500000000E+01-0.100000000E+01
 
 1     445       0       2
 0.400000000E+01-0.500000000E+01-0.100000000E+01
 
 1     446       0       2
 0.400000000E+01-0.500000000E+01-0.200000000E+01
 
 1     447       0       2
 0.400000000E+01-0.500000000E+01-0.300000000E+01
 
 1     448       0       2
 0.400000000E+01-0.500000000E+01-0.400000000E+01
 
 1     449       0       2
 0.400000000E+01-0.500000000E+01-0.500000000E+01
 
 1     450       0       2
 0.400000000E+01-0.500000000E+01-0.600000000E+01
 
 1     451       0       2
 0.400000000E+01-0.500000000E+01-0.700000000E+01
 
 1     452       0       2
 0.400000000E+01-0.500000000E+01-0.800000000E+01
 
 1     453       0       2
 0.400000000E+01-0.500000000E+01-0.900000000E+01
 
 1     454       0       2
 0.300000000E+01-0.500000000E+01-0.900000000E+01
 
 1     455       0       2
 0.200000000E+01-0.500000000E+01-0.900000000E+01
 
 1     456       0       2
 0.100000000E+01-0.500000000E+01-0.900000000E+01
 
 1     457       0       2
-0.304285723E-19-0.500000000E+01-0.900000000E+01
 
 1     458       0       2
-0.100000000E+01-0.500000000E+01-0.900000000E+01
 
 1     459       0       2
-0.200000000E+01-0.500000000E+01-0.900000000E+01
 
 1     460       0       2
-0.300000000E+01-0.500000000E+01-0.900000000E+01
 
 1     461       0       2
-0.400000000E+01-0.500000000E+01-0.900000000E+01
 
 1     462       0       2
-0.400000000E+01-0.500000000E+01-0.800000000E+01
 
 1     463       0       2
-0.400000000E+01-0.500000000E+01-0.700000000E+01
 
 1     464       0       2
-0.400000000E+01-0.500000000E+01-0.600000000E+01
 
 1     465       0       2
-0.400000000E+01-0.500000000E+01-0.500000000E+01
 
 1     466       0       2
-0.400000000E+01-0.500000000E+01-0.400000000E+01
 
 1     467       0       2
-0.400000000E+01-0.500000000E+01-0.300000000E+01
 
 1     468       0       2
-0.400000000E+01-0.500000000E+01-0.200000000E+01
 
 1     469       0       2
-0.400000000E+01-0.500000000E+01-0.100000000E+01
 
 1     470       0       2
-0.100000000E+01-0.500000000E+01-0.200000000E+01
 
 1     471       0       2
-0.100000000E+01-0.500000000E+01-0.300000000E+01
 
 1     472       0       2
-0.200000000E+01-0.500000000E+01-0.700000000E+01
 
 1     473       0       2
 0.300000000E+01-0.500000000E+01-0.400000000E+01
 
 1     474       0       2
-0.200000000E+01-0.500000000E+01-0.800000000E+01
 
 1     475       0       2
-0.200000000E+01-0.500000000E+01-0.600000000E+01
 
 1     476       0       2
 0.100000000E+01-0.500000000E+01-0.200000000E+01
 
 1     477       0       2
 0.300000000E+01-0.500000000E+01-0.600000000E+01
 
 1     478       0       2
 0.100000000E+01-0.500000000E+01-0.700000000E+01
 
 1     479       0       2
-0.672518569E-18-0.500000000E+01-0.500000000E+01
 
 1     480       0       2
 0.500000000E+01 0.000000000E+00-0.400000000E+01
 
 1     481       0       2
 0.500000000E+01 0.100000000E+01-0.500000000E+01
 
 1     482       0       2
 0.500000000E+01 0.409683863E-17-0.600000000E+01
 
 1     483       0       2
 0.500000000E+01-0.100000000E+01-0.500000000E+01
 
 1     484       0       2
 0.500000000E+01-0.100000000E+01-0.400000000E+01
 
 1     485       0       2
 0.500000000E+01 0.100000000E+01-0.400000000E+01
 
 1     486       0       2
 0.500000000E+01 0.100000000E+01-0.600000000E+01
 
 1     487       0       2
 0.500000000E+01-0.100000000E+01-0.600000000E+01
 
 1     488       0       2
 0.500000000E+01-0.200000000E+01-0.400000000E+01
 
 1     489       0       2
 0.500000000E+01 0.390312772E-18-0.300000000E+01
 
 1     490       0       2
 0.500000000E+01 0.100000000E+01-0.300000000E+01
 
 1     491       0       2
 0.500000000E+01 0.200000000E+01-0.400000000E+01
 
 1     492       0       2
 0.500000000E+01 0.200000000E+01-0.500000000E+01
 
 1     493       0       2
 0.500000000E+01 0.200000000E+01-0.600000000E+01
 
 1     494       0       2
 0.500000000E+01 0.219731638E-17-0.700000000E+01
 
 1     495       0       2
 0.500000000E+01-0.100000000E+01-0.700000000E+01
 
 1     496       0       2
 0.500000000E+01-0.200000000E+01-0.600000000E+01
 
 1     497       0       2
 0.500000000E+01-0.200000000E+01-0.500000000E+01
 
 1     498       0       2
 0.500000000E+01-0.200000000E+01-0.300000000E+01
 
 1     499       0       2
 0.500000000E+01 0.200000000E+01-0.300000000E+01
 
 1     500       0       2
 0.500000000E+01 0.200000000E+01-0.700000000E+01
 
 1     501       0       2
 0.500000000E+01-0.200000000E+01-0.700000000E+01
 
 1     502       0       2
 0.500000000E+01-0.721911414E-24-0.200000000E+01
 
 1     503       0       2
 0.500000000E+01-0.200000000E+01-0.200000000E+01
 
 1     504       0       2
 0.500000000E+01 0.300000000E+01-0.300000000E+01
 
 1     505       0       2
 0.500000000E+01 0.200000000E+01-0.200000000E+01
 
 1     506       0       2
 0.500000000E+01 0.300000000E+01-0.500000000E+01
 
 1     507       0       2
 0.500000000E+01 0.200000000E+01-0.800000000E+01
 
 1     508       0       2
 0.500000000E+01 0.300000000E+01-0.700000000E+01
 
 1     509       0       2
 0.500000000E+01 0.439463275E-18-0.800000000E+01
 
 1     510       0       2
 0.500000000E+01-0.300000000E+01-0.700000000E+01
 
 1     511       0       2
 0.500000000E+01-0.100000000E+01-0.800000000E+01
 
 1     512       0       2
 0.500000000E+01-0.200000000E+01-0.800000000E+01
 
 1     513       0       2
 0.500000000E+01-0.300000000E+01-0.500000000E+01
 
 1     514       0       2
 0.500000000E+01-0.300000000E+01-0.400000000E+01
 
 1     515       0       2
 0.500000000E+01-0.300000000E+01-0.300000000E+01
 
 1     516       0       2
 0.500000000E+01-0.300000000E+01-0.200000000E+01
 
 1     517       0       2
 0.500000000E+01 0.300000000E+01-0.200000000E+01
 
 1     518       0       2
 0.500000000E+01 0.300000000E+01-0.800000000E+01
 
 1     519       0       2
 0.500000000E+01-0.300000000E+01-0.800000000E+01
 
 1     520       0       2
 0.500000000E+01-0.300000000E+01-0.100000000E+01
 
 1     521       0       2
 0.500000000E+01-0.200000000E+01-0.100000000E+01
 
 1     522       0       2
 0.500000000E+01-0.100000000E+01-0.100000000E+01
 
 1     523       0       2
 0.500000000E+01-0.144382278E-24-0.100000000E+01
 
 1     524       0       2
 0.500000000E+01 0.100000000E+01-0.100000000E+01
 
 1     525       0       2
 0.500000000E+01 0.200000000E+01-0.100000000E+01
 
 1     526       0       2
 0.500000000E+01 0.300000000E+01-0.100000000E+01
 
 1     527       0       2
 0.500000000E+01 0.400000000E+01-0.100000000E+01
 
 1     528       0       2
 0.500000000E+01 0.400000000E+01-0.200000000E+01
 
 1     529       0       2
 0.500000000E+01 0.400000000E+01-0.300000000E+01
 
 1     530       0       2
 0.500000000E+01 0.400000000E+01-0.400000000E+01
 
 1     531       0       2
 0.500000000E+01 0.400000000E+01-0.500000000E+01
 
 1     532       0       2
 0.500000000E+01 0.400000000E+01-0.600000000E+01
 
 1     533       0       2
 0.500000000E+01 0.400000000E+01-0.700000000E+01
 
 1     534       0       2
 0.500000000E+01 0.400000000E+01-0.800000000E+01
 
 1     535       0       2
 0.500000000E+01 0.400000000E+01-0.900000000E+01
 
 1     536       0       2
 0.500000000E+01 0.300000000E+01-0.900000000E+01
 
 1     537       0       2
 0.500000000E+01 0.200000000E+01-0.900000000E+01
 
 1     538       0       2
 0.500000000E+01 0.100000000E+01-0.900000000E+01
 
 1     539       0       2
 0.500000000E+01 0.878926576E-19-0.900000000E+01
 
 1     540       0       2
 0.500000000E+01-0.100000000E+01-0.900000000E+01
 
 1     541       0       2
 0.500000000E+01-0.200000000E+01-0.900000000E+01
 
 1     542       0       2
 0.500000000E+01-0.300000000E+01-0.900000000E+01
 
 1     543       0       2
 0.500000000E+01-0.400000000E+01-0.900000000E+01
 
 1     544       0       2
 0.500000000E+01-0.400000000E+01-0.800000000E+01
 
 1     545       0       2
 0.500000000E+01-0.400000000E+01-0.700000000E+01
 
 1     546       0       2
 0.500000000E+01-0.400000000E+01-0.600000000E+01
 
 1     547       0       2
 0.500000000E+01-0.400000000E+01-0.500000000E+01
 
 1     548       0       2
 0.500000000E+01-0.400000000E+01-0.400000000E+01
 
 1     549       0       2
 0.500000000E+01-0.400000000E+01-0.300000000E+01
 
 1     550       0       2
 0.500000000E+01-0.400000000E+01-0.200000000E+01
 
 1     551       0       2
 0.500000000E+01-0.400000000E+01-0.100000000E+01
 
 1     552       0       2
 0.500000000E+01-0.100000000E+01-0.200000000E+01
 
 1     553       0       2
 0.500000000E+01-0.100000000E+01-0.300000000E+01
 
 1     554       0       2
 0.500000000E+01 0.300000000E+01-0.400000000E+01
 
 1     555       0       2
 0.500000000E+01 0.100000000E+01-0.800000000E+01
 
 1     556       0       2
 0.500000000E+01-0.300000000E+01-0.600000000E+01
 
 1     557       0       2
 0.500000000E+01 0.300000000E+01-0.600000000E+01
 
 1     558       0       2
 0.500000000E+01 0.100000000E+01-0.200000000E+01
 
 1     559       0       2
 0.500000000E+01 0.100000000E+01-0.700000000E+01
 
 1     560       0       2
 0.500000000E+01 0.000000000E+00-0.500000000E+01
 
 1     561       0       2
-0.100000000E+01 0.000000000E+00 0.000000000E+00
 
 1     562       0       2
 0.000000000E+00 0.100000000E+01 0.000000000E+00
 
 1     563       0       2
 0.100000000E+01 0.000000000E+00 0.000000000E+00
 
 1     564       0       2
 0.000000000E+00-0.100000000E+01 0.000000000E+00
 
 1     565       0       2
-0.100000000E+01-0.100000000E+01 0.000000000E+00
 
 1     566       0       2
-0.100000000E+01 0.100000000E+01 0.000000000E+00
 
 1     567       0       2
 0.100000000E+01 0.100000000E+01 0.000000000E+00
 
 1     568       0       2
 0.100000000E+01-0.100000000E+01 0.000000000E+00
 
 1     569       0       2
-0.100000000E+01-0.200000000E+01 0.000000000E+00
 
 1     570       0       2
-0.200000000E+01-0.100000000E+01 0.000000000E+00
 
 1     571       0       2
-0.200000000E+01 0.000000000E+00 0.000000000E+00
 
 1     572       0       2
-0.200000000E+01 0.100000000E+01 0.000000000E+00
 
 1     573       0       2
 0.000000000E+00 0.200000000E+01 0.000000000E+00
 
 1     574       0       2
 0.100000000E+01 0.200000000E+01 0.000000000E+00
 
 1     575       0       2
 0.200000000E+01 0.000000000E+00 0.000000000E+00
 
 1     576       0       2
 0.200000000E+01-0.100000000E+01 0.000000000E+00
 
 1     577       0       2
 0.000000000E+00-0.200000000E+01 0.000000000E+00
 
 1     578       0       2
-0.200000000E+01-0.200000000E+01 0.000000000E+00
 
 1     579       0       2
-0.200000000E+01 0.200000000E+01 0.000000000E+00
 
 1     580       0       2
 0.200000000E+01 0.200000000E+01 0.000000000E+00
 
 1     581       0       2
 0.200000000E+01-0.200000000E+01 0.000000000E+00
 
 1     582       0       2
-0.300000000E+01-0.100000000E+01 0.000000000E+00
 
 1     583       0       2
-0.300000000E+01 0.000000000E+00 0.000000000E+00
 
 1     584       0       2
-0.300000000E+01-0.200000000E+01 0.000000000E+00
 
 1     585       0       2
-0.200000000E+01 0.300000000E+01 0.000000000E+00
 
 1     586       0       2
-0.300000000E+01 0.200000000E+01 0.000000000E+00
 
 1     587       0       2
 0.000000000E+00 0.300000000E+01 0.000000000E+00
 
 1     588       0       2
 0.300000000E+01 0.200000000E+01 0.000000000E+00
 
 1     589       0       2
 0.200000000E+01 0.300000000E+01 0.000000000E+00
 
 1     590       0       2
 0.300000000E+01 0.000000000E+00 0.000000000E+00
 
 1     591       0       2
 0.200000000E+01-0.300000000E+01 0.000000000E+00
 
 1     592       0       2
 0.300000000E+01-0.200000000E+01 0.000000000E+00
 
 1     593       0       2
 0.000000000E+00-0.300000000E+01 0.000000000E+00
 
 1     594       0       2
-0.100000000E+01-0.300000000E+01 0.000000000E+00
 
 1     595       0       2
-0.200000000E+01-0.300000000E+01 0.000000000E+00
 
 1     596       0       2
-0.300000000E+01-0.300000000E+01 0.000000000E+00
 
 1     597       0       2
-0.300000000E+01 0.300000000E+01 0.000000000E+00
 
 1     598       0       2
 0.300000000E+01 0.300000000E+01 0.000000000E+00
 
 1     599       0       2
 0.300000000E+01-0.300000000E+01 0.000000000E+00
 
 1     600       0       2
-0.400000000E+01-0.300000000E+01 0.000000000E+00
 
 1     601       0       2
-0.400000000E+01-0.200000000E+01 0.000000000E+00
 
 1     602       0       2
-0.400000000E+01-0.100000000E+01 0.000000000E+00
 
 1     603       0       2
-0.400000000E+01 0.000000000E+00 0.000000000E+00
 
 1     604       0       2
-0.400000000E+01 0.100000000E+01 0.000000000E+00
 
 1     605       0       2
-0.400000000E+01 0.200000000E+01 0.000000000E+00
 
 1     606       0       2
-0.400000000E+01 0.300000000E+01 0.000000000E+00
 
 1     607       0       2
-0.400000000E+01 0.400000000E+01 0.000000000E+00
 
 1     608       0       2
-0.300000000E+01 0.400000000E+01 0.000000000E+00
 
 1     609       0       2
-0.200000000E+01 0.400000000E+01 0.000000000E+00
 
 1     610       0       2
-0.100000000E+01 0.400000000E+01 0.000000000E+00
 
 1     611       0       2
 0.000000000E+00 0.400000000E+01 0.000000000E+00
 
 1     612       0       2
 0.100000000E+01 0.400000000E+01 0.000000000E+00
 
 1     613       0       2
 0.200000000E+01 0.400000000E+01 0.000000000E+00
 
 1     614       0       2
 0.300000000E+01 0.400000000E+01 0.000000000E+00
 
 1     615       0       2
 0.400000000E+01 0.400000000E+01 0.000000000E+00
 
 1     616       0       2
 0.400000000E+01 0.300000000E+01 0.000000000E+00
 
 1     617       0       2
 0.400000000E+01 0.200000000E+01 0.000000000E+00
 
 1     618       0       2
 0.400000000E+01 0.100000000E+01 0.000000000E+00
 
 1     619       0       2
 0.400000000E+01 0.000000000E+00 0.000000000E+00
 
 1     620       0       2
 0.400000000E+01-0.100000000E+01 0.000000000E+00
 
 1     621       0       2
 0.400000000E+01-0.200000000E+01 0.000000000E+00
 
 1     622       0       2
 0.400000000E+01-0.300000000E+01 0.000000000E+00
 
 1     623       0       2
 0.400000000E+01-0.400000000E+01 0.000000000E+00
 
 1     624       0       2
 0.300000000E+01-0.400000000E+01 0.000000000E+00
 
 1     625       0       2
 0.200000000E+01-0.400000000E+01 0.000000000E+00
 
 1     626       0       2
 0.100000000E+01-0.400000000E+01 0.000000000E+00
 
 1     627       0       2
 0.000000000E+00-0.400000000E+01 0.000000000E+00
 
 1     628       0       2
-0.100000000E+01-0.400000000E+01 0.000000000E+00
 
 1     629       0       2
-0.200000000E+01-0.400000000E+01 0.000000000E+00
 
 1     630       0       2
-0.300000000E+01-0.400000000E+01 0.000000000E+00
 
 1     631       0       2
-0.400000000E+01-0.400000000E+01 0.000000000E+00
 
 1     632       0       2
-0.100000000E+01 0.300000000E+01 0.000000000E+00
 
 1     633       0       2
-0.100000000E+01 0.200000000E+01 0.000000000E+00
 
 1     634       0       2
 0.300000000E+01 0.100000000E+01 0.000000000E+00
 
 1     635       0       2
 0.100000000E+01-0.300000000E+01 0.000000000E+00
 
 1     636       0       2
-0.300000000E+01 0.100000000E+01 0.000000000E+00
 
 1     637       0       2
 0.300000000E+01-0.100000000E+01 0.000000000E+00
 
 1     638       0       2
 0.100000000E+01 0.300000000E+01 0.000000000E+00
 
 1     639       0       2
 0.200000000E+01 0.100000000E+01 0.000000000E+00
 
 1     640       0       2
 0.100000000E+01-0.200000000E+01 0.000000000E+00
 
 1     641       0       2
 0.000000000E+00 0.000000000E+00 0.000000000E+00
 
 1     642       0       2
 0.189327511E-04-0.704975891E+01 0.000000000E+00
 
 1     643       0       2
-0.100059640E+01-0.704899549E+01 0.000000000E+00
 
 1     644       0       2
 0.704127455E+01 0.982081175E+00 0.000000000E+00
 
 1     645       0       2
 0.704442072E+01-0.188426822E-01 0.000000000E+00
 
 1     646       0       2
 0.704600763E+01-0.102090383E+01 0.000000000E+00
 
 1     647       0       2
 0.704505205E+01-0.202402711E+01 0.000000000E+00
 
 1     648       0       2
 0.704219103E+01-0.302794766E+01 0.000000000E+00
 
 1     649       0       2
 0.100109220E+01-0.705013847E+01 0.000000000E+00
 
 1     650       0       2
 0.200343466E+01-0.705123854E+01 0.000000000E+00
 
 1     651       0       2
-0.703240633E+01-0.296986651E+01 0.000000000E+00
 
 1     652       0       2
-0.702346802E+01 0.302987957E+01 0.000000000E+00
 
 1     653       0       2
-0.413084077E-02 0.703732300E+01 0.000000000E+00
 
 1     654       0       2
 0.703593254E+01 0.198340273E+01 0.000000000E+00
 
 1     655       0       2
 0.702814865E+01 0.298460126E+01 0.000000000E+00
 
 1     656       0       2
 0.701772165E+01 0.398619652E+01 0.000000000E+00
 
 1     657       0       2
 0.704679871E+01-0.808280849E+01 0.000000000E+00
 
 1     658       0       2
 0.200382018E+01-0.807103729E+01 0.000000000E+00
 
 1     659       0       2
 0.100068629E+01-0.806955624E+01 0.000000000E+00
 
 1     660       0       2
-0.171886664E-02-0.806905937E+01 0.000000000E+00
 
 1     661       0       2
-0.100386071E+01-0.806849766E+01 0.000000000E+00
 
 1     662       0       2
-0.804444790E+01-0.802589226E+01 0.000000000E+00
 
 1     663       0       2
-0.804811859E+01-0.296876168E+01 0.000000000E+00
 
 1     664       0       2
-0.804799271E+01-0.196562696E+01 0.000000000E+00
 
 1     665       0       2
-0.803888321E+01 0.303681564E+01 0.000000000E+00
 
 1     666       0       2
-0.804097557E+01 0.403879833E+01 0.000000000E+00
 
 1     667       0       2
-0.803996849E+01 0.504328012E+01 0.000000000E+00
 
 1     668       0       2
-0.803758049E+01 0.604994011E+01 0.000000000E+00
 
 1     669       0       2
-0.803279591E+01 0.705804014E+01 0.000000000E+00
 
 1     670       0       2
-0.802850342E+01 0.806616783E+01 0.000000000E+00
 
 1     671       0       2
-0.700751019E+01 0.806301498E+01 0.000000000E+00
 
 1     672       0       2
-0.599148321E+01 0.806040859E+01 0.000000000E+00
 
 1     673       0       2
-0.498366880E+01 0.806275558E+01 0.000000000E+00
 
 1     674       0       2
-0.110826259E-01 0.806835365E+01 0.000000000E+00
 
 1     675       0       2
 0.986534178E+00 0.806235313E+01 0.000000000E+00
 
 1     676       0       2
 0.198472321E+01 0.805423927E+01 0.000000000E+00
 
 1     677       0       2
 0.298328948E+01 0.804770565E+01 0.000000000E+00
 
 1     678       0       2
 0.498546553E+01 0.803367710E+01 0.000000000E+00
 
 1     679       0       2
 0.599527502E+01 0.802636337E+01 0.000000000E+00
 
 1     680       0       2
 0.701133347E+01 0.802104282E+01 0.000000000E+00
 
 1     681       0       2
 0.802677727E+01 0.801811504E+01 0.000000000E+00
 
 1     682       0       2
 0.801726055E+01 0.700600100E+01 0.000000000E+00
 
 1     683       0       2
 0.803833675E+01 0.399081349E+01 0.000000000E+00
 
 1     684       0       2
 0.804783154E+01 0.298882866E+01 0.000000000E+00
 
 1     685       0       2
 0.805456734E+01 0.198591161E+01 0.000000000E+00
 
 1     686       0       2
 0.806458569E+01-0.102561688E+01 0.000000000E+00
 
 1     687       0       2
 0.806337357E+01-0.203049779E+01 0.000000000E+00
 
 1     688       0       2
 0.806084061E+01-0.303633666E+01 0.000000000E+00
 
 1     689       0       2
 0.805769062E+01-0.404283094E+01 0.000000000E+00
 
 1     690       0       2
 0.805646420E+01-0.505073023E+01 0.000000000E+00
 
 1     691       0       2
 0.805611420E+01-0.606080341E+01 0.000000000E+00
 
 1     692       0       2
 0.805724335E+01-0.707132673E+01 0.000000000E+00
 
 1     693       0       2
 0.805953407E+01-0.808274746E+01 0.000000000E+00
 
 1     694       0       2
-0.200153661E+01-0.704724312E+01 0.000000000E+00
 
 1     695       0       2
-0.703185558E+01-0.196918583E+01 0.000000000E+00
 
 1     696       0       2
 0.603452682E+01-0.807582378E+01 0.000000000E+00
 
 1     697       0       2
 0.300900126E+01-0.807224751E+01 0.000000000E+00
 
 1     698       0       2
-0.803857231E+01-0.701050568E+01 0.000000000E+00
 
 1     699       0       2
-0.804445076E+01-0.397673416E+01 0.000000000E+00
 
 1     700       0       2
-0.300909996E+01-0.806415558E+01 0.000000000E+00
 
 1     701       0       2
-0.703472853E+01-0.802997875E+01 0.000000000E+00
 
 1     702       0       2
-0.803687286E+01 0.203572893E+01 0.000000000E+00
 
 1     703       0       2
 0.703979826E+01-0.403412151E+01 0.000000000E+00
 
 1     704       0       2
 0.704457664E+01-0.706874371E+01 0.000000000E+00
 
 1     705       0       2
 0.198357773E+01 0.703462696E+01 0.000000000E+00
 
 1     706       0       2
 0.699791956E+01 0.700633955E+01 0.000000000E+00
 
 1     707       0       2
-0.702566767E+01 0.403048849E+01 0.000000000E+00
 
 1     708       0       2
-0.701378202E+01 0.705059290E+01 0.000000000E+00
 
 1     709       0       2
-0.702111292E+01 0.604099751E+01 0.000000000E+00
 
 1     710       0       2
-0.702497196E+01 0.503436422E+01 0.000000000E+00
 
 1     711       0       2
 0.700619555E+01 0.498982859E+01 0.000000000E+00
 
 1     712       0       2
 0.699747944E+01 0.599724007E+01 0.000000000E+00
 
 1     713       0       2
 0.297821689E+01 0.702982664E+01 0.000000000E+00
 
 1     714       0       2
 0.397509861E+01 0.702474451E+01 0.000000000E+00
 
 1     715       0       2
 0.497737694E+01 0.701891899E+01 0.000000000E+00
 
 1     716       0       2
 0.703938770E+01-0.504278517E+01 0.000000000E+00
 
 1     717       0       2
-0.602710962E+01-0.803895187E+01 0.000000000E+00
 
 1     718       0       2
-0.501954031E+01-0.804869747E+01 0.000000000E+00
 
 1     719       0       2
 0.502466488E+01-0.807320309E+01 0.000000000E+00
 
 1     720       0       2
-0.997120619E+00 0.702994013E+01 0.000000000E+00
 
 1     721       0       2
-0.702233887E+01 0.202947831E+01 0.000000000E+00
 
 1     722       0       2
-0.702907562E+01-0.397725701E+01 0.000000000E+00
 
 1     723       0       2
 0.300768971E+01-0.705108738E+01 0.000000000E+00
 
 1     724       0       2
-0.599979687E+01 0.704248381E+01 0.000000000E+00
 
 1     725       0       2
-0.499059963E+01 0.703495312E+01 0.000000000E+00
 
 1     726       0       2
-0.702916145E+01-0.969152331E+00 0.000000000E+00
 
 1     727       0       2
-0.300317764E+01-0.704404736E+01 0.000000000E+00
 
 1     728       0       2
-0.702752304E+01-0.701316309E+01 0.000000000E+00
 
 1     729       0       2
 0.603162241E+01-0.706035566E+01 0.000000000E+00
 
 1     730       0       2
 0.805984116E+01-0.909085655E+01 0.000000000E+00
 
 1     731       0       2
 0.704759359E+01-0.909106350E+01 0.000000000E+00
 
 1     732       0       2
 0.603632402E+01-0.908607483E+01 0.000000000E+00
 
 1     733       0       2
 0.502668905E+01-0.908436394E+01 0.000000000E+00
 
 1     734       0       2
 0.401736021E+01-0.908758163E+01 0.000000000E+00
 
 1     735       0       2
 0.301006913E+01-0.908653355E+01 0.000000000E+00
 
 1     736       0       2
 0.200431108E+01-0.908513069E+01 0.000000000E+00
 
 1     737       0       2
 0.999698877E+00-0.908415222E+01 0.000000000E+00
 
 1     738       0       2
-0.425704801E-02-0.908372021E+01 0.000000000E+00
 
 1     739       0       2
-0.100805998E+01-0.908339310E+01 0.000000000E+00
 
 1     740       0       2
-0.201218653E+01-0.908232689E+01 0.000000000E+00
 
 1     741       0       2
-0.301699400E+01-0.907885170E+01 0.000000000E+00
 
 1     742       0       2
-0.402267742E+01-0.907294083E+01 0.000000000E+00
 
 1     743       0       2
-0.502934217E+01-0.906479454E+01 0.000000000E+00
 
 1     744       0       2
-0.603707457E+01-0.905564594E+01 0.000000000E+00
 
 1     745       0       2
-0.704497433E+01-0.904883766E+01 0.000000000E+00
 
 1     746       0       2
-0.805350113E+01-0.904442787E+01 0.000000000E+00
 
 1     747       0       2
-0.906281567E+01-0.904481792E+01 0.000000000E+00
 
 1     748       0       2
-0.905638218E+01-0.802952480E+01 0.000000000E+00
 
 1     749       0       2
-0.905250263E+01-0.701565790E+01 0.000000000E+00
 
 1     750       0       2
-0.905209827E+01-0.600357485E+01 0.000000000E+00
 
 1     751       0       2
-0.905510235E+01-0.499336433E+01 0.000000000E+00
 
 1     752       0       2
-0.905929375E+01-0.398466611E+01 0.000000000E+00
 
 1     753       0       2
-0.906191921E+01-0.297728801E+01 0.000000000E+00
 
 1     754       0       2
-0.906139183E+01-0.197145331E+01 0.000000000E+00
 
 1     755       0       2
-0.905902672E+01-0.967480302E+00 0.000000000E+00
 
 1     756       0       2
-0.905575085E+01 0.342531800E-01 0.000000000E+00
 
 1     757       0       2
-0.905422974E+01 0.103501129E+01 0.000000000E+00
 
 1     758       0       2
-0.905437946E+01 0.203640223E+01 0.000000000E+00
 
 1     759       0       2
-0.905538845E+01 0.303884196E+01 0.000000000E+00
 
 1     760       0       2
-0.905660725E+01 0.404271984E+01 0.000000000E+00
 
 1     761       0       2
-0.905628395E+01 0.504805946E+01 0.000000000E+00
 
 1     762       0       2
-0.905199146E+01 0.706217813E+01 0.000000000E+00
 
 1     763       0       2
-0.904978561E+01 0.806914806E+01 0.000000000E+00
 
 1     764       0       2
-0.905023003E+01 0.907625961E+01 0.000000000E+00
 
 1     765       0       2
-0.803266716E+01 0.907506847E+01 0.000000000E+00
 
 1     766       0       2
-0.701554060E+01 0.907601738E+01 0.000000000E+00
 
 1     767       0       2
-0.600175667E+01 0.908084393E+01 0.000000000E+00
 
 1     768       0       2
-0.499291372E+01 0.909171772E+01 0.000000000E+00
 
 1     769       0       2
-0.398903847E+01 0.910519886E+01 0.000000000E+00
 
 1     770       0       2
-0.299046183E+01 0.911655521E+01 0.000000000E+00
 
 1     771       0       2
-0.199573541E+01 0.911713219E+01 0.000000000E+00
 
 1     772       0       2
-0.100155473E+01 0.910997677E+01 0.000000000E+00
 
 1     773       0       2
-0.478906091E-02 0.909740543E+01 0.000000000E+00
 
 1     774       0       2
 0.995160341E+00 0.908382130E+01 0.000000000E+00
 
 1     775       0       2
 0.199641430E+01 0.907326794E+01 0.000000000E+00
 
 1     776       0       2
 0.299832416E+01 0.906568432E+01 0.000000000E+00
 
 1     777       0       2
 0.400252390E+01 0.905894756E+01 0.000000000E+00
 
 1     778       0       2
 0.500779247E+01 0.905190563E+01 0.000000000E+00
 
 1     779       0       2
 0.601542997E+01 0.904508781E+01 0.000000000E+00
 
 1     780       0       2
 0.702637815E+01 0.903945827E+01 0.000000000E+00
 
 1     781       0       2
 0.803918457E+01 0.903711796E+01 0.000000000E+00
 
 1     782       0       2
 0.905286407E+01 0.904032135E+01 0.000000000E+00
 
 1     783       0       2
 0.904586697E+01 0.802583122E+01 0.000000000E+00
 
 1     784       0       2
 0.904283810E+01 0.701469421E+01 0.000000000E+00
 
 1     785       0       2
 0.904565239E+01 0.600717163E+01 0.000000000E+00
 
 1     786       0       2
 0.905246735E+01 0.500245667E+01 0.000000000E+00
 
 1     787       0       2
 0.906032562E+01 0.399886274E+01 0.000000000E+00
 
 1     788       0       2
 0.906642818E+01 0.299482298E+01 0.000000000E+00
 
 1     789       0       2
 0.907110119E+01 0.199004829E+01 0.000000000E+00
 
 1     790       0       2
 0.907525635E+01 0.984712124E+00 0.000000000E+00
 
 1     791       0       2
 0.907830524E+01-0.208878051E-01 0.000000000E+00
 
 1     792       0       2
 0.907891846E+01-0.102668810E+01 0.000000000E+00
 
 1     793       0       2
 0.907767105E+01-0.203289056E+01 0.000000000E+00
 
 1     794       0       2
 0.907537460E+01-0.303970242E+01 0.000000000E+00
 
 1     795       0       2
 0.907332516E+01-0.404710722E+01 0.000000000E+00
 
 1     796       0       2
 0.907149792E+01-0.505464745E+01 0.000000000E+00
 
 1     797       0       2
 0.907021618E+01-0.707158756E+01 0.000000000E+00
 
 1     798       0       2
 0.907035065E+01-0.807944298E+01 0.000000000E+00
 
 1     799       0       2
 0.907147598E+01-0.908802605E+01 0.000000000E+00
 
 1     800       0       2
 0.100637302E+02 0.803598881E+01 0.000000000E+00
 
 1     801       0       2
 0.100641127E+02 0.702615452E+01 0.000000000E+00
 
 1     802       0       2
 0.100691528E+02 0.601779222E+01 0.000000000E+00
 
 1     803       0       2
 0.100742064E+02 0.501157999E+01 0.000000000E+00
 
 1     804       0       2
 0.100784054E+02 0.400605536E+01 0.000000000E+00
 
 1     805       0       2
 0.100816059E+02 0.300040102E+01 0.000000000E+00
 
 1     806       0       2
 0.100843449E+02 0.199438941E+01 0.000000000E+00
 
 1     807       0       2
 0.100870409E+02 0.988045514E+00 0.000000000E+00
 
 1     808       0       2
 0.100890465E+02-0.185401104E-01 0.000000000E+00
 
 1     809       0       2
 0.100892487E+02-0.102531993E+01 0.000000000E+00
 
 1     810       0       2
 0.100880737E+02-0.203231573E+01 0.000000000E+00
 
 1     811       0       2
 0.100865107E+02-0.303961301E+01 0.000000000E+00
 
 1     812       0       2
 0.100849533E+02-0.404719830E+01 0.000000000E+00
 
 1     813       0       2
 0.100832682E+02-0.505508423E+01 0.000000000E+00
 
 1     814       0       2
 0.100823393E+02-0.606314564E+01 0.000000000E+00
 
 1     815       0       2
 0.100818930E+02-0.707115841E+01 0.000000000E+00
 
 1     816       0       2
 0.100820236E+02-0.807883358E+01 0.000000000E+00
 
 1     817       0       2
 0.100818853E+02-0.908577538E+01 0.000000000E+00
 
 1     818       0       2
 0.100648422E+02 0.904695988E+01 0.000000000E+00
 
 1     819       0       2
 0.905973530E+01 0.100564985E+02 0.000000000E+00
 
 1     820       0       2
 0.704032326E+01 0.100583811E+02 0.000000000E+00
 
 1     821       0       2
 0.603174257E+01 0.100633993E+02 0.000000000E+00
 
 1     822       0       2
 0.502428198E+01 0.100690870E+02 0.000000000E+00
 
 1     823       0       2
 0.401808500E+01 0.100748663E+02 0.000000000E+00
 
 1     824       0       2
 0.301303482E+01 0.100807924E+02 0.000000000E+00
 
 1     825       0       2
 0.200906157E+01 0.100883846E+02 0.000000000E+00
 
 1     826       0       2
 0.100608063E+01 0.101000204E+02 0.000000000E+00
 
 1     827       0       2
 0.399870472E-02 0.101159477E+02 0.000000000E+00
 
 1     828       0       2
-0.996940434E+00 0.101330185E+02 0.000000000E+00
 
 1     829       0       2
-0.299810553E+01 0.101396055E+02 0.000000000E+00
 
 1     830       0       2
-0.400159073E+01 0.101233940E+02 0.000000000E+00
 
 1     831       0       2
-0.500730419E+01 0.101068239E+02 0.000000000E+00
 
 1     832       0       2
-0.601605701E+01 0.100927610E+02 0.000000000E+00
 
 1     833       0       2
-0.905346203E+01 0.100831089E+02 0.000000000E+00
 
 1     834       0       2
-0.702714062E+01 0.100858603E+02 0.000000000E+00
 
 1     835       0       2
-0.100659494E+02 0.907755756E+01 0.000000000E+00
 
 1     836       0       2
-0.100669823E+02 0.807104969E+01 0.000000000E+00
 
 1     837       0       2
-0.100682430E+02 0.706388330E+01 0.000000000E+00
 
 1     838       0       2
-0.100689573E+02 0.605641842E+01 0.000000000E+00
 
 1     839       0       2
-0.100707788E+02 0.504961967E+01 0.000000000E+00
 
 1     840       0       2
-0.100709944E+02 0.404359818E+01 0.000000000E+00
 
 1     841       0       2
-0.100704842E+02 0.303866982E+01 0.000000000E+00
 
 1     842       0       2
-0.100699720E+02 0.203480101E+01 0.000000000E+00
 
 1     843       0       2
-0.100698967E+02 0.103142130E+01 0.000000000E+00
 
 1     844       0       2
-0.100720282E+02-0.975638390E+00 0.000000000E+00
 
 1     845       0       2
-0.100728598E+02-0.198162067E+01 0.000000000E+00
 
 1     846       0       2
-0.100734873E+02-0.298775244E+01 0.000000000E+00
 
 1     847       0       2
-0.100719671E+02-0.399529767E+01 0.000000000E+00
 
 1     848       0       2
-0.100688763E+02-0.500369263E+01 0.000000000E+00
 
 1     849       0       2
-0.100662489E+02-0.601318836E+01 0.000000000E+00
 
 1     850       0       2
-0.100723171E+02-0.904864597E+01 0.000000000E+00
 
 1     851       0       2
-0.100659027E+02-0.702429152E+01 0.000000000E+00
 
 1     852       0       2
 0.502178907E+01-0.705258226E+01 0.000000000E+00
 
 1     853       0       2
-0.906814766E+01-0.100606050E+02 0.000000000E+00
 
 1     854       0       2
-0.705279255E+01-0.100653543E+02 0.000000000E+00
 
 1     855       0       2
-0.604504347E+01-0.100711565E+02 0.000000000E+00
 
 1     856       0       2
-0.503751326E+01-0.100782137E+02 0.000000000E+00
 
 1     857       0       2
-0.403033972E+01-0.100847311E+02 0.000000000E+00
 
 1     858       0       2
-0.302366328E+01-0.100896111E+02 0.000000000E+00
 
 1     859       0       2
-0.201753736E+01-0.100924940E+02 0.000000000E+00
 
 1     860       0       2
-0.101190615E+01-0.100936184E+02 0.000000000E+00
 
 1     861       0       2
-0.658578612E-02-0.100939531E+02 0.000000000E+00
 
 1     862       0       2
 0.998736084E+00-0.100942793E+02 0.000000000E+00
 
 1     863       0       2
 0.200448537E+01-0.100949097E+02 0.000000000E+00
 
 1     864       0       2
 0.301103759E+01-0.100962200E+02 0.000000000E+00
 
 1     865       0       2
 0.401971769E+01-0.100941963E+02 0.000000000E+00
 
 1     866       0       2
 0.502800798E+01-0.100958452E+02 0.000000000E+00
 
 1     867       0       2
 0.603792477E+01-0.100941525E+02 0.000000000E+00
 
 1     868       0       2
 0.907030296E+01-0.100934076E+02 0.000000000E+00
 
 1     869       0       2
 0.704845810E+01-0.100968246E+02 0.000000000E+00
 
 1     870       0       2
-0.702584124E+01-0.498667240E+01 0.000000000E+00
 
 1     871       0       2
-0.702499342E+01-0.599936295E+01 0.000000000E+00
 
 1     872       0       2
-0.400644445E+01-0.703873587E+01 0.000000000E+00
 
 1     873       0       2
-0.601885414E+01-0.702148867E+01 0.000000000E+00
 
 1     874       0       2
-0.501225853E+01-0.703090525E+01 0.000000000E+00
 
 1     875       0       2
-0.702283049E+01 0.102980387E+01 0.000000000E+00
 
 1     876       0       2
-0.702560806E+01 0.298084933E-01 0.000000000E+00
 
 1     877       0       2
-0.199138737E+01 0.702416658E+01 0.000000000E+00
 
 1     878       0       2
-0.398618674E+01 0.702604342E+01 0.000000000E+00
 
 1     879       0       2
 0.602732658E+01-0.604336929E+01 0.000000000E+00
 
 1     880       0       2
 0.598652172E+01 0.600139189E+01 0.000000000E+00
 
 1     881       0       2
-0.600799847E+01 0.602956963E+01 0.000000000E+00
 
 1     882       0       2
 0.100806532E+02-0.100916252E+02 0.000000000E+00
 
 1     883       0       2
-0.100759754E+02-0.100620689E+02 0.000000000E+00
 
 1     884       0       2
-0.100668449E+02 0.100836515E+02 0.000000000E+00
 
 1     885       0       2
 0.100694542E+02 0.100599613E+02 0.000000000E+00
 
 1     886       0       2
 0.602156734E+01-0.502928162E+01 0.000000000E+00
 
 1     887       0       2
 0.602086353E+01-0.402044773E+01 0.000000000E+00
 
 1     888       0       2
 0.602167034E+01-0.301571941E+01 0.000000000E+00
 
 1     889       0       2
 0.602226686E+01-0.201284862E+01 0.000000000E+00
 
 1     890       0       2
 0.602311325E+01-0.101168847E+01 0.000000000E+00
 
 1     891       0       2
 0.602232981E+01-0.112066101E-01 0.000000000E+00
 
 1     892       0       2
 0.602049112E+01 0.988877177E+00 0.000000000E+00
 
 1     893       0       2
 0.601744366E+01 0.198905182E+01 0.000000000E+00
 
 1     894       0       2
 0.601296139E+01 0.298956561E+01 0.000000000E+00
 
 1     895       0       2
 0.600702810E+01 0.399112606E+01 0.000000000E+00
 
 1     896       0       2
 0.599952459E+01 0.499560785E+01 0.000000000E+00
 
 1     897       0       2
 0.498379469E+01 0.600785351E+01 0.000000000E+00
 
 1     898       0       2
 0.398483157E+01 0.601153421E+01 0.000000000E+00
 
 1     899       0       2
 0.298818803E+01 0.601417732E+01 0.000000000E+00
 
 1     900       0       2
 0.199189556E+01 0.601652765E+01 0.000000000E+00
 
 1     901       0       2
 0.995826185E+00 0.601802874E+01 0.000000000E+00
 
 1     902       0       2
-0.109165849E-03 0.601587629E+01 0.000000000E+00
 
 1     903       0       2
-0.996514678E+00 0.601070690E+01 0.000000000E+00
 
 1     904       0       2
-0.199394727E+01 0.600488853E+01 0.000000000E+00
 
 1     905       0       2
-0.299361491E+01 0.600258923E+01 0.000000000E+00
 
 1     906       0       2
-0.399543023E+01 0.600930262E+01 0.000000000E+00
 
 1     907       0       2
-0.499990845E+01 0.602285147E+01 0.000000000E+00
 
 1     908       0       2
-0.601145267E+01 0.502275515E+01 0.000000000E+00
 
 1     909       0       2
-0.601228666E+01 0.401810074E+01 0.000000000E+00
 
 1     910       0       2
-0.601137066E+01 0.301667428E+01 0.000000000E+00
 
 1     911       0       2
-0.601077032E+01 0.201633787E+01 0.000000000E+00
 
 1     912       0       2
-0.601117706E+01 0.101645398E+01 0.000000000E+00
 
 1     913       0       2
-0.601263571E+01 0.168438628E-01 0.000000000E+00
 
 1     914       0       2
-0.601443768E+01-0.982659161E+00 0.000000000E+00
 
 1     915       0       2
-0.601573563E+01-0.198260236E+01 0.000000000E+00
 
 1     916       0       2
-0.601511002E+01-0.600648499E+01 0.000000000E+00
 
 1     917       0       2
-0.601592541E+01-0.298392200E+01 0.000000000E+00
 
 1     918       0       2
-0.601472616E+01-0.398785853E+01 0.000000000E+00
 
 1     919       0       2
-0.601374006E+01-0.499560356E+01 0.000000000E+00
 
 1     920       0       2
 0.805916691E+01-0.111009722E+02 0.000000000E+00
 
 1     921       0       2
 0.603890514E+01-0.111008568E+02 0.000000000E+00
 
 1     922       0       2
 0.402040958E+01-0.111026011E+02 0.000000000E+00
 
 1     923       0       2
 0.200559878E+01-0.111006994E+02 0.000000000E+00
 
 1     924       0       2
 0.998867691E+00-0.111008568E+02 0.000000000E+00
 
 1     925       0       2
-0.757274264E-02-0.111006126E+02 0.000000000E+00
 
 1     926       0       2
-0.101406884E+01-0.111004305E+02 0.000000000E+00
 
 1     927       0       2
-0.202075243E+01-0.110995121E+02 0.000000000E+00
 
 1     928       0       2
-0.302768326E+01-0.110970554E+02 0.000000000E+00
 
 1     929       0       2
-0.403492022E+01-0.110930986E+02 0.000000000E+00
 
 1     930       0       2
-0.504236364E+01-0.110883017E+02 0.000000000E+00
 
 1     931       0       2
-0.604991674E+01-0.110830774E+02 0.000000000E+00
 
 1     932       0       2
-0.705751705E+01-0.110789251E+02 0.000000000E+00
 
 1     933       0       2
-0.806482983E+01-0.110761213E+02 0.000000000E+00
 
 1     934       0       2
 0.504754891E-03-0.602530670E+01 0.000000000E+00
 
 1     935       0       2
-0.400253010E+01-0.601936817E+01 0.000000000E+00
 
 1     936       0       2
-0.300097561E+01-0.602223015E+01 0.000000000E+00
 
 1     937       0       2
 0.100790453E+02-0.110965900E+02 0.000000000E+00
 
 1     938       0       2
-0.110832958E+02-0.100641851E+02 0.000000000E+00
 
 1     939       0       2
-0.100784254E+02-0.110747080E+02 0.000000000E+00
 
 1     940       0       2
-0.110812883E+02-0.905270481E+01 0.000000000E+00
 
 1     941       0       2
-0.110786495E+02-0.804164410E+01 0.000000000E+00
 
 1     942       0       2
-0.110773220E+02-0.703163290E+01 0.000000000E+00
 
 1     943       0       2
-0.110784054E+02-0.602199602E+01 0.000000000E+00
 
 1     944       0       2
-0.110809059E+02-0.501311302E+01 0.000000000E+00
 
 1     945       0       2
-0.110826626E+02-0.400472927E+01 0.000000000E+00
 
 1     946       0       2
-0.110828762E+02-0.299700022E+01 0.000000000E+00
 
 1     947       0       2
-0.110835829E+02-0.198993468E+01 0.000000000E+00
 
 1     948       0       2
-0.110830822E+02-0.983918726E+00 0.000000000E+00
 
 1     949       0       2
-0.110832567E+02 0.216460265E-01 0.000000000E+00
 
 1     950       0       2
-0.110829554E+02 0.102657163E+01 0.000000000E+00
 
 1     951       0       2
-0.110829983E+02 0.203152180E+01 0.000000000E+00
 
 1     952       0       2
-0.110832071E+02 0.303686094E+01 0.000000000E+00
 
 1     953       0       2
-0.110832891E+02 0.404284573E+01 0.000000000E+00
 
 1     954       0       2
-0.110830441E+02 0.504952335E+01 0.000000000E+00
 
 1     955       0       2
-0.110821304E+02 0.605669785E+01 0.000000000E+00
 
 1     956       0       2
-0.110812788E+02 0.706413984E+01 0.000000000E+00
 
 1     957       0       2
-0.110805168E+02 0.807150173E+01 0.000000000E+00
 
 1     958       0       2
-0.100683975E+02 0.110890188E+02 0.000000000E+00
 
 1     959       0       2
-0.110798216E+02 0.907837963E+01 0.000000000E+00
 
 1     960       0       2
-0.110795069E+02 0.100843697E+02 0.000000000E+00
 
 1     961       0       2
-0.905667019E+01 0.110897551E+02 0.000000000E+00
 
 1     962       0       2
-0.804545689E+01 0.110909662E+02 0.000000000E+00
 
 1     963       0       2
-0.602621508E+01 0.111005793E+02 0.000000000E+00
 
 1     964       0       2
-0.501847792E+01 0.111110029E+02 0.000000000E+00
 
 1     965       0       2
-0.401136160E+01 0.111280289E+02 0.000000000E+00
 
 1     966       0       2
-0.300523067E+01 0.111372623E+02 0.000000000E+00
 
 1     967       0       2
-0.199942827E+01 0.111502438E+02 0.000000000E+00
 
 1     968       0       2
-0.994794607E+00 0.111381226E+02 0.000000000E+00
 
 1     969       0       2
 0.802693237E-02 0.111191692E+02 0.000000000E+00
 
 1     970       0       2
 0.101268065E+01 0.111078863E+02 0.000000000E+00
 
 1     971       0       2
 0.201727128E+01 0.110983496E+02 0.000000000E+00
 
 1     972       0       2
 0.302260041E+01 0.110921917E+02 0.000000000E+00
 
 1     973       0       2
 0.402859974E+01 0.110874348E+02 0.000000000E+00
 
 1     974       0       2
 0.503529263E+01 0.110827866E+02 0.000000000E+00
 
 1     975       0       2
 0.604266596E+01 0.110785685E+02 0.000000000E+00
 
 1     976       0       2
 0.705023146E+01 0.110747957E+02 0.000000000E+00
 
 1     977       0       2
 0.805773163E+01 0.110720501E+02 0.000000000E+00
 
 1     978       0       2
 0.110784006E+02 0.100633869E+02 0.000000000E+00
 
 1     979       0       2
 0.100731058E+02 0.110719843E+02 0.000000000E+00
 
 1     980       0       2
 0.110772867E+02 0.905259705E+01 0.000000000E+00
 
 1     981       0       2
 0.110780802E+02 0.804305267E+01 0.000000000E+00
 
 1     982       0       2
 0.110788918E+02 0.703417778E+01 0.000000000E+00
 
 1     983       0       2
 0.110854959E+02 0.602616119E+01 0.000000000E+00
 
 1     984       0       2
 0.110890560E+02 0.501888180E+01 0.000000000E+00
 
 1     985       0       2
 0.110911865E+02 0.401203632E+01 0.000000000E+00
 
 1     986       0       2
 0.110925827E+02 0.300533676E+01 0.000000000E+00
 
 1     987       0       2
 0.110939198E+02 0.199854600E+01 0.000000000E+00
 
 1     988       0       2
 0.110956764E+02 0.991591752E+00 0.000000000E+00
 
 1     989       0       2
 0.110969486E+02-0.154874567E-01 0.000000000E+00
 
 1     990       0       2
 0.110948858E+02-0.202996969E+01 0.000000000E+00
 
 1     991       0       2
 0.110946598E+02-0.303753996E+01 0.000000000E+00
 
 1     992       0       2
 0.110931263E+02-0.404514408E+01 0.000000000E+00
 
 1     993       0       2
 0.110912142E+02-0.505273724E+01 0.000000000E+00
 
 1     994       0       2
 0.110911551E+02-0.606065226E+01 0.000000000E+00
 
 1     995       0       2
 0.110907955E+02-0.706843042E+01 0.000000000E+00
 
 1     996       0       2
 0.110907660E+02-0.807596207E+01 0.000000000E+00
 
 1     997       0       2
 0.110904932E+02-0.908292103E+01 0.000000000E+00
 
 1     998       0       2
 0.110892859E+02-0.100891047E+02 0.000000000E+00
 
 1     999       0       2
 0.110876398E+02-0.110945072E+02 0.000000000E+00
 
 1    1000       0       2
-0.110846958E+02-0.110749807E+02 0.000000000E+00
 
 1    1001       0       2
-0.110794210E+02 0.110900078E+02 0.000000000E+00
 
 1    1002       0       2
 0.110808916E+02 0.110738897E+02 0.000000000E+00
 
 1    1003       0       2
 0.110858212E+02-0.120991011E+02 0.000000000E+00
 
 1    1004       0       2
 0.120950270E+02-0.110921764E+02 0.000000000E+00
 
 1    1005       0       2
 0.120969839E+02-0.807221317E+01 0.000000000E+00
 
 1    1006       0       2
 0.120972767E+02-0.907944584E+01 0.000000000E+00
 
 1    1007       0       2
 0.120973139E+02-0.605712605E+01 0.000000000E+00
 
 1    1008       0       2
 0.120974617E+02-0.706475544E+01 0.000000000E+00
 
 1    1009       0       2
 0.120983667E+02-0.504959202E+01 0.000000000E+00
 
 1    1010       0       2
 0.121007538E+02-0.202690125E+01 0.000000000E+00
 
 1    1011       0       2
 0.121004276E+02-0.303443575E+01 0.000000000E+00
 
 1    1012       0       2
 0.121027784E+02-0.120058814E-01 0.000000000E+00
 
 1    1013       0       2
 0.121024923E+02-0.101942801E+01 0.000000000E+00
 
 1    1014       0       2
 0.121002207E+02 0.200262785E+01 0.000000000E+00
 
 1    1015       0       2
 0.121016426E+02 0.995366156E+00 0.000000000E+00
 
 1    1016       0       2
 0.120997238E+02 0.401718760E+01 0.000000000E+00
 
 1    1017       0       2
 0.120998926E+02 0.300985909E+01 0.000000000E+00
 
 1    1018       0       2
 0.120965099E+02 0.603268194E+01 0.000000000E+00
 
 1    1019       0       2
 0.120982075E+02 0.502475548E+01 0.000000000E+00
 
 1    1020       0       2
 0.120886221E+02 0.804879284E+01 0.000000000E+00
 
 1    1021       0       2
 0.120921278E+02 0.704059887E+01 0.000000000E+00
 
 1    1022       0       2
 0.120873680E+02 0.100667000E+02 0.000000000E+00
 
 1    1023       0       2
 0.120871058E+02 0.905705452E+01 0.000000000E+00
 
 1    1024       0       2
-0.120916157E+02-0.110764761E+02 0.000000000E+00
 
 1    1025       0       2
-0.110798931E+02 0.120954437E+02 0.000000000E+00
 
 1    1026       0       2
 0.120881433E+02 0.110763121E+02 0.000000000E+00
 
 1    1027       0       2
 0.100764971E+02 0.120845528E+02 0.000000000E+00
 
 1    1028       0       2
 0.110830259E+02 0.120838928E+02 0.000000000E+00
 
 1    1029       0       2
 0.906857014E+01 0.120837975E+02 0.000000000E+00
 
 1    1030       0       2
 0.604804134E+01 0.120901508E+02 0.000000000E+00
 
 1    1031       0       2
 0.705521679E+01 0.120878210E+02 0.000000000E+00
 
 1    1032       0       2
 0.403361607E+01 0.120965033E+02 0.000000000E+00
 
 1    1033       0       2
 0.504016542E+01 0.120926285E+02 0.000000000E+00
 
 1    1034       0       2
 0.302648497E+01 0.120996542E+02 0.000000000E+00
 
 1    1035       0       2
 0.878721103E-02 0.121204901E+02 0.000000000E+00
 
 1    1036       0       2
 0.101391363E+01 0.121107244E+02 0.000000000E+00
 
 1    1037       0       2
-0.200333667E+01 0.121414585E+02 0.000000000E+00
 
 1    1038       0       2
-0.996584773E+00 0.121333561E+02 0.000000000E+00
 
 1    1039       0       2
-0.401752090E+01 0.121238337E+02 0.000000000E+00
 
 1    1040       0       2
-0.301071501E+01 0.121351290E+02 0.000000000E+00
 
 1    1041       0       2
-0.603327417E+01 0.121052065E+02 0.000000000E+00
 
 1    1042       0       2
-0.502549028E+01 0.121128836E+02 0.000000000E+00
 
 1    1043       0       2
-0.805089092E+01 0.120976868E+02 0.000000000E+00
 
 1    1044       0       2
-0.704192686E+01 0.121010294E+02 0.000000000E+00
 
 1    1045       0       2
-0.100700903E+02 0.120952387E+02 0.000000000E+00
 
 1    1046       0       2
-0.906003475E+01 0.120957232E+02 0.000000000E+00
 
 1    1047       0       2
-0.120895967E+02 0.110900555E+02 0.000000000E+00
 
 1    1048       0       2
-0.120909166E+02 0.807015800E+01 0.000000000E+00
 
 1    1049       0       2
-0.120903816E+02 0.907716846E+01 0.000000000E+00
 
 1    1050       0       2
-0.120920839E+02 0.605512094E+01 0.000000000E+00
 
 1    1051       0       2
-0.120911417E+02 0.706248569E+01 0.000000000E+00
 
 1    1052       0       2
-0.120926962E+02 0.504769564E+01 0.000000000E+00
 
 1    1053       0       2
-0.120930510E+02 0.202775764E+01 0.000000000E+00
 
 1    1054       0       2
-0.120930710E+02 0.303411317E+01 0.000000000E+00
 
 1    1055       0       2
-0.120933161E+02 0.155038526E-01 0.000000000E+00
 
 1    1056       0       2
-0.120928316E+02 0.102163339E+01 0.000000000E+00
 
 1    1057       0       2
-0.120918341E+02-0.199749637E+01 0.000000000E+00
 
 1    1058       0       2
-0.120926657E+02-0.990773201E+00 0.000000000E+00
 
 1    1059       0       2
-0.120910501E+02-0.401250410E+01 0.000000000E+00
 
 1    1060       0       2
-0.120918646E+02-0.300475931E+01 0.000000000E+00
 
 1    1061       0       2
-0.120878916E+02-0.602889156E+01 0.000000000E+00
 
 1    1062       0       2
-0.120903311E+02-0.502059221E+01 0.000000000E+00
 
 1    1063       0       2
-0.120879374E+02-0.804710007E+01 0.000000000E+00
 
 1    1064       0       2
-0.120868206E+02-0.703773689E+01 0.000000000E+00
 
 1    1065       0       2
-0.120905590E+02-0.100664082E+02 0.000000000E+00
 
 1    1066       0       2
-0.120895891E+02-0.905666637E+01 0.000000000E+00
 
 1    1067       0       2
-0.100805044E+02-0.120865240E+02 0.000000000E+00
 
 1    1068       0       2
-0.110860338E+02-0.120857506E+02 0.000000000E+00
 
 1    1069       0       2
-0.806671715E+01-0.120880938E+02 0.000000000E+00
 
 1    1070       0       2
-0.907350826E+01-0.120869484E+02 0.000000000E+00
 
 1    1071       0       2
-0.705893230E+01-0.120895805E+02 0.000000000E+00
 
 1    1072       0       2
-0.403597975E+01-0.120986261E+02 0.000000000E+00
 
 1    1073       0       2
-0.504366350E+01-0.120958652E+02 0.000000000E+00
 
 1    1074       0       2
-0.202154374E+01-0.121042585E+02 0.000000000E+00
 
 1    1075       0       2
-0.302858353E+01-0.121019993E+02 0.000000000E+00
 
 1    1076       0       2
-0.695598545E-02-0.121044254E+02 0.000000000E+00
 
 1    1077       0       2
-0.101411092E+01-0.121046801E+02 0.000000000E+00
 
 1    1078       0       2
 0.200716853E+01-0.121049070E+02 0.000000000E+00
 
 1    1079       0       2
 0.100010610E+01-0.121049175E+02 0.000000000E+00
 
 1    1080       0       2
 0.402244425E+01-0.121061144E+02 0.000000000E+00
 
 1    1081       0       2
 0.301448989E+01-0.121064863E+02 0.000000000E+00
 
 1    1082       0       2
 0.604008770E+01-0.121054716E+02 0.000000000E+00
 
 1    1083       0       2
 0.503099298E+01-0.121068344E+02 0.000000000E+00
 
 1    1084       0       2
 0.704942369E+01-0.121054859E+02 0.000000000E+00
 
 1    1085       0       2
 0.100774574E+02-0.121008463E+02 0.000000000E+00
 
 1    1086       0       2
 0.906830502E+01-0.121020823E+02 0.000000000E+00
 
 1    1087       0       2
 0.120933857E+02-0.120975170E+02 0.000000000E+00
 
 1    1088       0       2
-0.120922890E+02-0.120861349E+02 0.000000000E+00
 
 1    1089       0       2
-0.120891619E+02 0.120956545E+02 0.000000000E+00
 
 1    1090       0       2
 0.120900497E+02 0.120855284E+02 0.000000000E+00
 
 1    1091       0       2
 0.100764122E+02-0.131047220E+02 0.000000000E+00
 
 1    1092       0       2
 0.906778049E+01-0.131055603E+02 0.000000000E+00
 
 1    1093       0       2
 0.805902386E+01-0.131071081E+02 0.000000000E+00
 
 1    1094       0       2
 0.705009842E+01-0.131079731E+02 0.000000000E+00
 
 1    1095       0       2
 0.604159498E+01-0.131078596E+02 0.000000000E+00
 
 1    1096       0       2
 0.301665449E+01-0.131089735E+02 0.000000000E+00
 
 1    1097       0       2
 0.200946283E+01-0.131077890E+02 0.000000000E+00
 
 1    1098       0       2
-0.527385529E-02-0.131074047E+02 0.000000000E+00
 
 1    1099       0       2
-0.101282716E+01-0.131077614E+02 0.000000000E+00
 
 1    1100       0       2
-0.202031469E+01-0.131073780E+02 0.000000000E+00
 
 1    1101       0       2
-0.403501844E+01-0.131035099E+02 0.000000000E+00
 
 1    1102       0       2
-0.605022478E+01-0.130996065E+02 0.000000000E+00
 
 1    1103       0       2
-0.705766487E+01-0.130977154E+02 0.000000000E+00
 
 1    1104       0       2
-0.806553745E+01-0.130972424E+02 0.000000000E+00
 
 1    1105       0       2
-0.907293606E+01-0.130966272E+02 0.000000000E+00
 
 1    1106       0       2
-0.100799198E+02-0.130961285E+02 0.000000000E+00
 
 1    1107       0       2
-0.130988674E+02-0.120870733E+02 0.000000000E+00
 
 1    1108       0       2
-0.110864820E+02-0.130956240E+02 0.000000000E+00
 
 1    1109       0       2
-0.120926800E+02-0.130954981E+02 0.000000000E+00
 
 1    1110       0       2
-0.130980101E+02-0.110780859E+02 0.000000000E+00
 
 1    1111       0       2
-0.130974960E+02-0.100691500E+02 0.000000000E+00
 
 1    1112       0       2
-0.130962763E+02-0.805161381E+01 0.000000000E+00
 
 1    1113       0       2
-0.130962257E+02-0.704312754E+01 0.000000000E+00
 
 1    1114       0       2
-0.130974464E+02-0.603499842E+01 0.000000000E+00
 
 1    1115       0       2
-0.130992603E+02-0.401911592E+01 0.000000000E+00
 
 1    1116       0       2
-0.130988989E+02-0.301131487E+01 0.000000000E+00
 
 1    1117       0       2
-0.130998812E+02-0.200397992E+01 0.000000000E+00
 
 1    1118       0       2
-0.131009035E+02 0.100032110E-01 0.000000000E+00
 
 1    1119       0       2
-0.130999403E+02 0.202367640E+01 0.000000000E+00
 
 1    1120       0       2
-0.131012316E+02 0.403770781E+01 0.000000000E+00
 
 1    1121       0       2
-0.130992517E+02 0.605220795E+01 0.000000000E+00
 
 1    1122       0       2
-0.130989494E+02 0.806730556E+01 0.000000000E+00
 
 1    1123       0       2
-0.130988417E+02 0.100817709E+02 0.000000000E+00
 
 1    1124       0       2
-0.120892344E+02 0.131012211E+02 0.000000000E+00
 
 1    1125       0       2
-0.130979872E+02 0.110881643E+02 0.000000000E+00
 
 1    1126       0       2
-0.130974731E+02 0.120942421E+02 0.000000000E+00
 
 1    1127       0       2
-0.110805321E+02 0.131006479E+02 0.000000000E+00
 
 1    1128       0       2
-0.100718184E+02 0.131011066E+02 0.000000000E+00
 
 1    1129       0       2
-0.906312943E+01 0.131013451E+02 0.000000000E+00
 
 1    1130       0       2
-0.805490303E+01 0.131031199E+02 0.000000000E+00
 
 1    1131       0       2
-0.704662752E+01 0.131056280E+02 0.000000000E+00
 
 1    1132       0       2
-0.603852987E+01 0.131091709E+02 0.000000000E+00
 
 1    1133       0       2
-0.503090525E+01 0.131138029E+02 0.000000000E+00
 
 1    1134       0       2
-0.402304268E+01 0.131201010E+02 0.000000000E+00
 
 1    1135       0       2
-0.200712538E+01 0.131311741E+02 0.000000000E+00
 
 1    1136       0       2
 0.713258423E-02 0.131186724E+02 0.000000000E+00
 
 1    1137       0       2
 0.202010536E+01 0.131079121E+02 0.000000000E+00
 
 1    1138       0       2
 0.403410482E+01 0.131027031E+02 0.000000000E+00
 
 1    1139       0       2
 0.504061270E+01 0.130994682E+02 0.000000000E+00
 
 1    1140       0       2
 0.604811287E+01 0.130977125E+02 0.000000000E+00
 
 1    1141       0       2
 0.705627251E+01 0.130976076E+02 0.000000000E+00
 
 1    1142       0       2
 0.806395340E+01 0.130969534E+02 0.000000000E+00
 
 1    1143       0       2
 0.907112503E+01 0.130956278E+02 0.000000000E+00
 
 1    1144       0       2
 0.100776405E+02 0.130949278E+02 0.000000000E+00
 
 1    1145       0       2
 0.130967884E+02 0.120869532E+02 0.000000000E+00
 
 1    1146       0       2
 0.110844593E+02 0.130944204E+02 0.000000000E+00
 
 1    1147       0       2
 0.120903606E+02 0.130943842E+02 0.000000000E+00
 
 1    1148       0       2
 0.130961628E+02 0.110782537E+02 0.000000000E+00
 
 1    1149       0       2
 0.130959692E+02 0.100698318E+02 0.000000000E+00
 
 1    1150       0       2
 0.130987549E+02 0.805371284E+01 0.000000000E+00
 
 1    1151       0       2
 0.131009140E+02 0.704555082E+01 0.000000000E+00
 
 1    1152       0       2
 0.131032476E+02 0.603745222E+01 0.000000000E+00
 
 1    1153       0       2
 0.131050243E+02 0.402175188E+01 0.000000000E+00
 
 1    1154       0       2
 0.131051140E+02 0.301414514E+01 0.000000000E+00
 
 1    1155       0       2
 0.131054296E+02 0.200669932E+01 0.000000000E+00
 
 1    1156       0       2
 0.131061106E+02 0.999276459E+00 0.000000000E+00
 
 1    1157       0       2
 0.131051168E+02-0.202319670E+01 0.000000000E+00
 
 1    1158       0       2
 0.131041250E+02-0.403830957E+01 0.000000000E+00
 
 1    1159       0       2
 0.131027870E+02-0.605331707E+01 0.000000000E+00
 
 1    1160       0       2
 0.131025286E+02-0.806826782E+01 0.000000000E+00
 
 1    1161       0       2
 0.131026201E+02-0.100826941E+02 0.000000000E+00
 
 1    1162       0       2
 0.131009512E+02-0.110889225E+02 0.000000000E+00
 
 1    1163       0       2
 0.131000710E+02-0.120951920E+02 0.000000000E+00
 
 1    1164       0       2
 0.130991449E+02-0.131010437E+02 0.000000000E+00
 
 1    1165       0       2
-0.130989075E+02-0.130957890E+02 0.000000000E+00
 
 1    1166       0       2
-0.130972948E+02 0.131002331E+02 0.000000000E+00
 
 1    1167       0       2
 0.130973825E+02 0.130953159E+02 0.000000000E+00
 
 1    1168       0       2
-0.500772333E+01-0.601444769E+01 0.000000000E+00
 
 1    1169       0       2
-0.298795009E+01 0.703008556E+01 0.000000000E+00
 
 1    1170       0       2
 0.501544714E+01-0.603065872E+01 0.000000000E+00
 
 1    1171       0       2
 0.400864601E+01-0.602725458E+01 0.000000000E+00
 
 1    1172       0       2
 0.300473928E+01-0.602645969E+01 0.000000000E+00
 
 1    1173       0       2
 0.200242400E+01-0.602608633E+01 0.000000000E+00
 
 1    1174       0       2
 0.100112486E+01-0.602548838E+01 0.000000000E+00
 
 1    1175       0       2
-0.999783278E+00-0.602478170E+01 0.000000000E+00
 
 1    1176       0       2
-0.200033951E+01-0.602377748E+01 0.000000000E+00
 
 1    1177       0       2
 0.130981989E+02-0.141066027E+02 0.000000000E+00
 
 1    1178       0       2
 0.120909290E+02-0.141074562E+02 0.000000000E+00
 
 1    1179       0       2
 0.110833788E+02-0.141079950E+02 0.000000000E+00
 
 1    1180       0       2
 0.100755653E+02-0.141084633E+02 0.000000000E+00
 
 1    1181       0       2
 0.906752872E+01-0.141088381E+02 0.000000000E+00
 
 1    1182       0       2
 0.805939674E+01-0.141095991E+02 0.000000000E+00
 
 1    1183       0       2
 0.705117750E+01-0.141100740E+02 0.000000000E+00
 
 1    1184       0       2
 0.604302597E+01-0.141103477E+02 0.000000000E+00
 
 1    1185       0       2
 0.503493166E+01-0.141109571E+02 0.000000000E+00
 
 1    1186       0       2
 0.402701092E+01-0.141110783E+02 0.000000000E+00
 
 1    1187       0       2
 0.301940370E+01-0.141107235E+02 0.000000000E+00
 
 1    1188       0       2
 0.201207328E+01-0.141100998E+02 0.000000000E+00
 
 1    1189       0       2
 0.100454259E+01-0.141103153E+02 0.000000000E+00
 
 1    1190       0       2
-0.282425852E-02-0.141098928E+02 0.000000000E+00
 
 1    1191       0       2
-0.101040387E+01-0.141100645E+02 0.000000000E+00
 
 1    1192       0       2
-0.201798940E+01-0.141099129E+02 0.000000000E+00
 
 1    1193       0       2
-0.302553129E+01-0.141093874E+02 0.000000000E+00
 
 1    1194       0       2
-0.403292513E+01-0.141079826E+02 0.000000000E+00
 
 1    1195       0       2
-0.504050255E+01-0.141074076E+02 0.000000000E+00
 
 1    1196       0       2
-0.604783106E+01-0.141059237E+02 0.000000000E+00
 
 1    1197       0       2
-0.705532169E+01-0.141049767E+02 0.000000000E+00
 
 1    1198       0       2
-0.806299973E+01-0.141049223E+02 0.000000000E+00
 
 1    1199       0       2
-0.907049084E+01-0.141046791E+02 0.000000000E+00
 
 1    1200       0       2
-0.100777540E+02-0.141044178E+02 0.000000000E+00
 
 1    1201       0       2
-0.110847778E+02-0.141041765E+02 0.000000000E+00
 
 1    1202       0       2
-0.120916128E+02-0.141040726E+02 0.000000000E+00
 
 1    1203       0       2
-0.130983887E+02-0.141041603E+02 0.000000000E+00
 
 1    1204       0       2
-0.141052179E+02-0.141044235E+02 0.000000000E+00
 
 1    1205       0       2
-0.141054497E+02-0.130964785E+02 0.000000000E+00
 
 1    1206       0       2
-0.141055384E+02-0.120884037E+02 0.000000000E+00
 
 1    1207       0       2
-0.141046696E+02-0.110801086E+02 0.000000000E+00
 
 1    1208       0       2
-0.141046648E+02-0.100719614E+02 0.000000000E+00
 
 1    1209       0       2
-0.141049614E+02-0.906389427E+01 0.000000000E+00
 
 1    1210       0       2
-0.141041822E+02-0.805582905E+01 0.000000000E+00
 
 1    1211       0       2
-0.141045465E+02-0.704798985E+01 0.000000000E+00
 
 1    1212       0       2
-0.141051779E+02-0.604022837E+01 0.000000000E+00
 
 1    1213       0       2
-0.141058931E+02-0.503245401E+01 0.000000000E+00
 
 1    1214       0       2
-0.141055775E+02-0.301710963E+01 0.000000000E+00
 
 1    1215       0       2
-0.141063433E+02-0.200972605E+01 0.000000000E+00
 
 1    1216       0       2
-0.141068783E+02-0.100237405E+01 0.000000000E+00
 
 1    1217       0       2
-0.141069260E+02 0.492174691E-02 0.000000000E+00
 
 1    1218       0       2
-0.141069040E+02 0.101217306E+01 0.000000000E+00
 
 1    1219       0       2
-0.141063070E+02 0.201938987E+01 0.000000000E+00
 
 1    1220       0       2
-0.141069832E+02 0.302665520E+01 0.000000000E+00
 
 1    1221       0       2
-0.141070185E+02 0.403401327E+01 0.000000000E+00
 
 1    1222       0       2
-0.141067591E+02 0.504141665E+01 0.000000000E+00
 
 1    1223       0       2
-0.141059542E+02 0.604874039E+01 0.000000000E+00
 
 1    1224       0       2
-0.141060991E+02 0.705627584E+01 0.000000000E+00
 
 1    1225       0       2
-0.141057053E+02 0.806368732E+01 0.000000000E+00
 
 1    1226       0       2
-0.141059866E+02 0.907119465E+01 0.000000000E+00
 
 1    1227       0       2
-0.141057177E+02 0.100783854E+02 0.000000000E+00
 
 1    1228       0       2
-0.141052952E+02 0.110853100E+02 0.000000000E+00
 
 1    1229       0       2
-0.141050339E+02 0.120920944E+02 0.000000000E+00
 
 1    1230       0       2
-0.141049051E+02 0.130988150E+02 0.000000000E+00
 
 1    1231       0       2
-0.141048632E+02 0.141055241E+02 0.000000000E+00
 
 1    1232       0       2
-0.130972672E+02 0.141062107E+02 0.000000000E+00
 
 1    1233       0       2
-0.120894299E+02 0.141066303E+02 0.000000000E+00
 
 1    1234       0       2
-0.110813818E+02 0.141061831E+02 0.000000000E+00
 
 1    1235       0       2
-0.100734377E+02 0.141066599E+02 0.000000000E+00
 
 1    1236       0       2
-0.906554317E+01 0.141070089E+02 0.000000000E+00
 
 1    1237       0       2
-0.805774689E+01 0.141078262E+02 0.000000000E+00
 
 1    1238       0       2
-0.704999113E+01 0.141091576E+02 0.000000000E+00
 
 1    1239       0       2
-0.604231071E+01 0.141110592E+02 0.000000000E+00
 
 1    1240       0       2
-0.503469610E+01 0.141134739E+02 0.000000000E+00
 
 1    1241       0       2
-0.402712536E+01 0.141166735E+02 0.000000000E+00
 
 1    1242       0       2
-0.301917481E+01 0.141208229E+02 0.000000000E+00
 
 1    1243       0       2
-0.201091266E+01 0.141213961E+02 0.000000000E+00
 
 1    1244       0       2
-0.100289929E+01 0.141196451E+02 0.000000000E+00
 
 1    1245       0       2
 0.421268865E-02 0.141157236E+02 0.000000000E+00
 
 1    1246       0       2
 0.101146913E+01 0.141130524E+02 0.000000000E+00
 
 1    1247       0       2
 0.201812840E+01 0.141103020E+02 0.000000000E+00
 
 1    1248       0       2
 0.302532935E+01 0.141088734E+02 0.000000000E+00
 
 1    1249       0       2
 0.403252649E+01 0.141076288E+02 0.000000000E+00
 
 1    1250       0       2
 0.503949690E+01 0.141058874E+02 0.000000000E+00
 
 1    1251       0       2
 0.604683638E+01 0.141050510E+02 0.000000000E+00
 
 1    1252       0       2
 0.705472136E+01 0.141051626E+02 0.000000000E+00
 
 1    1253       0       2
 0.806240559E+01 0.141048927E+02 0.000000000E+00
 
 1    1254       0       2
 0.906982803E+01 0.141043730E+02 0.000000000E+00
 
 1    1255       0       2
 0.100769720E+02 0.141039343E+02 0.000000000E+00
 
 1    1256       0       2
 0.110839443E+02 0.141036587E+02 0.000000000E+00
 
 1    1257       0       2
 0.120908222E+02 0.141036549E+02 0.000000000E+00
 
 1    1258       0       2
 0.130972900E+02 0.141035805E+02 0.000000000E+00
 
 1    1259       0       2
 0.141045017E+02 0.141042271E+02 0.000000000E+00
 
 1    1260       0       2
 0.141043167E+02 0.130960894E+02 0.000000000E+00
 
 1    1261       0       2
 0.141043234E+02 0.120881424E+02 0.000000000E+00
 
 1    1262       0       2
 0.141042833E+02 0.110804110E+02 0.000000000E+00
 
 1    1263       0       2
 0.141045179E+02 0.100726719E+02 0.000000000E+00
 
 1    1264       0       2
 0.141052742E+02 0.906492138E+01 0.000000000E+00
 
 1    1265       0       2
 0.141059437E+02 0.805710030E+01 0.000000000E+00
 
 1    1266       0       2
 0.141069689E+02 0.704927349E+01 0.000000000E+00
 
 1    1267       0       2
 0.141081190E+02 0.604143810E+01 0.000000000E+00
 
 1    1268       0       2
 0.141089859E+02 0.503362799E+01 0.000000000E+00
 
 1    1269       0       2
 0.141085558E+02 0.402587366E+01 0.000000000E+00
 
 1    1270       0       2
 0.141088696E+02 0.301833010E+01 0.000000000E+00
 
 1    1271       0       2
 0.141090727E+02 0.201083589E+01 0.000000000E+00
 
 1    1272       0       2
 0.141094198E+02 0.100335789E+01 0.000000000E+00
 
 1    1273       0       2
 0.141098385E+02-0.417700782E-02 0.000000000E+00
 
 1    1274       0       2
 0.141096773E+02-0.101174152E+01 0.000000000E+00
 
 1    1275       0       2
 0.141087608E+02-0.201920605E+01 0.000000000E+00
 
 1    1276       0       2
 0.141089363E+02-0.302673912E+01 0.000000000E+00
 
 1    1277       0       2
 0.141082687E+02-0.403420973E+01 0.000000000E+00
 
 1    1278       0       2
 0.141083326E+02-0.504176331E+01 0.000000000E+00
 
 1    1279       0       2
 0.141076050E+02-0.604919863E+01 0.000000000E+00
 
 1    1280       0       2
 0.141079264E+02-0.705673790E+01 0.000000000E+00
 
 1    1281       0       2
 0.141074820E+02-0.806413174E+01 0.000000000E+00
 
 1    1282       0       2
 0.141078768E+02-0.907160282E+01 0.000000000E+00
 
 1    1283       0       2
 0.141075010E+02-0.100787878E+02 0.000000000E+00
 
 1    1284       0       2
 0.141066971E+02-0.110856609E+02 0.000000000E+00
 
 1    1285       0       2
 0.141061478E+02-0.120924425E+02 0.000000000E+00
 
 1    1286       0       2
 0.141057158E+02-0.130990896E+02 0.000000000E+00
 
 1    1287       0       2
 0.141052408E+02-0.141056519E+02 0.000000000E+00
 
 1    1288       0       2
-0.200655818E+01-0.806561279E+01 0.000000000E+00
 
 1    1289       0       2
 0.120984211E+02-0.404182386E+01 0.000000000E+00
 
 1    1290       0       2
-0.120927448E+02 0.404068947E+01 0.000000000E+00
 
 1    1291       0       2
 0.503286982E+01-0.131089268E+02 0.000000000E+00
 
 1    1292       0       2
 0.401385641E+01-0.705050468E+01 0.000000000E+00
 
 1    1293       0       2
-0.804417610E+01-0.965337813E+00 0.000000000E+00
 
 1    1294       0       2
 0.805887318E+01 0.982555628E+00 0.000000000E+00
 
 1    1295       0       2
 0.131064844E+02-0.819853414E-02 0.000000000E+00
 
 1    1296       0       2
-0.131001492E+02-0.996868610E+00 0.000000000E+00
 
 1    1297       0       2
-0.131002789E+02 0.101685131E+01 0.000000000E+00
 
 1    1298       0       2
-0.130985956E+02 0.907448006E+01 0.000000000E+00
 
 1    1299       0       2
 0.131027079E+02-0.907554054E+01 0.000000000E+00
 
 1    1300       0       2
-0.301528120E+01 0.131277056E+02 0.000000000E+00
 
 1    1301       0       2
-0.401430130E+01-0.805618858E+01 0.000000000E+00
 
 1    1302       0       2
 0.302640939E+01 0.131042814E+02 0.000000000E+00
 
 1    1303       0       2
-0.131000366E+02 0.504482651E+01 0.000000000E+00
 
 1    1304       0       2
 0.131034822E+02-0.504578161E+01 0.000000000E+00
 
 1    1305       0       2
-0.804061794E+01 0.346600562E-01 0.000000000E+00
 
 1    1306       0       2
 0.806186867E+01-0.209871288E-01 0.000000000E+00
 
 1    1307       0       2
-0.100678768E+02-0.803598881E+01 0.000000000E+00
 
 1    1308       0       2
 0.110844545E+02-0.131036320E+02 0.000000000E+00
 
 1    1309       0       2
-0.302758408E+01-0.131057444E+02 0.000000000E+00
 
 1    1310       0       2
-0.130983143E+02-0.502691317E+01 0.000000000E+00
 
 1    1311       0       2
 0.131040401E+02 0.502950096E+01 0.000000000E+00
 
 1    1312       0       2
 0.906925774E+01-0.606241894E+01 0.000000000E+00
 
 1    1313       0       2
-0.905367374E+01 0.605455351E+01 0.000000000E+00
 
 1    1314       0       2
 0.130967588E+02 0.906158733E+01 0.000000000E+00
 
 1    1315       0       2
-0.130971899E+02-0.906033134E+01 0.000000000E+00
 
 1    1316       0       2
 0.101260960E+01 0.131116972E+02 0.000000000E+00
 
 1    1317       0       2
 0.100211942E+01-0.131077309E+02 0.000000000E+00
 
 1    1318       0       2
 0.906414318E+01 0.110700378E+02 0.000000000E+00
 
 1    1319       0       2
 0.906911659E+01-0.110977669E+02 0.000000000E+00
 
 1    1320       0       2
-0.907146358E+01-0.110744343E+02 0.000000000E+00
 
 1    1321       0       2
-0.803968620E+01 0.100833178E+02 0.000000000E+00
 
 1    1322       0       2
 0.804934025E+01 0.100552626E+02 0.000000000E+00
 
 1    1323       0       2
 0.805938816E+01-0.100957956E+02 0.000000000E+00
 
 1    1324       0       2
-0.806002712E+01-0.100611553E+02 0.000000000E+00
 
 1    1325       0       2
 0.704086018E+01-0.605241013E+01 0.000000000E+00
 
 1    1326       0       2
-0.120896244E+02 0.100834913E+02 0.000000000E+00
 
 1    1327       0       2
 0.120961418E+02-0.100858965E+02 0.000000000E+00
 
 1    1328       0       2
 0.598801756E+01 0.701337576E+01 0.000000000E+00
 
 1    1329       0       2
 0.402469301E+01-0.131088972E+02 0.000000000E+00
 
 1    1330       0       2
-0.130989466E+02 0.705967617E+01 0.000000000E+00
 
 1    1331       0       2
 0.131027975E+02-0.706081009E+01 0.000000000E+00
 
 1    1332       0       2
 0.201935935E+01 0.121033659E+02 0.000000000E+00
 
 1    1333       0       2
-0.999532640E+00 0.131262627E+02 0.000000000E+00
 
 1    1334       0       2
 0.131061125E+02-0.101568961E+01 0.000000000E+00
 
 1    1335       0       2
-0.141057949E+02-0.402469778E+01 0.000000000E+00
 
 1    1336       0       2
-0.504257727E+01-0.131017580E+02 0.000000000E+00
 
 1    1337       0       2
-0.131003819E+02 0.303060651E+01 0.000000000E+00
 
 1    1338       0       2
 0.131047506E+02-0.303073716E+01 0.000000000E+00
 
 1    1339       0       2
 0.301290107E+01-0.111015863E+02 0.000000000E+00
 
 1    1340       0       2
 0.401712704E+01-0.806737137E+01 0.000000000E+00
 
 1    1341       0       2
-0.703539181E+01 0.110934458E+02 0.000000000E+00
 
 1    1342       0       2
 0.704895353E+01-0.111011648E+02 0.000000000E+00
 
 1    1343       0       2
 0.110961618E+02-0.102260780E+01 0.000000000E+00
 
 1    1344       0       2
 0.502954197E+01-0.111017170E+02 0.000000000E+00
 
 1    1345       0       2
-0.803857040E+01-0.599863815E+01 0.000000000E+00
 
 1    1346       0       2
-0.199725139E+01 0.101365700E+02 0.000000000E+00
 
 1    1347       0       2
 0.120919857E+02-0.131024694E+02 0.000000000E+00
 
 1    1348       0       2
 0.990079403E+00 0.703934813E+01 0.000000000E+00
 
 1    1349       0       2
-0.804065514E+01-0.498817396E+01 0.000000000E+00
 
 1    1350       0       2
-0.605101013E+01-0.120919714E+02 0.000000000E+00
 
 1    1351       0       2
 0.805897045E+01-0.121039047E+02 0.000000000E+00
 
 1    1352       0       2
 0.806173420E+01 0.120852003E+02 0.000000000E+00
 
 1    1353       0       2
-0.100701170E+02 0.279978681E-01 0.000000000E+00
 
 1    1354       0       2
 0.000000000E+00-0.100000000E+01-0.100000000E+02
 
 1    1355       0       2
 0.100000000E+01 0.000000000E+00-0.100000000E+02
 
 1    1356       0       2
 0.000000000E+00 0.100000000E+01-0.100000000E+02
 
 1    1357       0       2
-0.100000000E+01 0.000000000E+00-0.100000000E+02
 
 1    1358       0       2
-0.100000000E+01-0.100000000E+01-0.100000000E+02
 
 1    1359       0       2
 0.100000000E+01-0.100000000E+01-0.100000000E+02
 
 1    1360       0       2
 0.100000000E+01 0.100000000E+01-0.100000000E+02
 
 1    1361       0       2
-0.100000000E+01 0.100000000E+01-0.100000000E+02
 
 1    1362       0       2
-0.200000000E+01-0.100000000E+01-0.100000000E+02
 
 1    1363       0       2
-0.100000000E+01-0.200000000E+01-0.100000000E+02
 
 1    1364       0       2
 0.000000000E+00-0.200000000E+01-0.100000000E+02
 
 1    1365       0       2
 0.100000000E+01-0.200000000E+01-0.100000000E+02
 
 1    1366       0       2
 0.200000000E+01 0.000000000E+00-0.100000000E+02
 
 1    1367       0       2
 0.200000000E+01 0.100000000E+01-0.100000000E+02
 
 1    1368       0       2
-0.100000000E+01 0.200000000E+01-0.100000000E+02
 
 1    1369       0       2
-0.200000000E+01 0.000000000E+00-0.100000000E+02
 
 1    1370       0       2
-0.200000000E+01-0.200000000E+01-0.100000000E+02
 
 1    1371       0       2
 0.200000000E+01-0.200000000E+01-0.100000000E+02
 
 1    1372       0       2
 0.200000000E+01 0.200000000E+01-0.100000000E+02
 
 1    1373       0       2
-0.200000000E+01 0.200000000E+01-0.100000000E+02
 
 1    1374       0       2
-0.100000000E+01-0.300000000E+01-0.100000000E+02
 
 1    1375       0       2
 0.000000000E+00-0.300000000E+01-0.100000000E+02
 
 1    1376       0       2
-0.200000000E+01-0.300000000E+01-0.100000000E+02
 
 1    1377       0       2
 0.300000000E+01-0.200000000E+01-0.100000000E+02
 
 1    1378       0       2
 0.200000000E+01-0.300000000E+01-0.100000000E+02
 
 1    1379       0       2
 0.300000000E+01 0.000000000E+00-0.100000000E+02
 
 1    1380       0       2
 0.200000000E+01 0.300000000E+01-0.100000000E+02
 
 1    1381       0       2
 0.300000000E+01 0.200000000E+01-0.100000000E+02
 
 1    1382       0       2
 0.000000000E+00 0.300000000E+01-0.100000000E+02
 
 1    1383       0       2
-0.300000000E+01 0.200000000E+01-0.100000000E+02
 
 1    1384       0       2
-0.200000000E+01 0.300000000E+01-0.100000000E+02
 
 1    1385       0       2
-0.300000000E+01 0.100000000E+01-0.100000000E+02
 
 1    1386       0       2
-0.300000000E+01 0.000000000E+00-0.100000000E+02
 
 1    1387       0       2
-0.300000000E+01-0.200000000E+01-0.100000000E+02
 
 1    1388       0       2
-0.300000000E+01-0.300000000E+01-0.100000000E+02
 
 1    1389       0       2
 0.300000000E+01-0.300000000E+01-0.100000000E+02
 
 1    1390       0       2
 0.300000000E+01 0.300000000E+01-0.100000000E+02
 
 1    1391       0       2
-0.300000000E+01 0.300000000E+01-0.100000000E+02
 
 1    1392       0       2
-0.300000000E+01-0.400000000E+01-0.100000000E+02
 
 1    1393       0       2
-0.200000000E+01-0.400000000E+01-0.100000000E+02
 
 1    1394       0       2
-0.100000000E+01-0.400000000E+01-0.100000000E+02
 
 1    1395       0       2
 0.000000000E+00-0.400000000E+01-0.100000000E+02
 
 1    1396       0       2
 0.100000000E+01-0.400000000E+01-0.100000000E+02
 
 1    1397       0       2
 0.200000000E+01-0.400000000E+01-0.100000000E+02
 
 1    1398       0       2
 0.300000000E+01-0.400000000E+01-0.100000000E+02
 
 1    1399       0       2
 0.400000000E+01-0.400000000E+01-0.100000000E+02
 
 1    1400       0       2
 0.400000000E+01-0.300000000E+01-0.100000000E+02
 
 1    1401       0       2
 0.400000000E+01-0.200000000E+01-0.100000000E+02
 
 1    1402       0       2
 0.400000000E+01-0.100000000E+01-0.100000000E+02
 
 1    1403       0       2
 0.400000000E+01 0.000000000E+00-0.100000000E+02
 
 1    1404       0       2
 0.400000000E+01 0.100000000E+01-0.100000000E+02
 
 1    1405       0       2
 0.400000000E+01 0.200000000E+01-0.100000000E+02
 
 1    1406       0       2
 0.400000000E+01 0.300000000E+01-0.100000000E+02
 
 1    1407       0       2
 0.400000000E+01 0.400000000E+01-0.100000000E+02
 
 1    1408       0       2
 0.300000000E+01 0.400000000E+01-0.100000000E+02
 
 1    1409       0       2
 0.200000000E+01 0.400000000E+01-0.100000000E+02
 
 1    1410       0       2
 0.100000000E+01 0.400000000E+01-0.100000000E+02
 
 1    1411       0       2
 0.000000000E+00 0.400000000E+01-0.100000000E+02
 
 1    1412       0       2
-0.100000000E+01 0.400000000E+01-0.100000000E+02
 
 1    1413       0       2
-0.200000000E+01 0.400000000E+01-0.100000000E+02
 
 1    1414       0       2
-0.300000000E+01 0.400000000E+01-0.100000000E+02
 
 1    1415       0       2
-0.400000000E+01 0.400000000E+01-0.100000000E+02
 
 1    1416       0       2
-0.400000000E+01 0.300000000E+01-0.100000000E+02
 
 1    1417       0       2
-0.400000000E+01 0.200000000E+01-0.100000000E+02
 
 1    1418       0       2
-0.400000000E+01 0.100000000E+01-0.100000000E+02
 
 1    1419       0       2
-0.400000000E+01 0.000000000E+00-0.100000000E+02
 
 1    1420       0       2
-0.400000000E+01-0.100000000E+01-0.100000000E+02
 
 1    1421       0       2
-0.400000000E+01-0.200000000E+01-0.100000000E+02
 
 1    1422       0       2
-0.400000000E+01-0.300000000E+01-0.100000000E+02
 
 1    1423       0       2
-0.400000000E+01-0.400000000E+01-0.100000000E+02
 
 1    1424       0       2
-0.100000000E+01 0.300000000E+01-0.100000000E+02
 
 1    1425       0       2
 0.300000000E+01 0.100000000E+01-0.100000000E+02
 
 1    1426       0       2
 0.100000000E+01-0.300000000E+01-0.100000000E+02
 
 1    1427       0       2
 0.000000000E+00 0.200000000E+01-0.100000000E+02
 
 1    1428       0       2
 0.100000000E+01 0.200000000E+01-0.100000000E+02
 
 1    1429       0       2
 0.200000000E+01-0.100000000E+01-0.100000000E+02
 
 1    1430       0       2
-0.300000000E+01-0.100000000E+01-0.100000000E+02
 
 1    1431       0       2
-0.200000000E+01 0.100000000E+01-0.100000000E+02
 
 1    1432       0       2
 0.100000000E+01 0.300000000E+01-0.100000000E+02
 
 1    1433       0       2
 0.300000000E+01-0.100000000E+01-0.100000000E+02
 
 1    1434       0       2
 0.000000000E+00 0.000000000E+00-0.100000000E+02
 
 1    1435       0       2
 0.398565745E+01 0.804161358E+01 0.000000000E+00
 
 1    1436       0       2
-0.803847408E+01 0.103444541E+01 0.000000000E+00
 
 1    1437       0       2
 0.802836704E+01 0.499434471E+01 0.000000000E+00
 
 1    1438       0       2
 0.802150917E+01 0.600037432E+01 0.000000000E+00
 
 1    1439       0       2
-0.100244856E+01 0.806952953E+01 0.000000000E+00
 
 1    1440       0       2
-0.199364448E+01 0.807065868E+01 0.000000000E+00
 
 1    1441       0       2
-0.298669434E+01 0.807053471E+01 0.000000000E+00
 
 1    1442       0       2
-0.398486090E+01 0.806603336E+01 0.000000000E+00
 
 2       1       4       2       0
       4       0       1
    1434    1356    1360    1355
 2       2       4       2       0
       4       0       1
    1355    1359    1354    1434
 2       3       4       2       0
       4       0       1
    1354    1358    1357    1434
 2       4       4       2       0
       4       0       1
    1357    1361    1356    1434
 2       5       4       2       0
       4       0       1
    1354    1364    1363    1358
 2       6       4       2       0
       4       0       1
    1359    1365    1364    1354
 2       7       4       2       0
       4       0       1
    1355    1366    1429    1359
 2       8       4       2       0
       4       0       1
    1360    1367    1366    1355
 2       9       4       2       0
       4       0       1
    1356    1427    1428    1360
 2      10       4       2       0
       4       0       1
    1361    1368    1427    1356
 2      11       4       2       0
       4       0       1
    1358    1362    1369    1357
 2      12       4       2       0
       4       0       1
    1369    1431    1361    1357
 2      13       4       2       0
       4       0       1
    1363    1370    1362    1358
 2      14       4       2       0
       4       0       1
    1429    1371    1365    1359
 2      15       4       2       0
       4       0       1
    1428    1372    1367    1360
 2      16       4       2       0
       4       0       1
    1431    1373    1368    1361
 2      17       4       2       0
       4       0       1
    1362    1430    1386    1369
 2      18       4       2       0
       4       0       1
    1370    1387    1430    1362
 2      19       4       2       0
       4       0       1
    1363    1374    1376    1370
 2      20       4       2       0
       4       0       1
    1365    1426    1375    1364
 2      21       4       2       0
       4       0       1
    1364    1375    1374    1363
 2      22       4       2       0
       4       0       1
    1371    1378    1426    1365
 2      23       4       2       0
       4       0       1
    1429    1433    1377    1371
 2      24       4       2       0
       4       0       1
    1367    1425    1379    1366
 2      25       4       2       0
       4       0       1
    1366    1379    1433    1429
 2      26       4       2       0
       4       0       1
    1372    1381    1425    1367
 2      27       4       2       0
       4       0       1
    1428    1432    1380    1372
 2      28       4       2       0
       4       0       1
    1368    1424    1382    1427
 2      29       4       2       0
       4       0       1
    1427    1382    1432    1428
 2      30       4       2       0
       4       0       1
    1373    1384    1424    1368
 2      31       4       2       0
       4       0       1
    1431    1385    1383    1373
 2      32       4       2       0
       4       0       1
    1369    1386    1385    1431
 2      33       4       2       0
       4       0       1
    1376    1388    1387    1370
 2      34       4       2       0
       4       0       1
    1377    1389    1378    1371
 2      35       4       2       0
       4       0       1
    1380    1390    1381    1372
 2      36       4       2       0
       4       0       1
    1383    1391    1384    1373
 2      37       4       2       0
       4       0       1
    1374    1394    1393    1376
 2      38       4       2       0
       4       0       1
    1426    1396    1395    1375
 2      39       4       2       0
       4       0       1
    1375    1395    1394    1374
 2      40       4       2       0
       4       0       1
    1376    1393    1392    1388
 2      41       4       2       0
       4       0       1
    1433    1402    1401    1377
 2      42       4       2       0
       4       0       1
    1377    1401    1400    1389
 2      43       4       2       0
       4       0       1
    1389    1398    1397    1378
 2      44       4       2       0
       4       0       1
    1378    1397    1396    1426
 2      45       4       2       0
       4       0       1
    1425    1404    1403    1379
 2      46       4       2       0
       4       0       1
    1379    1403    1402    1433
 2      47       4       2       0
       4       0       1
    1432    1410    1409    1380
 2      48       4       2       0
       4       0       1
    1380    1409    1408    1390
 2      49       4       2       0
       4       0       1
    1390    1406    1405    1381
 2      50       4       2       0
       4       0       1
    1381    1405    1404    1425
 2      51       4       2       0
       4       0       1
    1424    1412    1411    1382
 2      52       4       2       0
       4       0       1
    1382    1411    1410    1432
 2      53       4       2       0
       4       0       1
    1385    1418    1417    1383
 2      54       4       2       0
       4       0       1
    1383    1417    1416    1391
 2      55       4       2       0
       4       0       1
    1391    1414    1413    1384
 2      56       4       2       0
       4       0       1
    1384    1413    1412    1424
 2      57       4       2       0
       4       0       1
    1430    1420    1419    1386
 2      58       4       2       0
       4       0       1
    1386    1419    1418    1385
 2      59       4       2       0
       4       0       1
    1388    1422    1421    1387
 2      60       4       2       0
       4       0       1
    1387    1421    1420    1430
 2      61       4       2       0
       4       0       1
    1392    1423    1422    1388
 2      62       4       2       0
       4       0       1
    1400    1399    1398    1389
 2      63       4       2       0
       4       0       1
    1408    1407    1406    1390
 2      64       4       2       0
       4       0       1
    1416    1415    1414    1391
 2      65       4       2       0
       4       0       1
    1392      95      94    1423
 2      66       4       2       0
       4       0       1
    1393      96      95    1392
 2      67       4       2       0
       4       0       1
    1394      97      96    1393
 2      68       4       2       0
       4       0       1
    1395      98      97    1394
 2      69       4       2       0
       4       0       1
    1396      99      98    1395
 2      70       4       2       0
       4       0       1
    1397     100      99    1396
 2      71       4       2       0
       4       0       1
    1398     101     100    1397
 2      72       4       2       0
       4       0       1
    1399     102     101    1398
 2      73       4       2       0
       4       0       1
    1399     112       8     102
 2      74       4       2       0
       4       0       1
    1400     113     112    1399
 2      75       4       2       0
       4       0       1
    1401     114     113    1400
 2      76       4       2       0
       4       0       1
    1402     115     114    1401
 2      77       4       2       0
       4       0       1
    1403     116     115    1402
 2      78       4       2       0
       4       0       1
    1404     117     116    1403
 2      79       4       2       0
       4       0       1
    1405     118     117    1404
 2      80       4       2       0
       4       0       1
    1406     119     118    1405
 2      81       4       2       0
       4       0       1
    1407     120     119    1406
 2      82       4       2       0
       4       0       1
    1407      57       5     120
 2      83       4       2       0
       4       0       1
    1408      56      57    1407
 2      84       4       2       0
       4       0       1
    1409      55      56    1408
 2      85       4       2       0
       4       0       1
    1410      54      55    1409
 2      86       4       2       0
       4       0       1
    1411      53      54    1410
 2      87       4       2       0
       4       0       1
    1412      52      53    1411
 2      88       4       2       0
       4       0       1
    1413      51      52    1412
 2      89       4       2       0
       4       0       1
    1414      50      51    1413
 2      90       4       2       0
       4       0       1
    1415      49      50    1414
 2      91       4       2       0
       4       0       1
    1415      21       2      49
 2      92       4       2       0
       4       0       1
    1416      20      21    1415
 2      93       4       2       0
       4       0       1
    1417      19      20    1416
 2      94       4       2       0
       4       0       1
    1418      18      19    1417
 2      95       4       2       0
       4       0       1
    1419      17      18    1418
 2      96       4       2       0
       4       0       1
    1420      16      17    1419
 2      97       4       2       0
       4       0       1
    1421      15      16    1420
 2      98       4       2       0
       4       0       1
    1422      14      15    1421
 2      99       4       2       0
       4       0       1
    1423      13      14    1422
 2     100       4       2       0
       4       0       1
      94       1      13    1423
 2     101       4       2       0
       4       0       2
    1435     714     715     678
 2     102       4       2       0
       4       0       2
    1435     678     778     777
 2     103       4       2       0
       4       0       2
    1435     777     776     677
 2     104       4       2       0
       4       0       2
    1435     677     713     714
 2     105       4       2       0
       4       0       2
    1442     769     768     673
 2     106       4       2       0
       4       0       2
     683     787     786    1437
 2     107       4       2       0
       4       0       2
    1437     786     785    1438
 2     108       4       2       0
       4       0       2
    1438     712     711    1437
 2     109       4       2       0
       4       0       2
     649    1174     934     642
 2     110       4       2       0
       4       0       2
     642     660     659     649
 2     111       4       2       0
       4       0       2
     934    1175     643     642
 2     112       4       2       0
       4       0       2
     643     661     660     642
 2     113       4       2       0
       4       0       2
    1175    1176     694     643
 2     114       4       2       0
       4       0       2
     694    1288     661     643
 2     115       4       2       0
       4       0       2
     654     893     892     644
 2     116       4       2       0
       4       0       2
     644    1294     685     654
 2     117       4       2       0
       4       0       2
     892     891     645     644
 2     118       4       2       0
       4       0       2
     645    1306    1294     644
 2     119       4       2       0
       4       0       2
     891     890     646     645
 2     120       4       2       0
       4       0       2
     646     686    1306     645
 2     121       4       2       0
       4       0       2
     890     889     647     646
 2     122       4       2       0
       4       0       2
     647     687     686     646
 2     123       4       2       0
       4       0       2
     889     888     648     647
 2     124       4       2       0
       4       0       2
     648     688     687     647
 2     125       4       2       0
       4       0       2
     888     887     703     648
 2     126       4       2       0
       4       0       2
     703     689     688     648
 2     127       4       2       0
       4       0       2
     649     650    1173    1174
 2     128       4       2       0
       4       0       2
     659     658     650     649
 2     129       4       2       0
       4       0       2
    1440     877     720    1439
 2     130       4       2       0
       4       0       2
     685     684     655     654
 2     131       4       2       0
       4       0       2
     684     683     656     655
 2     132       4       2       0
       4       0       2
    1442     878    1169    1441
 2     133       4       2       0
       4       0       2
     653    1348     675     674
 2     134       4       2       0
       4       0       2
     653     902     901    1348
 2     135       4       2       0
       4       0       2
     901     900     705    1348
 2     136       4       2       0
       4       0       2
     705     676     675    1348
 2     137       4       2       0
       4       0       2
    1436     875     721     702
 2     138       4       2       0
       4       0       2
     674     773     772    1439
 2     139       4       2       0
       4       0       2
     682     681     680     706
 2     140       4       2       0
       4       0       2
     680     679    1328     706
 2     141       4       2       0
       4       0       2
     679     678     715    1328
 2     142       4       2       0
       4       0       2
     673     725     878    1442
 2     143       4       2       0
       4       0       2
     705     713     677     676
 2     144       4       2       0
       4       0       2
    1436     702     758     757
 2     145       4       2       0
       4       0       2
    1441    1169     877    1440
 2     146       4       2       0
       4       0       2
     658     697     723     650
 2     147       4       2       0
       4       0       2
     650     723    1172    1173
 2     148       4       2       0
       4       0       2
     651     917     915     695
 2     149       4       2       0
       4       0       2
     695     664     663     651
 2     150       4       2       0
       4       0       2
     663     699     722     651
 2     151       4       2       0
       4       0       2
     651     722     918     917
 2     152       4       2       0
       4       0       2
     702     721     652     665
 2     153       4       2       0
       4       0       2
     652     707     666     665
 2     154       4       2       0
       4       0       2
     652     910     909     707
 2     155       4       2       0
       4       0       2
     652     721     911     910
 2     156       4       2       0
       4       0       2
     653     720     903     902
 2     157       4       2       0
       4       0       2
     655     894     893     654
 2     158       4       2       0
       4       0       2
     656     895     894     655
 2     159       4       2       0
       4       0       2
     656     711     896     895
 2     160       4       2       0
       4       0       2
     707     710     667     666
 2     161       4       2       0
       4       0       2
     710     709     668     667
 2     162       4       2       0
       4       0       2
     709     708     669     668
 2     163       4       2       0
       4       0       2
     708     671     670     669
 2     164       4       2       0
       4       0       2
     708     724     672     671
 2     165       4       2       0
       4       0       2
     672     724     725     673
 2     166       4       2       0
       4       0       2
     703     716     690     689
 2     167       4       2       0
       4       0       2
     716    1325     691     690
 2     168       4       2       0
       4       0       2
    1325     704     692     691
 2     169       4       2       0
       4       0       2
     704     657     693     692
 2     170       4       2       0
       4       0       2
     657     731     730     693
 2     171       4       2       0
       4       0       2
     704     729     696     657
 2     172       4       2       0
       4       0       2
     696     732     731     657
 2     173       4       2       0
       4       0       2
     696     719     733     732
 2     174       4       2       0
       4       0       2
     719    1340     734     733
 2     175       4       2       0
       4       0       2
    1340     697     735     734
 2     176       4       2       0
       4       0       2
     658     736     735     697
 2     177       4       2       0
       4       0       2
     659     737     736     658
 2     178       4       2       0
       4       0       2
     660     738     737     659
 2     179       4       2       0
       4       0       2
     661     739     738     660
 2     180       4       2       0
       4       0       2
    1288     740     739     661
 2     181       4       2       0
       4       0       2
     694     727     700    1288
 2     182       4       2       0
       4       0       2
     700     741     740    1288
 2     183       4       2       0
       4       0       2
     700    1301     742     741
 2     184       4       2       0
       4       0       2
    1301     718     743     742
 2     185       4       2       0
       4       0       2
     718     717     744     743
 2     186       4       2       0
       4       0       2
     717     701     745     744
 2     187       4       2       0
       4       0       2
     701     662     746     745
 2     188       4       2       0
       4       0       2
     662     748     747     746
 2     189       4       2       0
       4       0       2
     701     728     698     662
 2     190       4       2       0
       4       0       2
     698     749     748     662
 2     191       4       2       0
       4       0       2
     698    1345     750     749
 2     192       4       2       0
       4       0       2
    1345    1349     751     750
 2     193       4       2       0
       4       0       2
    1349     699     752     751
 2     194       4       2       0
       4       0       2
     663     753     752     699
 2     195       4       2       0
       4       0       2
     664     754     753     663
 2     196       4       2       0
       4       0       2
     695     726    1293     664
 2     197       4       2       0
       4       0       2
    1293     755     754     664
 2     198       4       2       0
       4       0       2
    1305     756     755    1293
 2     199       4       2       0
       4       0       2
    1437     711     656     683
 2     200       4       2       0
       4       0       2
    1438     785     784     682
 2     201       4       2       0
       4       0       2
     665     759     758     702
 2     202       4       2       0
       4       0       2
     666     760     759     665
 2     203       4       2       0
       4       0       2
     667     761     760     666
 2     204       4       2       0
       4       0       2
     668    1313     761     667
 2     205       4       2       0
       4       0       2
     669     762    1313     668
 2     206       4       2       0
       4       0       2
     670     763     762     669
 2     207       4       2       0
       4       0       2
     670     765     764     763
 2     208       4       2       0
       4       0       2
     671     766     765     670
 2     209       4       2       0
       4       0       2
     672     767     766     671
 2     210       4       2       0
       4       0       2
     673     768     767     672
 2     211       4       2       0
       4       0       2
     675     774     773     674
 2     212       4       2       0
       4       0       2
     676     775     774     675
 2     213       4       2       0
       4       0       2
     677     776     775     676
 2     214       4       2       0
       4       0       2
    1436     757     756    1305
 2     215       4       2       0
       4       0       2
    1436    1305     876     875
 2     216       4       2       0
       4       0       2
     679     779     778     678
 2     217       4       2       0
       4       0       2
     680     780     779     679
 2     218       4       2       0
       4       0       2
     681     781     780     680
 2     219       4       2       0
       4       0       2
     681     783     782     781
 2     220       4       2       0
       4       0       2
     682     784     783     681
 2     221       4       2       0
       4       0       2
    1439     720     653     674
 2     222       4       2       0
       4       0       2
    1439     772     771    1440
 2     223       4       2       0
       4       0       2
    1440     771     770    1441
 2     224       4       2       0
       4       0       2
     684     788     787     683
 2     225       4       2       0
       4       0       2
     685     789     788     684
 2     226       4       2       0
       4       0       2
    1294     790     789     685
 2     227       4       2       0
       4       0       2
    1306     791     790    1294
 2     228       4       2       0
       4       0       2
     686     792     791    1306
 2     229       4       2       0
       4       0       2
     687     793     792     686
 2     230       4       2       0
       4       0       2
     688     794     793     687
 2     231       4       2       0
       4       0       2
     689     795     794     688
 2     232       4       2       0
       4       0       2
     690     796     795     689
 2     233       4       2       0
       4       0       2
     691    1312     796     690
 2     234       4       2       0
       4       0       2
     692     797    1312     691
 2     235       4       2       0
       4       0       2
     693     798     797     692
 2     236       4       2       0
       4       0       2
     730     799     798     693
 2     237       4       2       0
       4       0       2
    1176     936     727     694
 2     238       4       2       0
       4       0       2
     915     914     726     695
 2     239       4       2       0
       4       0       2
     729     852     719     696
 2     240       4       2       0
       4       0       2
    1340    1292     723     697
 2     241       4       2       0
       4       0       2
     728     871    1345     698
 2     242       4       2       0
       4       0       2
    1349     870     722     699
 2     243       4       2       0
       4       0       2
     727     872    1301     700
 2     244       4       2       0
       4       0       2
     717     873     728     701
 2     245       4       2       0
       4       0       2
     726     876    1305    1293
 2     246       4       2       0
       4       0       2
    1441     770     769    1442
 2     247       4       2       0
       4       0       2
     887     886     716     703
 2     248       4       2       0
       4       0       2
    1325     879     729     704
 2     249       4       2       0
       4       0       2
     900     899     713     705
 2     250       4       2       0
       4       0       2
    1328     880     712     706
 2     251       4       2       0
       4       0       2
     909     908     710     707
 2     252       4       2       0
       4       0       2
     709     881     724     708
 2     253       4       2       0
       4       0       2
     710     908     881     709
 2     254       4       2       0
       4       0       2
     712     880     896     711
 2     255       4       2       0
       4       0       2
     713     899     898     714
 2     256       4       2       0
       4       0       2
     714     898     897     715
 2     257       4       2       0
       4       0       2
     715     897     880    1328
 2     258       4       2       0
       4       0       2
     716     886     879    1325
 2     259       4       2       0
       4       0       2
     682     706     712    1438
 2     260       4       2       0
       4       0       2
     718     874     873     717
 2     261       4       2       0
       4       0       2
    1301     872     874     718
 2     262       4       2       0
       4       0       2
    1345     871     870    1349
 2     263       4       2       0
       4       0       2
     719     852    1292    1340
 2     264       4       2       0
       4       0       2
     720     877     904     903
 2     265       4       2       0
       4       0       2
     721     875     912     911
 2     266       4       2       0
       4       0       2
     722     870     919     918
 2     267       4       2       0
       4       0       2
     723    1292    1171    1172
 2     268       4       2       0
       4       0       2
     724     881     907     725
 2     269       4       2       0
       4       0       2
     907     906     878     725
 2     270       4       2       0
       4       0       2
     914     913     876     726
 2     271       4       2       0
       4       0       2
     936     935     872     727
 2     272       4       2       0
       4       0       2
     873     916     871     728
 2     273       4       2       0
       4       0       2
     879    1170     852     729
 2     274       4       2       0
       4       0       2
     730    1323     868     799
 2     275       4       2       0
       4       0       2
     731     869    1323     730
 2     276       4       2       0
       4       0       2
     732     867     869     731
 2     277       4       2       0
       4       0       2
     733     866     867     732
 2     278       4       2       0
       4       0       2
     734     865     866     733
 2     279       4       2       0
       4       0       2
     735     864     865     734
 2     280       4       2       0
       4       0       2
     736     863     864     735
 2     281       4       2       0
       4       0       2
     737     862     863     736
 2     282       4       2       0
       4       0       2
     738     861     862     737
 2     283       4       2       0
       4       0       2
     739     860     861     738
 2     284       4       2       0
       4       0       2
     740     859     860     739
 2     285       4       2       0
       4       0       2
     741     858     859     740
 2     286       4       2       0
       4       0       2
     742     857     858     741
 2     287       4       2       0
       4       0       2
     743     856     857     742
 2     288       4       2       0
       4       0       2
     744     855     856     743
 2     289       4       2       0
       4       0       2
     745     854     855     744
 2     290       4       2       0
       4       0       2
     746    1324     854     745
 2     291       4       2       0
       4       0       2
     747     853    1324     746
 2     292       4       2       0
       4       0       2
     747     850     883     853
 2     293       4       2       0
       4       0       2
     748    1307     850     747
 2     294       4       2       0
       4       0       2
     749     851    1307     748
 2     295       4       2       0
       4       0       2
     750     849     851     749
 2     296       4       2       0
       4       0       2
     751     848     849     750
 2     297       4       2       0
       4       0       2
     752     847     848     751
 2     298       4       2       0
       4       0       2
     753     846     847     752
 2     299       4       2       0
       4       0       2
     754     845     846     753
 2     300       4       2       0
       4       0       2
     755     844     845     754
 2     301       4       2       0
       4       0       2
     756    1353     844     755
 2     302       4       2       0
       4       0       2
     757     843    1353     756
 2     303       4       2       0
       4       0       2
     758     842     843     757
 2     304       4       2       0
       4       0       2
     759     841     842     758
 2     305       4       2       0
       4       0       2
     760     840     841     759
 2     306       4       2       0
       4       0       2
     761     839     840     760
 2     307       4       2       0
       4       0       2
    1313     838     839     761
 2     308       4       2       0
       4       0       2
     762     837     838    1313
 2     309       4       2       0
       4       0       2
     763     836     837     762
 2     310       4       2       0
       4       0       2
     764     835     836     763
 2     311       4       2       0
       4       0       2
     764     833     884     835
 2     312       4       2       0
       4       0       2
     765    1321     833     764
 2     313       4       2       0
       4       0       2
     766     834    1321     765
 2     314       4       2       0
       4       0       2
     767     832     834     766
 2     315       4       2       0
       4       0       2
     768     831     832     767
 2     316       4       2       0
       4       0       2
     769     830     831     768
 2     317       4       2       0
       4       0       2
     770     829     830     769
 2     318       4       2       0
       4       0       2
     771    1346     829     770
 2     319       4       2       0
       4       0       2
     772     828    1346     771
 2     320       4       2       0
       4       0       2
     773     827     828     772
 2     321       4       2       0
       4       0       2
     774     826     827     773
 2     322       4       2       0
       4       0       2
     775     825     826     774
 2     323       4       2       0
       4       0       2
     776     824     825     775
 2     324       4       2       0
       4       0       2
     777     823     824     776
 2     325       4       2       0
       4       0       2
     778     822     823     777
 2     326       4       2       0
       4       0       2
     779     821     822     778
 2     327       4       2       0
       4       0       2
     780     820     821     779
 2     328       4       2       0
       4       0       2
     781    1322     820     780
 2     329       4       2       0
       4       0       2
     782     819    1322     781
 2     330       4       2       0
       4       0       2
     782     818     885     819
 2     331       4       2       0
       4       0       2
     783     800     818     782
 2     332       4       2       0
       4       0       2
     784     801     800     783
 2     333       4       2       0
       4       0       2
     785     802     801     784
 2     334       4       2       0
       4       0       2
     786     803     802     785
 2     335       4       2       0
       4       0       2
     787     804     803     786
 2     336       4       2       0
       4       0       2
     788     805     804     787
 2     337       4       2       0
       4       0       2
     789     806     805     788
 2     338       4       2       0
       4       0       2
     790     807     806     789
 2     339       4       2       0
       4       0       2
     791     808     807     790
 2     340       4       2       0
       4       0       2
     792     809     808     791
 2     341       4       2       0
       4       0       2
     793     810     809     792
 2     342       4       2       0
       4       0       2
     794     811     810     793
 2     343       4       2       0
       4       0       2
     795     812     811     794
 2     344       4       2       0
       4       0       2
     796     813     812     795
 2     345       4       2       0
       4       0       2
    1312     814     813     796
 2     346       4       2       0
       4       0       2
     797     815     814    1312
 2     347       4       2       0
       4       0       2
     798     816     815     797
 2     348       4       2       0
       4       0       2
     799     817     816     798
 2     349       4       2       0
       4       0       2
     868     882     817     799
 2     350       4       2       0
       4       0       2
     800     981     980     818
 2     351       4       2       0
       4       0       2
     801     982     981     800
 2     352       4       2       0
       4       0       2
     802     983     982     801
 2     353       4       2       0
       4       0       2
     803     984     983     802
 2     354       4       2       0
       4       0       2
     804     985     984     803
 2     355       4       2       0
       4       0       2
     805     986     985     804
 2     356       4       2       0
       4       0       2
     806     987     986     805
 2     357       4       2       0
       4       0       2
     807     988     987     806
 2     358       4       2       0
       4       0       2
     808     989     988     807
 2     359       4       2       0
       4       0       2
     809    1343     989     808
 2     360       4       2       0
       4       0       2
     810     990    1343     809
 2     361       4       2       0
       4       0       2
     811     991     990     810
 2     362       4       2       0
       4       0       2
     812     992     991     811
 2     363       4       2       0
       4       0       2
     813     993     992     812
 2     364       4       2       0
       4       0       2
     814     994     993     813
 2     365       4       2       0
       4       0       2
     815     995     994     814
 2     366       4       2       0
       4       0       2
     816     996     995     815
 2     367       4       2       0
       4       0       2
     817     997     996     816
 2     368       4       2       0
       4       0       2
     882     998     997     817
 2     369       4       2       0
       4       0       2
     818     980     978     885
 2     370       4       2       0
       4       0       2
     885     979    1318     819
 2     371       4       2       0
       4       0       2
     819    1318     977    1322
 2     372       4       2       0
       4       0       2
    1322     977     976     820
 2     373       4       2       0
       4       0       2
     820     976     975     821
 2     374       4       2       0
       4       0       2
     821     975     974     822
 2     375       4       2       0
       4       0       2
     822     974     973     823
 2     376       4       2       0
       4       0       2
     823     973     972     824
 2     377       4       2       0
       4       0       2
     824     972     971     825
 2     378       4       2       0
       4       0       2
     825     971     970     826
 2     379       4       2       0
       4       0       2
     826     970     969     827
 2     380       4       2       0
       4       0       2
     827     969     968     828
 2     381       4       2       0
       4       0       2
     828     968     967    1346
 2     382       4       2       0
       4       0       2
    1346     967     966     829
 2     383       4       2       0
       4       0       2
     829     966     965     830
 2     384       4       2       0
       4       0       2
     830     965     964     831
 2     385       4       2       0
       4       0       2
     831     964     963     832
 2     386       4       2       0
       4       0       2
     832     963    1341     834
 2     387       4       2       0
       4       0       2
     833     961     958     884
 2     388       4       2       0
       4       0       2
    1321     962     961     833
 2     389       4       2       0
       4       0       2
     834    1341     962    1321
 2     390       4       2       0
       4       0       2
     884     960     959     835
 2     391       4       2       0
       4       0       2
     835     959     957     836
 2     392       4       2       0
       4       0       2
     836     957     956     837
 2     393       4       2       0
       4       0       2
     837     956     955     838
 2     394       4       2       0
       4       0       2
     838     955     954     839
 2     395       4       2       0
       4       0       2
     839     954     953     840
 2     396       4       2       0
       4       0       2
     840     953     952     841
 2     397       4       2       0
       4       0       2
     841     952     951     842
 2     398       4       2       0
       4       0       2
     842     951     950     843
 2     399       4       2       0
       4       0       2
     843     950     949    1353
 2     400       4       2       0
       4       0       2
    1353     949     948     844
 2     401       4       2       0
       4       0       2
     844     948     947     845
 2     402       4       2       0
       4       0       2
     845     947     946     846
 2     403       4       2       0
       4       0       2
     846     946     945     847
 2     404       4       2       0
       4       0       2
     847     945     944     848
 2     405       4       2       0
       4       0       2
     848     944     943     849
 2     406       4       2       0
       4       0       2
     849     943     942     851
 2     407       4       2       0
       4       0       2
     850     940     938     883
 2     408       4       2       0
       4       0       2
    1307     941     940     850
 2     409       4       2       0
       4       0       2
     851     942     941    1307
 2     410       4       2       0
       4       0       2
     852    1170    1171    1292
 2     411       4       2       0
       4       0       2
     883     939    1320     853
 2     412       4       2       0
       4       0       2
     853    1320     933    1324
 2     413       4       2       0
       4       0       2
    1324     933     932     854
 2     414       4       2       0
       4       0       2
     854     932     931     855
 2     415       4       2       0
       4       0       2
     855     931     930     856
 2     416       4       2       0
       4       0       2
     856     930     929     857
 2     417       4       2       0
       4       0       2
     857     929     928     858
 2     418       4       2       0
       4       0       2
     858     928     927     859
 2     419       4       2       0
       4       0       2
     859     927     926     860
 2     420       4       2       0
       4       0       2
     860     926     925     861
 2     421       4       2       0
       4       0       2
     861     925     924     862
 2     422       4       2       0
       4       0       2
     862     924     923     863
 2     423       4       2       0
       4       0       2
     863     923    1339     864
 2     424       4       2       0
       4       0       2
     864    1339     922     865
 2     425       4       2       0
       4       0       2
     865     922    1344     866
 2     426       4       2       0
       4       0       2
     866    1344     921     867
 2     427       4       2       0
       4       0       2
     867     921    1342     869
 2     428       4       2       0
       4       0       2
     868    1319     937     882
 2     429       4       2       0
       4       0       2
    1323     920    1319     868
 2     430       4       2       0
       4       0       2
     869    1342     920    1323
 2     431       4       2       0
       4       0       2
     871     916     919     870
 2     432       4       2       0
       4       0       2
     872     935    1168     874
 2     433       4       2       0
       4       0       2
     874    1168     916     873
 2     434       4       2       0
       4       0       2
     876     913     912     875
 2     435       4       2       0
       4       0       2
    1169     905     904     877
 2     436       4       2       0
       4       0       2
     878     906     905    1169
 2     437       4       2       0
       4       0       2
     886       7    1170     879
 2     438       4       2       0
       4       0       2
     897       6     896     880
 2     439       4       2       0
       4       0       2
     908       4     907     881
 2     440       4       2       0
       4       0       2
     937     999     998     882
 2     441       4       2       0
       4       0       2
     938    1000     939     883
 2     442       4       2       0
       4       0       2
     958    1001     960     884
 2     443       4       2       0
       4       0       2
     978    1002     979     885
 2     444       4       2       0
       4       0       2
     893      78      79     892
 2     445       4       2       0
       4       0       2
     887      84       7     886
 2     446       4       2       0
       4       0       2
     888      83      84     887
 2     447       4       2       0
       4       0       2
     889      82      83     888
 2     448       4       2       0
       4       0       2
     890      81      82     889
 2     449       4       2       0
       4       0       2
     891      80      81     890
 2     450       4       2       0
       4       0       2
     892      79      80     891
 2     451       4       2       0
       4       0       2
     894      77      78     893
 2     452       4       2       0
       4       0       2
     895      76      77     894
 2     453       4       2       0
       4       0       2
     896       6      76     895
 2     454       4       2       0
       4       0       2
     898      67       6     897
 2     455       4       2       0
       4       0       2
     899      68      67     898
 2     456       4       2       0
       4       0       2
     900      69      68     899
 2     457       4       2       0
       4       0       2
     901      70      69     900
 2     458       4       2       0
       4       0       2
      75      74     905     906
 2     459       4       2       0
       4       0       2
     902      71      70     901
 2     460       4       2       0
       4       0       2
     903      72      71     902
 2     461       4       2       0
       4       0       2
     904      73      72     903
 2     462       4       2       0
       4       0       2
     905      74      73     904
 2     463       4       2       0
       4       0       2
      44      45     912     913
 2     464       4       2       0
       4       0       2
     907       4      75     906
 2     465       4       2       0
       4       0       2
     909      48       4     908
 2     466       4       2       0
       4       0       2
     910      47      48     909
 2     467       4       2       0
       4       0       2
     911      46      47     910
 2     468       4       2       0
       4       0       2
     912      45      46     911
 2     469       4       2       0
       4       0       2
     914      43      44     913
 2     470       4       2       0
       4       0       2
     915      42      43     914
 2     471       4       2       0
       4       0       2
     917      41      42     915
 2     472       4       2       0
       4       0       2
    1168       3     919     916
 2     473       4       2       0
       4       0       2
     918      40      41     917
 2     474       4       2       0
       4       0       2
     919       3      40     918
 2     475       4       2       0
       4       0       2
    1319    1086    1085     937
 2     476       4       2       0
       4       0       2
    1342    1084    1351     920
 2     477       4       2       0
       4       0       2
     920    1351    1086    1319
 2     478       4       2       0
       4       0       2
    1344    1083    1082     921
 2     479       4       2       0
       4       0       2
     921    1082    1084    1342
 2     480       4       2       0
       4       0       2
    1339    1081    1080     922
 2     481       4       2       0
       4       0       2
     922    1080    1083    1344
 2     482       4       2       0
       4       0       2
     924    1079    1078     923
 2     483       4       2       0
       4       0       2
     923    1078    1081    1339
 2     484       4       2       0
       4       0       2
     926    1077    1076     925
 2     485       4       2       0
       4       0       2
     925    1076    1079     924
 2     486       4       2       0
       4       0       2
     928    1075    1074     927
 2     487       4       2       0
       4       0       2
     927    1074    1077     926
 2     488       4       2       0
       4       0       2
     930    1073    1072     929
 2     489       4       2       0
       4       0       2
     929    1072    1075     928
 2     490       4       2       0
       4       0       2
     932    1071    1350     931
 2     491       4       2       0
       4       0       2
     931    1350    1073     930
 2     492       4       2       0
       4       0       2
    1320    1070    1069     933
 2     493       4       2       0
       4       0       2
     933    1069    1071     932
 2     494       4       2       0
       4       0       2
     934      89      90    1175
 2     495       4       2       0
       4       0       2
    1174      88      89     934
 2     496       4       2       0
       4       0       2
    1173      87      88    1174
 2     497       4       2       0
       4       0       2
    1172      86      87    1173
 2     498       4       2       0
       4       0       2
       7      85    1171    1170
 2     499       4       2       0
       4       0       2
    1168     935      93       3
 2     500       4       2       0
       4       0       2
     936      92      93     935
 2     501       4       2       0
       4       0       2
    1176      91      92     936
 2     502       4       2       0
       4       0       2
     937    1085    1003     999
 2     503       4       2       0
       4       0       2
     940    1066    1065     938
 2     504       4       2       0
       4       0       2
     938    1065    1024    1000
 2     505       4       2       0
       4       0       2
    1000    1068    1067     939
 2     506       4       2       0
       4       0       2
     939    1067    1070    1320
 2     507       4       2       0
       4       0       2
     942    1064    1063     941
 2     508       4       2       0
       4       0       2
     941    1063    1066     940
 2     509       4       2       0
       4       0       2
     944    1062    1061     943
 2     510       4       2       0
       4       0       2
     943    1061    1064     942
 2     511       4       2       0
       4       0       2
     946    1060    1059     945
 2     512       4       2       0
       4       0       2
     945    1059    1062     944
 2     513       4       2       0
       4       0       2
     948    1058    1057     947
 2     514       4       2       0
       4       0       2
     947    1057    1060     946
 2     515       4       2       0
       4       0       2
     950    1056    1055     949
 2     516       4       2       0
       4       0       2
     949    1055    1058     948
 2     517       4       2       0
       4       0       2
     952    1054    1053     951
 2     518       4       2       0
       4       0       2
     951    1053    1056     950
 2     519       4       2       0
       4       0       2
     954    1052    1290     953
 2     520       4       2       0
       4       0       2
     953    1290    1054     952
 2     521       4       2       0
       4       0       2
     956    1051    1050     955
 2     522       4       2       0
       4       0       2
     955    1050    1052     954
 2     523       4       2       0
       4       0       2
     959    1049    1048     957
 2     524       4       2       0
       4       0       2
     957    1048    1051     956
 2     525       4       2       0
       4       0       2
     961    1046    1045     958
 2     526       4       2       0
       4       0       2
     958    1045    1025    1001
 2     527       4       2       0
       4       0       2
    1001    1047    1326     960
 2     528       4       2       0
       4       0       2
     960    1326    1049     959
 2     529       4       2       0
       4       0       2
    1341    1044    1043     962
 2     530       4       2       0
       4       0       2
     962    1043    1046     961
 2     531       4       2       0
       4       0       2
     964    1042    1041     963
 2     532       4       2       0
       4       0       2
     963    1041    1044    1341
 2     533       4       2       0
       4       0       2
     966    1040    1039     965
 2     534       4       2       0
       4       0       2
     965    1039    1042     964
 2     535       4       2       0
       4       0       2
     968    1038    1037     967
 2     536       4       2       0
       4       0       2
     967    1037    1040     966
 2     537       4       2       0
       4       0       2
     970    1036    1035     969
 2     538       4       2       0
       4       0       2
     969    1035    1038     968
 2     539       4       2       0
       4       0       2
     972    1034    1332     971
 2     540       4       2       0
       4       0       2
     971    1332    1036     970
 2     541       4       2       0
       4       0       2
     974    1033    1032     973
 2     542       4       2       0
       4       0       2
     973    1032    1034     972
 2     543       4       2       0
       4       0       2
     976    1031    1030     975
 2     544       4       2       0
       4       0       2
     975    1030    1033     974
 2     545       4       2       0
       4       0       2
    1318    1029    1352     977
 2     546       4       2       0
       4       0       2
     977    1352    1031     976
 2     547       4       2       0
       4       0       2
     980    1023    1022     978
 2     548       4       2       0
       4       0       2
     978    1022    1026    1002
 2     549       4       2       0
       4       0       2
    1002    1028    1027     979
 2     550       4       2       0
       4       0       2
     979    1027    1029    1318
 2     551       4       2       0
       4       0       2
     982    1021    1020     981
 2     552       4       2       0
       4       0       2
     981    1020    1023     980
 2     553       4       2       0
       4       0       2
     984    1019    1018     983
 2     554       4       2       0
       4       0       2
     983    1018    1021     982
 2     555       4       2       0
       4       0       2
     986    1017    1016     985
 2     556       4       2       0
       4       0       2
     985    1016    1019     984
 2     557       4       2       0
       4       0       2
     988    1015    1014     987
 2     558       4       2       0
       4       0       2
     987    1014    1017     986
 2     559       4       2       0
       4       0       2
    1343    1013    1012     989
 2     560       4       2       0
       4       0       2
     989    1012    1015     988
 2     561       4       2       0
       4       0       2
     991    1011    1010     990
 2     562       4       2       0
       4       0       2
     990    1010    1013    1343
 2     563       4       2       0
       4       0       2
     993    1009    1289     992
 2     564       4       2       0
       4       0       2
     992    1289    1011     991
 2     565       4       2       0
       4       0       2
     995    1008    1007     994
 2     566       4       2       0
       4       0       2
     994    1007    1009     993
 2     567       4       2       0
       4       0       2
     997    1006    1005     996
 2     568       4       2       0
       4       0       2
     996    1005    1008     995
 2     569       4       2       0
       4       0       2
     999    1004    1327     998
 2     570       4       2       0
       4       0       2
     998    1327    1006     997
 2     571       4       2       0
       4       0       2
    1003    1087    1004     999
 2     572       4       2       0
       4       0       2
    1024    1088    1068    1000
 2     573       4       2       0
       4       0       2
    1025    1089    1047    1001
 2     574       4       2       0
       4       0       2
    1026    1090    1028    1002
 2     575       4       2       0
       4       0       2
    1085    1091    1308    1003
 2     576       4       2       0
       4       0       2
    1003    1308    1347    1087
 2     577       4       2       0
       4       0       2
    1327    1161    1299    1006
 2     578       4       2       0
       4       0       2
    1087    1163    1162    1004
 2     579       4       2       0
       4       0       2
    1004    1162    1161    1327
 2     580       4       2       0
       4       0       2
    1005    1160    1331    1008
 2     581       4       2       0
       4       0       2
    1006    1299    1160    1005
 2     582       4       2       0
       4       0       2
    1007    1159    1304    1009
 2     583       4       2       0
       4       0       2
    1008    1331    1159    1007
 2     584       4       2       0
       4       0       2
    1289    1158    1338    1011
 2     585       4       2       0
       4       0       2
    1009    1304    1158    1289
 2     586       4       2       0
       4       0       2
    1010    1157    1334    1013
 2     587       4       2       0
       4       0       2
    1011    1338    1157    1010
 2     588       4       2       0
       4       0       2
    1012    1295    1156    1015
 2     589       4       2       0
       4       0       2
    1013    1334    1295    1012
 2     590       4       2       0
       4       0       2
    1014    1155    1154    1017
 2     591       4       2       0
       4       0       2
    1015    1156    1155    1014
 2     592       4       2       0
       4       0       2
    1016    1153    1311    1019
 2     593       4       2       0
       4       0       2
    1017    1154    1153    1016
 2     594       4       2       0
       4       0       2
    1018    1152    1151    1021
 2     595       4       2       0
       4       0       2
    1019    1311    1152    1018
 2     596       4       2       0
       4       0       2
    1020    1150    1314    1023
 2     597       4       2       0
       4       0       2
    1021    1151    1150    1020
 2     598       4       2       0
       4       0       2
    1022    1149    1148    1026
 2     599       4       2       0
       4       0       2
    1023    1314    1149    1022
 2     600       4       2       0
       4       0       2
    1065    1111    1110    1024
 2     601       4       2       0
       4       0       2
    1024    1110    1107    1088
 2     602       4       2       0
       4       0       2
    1045    1128    1127    1025
 2     603       4       2       0
       4       0       2
    1025    1127    1124    1089
 2     604       4       2       0
       4       0       2
    1026    1148    1145    1090
 2     605       4       2       0
       4       0       2
    1027    1144    1143    1029
 2     606       4       2       0
       4       0       2
    1090    1147    1146    1028
 2     607       4       2       0
       4       0       2
    1028    1146    1144    1027
 2     608       4       2       0
       4       0       2
    1352    1142    1141    1031
 2     609       4       2       0
       4       0       2
    1029    1143    1142    1352
 2     610       4       2       0
       4       0       2
    1030    1140    1139    1033
 2     611       4       2       0
       4       0       2
    1031    1141    1140    1030
 2     612       4       2       0
       4       0       2
    1032    1138    1302    1034
 2     613       4       2       0
       4       0       2
    1033    1139    1138    1032
 2     614       4       2       0
       4       0       2
    1332    1137    1316    1036
 2     615       4       2       0
       4       0       2
    1034    1302    1137    1332
 2     616       4       2       0
       4       0       2
    1035    1136    1333    1038
 2     617       4       2       0
       4       0       2
    1036    1316    1136    1035
 2     618       4       2       0
       4       0       2
    1037    1135    1300    1040
 2     619       4       2       0
       4       0       2
    1038    1333    1135    1037
 2     620       4       2       0
       4       0       2
    1039    1134    1133    1042
 2     621       4       2       0
       4       0       2
    1040    1300    1134    1039
 2     622       4       2       0
       4       0       2
    1041    1132    1131    1044
 2     623       4       2       0
       4       0       2
    1042    1133    1132    1041
 2     624       4       2       0
       4       0       2
    1043    1130    1129    1046
 2     625       4       2       0
       4       0       2
    1044    1131    1130    1043
 2     626       4       2       0
       4       0       2
    1046    1129    1128    1045
 2     627       4       2       0
       4       0       2
    1326    1123    1298    1049
 2     628       4       2       0
       4       0       2
    1089    1126    1125    1047
 2     629       4       2       0
       4       0       2
    1047    1125    1123    1326
 2     630       4       2       0
       4       0       2
    1048    1122    1330    1051
 2     631       4       2       0
       4       0       2
    1049    1298    1122    1048
 2     632       4       2       0
       4       0       2
    1050    1121    1303    1052
 2     633       4       2       0
       4       0       2
    1051    1330    1121    1050
 2     634       4       2       0
       4       0       2
    1290    1120    1337    1054
 2     635       4       2       0
       4       0       2
    1052    1303    1120    1290
 2     636       4       2       0
       4       0       2
    1053    1119    1297    1056
 2     637       4       2       0
       4       0       2
    1054    1337    1119    1053
 2     638       4       2       0
       4       0       2
    1055    1118    1296    1058
 2     639       4       2       0
       4       0       2
    1056    1297    1118    1055
 2     640       4       2       0
       4       0       2
    1057    1117    1116    1060
 2     641       4       2       0
       4       0       2
    1058    1296    1117    1057
 2     642       4       2       0
       4       0       2
    1059    1115    1310    1062
 2     643       4       2       0
       4       0       2
    1060    1116    1115    1059
 2     644       4       2       0
       4       0       2
    1061    1114    1113    1064
 2     645       4       2       0
       4       0       2
    1062    1310    1114    1061
 2     646       4       2       0
       4       0       2
    1063    1112    1315    1066
 2     647       4       2       0
       4       0       2
    1064    1113    1112    1063
 2     648       4       2       0
       4       0       2
    1066    1315    1111    1065
 2     649       4       2       0
       4       0       2
    1067    1106    1105    1070
 2     650       4       2       0
       4       0       2
    1088    1109    1108    1068
 2     651       4       2       0
       4       0       2
    1068    1108    1106    1067
 2     652       4       2       0
       4       0       2
    1069    1104    1103    1071
 2     653       4       2       0
       4       0       2
    1070    1105    1104    1069
 2     654       4       2       0
       4       0       2
    1350    1102    1336    1073
 2     655       4       2       0
       4       0       2
    1071    1103    1102    1350
 2     656       4       2       0
       4       0       2
    1072    1101    1309    1075
 2     657       4       2       0
       4       0       2
    1073    1336    1101    1072
 2     658       4       2       0
       4       0       2
    1074    1100    1099    1077
 2     659       4       2       0
       4       0       2
    1075    1309    1100    1074
 2     660       4       2       0
       4       0       2
    1076    1098    1317    1079
 2     661       4       2       0
       4       0       2
    1077    1099    1098    1076
 2     662       4       2       0
       4       0       2
    1078    1097    1096    1081
 2     663       4       2       0
       4       0       2
    1079    1317    1097    1078
 2     664       4       2       0
       4       0       2
    1080    1329    1291    1083
 2     665       4       2       0
       4       0       2
    1081    1096    1329    1080
 2     666       4       2       0
       4       0       2
    1082    1095    1094    1084
 2     667       4       2       0
       4       0       2
    1083    1291    1095    1082
 2     668       4       2       0
       4       0       2
    1351    1093    1092    1086
 2     669       4       2       0
       4       0       2
    1084    1094    1093    1351
 2     670       4       2       0
       4       0       2
    1086    1092    1091    1085
 2     671       4       2       0
       4       0       2
    1347    1164    1163    1087
 2     672       4       2       0
       4       0       2
    1107    1165    1109    1088
 2     673       4       2       0
       4       0       2
    1124    1166    1126    1089
 2     674       4       2       0
       4       0       2
    1145    1167    1147    1090
 2     675       4       2       0
       4       0       2
    1308    1179    1178    1347
 2     676       4       2       0
       4       0       2
    1092    1181    1180    1091
 2     677       4       2       0
       4       0       2
    1091    1180    1179    1308
 2     678       4       2       0
       4       0       2
    1094    1183    1182    1093
 2     679       4       2       0
       4       0       2
    1093    1182    1181    1092
 2     680       4       2       0
       4       0       2
    1291    1185    1184    1095
 2     681       4       2       0
       4       0       2
    1095    1184    1183    1094
 2     682       4       2       0
       4       0       2
    1096    1187    1186    1329
 2     683       4       2       0
       4       0       2
    1329    1186    1185    1291
 2     684       4       2       0
       4       0       2
    1317    1189    1188    1097
 2     685       4       2       0
       4       0       2
    1097    1188    1187    1096
 2     686       4       2       0
       4       0       2
    1099    1191    1190    1098
 2     687       4       2       0
       4       0       2
    1098    1190    1189    1317
 2     688       4       2       0
       4       0       2
    1309    1193    1192    1100
 2     689       4       2       0
       4       0       2
    1100    1192    1191    1099
 2     690       4       2       0
       4       0       2
    1336    1195    1194    1101
 2     691       4       2       0
       4       0       2
    1101    1194    1193    1309
 2     692       4       2       0
       4       0       2
    1103    1197    1196    1102
 2     693       4       2       0
       4       0       2
    1102    1196    1195    1336
 2     694       4       2       0
       4       0       2
    1105    1199    1198    1104
 2     695       4       2       0
       4       0       2
    1104    1198    1197    1103
 2     696       4       2       0
       4       0       2
    1108    1201    1200    1106
 2     697       4       2       0
       4       0       2
    1106    1200    1199    1105
 2     698       4       2       0
       4       0       2
    1347    1178    1177    1164
 2     699       4       2       0
       4       0       2
    1110    1207    1206    1107
 2     700       4       2       0
       4       0       2
    1107    1206    1205    1165
 2     701       4       2       0
       4       0       2
    1165    1203    1202    1109
 2     702       4       2       0
       4       0       2
    1109    1202    1201    1108
 2     703       4       2       0
       4       0       2
    1315    1209    1208    1111
 2     704       4       2       0
       4       0       2
    1111    1208    1207    1110
 2     705       4       2       0
       4       0       2
    1113    1211    1210    1112
 2     706       4       2       0
       4       0       2
    1112    1210    1209    1315
 2     707       4       2       0
       4       0       2
    1310    1213    1212    1114
 2     708       4       2       0
       4       0       2
    1114    1212    1211    1113
 2     709       4       2       0
       4       0       2
    1116    1214    1335    1115
 2     710       4       2       0
       4       0       2
    1115    1335    1213    1310
 2     711       4       2       0
       4       0       2
    1296    1216    1215    1117
 2     712       4       2       0
       4       0       2
    1117    1215    1214    1116
 2     713       4       2       0
       4       0       2
    1297    1218    1217    1118
 2     714       4       2       0
       4       0       2
    1118    1217    1216    1296
 2     715       4       2       0
       4       0       2
    1337    1220    1219    1119
 2     716       4       2       0
       4       0       2
    1119    1219    1218    1297
 2     717       4       2       0
       4       0       2
    1303    1222    1221    1120
 2     718       4       2       0
       4       0       2
    1120    1221    1220    1337
 2     719       4       2       0
       4       0       2
    1330    1224    1223    1121
 2     720       4       2       0
       4       0       2
    1121    1223    1222    1303
 2     721       4       2       0
       4       0       2
    1298    1226    1225    1122
 2     722       4       2       0
       4       0       2
    1122    1225    1224    1330
 2     723       4       2       0
       4       0       2
    1125    1228    1227    1123
 2     724       4       2       0
       4       0       2
    1123    1227    1226    1298
 2     725       4       2       0
       4       0       2
    1127    1234    1233    1124
 2     726       4       2       0
       4       0       2
    1124    1233    1232    1166
 2     727       4       2       0
       4       0       2
    1166    1230    1229    1126
 2     728       4       2       0
       4       0       2
    1126    1229    1228    1125
 2     729       4       2       0
       4       0       2
    1129    1236    1235    1128
 2     730       4       2       0
       4       0       2
    1128    1235    1234    1127
 2     731       4       2       0
       4       0       2
    1131    1238    1237    1130
 2     732       4       2       0
       4       0       2
    1130    1237    1236    1129
 2     733       4       2       0
       4       0       2
    1133    1240    1239    1132
 2     734       4       2       0
       4       0       2
    1132    1239    1238    1131
 2     735       4       2       0
       4       0       2
    1300    1242    1241    1134
 2     736       4       2       0
       4       0       2
    1134    1241    1240    1133
 2     737       4       2       0
       4       0       2
    1333    1244    1243    1135
 2     738       4       2       0
       4       0       2
    1135    1243    1242    1300
 2     739       4       2       0
       4       0       2
    1316    1246    1245    1136
 2     740       4       2       0
       4       0       2
    1136    1245    1244    1333
 2     741       4       2       0
       4       0       2
    1302    1248    1247    1137
 2     742       4       2       0
       4       0       2
    1137    1247    1246    1316
 2     743       4       2       0
       4       0       2
    1139    1250    1249    1138
 2     744       4       2       0
       4       0       2
    1138    1249    1248    1302
 2     745       4       2       0
       4       0       2
    1141    1252    1251    1140
 2     746       4       2       0
       4       0       2
    1140    1251    1250    1139
 2     747       4       2       0
       4       0       2
    1143    1254    1253    1142
 2     748       4       2       0
       4       0       2
    1142    1253    1252    1141
 2     749       4       2       0
       4       0       2
    1146    1256    1255    1144
 2     750       4       2       0
       4       0       2
    1144    1255    1254    1143
 2     751       4       2       0
       4       0       2
    1148    1262    1261    1145
 2     752       4       2       0
       4       0       2
    1145    1261    1260    1167
 2     753       4       2       0
       4       0       2
    1167    1258    1257    1147
 2     754       4       2       0
       4       0       2
    1147    1257    1256    1146
 2     755       4       2       0
       4       0       2
    1314    1264    1263    1149
 2     756       4       2       0
       4       0       2
    1149    1263    1262    1148
 2     757       4       2       0
       4       0       2
    1151    1266    1265    1150
 2     758       4       2       0
       4       0       2
    1150    1265    1264    1314
 2     759       4       2       0
       4       0       2
    1311    1268    1267    1152
 2     760       4       2       0
       4       0       2
    1152    1267    1266    1151
 2     761       4       2       0
       4       0       2
    1154    1270    1269    1153
 2     762       4       2       0
       4       0       2
    1153    1269    1268    1311
 2     763       4       2       0
       4       0       2
    1156    1272    1271    1155
 2     764       4       2       0
       4       0       2
    1155    1271    1270    1154
 2     765       4       2       0
       4       0       2
    1334    1274    1273    1295
 2     766       4       2       0
       4       0       2
    1295    1273    1272    1156
 2     767       4       2       0
       4       0       2
    1338    1276    1275    1157
 2     768       4       2       0
       4       0       2
    1157    1275    1274    1334
 2     769       4       2       0
       4       0       2
    1304    1278    1277    1158
 2     770       4       2       0
       4       0       2
    1158    1277    1276    1338
 2     771       4       2       0
       4       0       2
    1331    1280    1279    1159
 2     772       4       2       0
       4       0       2
    1159    1279    1278    1304
 2     773       4       2       0
       4       0       2
    1299    1282    1281    1160
 2     774       4       2       0
       4       0       2
    1160    1281    1280    1331
 2     775       4       2       0
       4       0       2
    1162    1284    1283    1161
 2     776       4       2       0
       4       0       2
    1161    1283    1282    1299
 2     777       4       2       0
       4       0       2
    1164    1286    1285    1163
 2     778       4       2       0
       4       0       2
    1163    1285    1284    1162
 2     779       4       2       0
       4       0       2
    1177    1287    1286    1164
 2     780       4       2       0
       4       0       2
    1205    1204    1203    1165
 2     781       4       2       0
       4       0       2
    1232    1231    1230    1166
 2     782       4       2       0
       4       0       2
    1260    1259    1258    1167
 2     783       4       2       0
       4       0       2
    1171      85      86    1172
 2     784       4       2       0
       4       0       2
    1175      90      91    1176
 2     785       4       2       0
       4       0       2
    1177     151     150    1287
 2     786       4       2       0
       4       0       2
    1178     152     151    1177
 2     787       4       2       0
       4       0       2
    1179     153     152    1178
 2     788       4       2       0
       4       0       2
    1180     154     153    1179
 2     789       4       2       0
       4       0       2
    1181     155     154    1180
 2     790       4       2       0
       4       0       2
    1182     156     155    1181
 2     791       4       2       0
       4       0       2
    1183     157     156    1182
 2     792       4       2       0
       4       0       2
    1184     158     157    1183
 2     793       4       2       0
       4       0       2
    1185     159     158    1184
 2     794       4       2       0
       4       0       2
    1186     160     159    1185
 2     795       4       2       0
       4       0       2
    1187     161     160    1186
 2     796       4       2       0
       4       0       2
    1188     162     161    1187
 2     797       4       2       0
       4       0       2
    1189     163     162    1188
 2     798       4       2       0
       4       0       2
    1190     164     163    1189
 2     799       4       2       0
       4       0       2
    1191     165     164    1190
 2     800       4       2       0
       4       0       2
    1192     166     165    1191
 2     801       4       2       0
       4       0       2
    1193     167     166    1192
 2     802       4       2       0
       4       0       2
    1194     168     167    1193
 2     803       4       2       0
       4       0       2
    1195     169     168    1194
 2     804       4       2       0
       4       0       2
    1196     170     169    1195
 2     805       4       2       0
       4       0       2
    1197     171     170    1196
 2     806       4       2       0
       4       0       2
    1198     172     171    1197
 2     807       4       2       0
       4       0       2
    1199     173     172    1198
 2     808       4       2       0
       4       0       2
    1200     174     173    1199
 2     809       4       2       0
       4       0       2
    1201     175     174    1200
 2     810       4       2       0
       4       0       2
    1202     176     175    1201
 2     811       4       2       0
       4       0       2
    1203     177     176    1202
 2     812       4       2       0
       4       0       2
    1204     178     177    1203
 2     813       4       2       0
       4       0       2
    1204     236      11     178
 2     814       4       2       0
       4       0       2
    1205     235     236    1204
 2     815       4       2       0
       4       0       2
    1206     234     235    1205
 2     816       4       2       0
       4       0       2
    1207     233     234    1206
 2     817       4       2       0
       4       0       2
    1208     232     233    1207
 2     818       4       2       0
       4       0       2
    1209     231     232    1208
 2     819       4       2       0
       4       0       2
    1210     230     231    1209
 2     820       4       2       0
       4       0       2
    1211     229     230    1210
 2     821       4       2       0
       4       0       2
    1212     228     229    1211
 2     822       4       2       0
       4       0       2
    1213     227     228    1212
 2     823       4       2       0
       4       0       2
    1335     226     227    1213
 2     824       4       2       0
       4       0       2
    1214     225     226    1335
 2     825       4       2       0
       4       0       2
    1215     224     225    1214
 2     826       4       2       0
       4       0       2
    1216     223     224    1215
 2     827       4       2       0
       4       0       2
    1217     222     223    1216
 2     828       4       2       0
       4       0       2
    1218     221     222    1217
 2     829       4       2       0
       4       0       2
    1219     220     221    1218
 2     830       4       2       0
       4       0       2
    1220     219     220    1219
 2     831       4       2       0
       4       0       2
    1221     218     219    1220
 2     832       4       2       0
       4       0       2
    1222     217     218    1221
 2     833       4       2       0
       4       0       2
    1223     216     217    1222
 2     834       4       2       0
       4       0       2
    1224     215     216    1223
 2     835       4       2       0
       4       0       2
    1225     214     215    1224
 2     836       4       2       0
       4       0       2
    1226     213     214    1225
 2     837       4       2       0
       4       0       2
    1227     212     213    1226
 2     838       4       2       0
       4       0       2
    1228     211     212    1227
 2     839       4       2       0
       4       0       2
    1229     210     211    1228
 2     840       4       2       0
       4       0       2
    1230     209     210    1229
 2     841       4       2       0
       4       0       2
    1231     208     209    1230
 2     842       4       2       0
       4       0       2
    1231     207      12     208
 2     843       4       2       0
       4       0       2
    1232     206     207    1231
 2     844       4       2       0
       4       0       2
    1233     205     206    1232
 2     845       4       2       0
       4       0       2
    1234     204     205    1233
 2     846       4       2       0
       4       0       2
    1235     203     204    1234
 2     847       4       2       0
       4       0       2
    1236     202     203    1235
 2     848       4       2       0
       4       0       2
    1237     201     202    1236
 2     849       4       2       0
       4       0       2
    1238     200     201    1237
 2     850       4       2       0
       4       0       2
    1239     199     200    1238
 2     851       4       2       0
       4       0       2
    1240     198     199    1239
 2     852       4       2       0
       4       0       2
    1241     197     198    1240
 2     853       4       2       0
       4       0       2
    1242     196     197    1241
 2     854       4       2       0
       4       0       2
    1243     195     196    1242
 2     855       4       2       0
       4       0       2
    1244     194     195    1243
 2     856       4       2       0
       4       0       2
    1245     193     194    1244
 2     857       4       2       0
       4       0       2
    1246     192     193    1245
 2     858       4       2       0
       4       0       2
    1247     191     192    1246
 2     859       4       2       0
       4       0       2
    1248     190     191    1247
 2     860       4       2       0
       4       0       2
    1249     189     190    1248
 2     861       4       2       0
       4       0       2
    1250     188     189    1249
 2     862       4       2       0
       4       0       2
    1251     187     188    1250
 2     863       4       2       0
       4       0       2
    1252     186     187    1251
 2     864       4       2       0
       4       0       2
    1253     185     186    1252
 2     865       4       2       0
       4       0       2
    1254     184     185    1253
 2     866       4       2       0
       4       0       2
    1255     183     184    1254
 2     867       4       2       0
       4       0       2
    1256     182     183    1255
 2     868       4       2       0
       4       0       2
    1257     181     182    1256
 2     869       4       2       0
       4       0       2
    1258     180     181    1257
 2     870       4       2       0
       4       0       2
    1259     179     180    1258
 2     871       4       2       0
       4       0       2
    1259     149      10     179
 2     872       4       2       0
       4       0       2
    1260     148     149    1259
 2     873       4       2       0
       4       0       2
    1261     147     148    1260
 2     874       4       2       0
       4       0       2
    1262     146     147    1261
 2     875       4       2       0
       4       0       2
    1263     145     146    1262
 2     876       4       2       0
       4       0       2
    1264     144     145    1263
 2     877       4       2       0
       4       0       2
    1265     143     144    1264
 2     878       4       2       0
       4       0       2
    1266     142     143    1265
 2     879       4       2       0
       4       0       2
    1267     141     142    1266
 2     880       4       2       0
       4       0       2
    1268     140     141    1267
 2     881       4       2       0
       4       0       2
    1269     139     140    1268
 2     882       4       2       0
       4       0       2
    1270     138     139    1269
 2     883       4       2       0
       4       0       2
    1271     137     138    1270
 2     884       4       2       0
       4       0       2
    1272     136     137    1271
 2     885       4       2       0
       4       0       2
    1273     135     136    1272
 2     886       4       2       0
       4       0       2
    1274     134     135    1273
 2     887       4       2       0
       4       0       2
    1275     133     134    1274
 2     888       4       2       0
       4       0       2
    1276     132     133    1275
 2     889       4       2       0
       4       0       2
    1277     131     132    1276
 2     890       4       2       0
       4       0       2
    1278     130     131    1277
 2     891       4       2       0
       4       0       2
    1279     129     130    1278
 2     892       4       2       0
       4       0       2
    1280     128     129    1279
 2     893       4       2       0
       4       0       2
    1281     127     128    1280
 2     894       4       2       0
       4       0       2
    1282     126     127    1281
 2     895       4       2       0
       4       0       2
    1283     125     126    1282
 2     896       4       2       0
       4       0       2
    1284     124     125    1283
 2     897       4       2       0
       4       0       2
    1285     123     124    1284
 2     898       4       2       0
       4       0       2
    1286     122     123    1285
 2     899       4       2       0
       4       0       2
    1287     121     122    1286
 2     900       4       2       0
       4       0       2
     150       9     121    1287
 2     901       4       2       0
       4       0       3
     567     562     641     563
 2     902       4       2       0
       4       0       3
     562     566     561     641
 2     903       4       2       0
       4       0       3
     561     565     564     641
 2     904       4       2       0
       4       0       3
     564     568     563     641
 2     905       4       2       0
       4       0       3
     561     571     570     565
 2     906       4       2       0
       4       0       3
     566     572     571     561
 2     907       4       2       0
       4       0       3
     562     573     633     566
 2     908       4       2       0
       4       0       3
     567     574     573     562
 2     909       4       2       0
       4       0       3
     563     575     639     567
 2     910       4       2       0
       4       0       3
     568     576     575     563
 2     911       4       2       0
       4       0       3
     565     569     577     564
 2     912       4       2       0
       4       0       3
     577     640     568     564
 2     913       4       2       0
       4       0       3
     570     578     569     565
 2     914       4       2       0
       4       0       3
     633     579     572     566
 2     915       4       2       0
       4       0       3
     639     580     574     567
 2     916       4       2       0
       4       0       3
     640     581     576     568
 2     917       4       2       0
       4       0       3
     569     594     593     577
 2     918       4       2       0
       4       0       3
     578     595     594     569
 2     919       4       2       0
       4       0       3
     570     582     584     578
 2     920       4       2       0
       4       0       3
     572     636     583     571
 2     921       4       2       0
       4       0       3
     571     583     582     570
 2     922       4       2       0
       4       0       3
     579     586     636     572
 2     923       4       2       0
       4       0       3
     633     632     585     579
 2     924       4       2       0
       4       0       3
     574     638     587     573
 2     925       4       2       0
       4       0       3
     573     587     632     633
 2     926       4       2       0
       4       0       3
     580     589     638     574
 2     927       4       2       0
       4       0       3
     639     634     588     580
 2     928       4       2       0
       4       0       3
     576     637     590     575
 2     929       4       2       0
       4       0       3
     575     590     634     639
 2     930       4       2       0
       4       0       3
     581     592     637     576
 2     931       4       2       0
       4       0       3
     640     635     591     581
 2     932       4       2       0
       4       0       3
     577     593     635     640
 2     933       4       2       0
       4       0       3
     584     596     595     578
 2     934       4       2       0
       4       0       3
     585     597     586     579
 2     935       4       2       0
       4       0       3
     588     598     589     580
 2     936       4       2       0
       4       0       3
     591     599     592     581
 2     937       4       2       0
       4       0       3
     582     602     601     584
 2     938       4       2       0
       4       0       3
     636     604     603     583
 2     939       4       2       0
       4       0       3
     583     603     602     582
 2     940       4       2       0
       4       0       3
     584     601     600     596
 2     941       4       2       0
       4       0       3
     632     610     609     585
 2     942       4       2       0
       4       0       3
     585     609     608     597
 2     943       4       2       0
       4       0       3
     597     606     605     586
 2     944       4       2       0
       4       0       3
     586     605     604     636
 2     945       4       2       0
       4       0       3
     638     612     611     587
 2     946       4       2       0
       4       0       3
     587     611     610     632
 2     947       4       2       0
       4       0       3
     634     618     617     588
 2     948       4       2       0
       4       0       3
     588     617     616     598
 2     949       4       2       0
       4       0       3
     598     614     613     589
 2     950       4       2       0
       4       0       3
     589     613     612     638
 2     951       4       2       0
       4       0       3
     637     620     619     590
 2     952       4       2       0
       4       0       3
     590     619     618     634
 2     953       4       2       0
       4       0       3
     635     626     625     591
 2     954       4       2       0
       4       0       3
     591     625     624     599
 2     955       4       2       0
       4       0       3
     599     622     621     592
 2     956       4       2       0
       4       0       3
     592     621     620     637
 2     957       4       2       0
       4       0       3
     594     628     627     593
 2     958       4       2       0
       4       0       3
     593     627     626     635
 2     959       4       2       0
       4       0       3
     596     630     629     595
 2     960       4       2       0
       4       0       3
     595     629     628     594
 2     961       4       2       0
       4       0       3
     600     631     630     596
 2     962       4       2       0
       4       0       3
     608     607     606     597
 2     963       4       2       0
       4       0       3
     616     615     614     598
 2     964       4       2       0
       4       0       3
     624     623     622     599
 2     965       4       2       0
       4       0       3
     600      41      40     631
 2     966       4       2       0
       4       0       3
     601      42      41     600
 2     967       4       2       0
       4       0       3
     602      43      42     601
 2     968       4       2       0
       4       0       3
     603      44      43     602
 2     969       4       2       0
       4       0       3
     604      45      44     603
 2     970       4       2       0
       4       0       3
     605      46      45     604
 2     971       4       2       0
       4       0       3
     606      47      46     605
 2     972       4       2       0
       4       0       3
     607      48      47     606
 2     973       4       2       0
       4       0       3
     607      75       4      48
 2     974       4       2       0
       4       0       3
     608      74      75     607
 2     975       4       2       0
       4       0       3
     609      73      74     608
 2     976       4       2       0
       4       0       3
     610      72      73     609
 2     977       4       2       0
       4       0       3
     611      71      72     610
 2     978       4       2       0
       4       0       3
     612      70      71     611
 2     979       4       2       0
       4       0       3
     613      69      70     612
 2     980       4       2       0
       4       0       3
     614      68      69     613
 2     981       4       2       0
       4       0       3
     615      67      68     614
 2     982       4       2       0
       4       0       3
     615      76       6      67
 2     983       4       2       0
       4       0       3
     616      77      76     615
 2     984       4       2       0
       4       0       3
     617      78      77     616
 2     985       4       2       0
       4       0       3
     618      79      78     617
 2     986       4       2       0
       4       0       3
     619      80      79     618
 2     987       4       2       0
       4       0       3
     620      81      80     619
 2     988       4       2       0
       4       0       3
     621      82      81     620
 2     989       4       2       0
       4       0       3
     622      83      82     621
 2     990       4       2       0
       4       0       3
     623      84      83     622
 2     991       4       2       0
       4       0       3
     623      85       7      84
 2     992       4       2       0
       4       0       3
     624      86      85     623
 2     993       4       2       0
       4       0       3
     625      87      86     624
 2     994       4       2       0
       4       0       3
     626      88      87     625
 2     995       4       2       0
       4       0       3
     627      89      88     626
 2     996       4       2       0
       4       0       3
     628      90      89     627
 2     997       4       2       0
       4       0       3
     629      91      90     628
 2     998       4       2       0
       4       0       3
     630      92      91     629
 2     999       4       2       0
       4       0       3
     631      93      92     630
 2    1000       4       2       0
       4       0       3
      40       3      93     631
 2    1001       4       2       0
       4       0       1
     560     482     486     481
 2    1002       4       2       0
       4       0       1
     481     485     480     560
 2    1003       4       2       0
       4       0       1
     480     484     483     560
 2    1004       4       2       0
       4       0       1
     483     487     482     560
 2    1005       4       2       0
       4       0       1
     480     489     553     484
 2    1006       4       2       0
       4       0       1
     485     490     489     480
 2    1007       4       2       0
       4       0       1
     481     492     491     485
 2    1008       4       2       0
       4       0       1
     486     493     492     481
 2    1009       4       2       0
       4       0       1
     482     494     559     486
 2    1010       4       2       0
       4       0       1
     487     495     494     482
 2    1011       4       2       0
       4       0       1
     484     488     497     483
 2    1012       4       2       0
       4       0       1
     497     496     487     483
 2    1013       4       2       0
       4       0       1
     553     498     488     484
 2    1014       4       2       0
       4       0       1
     491     499     490     485
 2    1015       4       2       0
       4       0       1
     559     500     493     486
 2    1016       4       2       0
       4       0       1
     496     501     495     487
 2    1017       4       2       0
       4       0       1
     488     514     513     497
 2    1018       4       2       0
       4       0       1
     498     515     514     488
 2    1019       4       2       0
       4       0       1
     553     552     503     498
 2    1020       4       2       0
       4       0       1
     490     558     502     489
 2    1021       4       2       0
       4       0       1
     489     502     552     553
 2    1022       4       2       0
       4       0       1
     499     505     558     490
 2    1023       4       2       0
       4       0       1
     491     554     504     499
 2    1024       4       2       0
       4       0       1
     493     557     506     492
 2    1025       4       2       0
       4       0       1
     492     506     554     491
 2    1026       4       2       0
       4       0       1
     500     508     557     493
 2    1027       4       2       0
       4       0       1
     559     555     507     500
 2    1028       4       2       0
       4       0       1
     495     511     509     494
 2    1029       4       2       0
       4       0       1
     494     509     555     559
 2    1030       4       2       0
       4       0       1
     501     512     511     495
 2    1031       4       2       0
       4       0       1
     496     556     510     501
 2    1032       4       2       0
       4       0       1
     497     513     556     496
 2    1033       4       2       0
       4       0       1
     503     516     515     498
 2    1034       4       2       0
       4       0       1
     504     517     505     499
 2    1035       4       2       0
       4       0       1
     507     518     508     500
 2    1036       4       2       0
       4       0       1
     510     519     512     501
 2    1037       4       2       0
       4       0       1
     552     522     521     503
 2    1038       4       2       0
       4       0       1
     558     524     523     502
 2    1039       4       2       0
       4       0       1
     502     523     522     552
 2    1040       4       2       0
       4       0       1
     503     521     520     516
 2    1041       4       2       0
       4       0       1
     554     530     529     504
 2    1042       4       2       0
       4       0       1
     504     529     528     517
 2    1043       4       2       0
       4       0       1
     517     526     525     505
 2    1044       4       2       0
       4       0       1
     505     525     524     558
 2    1045       4       2       0
       4       0       1
     557     532     531     506
 2    1046       4       2       0
       4       0       1
     506     531     530     554
 2    1047       4       2       0
       4       0       1
     555     538     537     507
 2    1048       4       2       0
       4       0       1
     507     537     536     518
 2    1049       4       2       0
       4       0       1
     518     534     533     508
 2    1050       4       2       0
       4       0       1
     508     533     532     557
 2    1051       4       2       0
       4       0       1
     511     540     539     509
 2    1052       4       2       0
       4       0       1
     509     539     538     555
 2    1053       4       2       0
       4       0       1
     556     546     545     510
 2    1054       4       2       0
       4       0       1
     510     545     544     519
 2    1055       4       2       0
       4       0       1
     519     542     541     512
 2    1056       4       2       0
       4       0       1
     512     541     540     511
 2    1057       4       2       0
       4       0       1
     514     548     547     513
 2    1058       4       2       0
       4       0       1
     513     547     546     556
 2    1059       4       2       0
       4       0       1
     516     550     549     515
 2    1060       4       2       0
       4       0       1
     515     549     548     514
 2    1061       4       2       0
       4       0       1
     520     551     550     516
 2    1062       4       2       0
       4       0       1
     528     527     526     517
 2    1063       4       2       0
       4       0       1
     536     535     534     518
 2    1064       4       2       0
       4       0       1
     544     543     542     519
 2    1065       4       2       0
       4       0       1
     520      83      84     551
 2    1066       4       2       0
       4       0       1
     521      82      83     520
 2    1067       4       2       0
       4       0       1
     522      81      82     521
 2    1068       4       2       0
       4       0       1
     523      80      81     522
 2    1069       4       2       0
       4       0       1
     524      79      80     523
 2    1070       4       2       0
       4       0       1
     525      78      79     524
 2    1071       4       2       0
       4       0       1
     526      77      78     525
 2    1072       4       2       0
       4       0       1
     527      76      77     526
 2    1073       4       2       0
       4       0       1
     527      66       6      76
 2    1074       4       2       0
       4       0       1
     528      65      66     527
 2    1075       4       2       0
       4       0       1
     529      64      65     528
 2    1076       4       2       0
       4       0       1
     530      63      64     529
 2    1077       4       2       0
       4       0       1
     531      62      63     530
 2    1078       4       2       0
       4       0       1
     532      61      62     531
 2    1079       4       2       0
       4       0       1
     533      60      61     532
 2    1080       4       2       0
       4       0       1
     534      59      60     533
 2    1081       4       2       0
       4       0       1
     535      58      59     534
 2    1082       4       2       0
       4       0       1
     535     120       5      58
 2    1083       4       2       0
       4       0       1
     536     119     120     535
 2    1084       4       2       0
       4       0       1
     537     118     119     536
 2    1085       4       2       0
       4       0       1
     538     117     118     537
 2    1086       4       2       0
       4       0       1
     539     116     117     538
 2    1087       4       2       0
       4       0       1
     540     115     116     539
 2    1088       4       2       0
       4       0       1
     541     114     115     540
 2    1089       4       2       0
       4       0       1
     542     113     114     541
 2    1090       4       2       0
       4       0       1
     543     112     113     542
 2    1091       4       2       0
       4       0       1
     543     103       8     112
 2    1092       4       2       0
       4       0       1
     544     104     103     543
 2    1093       4       2       0
       4       0       1
     545     105     104     544
 2    1094       4       2       0
       4       0       1
     546     106     105     545
 2    1095       4       2       0
       4       0       1
     547     107     106     546
 2    1096       4       2       0
       4       0       1
     548     108     107     547
 2    1097       4       2       0
       4       0       1
     549     109     108     548
 2    1098       4       2       0
       4       0       1
     550     110     109     549
 2    1099       4       2       0
       4       0       1
     551     111     110     550
 2    1100       4       2       0
       4       0       1
      84       7     111     551
 2    1101       4       2       0
       4       0       1
     479     401     405     400
 2    1102       4       2       0
       4       0       1
     400     404     399     479
 2    1103       4       2       0
       4       0       1
     399     403     402     479
 2    1104       4       2       0
       4       0       1
     402     406     401     479
 2    1105       4       2       0
       4       0       1
     399     408     471     403
 2    1106       4       2       0
       4       0       1
     404     409     408     399
 2    1107       4       2       0
       4       0       1
     400     411     410     404
 2    1108       4       2       0
       4       0       1
     405     412     411     400
 2    1109       4       2       0
       4       0       1
     401     413     478     405
 2    1110       4       2       0
       4       0       1
     406     414     413     401
 2    1111       4       2       0
       4       0       1
     403     407     415     402
 2    1112       4       2       0
       4       0       1
     415     475     406     402
 2    1113       4       2       0
       4       0       1
     471     416     407     403
 2    1114       4       2       0
       4       0       1
     410     417     409     404
 2    1115       4       2       0
       4       0       1
     478     418     412     405
 2    1116       4       2       0
       4       0       1
     475     472     414     406
 2    1117       4       2       0
       4       0       1
     407     432     431     415
 2    1118       4       2       0
       4       0       1
     416     433     432     407
 2    1119       4       2       0
       4       0       1
     471     470     420     416
 2    1120       4       2       0
       4       0       1
     409     476     419     408
 2    1121       4       2       0
       4       0       1
     408     419     470     471
 2    1122       4       2       0
       4       0       1
     417     422     476     409
 2    1123       4       2       0
       4       0       1
     410     473     421     417
 2    1124       4       2       0
       4       0       1
     412     477     423     411
 2    1125       4       2       0
       4       0       1
     411     423     473     410
 2    1126       4       2       0
       4       0       1
     418     425     477     412
 2    1127       4       2       0
       4       0       1
     478     426     424     418
 2    1128       4       2       0
       4       0       1
     414     429     427     413
 2    1129       4       2       0
       4       0       1
     413     427     426     478
 2    1130       4       2       0
       4       0       1
     472     474     429     414
 2    1131       4       2       0
       4       0       1
     475     430     428     472
 2    1132       4       2       0
       4       0       1
     415     431     430     475
 2    1133       4       2       0
       4       0       1
     420     434     433     416
 2    1134       4       2       0
       4       0       1
     421     435     422     417
 2    1135       4       2       0
       4       0       1
     424     436     425     418
 2    1136       4       2       0
       4       0       1
     428     437     474     472
 2    1137       4       2       0
       4       0       1
     470     440     439     420
 2    1138       4       2       0
       4       0       1
     476     442     441     419
 2    1139       4       2       0
       4       0       1
     419     441     440     470
 2    1140       4       2       0
       4       0       1
     420     439     438     434
 2    1141       4       2       0
       4       0       1
     473     448     447     421
 2    1142       4       2       0
       4       0       1
     421     447     446     435
 2    1143       4       2       0
       4       0       1
     435     444     443     422
 2    1144       4       2       0
       4       0       1
     422     443     442     476
 2    1145       4       2       0
       4       0       1
     477     450     449     423
 2    1146       4       2       0
       4       0       1
     423     449     448     473
 2    1147       4       2       0
       4       0       1
     426     456     455     424
 2    1148       4       2       0
       4       0       1
     424     455     454     436
 2    1149       4       2       0
       4       0       1
     436     452     451     425
 2    1150       4       2       0
       4       0       1
     425     451     450     477
 2    1151       4       2       0
       4       0       1
     429     458     457     427
 2    1152       4       2       0
       4       0       1
     427     457     456     426
 2    1153       4       2       0
       4       0       1
     430     464     463     428
 2    1154       4       2       0
       4       0       1
     428     463     462     437
 2    1155       4       2       0
       4       0       1
     437     460     459     474
 2    1156       4       2       0
       4       0       1
     474     459     458     429
 2    1157       4       2       0
       4       0       1
     432     466     465     431
 2    1158       4       2       0
       4       0       1
     431     465     464     430
 2    1159       4       2       0
       4       0       1
     434     468     467     433
 2    1160       4       2       0
       4       0       1
     433     467     466     432
 2    1161       4       2       0
       4       0       1
     438     469     468     434
 2    1162       4       2       0
       4       0       1
     446     445     444     435
 2    1163       4       2       0
       4       0       1
     454     453     452     436
 2    1164       4       2       0
       4       0       1
     462     461     460     437
 2    1165       4       2       0
       4       0       1
     438      92      93     469
 2    1166       4       2       0
       4       0       1
     439      91      92     438
 2    1167       4       2       0
       4       0       1
     440      90      91     439
 2    1168       4       2       0
       4       0       1
     441      89      90     440
 2    1169       4       2       0
       4       0       1
     442      88      89     441
 2    1170       4       2       0
       4       0       1
     443      87      88     442
 2    1171       4       2       0
       4       0       1
     444      86      87     443
 2    1172       4       2       0
       4       0       1
     445      85      86     444
 2    1173       4       2       0
       4       0       1
     445     111       7      85
 2    1174       4       2       0
       4       0       1
     446     110     111     445
 2    1175       4       2       0
       4       0       1
     447     109     110     446
 2    1176       4       2       0
       4       0       1
     448     108     109     447
 2    1177       4       2       0
       4       0       1
     449     107     108     448
 2    1178       4       2       0
       4       0       1
     450     106     107     449
 2    1179       4       2       0
       4       0       1
     451     105     106     450
 2    1180       4       2       0
       4       0       1
     452     104     105     451
 2    1181       4       2       0
       4       0       1
     453     103     104     452
 2    1182       4       2       0
       4       0       1
     453     102       8     103
 2    1183       4       2       0
       4       0       1
     454     101     102     453
 2    1184       4       2       0
       4       0       1
     455     100     101     454
 2    1185       4       2       0
       4       0       1
     456      99     100     455
 2    1186       4       2       0
       4       0       1
     457      98      99     456
 2    1187       4       2       0
       4       0       1
     458      97      98     457
 2    1188       4       2       0
       4       0       1
     459      96      97     458
 2    1189       4       2       0
       4       0       1
     460      95      96     459
 2    1190       4       2       0
       4       0       1
     461      94      95     460
 2    1191       4       2       0
       4       0       1
     461      22       1      94
 2    1192       4       2       0
       4       0       1
     462      23      22     461
 2    1193       4       2       0
       4       0       1
     463      24      23     462
 2    1194       4       2       0
       4       0       1
     464      25      24     463
 2    1195       4       2       0
       4       0       1
     465      26      25     464
 2    1196       4       2       0
       4       0       1
     466      27      26     465
 2    1197       4       2       0
       4       0       1
     467      28      27     466
 2    1198       4       2       0
       4       0       1
     468      29      28     467
 2    1199       4       2       0
       4       0       1
     469      30      29     468
 2    1200       4       2       0
       4       0       1
      93       3      30     469
 2    1201       4       2       0
       4       0       1
     398     320     324     319
 2    1202       4       2       0
       4       0       1
     319     323     318     398
 2    1203       4       2       0
       4       0       1
     318     322     321     398
 2    1204       4       2       0
       4       0       1
     321     325     320     398
 2    1205       4       2       0
       4       0       1
     318     327     388     322
 2    1206       4       2       0
       4       0       1
     323     328     327     318
 2    1207       4       2       0
       4       0       1
     319     329     396     323
 2    1208       4       2       0
       4       0       1
     324     330     329     319
 2    1209       4       2       0
       4       0       1
     320     331     397     324
 2    1210       4       2       0
       4       0       1
     325     332     331     320
 2    1211       4       2       0
       4       0       1
     322     326     333     321
 2    1212       4       2       0
       4       0       1
     333     393     325     321
 2    1213       4       2       0
       4       0       1
     388     334     326     322
 2    1214       4       2       0
       4       0       1
     396     335     328     323
 2    1215       4       2       0
       4       0       1
     397     336     330     324
 2    1216       4       2       0
       4       0       1
     393     337     332     325
 2    1217       4       2       0
       4       0       1
     326     392     349     333
 2    1218       4       2       0
       4       0       1
     334     350     392     326
 2    1219       4       2       0
       4       0       1
     388     387     339     334
 2    1220       4       2       0
       4       0       1
     328     395     338     327
 2    1221       4       2       0
       4       0       1
     327     338     387     388
 2    1222       4       2       0
       4       0       1
     335     341     395     328
 2    1223       4       2       0
       4       0       1
     396     389     340     335
 2    1224       4       2       0
       4       0       1
     330     394     342     329
 2    1225       4       2       0
       4       0       1
     329     342     389     396
 2    1226       4       2       0
       4       0       1
     336     344     394     330
 2    1227       4       2       0
       4       0       1
     397     390     343     336
 2    1228       4       2       0
       4       0       1
     332     347     345     331
 2    1229       4       2       0
       4       0       1
     331     345     390     397
 2    1230       4       2       0
       4       0       1
     337     348     347     332
 2    1231       4       2       0
       4       0       1
     393     391     346     337
 2    1232       4       2       0
       4       0       1
     333     349     391     393
 2    1233       4       2       0
       4       0       1
     339     351     350     334
 2    1234       4       2       0
       4       0       1
     340     352     341     335
 2    1235       4       2       0
       4       0       1
     343     353     344     336
 2    1236       4       2       0
       4       0       1
     346     354     348     337
 2    1237       4       2       0
       4       0       1
     387     357     356     339
 2    1238       4       2       0
       4       0       1
     395     359     358     338
 2    1239       4       2       0
       4       0       1
     338     358     357     387
 2    1240       4       2       0
       4       0       1
     339     356     355     351
 2    1241       4       2       0
       4       0       1
     389     365     364     340
 2    1242       4       2       0
       4       0       1
     340     364     363     352
 2    1243       4       2       0
       4       0       1
     352     361     360     341
 2    1244       4       2       0
       4       0       1
     341     360     359     395
 2    1245       4       2       0
       4       0       1
     394     367     366     342
 2    1246       4       2       0
       4       0       1
     342     366     365     389
 2    1247       4       2       0
       4       0       1
     390     373     372     343
 2    1248       4       2       0
       4       0       1
     343     372     371     353
 2    1249       4       2       0
       4       0       1
     353     369     368     344
 2    1250       4       2       0
       4       0       1
     344     368     367     394
 2    1251       4       2       0
       4       0       1
     347     375     374     345
 2    1252       4       2       0
       4       0       1
     345     374     373     390
 2    1253       4       2       0
       4       0       1
     391     381     380     346
 2    1254       4       2       0
       4       0       1
     346     380     379     354
 2    1255       4       2       0
       4       0       1
     354     377     376     348
 2    1256       4       2       0
       4       0       1
     348     376     375     347
 2    1257       4       2       0
       4       0       1
     392     383     382     349
 2    1258       4       2       0
       4       0       1
     349     382     381     391
 2    1259       4       2       0
       4       0       1
     351     385     384     350
 2    1260       4       2       0
       4       0       1
     350     384     383     392
 2    1261       4       2       0
       4       0       1
     355     386     385     351
 2    1262       4       2       0
       4       0       1
     363     362     361     352
 2    1263       4       2       0
       4       0       1
     371     370     369     353
 2    1264       4       2       0
       4       0       1
     379     378     377     354
 2    1265       4       2       0
       4       0       1
     355      50      49     386
 2    1266       4       2       0
       4       0       1
     356      51      50     355
 2    1267       4       2       0
       4       0       1
     357      52      51     356
 2    1268       4       2       0
       4       0       1
     358      53      52     357
 2    1269       4       2       0
       4       0       1
     359      54      53     358
 2    1270       4       2       0
       4       0       1
     360      55      54     359
 2    1271       4       2       0
       4       0       1
     361      56      55     360
 2    1272       4       2       0
       4       0       1
     362      57      56     361
 2    1273       4       2       0
       4       0       1
     362      58       5      57
 2    1274       4       2       0
       4       0       1
     363      59      58     362
 2    1275       4       2       0
       4       0       1
     364      60      59     363
 2    1276       4       2       0
       4       0       1
     365      61      60     364
 2    1277       4       2       0
       4       0       1
     366      62      61     365
 2    1278       4       2       0
       4       0       1
     367      63      62     366
 2    1279       4       2       0
       4       0       1
     368      64      63     367
 2    1280       4       2       0
       4       0       1
     369      65      64     368
 2    1281       4       2       0
       4       0       1
     370      66      65     369
 2    1282       4       2       0
       4       0       1
     370      67       6      66
 2    1283       4       2       0
       4       0       1
     371      68      67     370
 2    1284       4       2       0
       4       0       1
     372      69      68     371
 2    1285       4       2       0
       4       0       1
     373      70      69     372
 2    1286       4       2       0
       4       0       1
     374      71      70     373
 2    1287       4       2       0
       4       0       1
     375      72      71     374
 2    1288       4       2       0
       4       0       1
     376      73      72     375
 2    1289       4       2       0
       4       0       1
     377      74      73     376
 2    1290       4       2       0
       4       0       1
     378      75      74     377
 2    1291       4       2       0
       4       0       1
     378      39       4      75
 2    1292       4       2       0
       4       0       1
     379      38      39     378
 2    1293       4       2       0
       4       0       1
     380      37      38     379
 2    1294       4       2       0
       4       0       1
     381      36      37     380
 2    1295       4       2       0
       4       0       1
     382      35      36     381
 2    1296       4       2       0
       4       0       1
     383      34      35     382
 2    1297       4       2       0
       4       0       1
     384      33      34     383
 2    1298       4       2       0
       4       0       1
     385      32      33     384
 2    1299       4       2       0
       4       0       1
     386      31      32     385
 2    1300       4       2       0
       4       0       1
      49       2      31     386
 2    1301       4       2       0
       4       0       1
     317     239     243     238
 2    1302       4       2       0
       4       0       1
     238     242     237     317
 2    1303       4       2       0
       4       0       1
     237     241     240     317
 2    1304       4       2       0
       4       0       1
     240     244     239     317
 2    1305       4       2       0
       4       0       1
     237     246     308     241
 2    1306       4       2       0
       4       0       1
     242     247     246     237
 2    1307       4       2       0
       4       0       1
     238     248     316     242
 2    1308       4       2       0
       4       0       1
     243     249     248     238
 2    1309       4       2       0
       4       0       1
     239     250     315     243
 2    1310       4       2       0
       4       0       1
     244     251     250     239
 2    1311       4       2       0
       4       0       1
     241     245     252     240
 2    1312       4       2       0
       4       0       1
     252     312     244     240
 2    1313       4       2       0
       4       0       1
     308     253     245     241
 2    1314       4       2       0
       4       0       1
     316     254     247     242
 2    1315       4       2       0
       4       0       1
     315     255     249     243
 2    1316       4       2       0
       4       0       1
     312     309     251     244
 2    1317       4       2       0
       4       0       1
     245     269     268     252
 2    1318       4       2       0
       4       0       1
     253     270     269     245
 2    1319       4       2       0
       4       0       1
     308     307     257     253
 2    1320       4       2       0
       4       0       1
     247     313     256     246
 2    1321       4       2       0
       4       0       1
     246     256     307     308
 2    1322       4       2       0
       4       0       1
     254     259     313     247
 2    1323       4       2       0
       4       0       1
     316     310     258     254
 2    1324       4       2       0
       4       0       1
     249     314     260     248
 2    1325       4       2       0
       4       0       1
     248     260     310     316
 2    1326       4       2       0
       4       0       1
     255     262     314     249
 2    1327       4       2       0
       4       0       1
     315     263     261     255
 2    1328       4       2       0
       4       0       1
     251     266     264     250
 2    1329       4       2       0
       4       0       1
     250     264     263     315
 2    1330       4       2       0
       4       0       1
     309     311     266     251
 2    1331       4       2       0
       4       0       1
     312     267     265     309
 2    1332       4       2       0
       4       0       1
     252     268     267     312
 2    1333       4       2       0
       4       0       1
     257     271     270     253
 2    1334       4       2       0
       4       0       1
     258     272     259     254
 2    1335       4       2       0
       4       0       1
     261     273     262     255
 2    1336       4       2       0
       4       0       1
     265     274     311     309
 2    1337       4       2       0
       4       0       1
     307     277     276     257
 2    1338       4       2       0
       4       0       1
     313     279     278     256
 2    1339       4       2       0
       4       0       1
     256     278     277     307
 2    1340       4       2       0
       4       0       1
     257     276     275     271
 2    1341       4       2       0
       4       0       1
     310     285     284     258
 2    1342       4       2       0
       4       0       1
     258     284     283     272
 2    1343       4       2       0
       4       0       1
     272     281     280     259
 2    1344       4       2       0
       4       0       1
     259     280     279     313
 2    1345       4       2       0
       4       0       1
     314     287     286     260
 2    1346       4       2       0
       4       0       1
     260     286     285     310
 2    1347       4       2       0
       4       0       1
     263     293     292     261
 2    1348       4       2       0
       4       0       1
     261     292     291     273
 2    1349       4       2       0
       4       0       1
     273     289     288     262
 2    1350       4       2       0
       4       0       1
     262     288     287     314
 2    1351       4       2       0
       4       0       1
     266     295     294     264
 2    1352       4       2       0
       4       0       1
     264     294     293     263
 2    1353       4       2       0
       4       0       1
     267     301     300     265
 2    1354       4       2       0
       4       0       1
     265     300     299     274
 2    1355       4       2       0
       4       0       1
     274     297     296     311
 2    1356       4       2       0
       4       0       1
     311     296     295     266
 2    1357       4       2       0
       4       0       1
     269     303     302     268
 2    1358       4       2       0
       4       0       1
     268     302     301     267
 2    1359       4       2       0
       4       0       1
     271     305     304     270
 2    1360       4       2       0
       4       0       1
     270     304     303     269
 2    1361       4       2       0
       4       0       1
     275     306     305     271
 2    1362       4       2       0
       4       0       1
     283     282     281     272
 2    1363       4       2       0
       4       0       1
     291     290     289     273
 2    1364       4       2       0
       4       0       1
     299     298     297     274
 2    1365       4       2       0
       4       0       1
     275      14      13     306
 2    1366       4       2       0
       4       0       1
     276      15      14     275
 2    1367       4       2       0
       4       0       1
     277      16      15     276
 2    1368       4       2       0
       4       0       1
     278      17      16     277
 2    1369       4       2       0
       4       0       1
     279      18      17     278
 2    1370       4       2       0
       4       0       1
     280      19      18     279
 2    1371       4       2       0
       4       0       1
     281      20      19     280
 2    1372       4       2       0
       4       0       1
     282      21      20     281
 2    1373       4       2       0
       4       0       1
     282      31       2      21
 2    1374       4       2       0
       4       0       1
     283      32      31     282
 2    1375       4       2       0
       4       0       1
     284      33      32     283
 2    1376       4       2       0
       4       0       1
     285      34      33     284
 2    1377       4       2       0
       4       0       1
     286      35      34     285
 2    1378       4       2       0
       4       0       1
     287      36      35     286
 2    1379       4       2       0
       4       0       1
     288      37      36     287
 2    1380       4       2       0
       4       0       1
     289      38      37     288
 2    1381       4       2       0
       4       0       1
     290      39      38     289
 2    1382       4       2       0
       4       0       1
     290      48       4      39
 2    1383       4       2       0
       4       0       1
     291      47      48     290
 2    1384       4       2       0
       4       0       1
     292      46      47     291
 2    1385       4       2       0
       4       0       1
     293      45      46     292
 2    1386       4       2       0
       4       0       1
     294      44      45     293
 2    1387       4       2       0
       4       0       1
     295      43      44     294
 2    1388       4       2       0
       4       0       1
     296      42      43     295
 2    1389       4       2       0
       4       0       1
     297      41      42     296
 2    1390       4       2       0
       4       0       1
     298      40      41     297
 2    1391       4       2       0
       4       0       1
     298      30       3      40
 2    1392       4       2       0
       4       0       1
     299      29      30     298
 2    1393       4       2       0
       4       0       1
     300      28      29     299
 2    1394       4       2       0
       4       0       1
     301      27      28     300
 2    1395       4       2       0
       4       0       1
     302      26      27     301
 2    1396       4       2       0
       4       0       1
     303      25      26     302
 2    1397       4       2       0
       4       0       1
     304      24      25     303
 2    1398       4       2       0
       4       0       1
     305      23      24     304
 2    1399       4       2       0
       4       0       1
     306      22      23     305
 2    1400       4       2       0
       4       0       1
      13       1      22     306
 2    1401       2       2       0
       2       0       5
      95      94
 2    1402       2       2       0
       2       0       5
      96      95
 2    1403       2       2       0
       2       0       5
      97      96
 2    1404       2       2       0
       2       0       5
      98      97
 2    1405       2       2       0
       2       0       5
      99      98
 2    1406       2       2       0
       2       0       5
     100      99
 2    1407       2       2       0
       2       0       5
     101     100
 2    1408       2       2       0
       2       0       5
     102     101
 2    1409       2       2       0
       2       0       5
       8     102
 2    1410       2       2       0
       2       0       5
      94       1
 2    1411       2       2       0
       2       0       5
      21       2
 2    1412       2       2       0
       2       0       5
      20      21
 2    1413       2       2       0
       2       0       5
      19      20
 2    1414       2       2       0
       2       0       5
      18      19
 2    1415       2       2       0
       2       0       5
      17      18
 2    1416       2       2       0
       2       0       5
      16      17
 2    1417       2       2       0
       2       0       5
      15      16
 2    1418       2       2       0
       2       0       5
      14      15
 2    1419       2       2       0
       2       0       5
      13      14
 2    1420       2       2       0
       2       0       5
       1      13
 2    1421       2       2       0
       2       0       5
      57       5
 2    1422       2       2       0
       2       0       5
      56      57
 2    1423       2       2       0
       2       0       5
      55      56
 2    1424       2       2       0
       2       0       5
      54      55
 2    1425       2       2       0
       2       0       5
      53      54
 2    1426       2       2       0
       2       0       5
      52      53
 2    1427       2       2       0
       2       0       5
      51      52
 2    1428       2       2       0
       2       0       5
      50      51
 2    1429       2       2       0
       2       0       5
      49      50
 2    1430       2       2       0
       2       0       5
       2      49
 2    1431       2       2       0
       2       0       5
     112       8
 2    1432       2       2       0
       2       0       5
     113     112
 2    1433       2       2       0
       2       0       5
     114     113
 2    1434       2       2       0
       2       0       5
     115     114
 2    1435       2       2       0
       2       0       5
     116     115
 2    1436       2       2       0
       2       0       5
     117     116
 2    1437       2       2       0
       2       0       5
     118     117
 2    1438       2       2       0
       2       0       5
     119     118
 2    1439       2       2       0
       2       0       5
     120     119
 2    1440       2       2       0
       2       0       5
       5     120
 2    1441       2       2       0
       2       0       7
      78      79
 2    1442       2       2       0
       2       0       7
      84       7
 2    1443       2       2       0
       2       0       7
      83      84
 2    1444       2       2       0
       2       0       7
      82      83
 2    1445       2       2       0
       2       0       7
      81      82
 2    1446       2       2       0
       2       0       7
      80      81
 2    1447       2       2       0
       2       0       7
      79      80
 2    1448       2       2       0
       2       0       7
      77      78
 2    1449       2       2       0
       2       0       7
      76      77
 2    1450       2       2       0
       2       0       7
       6      76
 2    1451       2       2       0
       2       0       7
      89      90
 2    1452       2       2       0
       2       0       7
      88      89
 2    1453       2       2       0
       2       0       7
      87      88
 2    1454       2       2       0
       2       0       7
      86      87
 2    1455       2       2       0
       2       0       7
       7      85
 2    1456       2       2       0
       2       0       7
      93       3
 2    1457       2       2       0
       2       0       7
      92      93
 2    1458       2       2       0
       2       0       7
      91      92
 2    1459       2       2       0
       2       0       7
      85      86
 2    1460       2       2       0
       2       0       7
      90      91
 2    1461       2       2       0
       2       0       7
      44      45
 2    1462       2       2       0
       2       0       7
      48       4
 2    1463       2       2       0
       2       0       7
      47      48
 2    1464       2       2       0
       2       0       7
      46      47
 2    1465       2       2       0
       2       0       7
      45      46
 2    1466       2       2       0
       2       0       7
      43      44
 2    1467       2       2       0
       2       0       7
      42      43
 2    1468       2       2       0
       2       0       7
      41      42
 2    1469       2       2       0
       2       0       7
      40      41
 2    1470       2       2       0
       2       0       7
       3      40
 2    1471       2       2       0
       2       0       7
      67       6
 2    1472       2       2       0
       2       0       7
      68      67
 2    1473       2       2       0
       2       0       7
      69      68
 2    1474       2       2       0
       2       0       7
      70      69
 2    1475       2       2       0
       2       0       7
      75      74
 2    1476       2       2       0
       2       0       7
      71      70
 2    1477       2       2       0
       2       0       7
      72      71
 2    1478       2       2       0
       2       0       7
      73      72
 2    1479       2       2       0
       2       0       7
      74      73
 2    1480       2       2       0
       2       0       7
       4      75
 2    1481       2       2       0
       2       0       7
     149      10
 2    1482       2       2       0
       2       0       7
     148     149
 2    1483       2       2       0
       2       0       7
     147     148
 2    1484       2       2       0
       2       0       7
     146     147
 2    1485       2       2       0
       2       0       7
     145     146
 2    1486       2       2       0
       2       0       7
     144     145
 2    1487       2       2       0
       2       0       7
     143     144
 2    1488       2       2       0
       2       0       7
     142     143
 2    1489       2       2       0
       2       0       7
     141     142
 2    1490       2       2       0
       2       0       7
     140     141
 2    1491       2       2       0
       2       0       7
     139     140
 2    1492       2       2       0
       2       0       7
     138     139
 2    1493       2       2       0
       2       0       7
     137     138
 2    1494       2       2       0
       2       0       7
     136     137
 2    1495       2       2       0
       2       0       7
     135     136
 2    1496       2       2       0
       2       0       7
     134     135
 2    1497       2       2       0
       2       0       7
     133     134
 2    1498       2       2       0
       2       0       7
     132     133
 2    1499       2       2       0
       2       0       7
     131     132
 2    1500       2       2       0
       2       0       7
     130     131
 2    1501       2       2       0
       2       0       7
     129     130
 2    1502       2       2       0
       2       0       7
     128     129
 2    1503       2       2       0
       2       0       7
     127     128
 2    1504       2       2       0
       2       0       7
     126     127
 2    1505       2       2       0
       2       0       7
     125     126
 2    1506       2       2       0
       2       0       7
     124     125
 2    1507       2       2       0
       2       0       7
     123     124
 2    1508       2       2       0
       2       0       7
     122     123
 2    1509       2       2       0
       2       0       7
     121     122
 2    1510       2       2       0
       2       0       7
       9     121
 2    1511       2       2       0
       2       0       7
     207      12
 2    1512       2       2       0
       2       0       7
     206     207
 2    1513       2       2       0
       2       0       7
     205     206
 2    1514       2       2       0
       2       0       7
     204     205
 2    1515       2       2       0
       2       0       7
     203     204
 2    1516       2       2       0
       2       0       7
     202     203
 2    1517       2       2       0
       2       0       7
     201     202
 2    1518       2       2       0
       2       0       7
     200     201
 2    1519       2       2       0
       2       0       7
     199     200
 2    1520       2       2       0
       2       0       7
     198     199
 2    1521       2       2       0
       2       0       7
     197     198
 2    1522       2       2       0
       2       0       7
     196     197
 2    1523       2       2       0
       2       0       7
     195     196
 2    1524       2       2       0
       2       0       7
     194     195
 2    1525       2       2       0
       2       0       7
     193     194
 2    1526       2       2       0
       2       0       7
     192     193
 2    1527       2       2       0
       2       0       7
     191     192
 2    1528       2       2       0
       2       0       7
     190     191
 2    1529       2       2       0
       2       0       7
     189     190
 2    1530       2       2       0
       2       0       7
     188     189
 2    1531       2       2       0
       2       0       7
     187     188
 2    1532       2       2       0
       2       0       7
     186     187
 2    1533       2       2       0
       2       0       7
     185     186
 2    1534       2       2       0
       2       0       7
     184     185
 2    1535       2       2       0
       2       0       7
     183     184
 2    1536       2       2       0
       2       0       7
     182     183
 2    1537       2       2       0
       2       0       7
     181     182
 2    1538       2       2       0
       2       0       7
     180     181
 2    1539       2       2       0
       2       0       7
     179     180
 2    1540       2       2       0
       2       0       7
      10     179
 2    1541       2       2       0
       2       0       7
     236      11
 2    1542       2       2       0
       2       0       7
     235     236
 2    1543       2       2       0
       2       0       7
     234     235
 2    1544       2       2       0
       2       0       7
     233     234
 2    1545       2       2       0
       2       0       7
     232     233
 2    1546       2       2       0
       2       0       7
     231     232
 2    1547       2       2       0
       2       0       7
     230     231
 2    1548       2       2       0
       2       0       7
     229     230
 2    1549       2       2       0
       2       0       7
     228     229
 2    1550       2       2       0
       2       0       7
     227     228
 2    1551       2       2       0
       2       0       7
     226     227
 2    1552       2       2       0
       2       0       7
     225     226
 2    1553       2       2       0
       2       0       7
     224     225
 2    1554       2       2       0
       2       0       7
     223     224
 2    1555       2       2       0
       2       0       7
     222     223
 2    1556       2       2       0
       2       0       7
     221     222
 2    1557       2       2       0
       2       0       7
     220     221
 2    1558       2       2       0
       2       0       7
     219     220
 2    1559       2       2       0
       2       0       7
     218     219
 2    1560       2       2       0
       2       0       7
     217     218
 2    1561       2       2       0
       2       0       7
     216     217
 2    1562       2       2       0
       2       0       7
     215     216
 2    1563       2       2       0
       2       0       7
     214     215
 2    1564       2       2       0
       2       0       7
     213     214
 2    1565       2       2       0
       2       0       7
     212     213
 2    1566       2       2       0
       2       0       7
     211     212
 2    1567       2       2       0
       2       0       7
     210     211
 2    1568       2       2       0
       2       0       7
     209     210
 2    1569       2       2       0
       2       0       7
     208     209
 2    1570       2       2       0
       2       0       7
      12     208
 2    1571       2       2       0
       2       0       7
     151     150
 2    1572       2       2       0
       2       0       7
     152     151
 2    1573       2       2       0
       2       0       7
     153     152
 2    1574       2       2       0
       2       0       7
     154     153
 2    1575       2       2       0
       2       0       7
     155     154
 2    1576       2       2       0
       2       0       7
     156     155
 2    1577       2       2       0
       2       0       7
     157     156
 2    1578       2       2       0
       2       0       7
     158     157
 2    1579       2       2       0
       2       0       7
     159     158
 2    1580       2       2       0
       2       0       7
     160     159
 2    1581       2       2       0
       2       0       7
     161     160
 2    1582       2       2       0
       2       0       7
     162     161
 2    1583       2       2       0
       2       0       7
     163     162
 2    1584       2       2       0
       2       0       7
     164     163
 2    1585       2       2       0
       2       0       7
     165     164
 2    1586       2       2       0
       2       0       7
     166     165
 2    1587       2       2       0
       2       0       7
     167     166
 2    1588       2       2       0
       2       0       7
     168     167
 2    1589       2       2       0
       2       0       7
     169     168
 2    1590       2       2       0
       2       0       7
     170     169
 2    1591       2       2       0
       2       0       7
     171     170
 2    1592       2       2       0
       2       0       7
     172     171
 2    1593       2       2       0
       2       0       7
     173     172
 2    1594       2       2       0
       2       0       7
     174     173
 2    1595       2       2       0
       2       0       7
     175     174
 2    1596       2       2       0
       2       0       7
     176     175
 2    1597       2       2       0
       2       0       7
     177     176
 2    1598       2       2       0
       2       0       7
     178     177
 2    1599       2       2       0
       2       0       7
      11     178
 2    1600       2       2       0
       2       0       7
     150       9
 2    1601       2       2       0
       2       0      11
      66       6
 2    1602       2       2       0
       2       0      11
      65      66
 2    1603       2       2       0
       2       0      11
      64      65
 2    1604       2       2       0
       2       0      11
      63      64
 2    1605       2       2       0
       2       0      11
      62      63
 2    1606       2       2       0
       2       0      11
      61      62
 2    1607       2       2       0
       2       0      11
      60      61
 2    1608       2       2       0
       2       0      11
      59      60
 2    1609       2       2       0
       2       0      11
      58      59
 2    1610       2       2       0
       2       0      11
       5      58
 2    1611       2       2       0
       2       0      11
     103       8
 2    1612       2       2       0
       2       0      11
     104     103
 2    1613       2       2       0
       2       0      11
     105     104
 2    1614       2       2       0
       2       0      11
     106     105
 2    1615       2       2       0
       2       0      11
     107     106
 2    1616       2       2       0
       2       0      11
     108     107
 2    1617       2       2       0
       2       0      11
     109     108
 2    1618       2       2       0
       2       0      11
     110     109
 2    1619       2       2       0
       2       0      11
     111     110
 2    1620       2       2       0
       2       0      11
       7     111
 2    1621       2       2       0
       2       0      13
      22       1
 2    1622       2       2       0
       2       0      13
      23      22
 2    1623       2       2       0
       2       0      13
      24      23
 2    1624       2       2       0
       2       0      13
      25      24
 2    1625       2       2       0
       2       0      13
      26      25
 2    1626       2       2       0
       2       0      13
      27      26
 2    1627       2       2       0
       2       0      13
      28      27
 2    1628       2       2       0
       2       0      13
      29      28
 2    1629       2       2       0
       2       0      13
      30      29
 2    1630       2       2       0
       2       0      13
       3      30
 2    1631       2       2       0
       2       0      15
      39       4
 2    1632       2       2       0
       2       0      15
      38      39
 2    1633       2       2       0
       2       0      15
      37      38
 2    1634       2       2       0
       2       0      15
      36      37
 2    1635       2       2       0
       2       0      15
      35      36
 2    1636       2       2       0
       2       0      15
      34      35
 2    1637       2       2       0
       2       0      15
      33      34
 2    1638       2       2       0
       2       0      15
      32      33
 2    1639       2       2       0
       2       0      15
      31      32
 2    1640       2       2       0
       2       0      15
       2      31
21       1    1000     101
BOX         
       8       1       8       2       8       3       8       4       8       5
       8       6       8       7       8       8       8       9       8      10
       8      11       8      12       8      13       8      14       8      15
       8      16       8      17       8      18       8      19       8      20
       8      21       8      22       8      23       8      24       8      25
       8      26       8      27       8      28       8      29       8      30
       8      31       8      32       8      33       8      34       8      35
       8      36       8      37       8      38       8      39       8      40
       8      41       8      42       8      43       8      44       8      45
       8      46       8      47       8      48       8      49       8      50
       8      51       8      52       8      53       8      54       8      55
       8      56       8      57       8      58       8      59       8      60
       8      61       8      62       8      63       8      64       8      65
       8      66       8      67       8      68       8      69       8      70
       8      71       8      72       8      73       8      74       8      75
       8      76       8      77       8      78       8      79       8      80
       8      81       8      82       8      83       8      84       8      85
       8      86       8      87       8      88       8      89       8      90
       8      91       8      92       8      93       8      94       8      95
       8      96       8      97       8      98       8      99       8     100
       8    1001       8    1002       8    1003       8    1004       8    1005
       8    1006       8    1007       8    1008       8    1009       8    1010
       8    1011       8    1012       8    1013       8    1014       8    1015
       8    1016       8    1017       8    1018       8    1019       8    1020
       8    1021       8    1022       8    1023       8    1024       8    1025
       8    1026       8    1027       8    1028       8    1029       8    1030
       8    1031       8    1032       8    1033       8    1034       8    1035
       8    1036       8    1037       8    1038       8    1039       8    1040
       8    1041       8    1042       8    1043       8    1044       8    1045
       8    1046       8    1047       8    1048       8    1049       8    1050
       8    1051       8    1052       8    1053       8    1054       8    1055
       8    1056       8    1057       8    1058       8    1059       8    1060
       8    1061       8    1062       8    1063       8    1064       8    1065
       8    1066       8    1067       8    1068       8    1069       8    1070
       8    1071       8    1072       8    1073       8    1074       8    1075
       8    1076       8    1077       8    1078       8    1079       8    1080
       8    1081       8    1082       8    1083       8    1084       8    1085
       8    1086       8    1087       8    1088       8    1089       8    1090
       8    1091       8    1092       8    1093       8    1094       8    1095
       8    1096       8    1097       8    1098       8    1099       8    1100
       8    1101       8    1102       8    1103       8    1104       8    1105
       8    1106       8    1107       8    1108       8    1109       8    1110
       8    1111       8    1112       8    1113       8    1114       8    1115
       8    1116       8    1117       8    1118       8    1119       8    1120
       8    1121       8    1122       8    1123       8    1124       8    1125
       8    1126       8    1127       8    1128       8    1129       8    1130
       8    1131       8    1132       8    1133       8    1134       8    1135
       8    1136       8    1137       8    1138       8    1139       8    1140
       8    1141       8    1142       8    1143       8    1144       8    1145
       8    1146       8    1147       8    1148       8    1149       8    1150
       8    1151       8    1152       8    1153       8    1154       8    1155
       8    1156       8    1157       8    1158       8    1159       8    1160
       8    1161       8    1162       8    1163       8    1164       8    1165
       8    1166       8    1167       8    1168       8    1169       8    1170
       8    1171       8    1172       8    1173       8    1174       8    1175
       8    1176       8    1177       8    1178       8    1179       8    1180
       8    1181       8    1182       8    1183       8    1184       8    1185
       8    1186       8    1187       8    1188       8    1189       8    1190
       8    1191       8    1192       8    1193       8    1194       8    1195
       8    1196       8    1197       8    1198       8    1199       8    1200
       8    1201       8    1202       8    1203       8    1204       8    1205
       8    1206       8    1207       8    1208       8    1209       8    1210
       8    1211       8    1212       8    1213       8    1214       8    1215
       8    1216       8    1217       8    1218       8    1219       8    1220
       8    1221       8    1222       8    1223       8    1224       8    1225
       8    1226       8    1227       8    1228       8    1229       8    1230
       8    1231       8    1232       8    1233       8    1234       8    1235
       8    1236       8    1237       8    1238       8    1239       8    1240
       8    1241       8    1242       8    1243       8    1244       8    1245
       8    1246       8    1247       8    1248       8    1249       8    1250
       8    1251       8    1252       8    1253       8    1254       8    1255
       8    1256       8    1257       8    1258       8    1259       8    1260
       8    1261       8    1262       8    1263       8    1264       8    1265
       8    1266       8    1267       8    1268       8    1269       8    1270
       8    1271       8    1272       8    1273       8    1274       8    1275
       8    1276       8    1277       8    1278       8    1279       8    1280
       8    1281       8    1282       8    1283       8    1284       8    1285
       8    1286       8    1287       8    1288       8    1289       8    1290
       8    1291       8    1292       8    1293       8    1294       8    1295
       8    1296       8    1297       8    1298       8    1299       8    1300
       8    1301       8    1302       8    1303       8    1304       8    1305
       8    1306       8    1307       8    1308       8    1309       8    1310
       8    1311       8    1312       8    1313       8    1314       8    1315
       8    1316       8    1317       8    1318       8    1319       8    1320
       8    1321       8    1322       8    1323       8    1324       8    1325
       8    1326       8    1327       8    1328       8    1329       8    1330
       8    1331       8    1332       8    1333       8    1334       8    1335
       8    1336       8    1337       8    1338       8    1339       8    1340
       8    1341       8    1342       8    1343       8    1344       8    1345
       8    1346       8    1347       8    1348       8    1349       8    1350
       8    1351       8    1352       8    1353       8    1354       8    1355
       8    1356       8    1357       8    1358       8    1359       8    1360
       8    1361       8    1362       8    1363       8    1364       8    1365
       8    1366       8    1367       8    1368       8    1369       8    1370
       8    1371       8    1372       8    1373       8    1374       8    1375
       8    1376       8    1377       8    1378       8    1379       8    1380
       8    1381       8    1382       8    1383       8    1384       8    1385
       8    1386       8    1387       8    1388       8    1389       8    1390
       8    1391       8    1392       8    1393       8    1394       8    1395
       8    1396       8    1397       8    1398       8    1399       8    1400
21       2    1600     161
BOX_EXT_LID 
       8     101       8     102       8     103       8     104       8     105
       8     106       8     107       8     108       8     109       8     110
       8     111       8     112       8     113       8     114       8     115
       8     116       8     117       8     118       8     119       8     120
       8     121       8     122       8     123       8     124       8     125
       8     126       8     127       8     128       8     129       8     130
       8     131       8     132       8     133       8     134       8     135
       8     136       8     137       8     138       8     139       8     140
       8     141       8     142       8     143       8     144       8     145
       8     146       8     147       8     148       8     149       8     150
       8     151       8     152       8     153       8     154       8     155
       8     156       8     157       8     158       8     159       8     160
       8     161       8     162       8     163       8     164       8     165
       8     166       8     167       8     168       8     169       8     170
       8     171       8     172       8     173       8     174       8     175
       8     176       8     177       8     178       8     179       8     180
       8     181       8     182       8     183       8     184       8     185
       8     186       8     187       8     188       8     189       8     190
       8     191       8     192       8     193       8     194       8     195
       8     196       8     197       8     198       8     199       8     200
       8     201       8     202       8     203       8     204       8     205
       8     206       8     207       8     208       8     209       8     210
       8     211       8     212       8     213       8     214       8     215
       8     216       8     217       8     218       8     219       8     220
       8     221       8     222       8     223       8     224       8     225
       8     226       8     227       8     228       8     229       8     230
       8     231       8     232       8     233       8     234       8     235
       8     236       8     237       8     238       8     239       8     240
       8     241       8     242       8     243       8     244       8     245
       8     246       8     247       8     248       8     249       8     250
       8     251       8     252       8     253       8     254       8     255
       8     256       8     257       8     258       8     259       8     260
       8     261       8     262       8     263       8     264       8     265
       8     266       8     267       8     268       8     269       8     270
       8     271       8     272       8     273       8     274       8     275
       8     276       8     277       8     278       8     279       8     280
       8     281       8     282       8     283       8     284       8     285
       8     286       8     287       8     288       8     289       8     290
       8     291       8     292       8     293       8     294       8     295
       8     296       8     297       8     298       8     299       8     300
       8     301       8     302       8     303       8     304       8     305
       8     306       8     307       8     308       8     309       8     310
       8     311       8     312       8     313       8     314       8     315
       8     316       8     317       8     318       8     319       8     320
       8     321       8     322       8     323       8     324       8     325
       8     326       8     327       8     328       8     329       8     330
       8     331       8     332       8     333       8     334       8     335
       8     336       8     337       8     338       8     339       8     340
       8     341       8     342       8     343       8     344       8     345
       8     346       8     347       8     348       8     349       8     350
       8     351       8     352       8     353       8     354       8     355
       8     356       8     357       8     358       8     359       8     360
       8     361       8     362       8     363       8     364       8     365
       8     366       8     367       8     368       8     369       8     370
       8     371       8     372       8     373       8     374       8     375
       8     376       8     377       8     378       8     379       8     380
       8     381       8     382       8     383       8     384       8     385
       8     386       8     387       8     388       8     389       8     390
       8     391       8     392       8     393       8     394       8     395
       8     396       8     397       8     398       8     399       8     400
       8     401       8     402       8     403       8     404       8     405
       8     406       8     407       8     408       8     409       8     410
       8     411       8     412       8     413       8     414       8     415
       8     416       8     417       8     418       8     419       8     420
       8     421       8     422       8     423       8     424       8     425
       8     426       8     427       8     428       8     429       8     430
       8     431       8     432       8     433       8     434       8     435
       8     436       8     437       8     438       8     439       8     440
       8     441       8     442       8     443       8     444       8     445
       8     446       8     447       8     448       8     449       8     450
       8     451       8     452       8     453       8     454       8     455
       8     456       8     457       8     458       8     459       8     460
       8     461       8     462       8     463       8     464       8     465
       8     466       8     467       8     468       8     469       8     470
       8     471       8     472       8     473       8     474       8     475
       8     476       8     477       8     478       8     479       8     480
       8     481       8     482       8     483       8     484       8     485
       8     486       8     487       8     488       8     489       8     490
       8     491       8     492       8     493       8     494       8     495
       8     496       8     497       8     498       8     499       8     500
       8     501       8     502       8     503       8     504       8     505
       8     506       8     507       8     508       8     509       8     510
       8     511       8     512       8     513       8     514       8     515
       8     516       8     517       8     518       8     519       8     520
       8     521       8     522       8     523       8     524       8     525
       8     526       8     527       8     528       8     529       8     530
       8     531       8     532       8     533       8     534       8     535
       8     536       8     537       8     538       8     539       8     540
       8     541       8     542       8     543       8     544       8     545
       8     546       8     547       8     548       8     549       8     550
       8     551       8     552       8     553       8     554       8     555
       8     556       8     557       8     558       8     559       8     560
       8     561       8     562       8     563       8     564       8     565
       8     566       8     567       8     568       8     569       8     570
       8     571       8     572       8     573       8     574       8     575
       8     576       8     577       8     578       8     579       8     580
       8     581       8     582       8     583       8     584       8     585
       8     586       8     587       8     588       8     589       8     590
       8     591       8     592       8     593       8     594       8     595
       8     596       8     597       8     598       8     599       8     600
       8     601       8     602       8     603       8     604       8     605
       8     606       8     607       8     608       8     609       8     610
       8     611       8     612       8     613       8     614       8     615
       8     616       8     617       8     618       8     619       8     620
       8     621       8     622       8     623       8     624       8     625
       8     626       8     627       8     628       8     629       8     630
       8     631       8     632       8     633       8     634       8     635
       8     636       8     637       8     638       8     639       8     640
       8     641       8     642       8     643       8     644       8     645
       8     646       8     647       8     648       8     649       8     650
       8     651       8     652       8     653       8     654       8     655
       8     656       8     657       8     658       8     659       8     660
       8     661       8     662       8     663       8     664       8     665
       8     666       8     667       8     668       8     669       8     670
       8     671       8     672       8     673       8     674       8     675
       8     676       8     677       8     678       8     679       8     680
       8     681       8     682       8     683       8     684       8     685
       8     686       8     687       8     688       8     689       8     690
       8     691       8     692       8     693       8     694       8     695
       8     696       8     697       8     698       8     699       8     700
       8     701       8     702       8     703       8     704       8     705
       8     706       8     707       8     708       8     709       8     710
       8     711       8     712       8     713       8     714       8     715
       8     716       8     717       8     718       8     719       8     720
       8     721       8     722       8     723       8     724       8     725
       8     726       8     727       8     728       8     729       8     730
       8     731       8     732       8     733       8     734       8     735
       8     736       8     737       8     738       8     739       8     740
       8     741       8     742       8     743       8     744       8     745
       8     746       8     747       8     748       8     749       8     750
       8     751       8     752       8     753       8     754       8     755
       8     756       8     757       8     758       8     759       8     760
       8     761       8     762       8     763       8     764       8     765
       8     766       8     767       8     768       8     769       8     770
       8     771       8     772       8     773       8     774       8     775
       8     776       8     777       8     778       8     779       8     780
       8     781       8     782       8     783       8     784       8     785
       8     786       8     787       8     788       8     789       8     790
       8     791       8     792       8     793       8     794       8     795
       8     796       8     797       8     798       8     799       8     800
       8     801       8     802       8     803       8     804       8     805
       8     806       8     807       8     808       8     809       8     810
       8     811       8     812       8     813       8     814       8     815
       8     816       8     817       8     818       8     819       8     820
       8     821       8     822       8     823       8     824       8     825
       8     826       8     827       8     828       8     829       8     830
       8     831       8     832       8     833       8     834       8     835
       8     836       8     837       8     838       8     839       8     840
       8     841       8     842       8     843       8     844       8     845
       8     846       8     847       8     848       8     849       8     850
       8     851       8     852       8     853       8     854       8     855
       8     856       8     857       8     858       8     859       8     860
       8     861       8     862       8     863       8     864       8     865
       8     866       8     867       8     868       8     869       8     870
       8     871       8     872       8     873       8     874       8     875
       8     876       8     877       8     878       8     879       8     880
       8     881       8     882       8     883       8     884       8     885
       8     886       8     887       8     888       8     889       8     890
       8     891       8     892       8     893       8     894       8     895
       8     896       8     897       8     898       8     899       8     900
21       3     200      21
BOX_INT_LID 
       8     901       8     902       8     903       8     904       8     905
       8     906       8     907       8     908       8     909       8     910
       8     911       8     912       8     913       8     914       8     915
       8     916       8     917       8     918       8     919       8     920
       8     921       8     922       8     923       8     924       8     925
       8     926       8     927       8     928       8     929       8     930
       8     931       8     932       8     933       8     934       8     935
       8     936       8     937       8     938       8     939       8     940
       8     941       8     942       8     943       8     944       8     945
       8     946       8     947       8     948       8     949       8     950
       8     951       8     952       8     953       8     954       8     955
       8     956       8     957       8     958       8     959       8     960
       8     961       8     962       8     963       8     964       8     965
       8     966       8     967       8     968       8     969       8     970
       8     971       8     972       8     973       8     974       8     975
       8     976       8     977       8     978       8     979       8     980
       8     981       8     982       8     983       8     984       8     985
       8     986       8     987       8     988       8     989       8     990
       8     991       8     992       8     993       8     994       8     995
       8     996       8     997       8     998       8     999       8    1000
21       4     240      25
FLOATER_1_2 
       6    1481       6    1482       6    1483       6    1484       6    1485
       6    1486       6    1487       6    1488       6    1489       6    1490
       6    1491       6    1492       6    1493       6    1494       6    1495
       6    1496       6    1497       6    1498       6    1499       6    1500
       6    1501       6    1502       6    1503       6    1504       6    1505
       6    1506       6    1507       6    1508       6    1509       6    1510
       6    1511       6    1512       6    1513       6    1514       6    1515
       6    1516       6    1517       6    1518       6    1519       6    1520
       6    1521       6    1522       6    1523       6    1524       6    1525
       6    1526       6    1527       6    1528       6    1529       6    1530
       6    1531       6    1532       6    1533       6    1534       6    1535
       6    1536       6    1537       6    1538       6    1539       6    1540
       6    1541       6    1542       6    1543       6    1544       6    1545
       6    1546       6    1547       6    1548       6    1549       6    1550
       6    1551       6    1552       6    1553       6    1554       6    1555
       6    1556       6    1557       6    1558       6    1559       6    1560
       6    1561       6    1562       6    1563       6    1564       6    1565
       6    1566       6    1567       6    1568       6    1569       6    1570
       6    1571       6    1572       6    1573       6    1574       6    1575
       6    1576       6    1577       6    1578       6    1579       6    1580
       6    1581       6    1582       6    1583       6    1584       6    1585
       6    1586       6    1587       6    1588       6    1589       6    1590
       6    1591       6    1592       6    1593       6    1594       6    1595
       6    1596       6    1597       6    1598       6    1599       6    1600
99       0       0       1
