25       0       0       1
ICEM - POLYFLOW INTERFACE - Version 15.0.3 - "LengthUnitForPfl=_meter_"
26       0       0       1    1362    1548
18-Aug-25   18:52:06     2.4
 1       1       0       2
 0.500000000E+01 0.500000000E+01 0.000000000E+00
 
 1       2       0       2
-0.500000000E+01 0.500000000E+01 0.000000000E+00
 
 1       3       0       2
 0.500000000E+01-0.500000000E+01 0.000000000E+00
 
 1       4       0       2
-0.500000000E+01-0.500000000E+01 0.000000000E+00
 
 1       5       0       2
-0.500000000E+01-0.500000000E+01-0.325000000E+01
 
 1       6       0       2
-0.500000000E+01 0.500000000E+01-0.325000000E+01
 
 1       7       0       2
 0.500000000E+01 0.500000000E+01-0.325000000E+01
 
 1       8       0       2
 0.500000000E+01-0.500000000E+01-0.325000000E+01
 
 1       9       0       2
 0.450000000E+01 0.500000000E+01 0.000000000E+00
 
 1      10       0       2
 0.400000000E+01 0.500000000E+01 0.000000000E+00
 
 1      11       0       2
 0.350000000E+01 0.500000000E+01 0.000000000E+00
 
 1      12       0       2
 0.300000000E+01 0.500000000E+01 0.000000000E+00
 
 1      13       0       2
 0.250000000E+01 0.500000000E+01 0.000000000E+00
 
 1      14       0       2
 0.200000000E+01 0.500000000E+01 0.000000000E+00
 
 1      15       0       2
 0.150000000E+01 0.500000000E+01 0.000000000E+00
 
 1      16       0       2
 0.100000000E+01 0.500000000E+01 0.000000000E+00
 
 1      17       0       2
 0.500000000E+00 0.500000000E+01 0.000000000E+00
 
 1      18       0       2
 0.000000000E+00 0.500000000E+01 0.000000000E+00
 
 1      19       0       2
-0.500000000E+00 0.500000000E+01 0.000000000E+00
 
 1      20       0       2
-0.100000000E+01 0.500000000E+01 0.000000000E+00
 
 1      21       0       2
-0.150000000E+01 0.500000000E+01 0.000000000E+00
 
 1      22       0       2
-0.200000000E+01 0.500000000E+01 0.000000000E+00
 
 1      23       0       2
-0.250000000E+01 0.500000000E+01 0.000000000E+00
 
 1      24       0       2
-0.300000000E+01 0.500000000E+01 0.000000000E+00
 
 1      25       0       2
-0.350000000E+01 0.500000000E+01 0.000000000E+00
 
 1      26       0       2
-0.400000000E+01 0.500000000E+01 0.000000000E+00
 
 1      27       0       2
-0.450000000E+01 0.500000000E+01 0.000000000E+00
 
 1      28       0       2
 0.500000000E+01 0.450000000E+01 0.000000000E+00
 
 1      29       0       2
 0.500000000E+01 0.400000000E+01 0.000000000E+00
 
 1      30       0       2
 0.500000000E+01 0.350000000E+01 0.000000000E+00
 
 1      31       0       2
 0.500000000E+01 0.300000000E+01 0.000000000E+00
 
 1      32       0       2
 0.500000000E+01 0.250000000E+01 0.000000000E+00
 
 1      33       0       2
 0.500000000E+01 0.200000000E+01 0.000000000E+00
 
 1      34       0       2
 0.500000000E+01 0.150000000E+01 0.000000000E+00
 
 1      35       0       2
 0.500000000E+01 0.100000000E+01 0.000000000E+00
 
 1      36       0       2
 0.500000000E+01 0.500000000E+00 0.000000000E+00
 
 1      37       0       2
 0.500000000E+01-0.888178420E-15 0.000000000E+00
 
 1      38       0       2
 0.500000000E+01-0.500000000E+00 0.000000000E+00
 
 1      39       0       2
 0.500000000E+01-0.100000000E+01 0.000000000E+00
 
 1      40       0       2
 0.500000000E+01-0.150000000E+01 0.000000000E+00
 
 1      41       0       2
 0.500000000E+01-0.200000000E+01 0.000000000E+00
 
 1      42       0       2
 0.500000000E+01-0.250000000E+01 0.000000000E+00
 
 1      43       0       2
 0.500000000E+01-0.300000000E+01 0.000000000E+00
 
 1      44       0       2
 0.500000000E+01-0.350000000E+01 0.000000000E+00
 
 1      45       0       2
 0.500000000E+01-0.400000000E+01 0.000000000E+00
 
 1      46       0       2
 0.500000000E+01-0.450000000E+01 0.000000000E+00
 
 1      47       0       2
-0.500000000E+01 0.450000000E+01 0.000000000E+00
 
 1      48       0       2
-0.500000000E+01 0.400000000E+01 0.000000000E+00
 
 1      49       0       2
-0.500000000E+01 0.350000000E+01 0.000000000E+00
 
 1      50       0       2
-0.500000000E+01 0.300000000E+01 0.000000000E+00
 
 1      51       0       2
-0.500000000E+01 0.250000000E+01 0.000000000E+00
 
 1      52       0       2
-0.500000000E+01 0.200000000E+01 0.000000000E+00
 
 1      53       0       2
-0.500000000E+01 0.150000000E+01 0.000000000E+00
 
 1      54       0       2
-0.500000000E+01 0.100000000E+01 0.000000000E+00
 
 1      55       0       2
-0.500000000E+01 0.500000000E+00 0.000000000E+00
 
 1      56       0       2
-0.500000000E+01 0.000000000E+00 0.000000000E+00
 
 1      57       0       2
-0.500000000E+01-0.500000000E+00 0.000000000E+00
 
 1      58       0       2
-0.500000000E+01-0.100000000E+01 0.000000000E+00
 
 1      59       0       2
-0.500000000E+01-0.150000000E+01 0.000000000E+00
 
 1      60       0       2
-0.500000000E+01-0.200000000E+01 0.000000000E+00
 
 1      61       0       2
-0.500000000E+01-0.250000000E+01 0.000000000E+00
 
 1      62       0       2
-0.500000000E+01-0.300000000E+01 0.000000000E+00
 
 1      63       0       2
-0.500000000E+01-0.350000000E+01 0.000000000E+00
 
 1      64       0       2
-0.500000000E+01-0.400000000E+01 0.000000000E+00
 
 1      65       0       2
-0.500000000E+01-0.450000000E+01 0.000000000E+00
 
 1      66       0       2
-0.450000000E+01-0.500000000E+01 0.000000000E+00
 
 1      67       0       2
-0.400000000E+01-0.500000000E+01 0.000000000E+00
 
 1      68       0       2
-0.350000000E+01-0.500000000E+01 0.000000000E+00
 
 1      69       0       2
-0.300000000E+01-0.500000000E+01 0.000000000E+00
 
 1      70       0       2
-0.250000000E+01-0.500000000E+01 0.000000000E+00
 
 1      71       0       2
-0.200000000E+01-0.500000000E+01 0.000000000E+00
 
 1      72       0       2
-0.150000000E+01-0.500000000E+01 0.000000000E+00
 
 1      73       0       2
-0.100000000E+01-0.500000000E+01 0.000000000E+00
 
 1      74       0       2
-0.500000000E+00-0.500000000E+01 0.000000000E+00
 
 1      75       0       2
 0.000000000E+00-0.500000000E+01 0.000000000E+00
 
 1      76       0       2
 0.500000000E+00-0.500000000E+01 0.000000000E+00
 
 1      77       0       2
 0.100000000E+01-0.500000000E+01 0.000000000E+00
 
 1      78       0       2
 0.150000000E+01-0.500000000E+01 0.000000000E+00
 
 1      79       0       2
 0.200000000E+01-0.500000000E+01 0.000000000E+00
 
 1      80       0       2
 0.250000000E+01-0.500000000E+01 0.000000000E+00
 
 1      81       0       2
 0.300000000E+01-0.500000000E+01 0.000000000E+00
 
 1      82       0       2
 0.350000000E+01-0.500000000E+01 0.000000000E+00
 
 1      83       0       2
 0.400000000E+01-0.500000000E+01 0.000000000E+00
 
 1      84       0       2
 0.450000000E+01-0.500000000E+01 0.000000000E+00
 
 1      85       0       2
-0.500000000E+01-0.450000000E+01-0.325000000E+01
 
 1      86       0       2
-0.500000000E+01-0.400000000E+01-0.325000000E+01
 
 1      87       0       2
-0.500000000E+01-0.350000000E+01-0.325000000E+01
 
 1      88       0       2
-0.500000000E+01-0.300000000E+01-0.325000000E+01
 
 1      89       0       2
-0.500000000E+01-0.250000000E+01-0.325000000E+01
 
 1      90       0       2
-0.500000000E+01-0.200000000E+01-0.325000000E+01
 
 1      91       0       2
-0.500000000E+01-0.150000000E+01-0.325000000E+01
 
 1      92       0       2
-0.500000000E+01-0.100000000E+01-0.325000000E+01
 
 1      93       0       2
-0.500000000E+01-0.500000000E+00-0.325000000E+01
 
 1      94       0       2
-0.500000000E+01 0.888178420E-15-0.325000000E+01
 
 1      95       0       2
-0.500000000E+01 0.500000000E+00-0.325000000E+01
 
 1      96       0       2
-0.500000000E+01 0.100000000E+01-0.325000000E+01
 
 1      97       0       2
-0.500000000E+01 0.150000000E+01-0.325000000E+01
 
 1      98       0       2
-0.500000000E+01 0.200000000E+01-0.325000000E+01
 
 1      99       0       2
-0.500000000E+01 0.250000000E+01-0.325000000E+01
 
 1     100       0       2
-0.500000000E+01 0.300000000E+01-0.325000000E+01
 
 1     101       0       2
-0.500000000E+01 0.350000000E+01-0.325000000E+01
 
 1     102       0       2
-0.500000000E+01 0.400000000E+01-0.325000000E+01
 
 1     103       0       2
-0.500000000E+01 0.450000000E+01-0.325000000E+01
 
 1     104       0       2
-0.500000000E+01-0.500000000E+01-0.278571439E+01
 
 1     105       0       2
-0.500000000E+01-0.500000000E+01-0.232142854E+01
 
 1     106       0       2
-0.500000000E+01-0.500000000E+01-0.185714281E+01
 
 1     107       0       2
-0.500000000E+01-0.500000000E+01-0.139285719E+01
 
 1     108       0       2
-0.500000000E+01-0.500000000E+01-0.928571403E+00
 
 1     109       0       2
-0.500000000E+01-0.500000000E+01-0.464285702E+00
 
 1     110       0       2
-0.500000000E+01 0.500000000E+01-0.278571439E+01
 
 1     111       0       2
-0.500000000E+01 0.500000000E+01-0.232142854E+01
 
 1     112       0       2
-0.500000000E+01 0.500000000E+01-0.185714281E+01
 
 1     113       0       2
-0.500000000E+01 0.500000000E+01-0.139285719E+01
 
 1     114       0       2
-0.500000000E+01 0.500000000E+01-0.928571403E+00
 
 1     115       0       2
-0.500000000E+01 0.500000000E+01-0.464285702E+00
 
 1     116       0       2
-0.450000000E+01 0.500000000E+01-0.325000000E+01
 
 1     117       0       2
-0.400000000E+01 0.500000000E+01-0.325000000E+01
 
 1     118       0       2
-0.350000000E+01 0.500000000E+01-0.325000000E+01
 
 1     119       0       2
-0.300000000E+01 0.500000000E+01-0.325000000E+01
 
 1     120       0       2
-0.250000000E+01 0.500000000E+01-0.325000000E+01
 
 1     121       0       2
-0.200000000E+01 0.500000000E+01-0.325000000E+01
 
 1     122       0       2
-0.150000000E+01 0.500000000E+01-0.325000000E+01
 
 1     123       0       2
-0.100000000E+01 0.500000000E+01-0.325000000E+01
 
 1     124       0       2
-0.500000000E+00 0.500000000E+01-0.325000000E+01
 
 1     125       0       2
 0.888178420E-15 0.500000000E+01-0.325000000E+01
 
 1     126       0       2
 0.500000000E+00 0.500000000E+01-0.325000000E+01
 
 1     127       0       2
 0.100000000E+01 0.500000000E+01-0.325000000E+01
 
 1     128       0       2
 0.150000000E+01 0.500000000E+01-0.325000000E+01
 
 1     129       0       2
 0.200000000E+01 0.500000000E+01-0.325000000E+01
 
 1     130       0       2
 0.250000000E+01 0.500000000E+01-0.325000000E+01
 
 1     131       0       2
 0.300000000E+01 0.500000000E+01-0.325000000E+01
 
 1     132       0       2
 0.350000000E+01 0.500000000E+01-0.325000000E+01
 
 1     133       0       2
 0.400000000E+01 0.500000000E+01-0.325000000E+01
 
 1     134       0       2
 0.450000000E+01 0.500000000E+01-0.325000000E+01
 
 1     135       0       2
 0.500000000E+01 0.500000000E+01-0.278571439E+01
 
 1     136       0       2
 0.500000000E+01 0.500000000E+01-0.232142854E+01
 
 1     137       0       2
 0.500000000E+01 0.500000000E+01-0.185714281E+01
 
 1     138       0       2
 0.500000000E+01 0.500000000E+01-0.139285719E+01
 
 1     139       0       2
 0.500000000E+01 0.500000000E+01-0.928571403E+00
 
 1     140       0       2
 0.500000000E+01 0.500000000E+01-0.464285702E+00
 
 1     141       0       2
 0.500000000E+01-0.450000000E+01-0.325000000E+01
 
 1     142       0       2
 0.500000000E+01-0.400000000E+01-0.325000000E+01
 
 1     143       0       2
 0.500000000E+01-0.350000000E+01-0.325000000E+01
 
 1     144       0       2
 0.500000000E+01-0.300000000E+01-0.325000000E+01
 
 1     145       0       2
 0.500000000E+01-0.250000000E+01-0.325000000E+01
 
 1     146       0       2
 0.500000000E+01-0.200000000E+01-0.325000000E+01
 
 1     147       0       2
 0.500000000E+01-0.150000000E+01-0.325000000E+01
 
 1     148       0       2
 0.500000000E+01-0.100000000E+01-0.325000000E+01
 
 1     149       0       2
 0.500000000E+01-0.500000000E+00-0.325000000E+01
 
 1     150       0       2
 0.500000000E+01 0.000000000E+00-0.325000000E+01
 
 1     151       0       2
 0.500000000E+01 0.500000000E+00-0.325000000E+01
 
 1     152       0       2
 0.500000000E+01 0.100000000E+01-0.325000000E+01
 
 1     153       0       2
 0.500000000E+01 0.150000000E+01-0.325000000E+01
 
 1     154       0       2
 0.500000000E+01 0.200000000E+01-0.325000000E+01
 
 1     155       0       2
 0.500000000E+01 0.250000000E+01-0.325000000E+01
 
 1     156       0       2
 0.500000000E+01 0.300000000E+01-0.325000000E+01
 
 1     157       0       2
 0.500000000E+01 0.350000000E+01-0.325000000E+01
 
 1     158       0       2
 0.500000000E+01 0.400000000E+01-0.325000000E+01
 
 1     159       0       2
 0.500000000E+01 0.450000000E+01-0.325000000E+01
 
 1     160       0       2
 0.500000000E+01-0.500000000E+01-0.278571439E+01
 
 1     161       0       2
 0.500000000E+01-0.500000000E+01-0.232142854E+01
 
 1     162       0       2
 0.500000000E+01-0.500000000E+01-0.185714281E+01
 
 1     163       0       2
 0.500000000E+01-0.500000000E+01-0.139285719E+01
 
 1     164       0       2
 0.500000000E+01-0.500000000E+01-0.928571403E+00
 
 1     165       0       2
 0.500000000E+01-0.500000000E+01-0.464285702E+00
 
 1     166       0       2
-0.450000000E+01-0.500000000E+01-0.325000000E+01
 
 1     167       0       2
-0.400000000E+01-0.500000000E+01-0.325000000E+01
 
 1     168       0       2
-0.350000000E+01-0.500000000E+01-0.325000000E+01
 
 1     169       0       2
-0.300000000E+01-0.500000000E+01-0.325000000E+01
 
 1     170       0       2
-0.250000000E+01-0.500000000E+01-0.325000000E+01
 
 1     171       0       2
-0.200000000E+01-0.500000000E+01-0.325000000E+01
 
 1     172       0       2
-0.150000000E+01-0.500000000E+01-0.325000000E+01
 
 1     173       0       2
-0.100000000E+01-0.500000000E+01-0.325000000E+01
 
 1     174       0       2
-0.500000000E+00-0.500000000E+01-0.325000000E+01
 
 1     175       0       2
 0.000000000E+00-0.500000000E+01-0.325000000E+01
 
 1     176       0       2
 0.500000000E+00-0.500000000E+01-0.325000000E+01
 
 1     177       0       2
 0.100000000E+01-0.500000000E+01-0.325000000E+01
 
 1     178       0       2
 0.150000000E+01-0.500000000E+01-0.325000000E+01
 
 1     179       0       2
 0.200000000E+01-0.500000000E+01-0.325000000E+01
 
 1     180       0       2
 0.250000000E+01-0.500000000E+01-0.325000000E+01
 
 1     181       0       2
 0.300000000E+01-0.500000000E+01-0.325000000E+01
 
 1     182       0       2
 0.350000000E+01-0.500000000E+01-0.325000000E+01
 
 1     183       0       2
 0.400000000E+01-0.500000000E+01-0.325000000E+01
 
 1     184       0       2
 0.450000000E+01-0.500000000E+01-0.325000000E+01
 
 1     185       0       2
-0.500000000E+01 0.250218320E+01-0.185503829E+01
 
 1     186       0       2
-0.500000000E+01-0.250072908E+01-0.139055467E+01
 
 1     187       0       2
-0.500000000E+01-0.300091147E+01-0.185415101E+01
 
 1     188       0       2
-0.500000000E+01 0.300188255E+01-0.139169860E+01
 
 1     189       0       2
-0.500000000E+01-0.200067091E+01-0.185455191E+01
 
 1     190       0       2
-0.500000000E+01-0.100035536E+01-0.185344255E+01
 
 1     191       0       2
-0.500000000E+01 0.367818197E-03-0.185340106E+01
 
 1     192       0       2
-0.500000000E+01 0.100126100E+01-0.185390949E+01
 
 1     193       0       2
-0.500000000E+01 0.200200558E+01-0.185449815E+01
 
 1     194       0       2
-0.500000000E+01 0.250214362E+01-0.139101505E+01
 
 1     195       0       2
-0.500000000E+01 0.200198650E+01-0.139062154E+01
 
 1     196       0       2
-0.500000000E+01 0.100120473E+01-0.139028513E+01
 
 1     197       0       2
-0.500000000E+01 0.360900012E-03-0.138994944E+01
 
 1     198       0       2
-0.500000000E+01-0.100040424E+01-0.138974881E+01
 
 1     199       0       2
-0.500000000E+01-0.200063992E+01-0.139062011E+01
 
 1     200       0       2
-0.500000000E+01-0.300062656E+01-0.139035916E+01
 
 1     201       0       2
-0.500000000E+01 0.300178075E+01-0.185593510E+01
 
 1     202       0       2
-0.500000000E+01-0.300084066E+01-0.231875253E+01
 
 1     203       0       2
-0.500000000E+01 0.350135159E+01-0.139210570E+01
 
 1     204       0       2
-0.500000000E+01 0.300151658E+01-0.927759171E+00
 
 1     205       0       2
-0.500000000E+01-0.350092149E+01-0.185356939E+01
 
 1     206       0       2
-0.500000000E+01-0.350075364E+01-0.138975155E+01
 
 1     207       0       2
-0.500000000E+01 0.350141740E+01-0.185631371E+01
 
 1     208       0       2
-0.500000000E+01-0.200045490E+01-0.231951642E+01
 
 1     209       0       2
-0.500000000E+01-0.100022793E+01-0.231830215E+01
 
 1     210       0       2
-0.500000000E+01-0.499985367E+00-0.231818295E+01
 
 1     211       0       2
-0.500000000E+01 0.315093901E-03-0.231825876E+01
 
 1     212       0       2
-0.500000000E+01 0.500654697E+00-0.231840634E+01
 
 1     213       0       2
-0.500000000E+01 0.100097597E+01-0.231874752E+01
 
 1     214       0       2
-0.500000000E+01 0.200141525E+01-0.231924558E+01
 
 1     215       0       2
-0.500000000E+01 0.300096774E+01-0.232067156E+01
 
 1     216       0       2
-0.500000000E+01 0.250166821E+01-0.927295268E+00
 
 1     217       0       2
-0.500000000E+01 0.200155449E+01-0.927010000E+00
 
 1     218       0       2
-0.500000000E+01 0.100096285E+01-0.926752508E+00
 
 1     219       0       2
-0.500000000E+01 0.293571880E-03-0.926588953E+00
 
 1     220       0       2
-0.500000000E+01-0.100037158E+01-0.926429868E+00
 
 1     221       0       2
-0.500000000E+01-0.150048184E+01-0.926811695E+00
 
 1     222       0       2
-0.500000000E+01-0.200045300E+01-0.926956534E+00
 
 1     223       0       2
-0.500000000E+01-0.300050902E+01-0.926762581E+00
 
 1     224       0       2
-0.500000000E+01-0.350075388E+01-0.231867242E+01
 
 1     225       0       2
-0.500000000E+01 0.350077796E+01-0.232091117E+01
 
 1     226       0       2
-0.500000000E+01-0.350046945E+01-0.926459968E+00
 
 1     227       0       2
-0.500000000E+01-0.400066185E+01-0.138970566E+01
 
 1     228       0       2
-0.500000000E+01-0.400067616E+01-0.185407269E+01
 
 1     229       0       2
-0.500000000E+01 0.400092459E+01-0.185669887E+01
 
 1     230       0       2
-0.500000000E+01 0.350132799E+01-0.927991867E+00
 
 1     231       0       2
-0.500000000E+01-0.400049734E+01-0.231910849E+01
 
 1     232       0       2
-0.500000000E+01 0.400059748E+01-0.232110310E+01
 
 1     233       0       2
-0.500000000E+01-0.400046492E+01-0.926327229E+00
 
 1     234       0       2
-0.500000000E+01 0.400107908E+01-0.139240623E+01
 
 1     235       0       2
-0.500000000E+01 0.400092268E+01-0.928190887E+00
 
 1     236       0       2
-0.500000000E+01-0.400022459E+01-0.278453660E+01
 
 1     237       0       2
-0.500000000E+01-0.350034261E+01-0.278436303E+01
 
 1     238       0       2
-0.500000000E+01-0.300041413E+01-0.278428984E+01
 
 1     239       0       2
-0.500000000E+01-0.250037837E+01-0.278443027E+01
 
 1     240       0       2
-0.500000000E+01-0.200022388E+01-0.278465676E+01
 
 1     241       0       2
-0.500000000E+01-0.150016522E+01-0.278418422E+01
 
 1     242       0       2
-0.500000000E+01-0.100009012E+01-0.278401065E+01
 
 1     243       0       2
-0.500000000E+01-0.499973774E+00-0.278395414E+01
 
 1     244       0       2
-0.500000000E+01 0.174923785E-03-0.278398156E+01
 
 1     245       0       2
-0.500000000E+01 0.500339508E+00-0.278408718E+01
 
 1     246       0       2
-0.500000000E+01 0.100051296E+01-0.278436136E+01
 
 1     247       0       2
-0.500000000E+01 0.150060356E+01-0.278459835E+01
 
 1     248       0       2
-0.500000000E+01 0.200067663E+01-0.278456426E+01
 
 1     249       0       2
-0.500000000E+01 0.250050831E+01-0.278512692E+01
 
 1     250       0       2
-0.500000000E+01 0.300041628E+01-0.278534818E+01
 
 1     251       0       2
-0.500000000E+01 0.350027966E+01-0.278553915E+01
 
 1     252       0       2
-0.500000000E+01 0.400022364E+01-0.278555918E+01
 
 1     253       0       2
-0.500000000E+01 0.350066519E+01-0.463976979E+00
 
 1     254       0       2
-0.500000000E+01 0.300068760E+01-0.463877708E+00
 
 1     255       0       2
-0.500000000E+01 0.250086212E+01-0.463650465E+00
 
 1     256       0       2
-0.500000000E+01 0.200083995E+01-0.463503718E+00
 
 1     257       0       2
-0.500000000E+01 0.150071549E+01-0.463393301E+00
 
 1     258       0       2
-0.500000000E+01 0.100047898E+01-0.463379860E+00
 
 1     259       0       2
-0.500000000E+01 0.500316203E+00-0.463213235E+00
 
 1     260       0       2
-0.500000000E+01 0.149405183E-03-0.463307023E+00
 
 1     261       0       2
-0.500000000E+01-0.500032425E+00-0.463254720E+00
 
 1     262       0       2
-0.500000000E+01-0.100021279E+01-0.463238031E+00
 
 1     263       0       2
-0.500000000E+01-0.150022089E+01-0.463422388E+00
 
 1     264       0       2
-0.500000000E+01-0.200031185E+01-0.463424116E+00
 
 1     265       0       2
-0.500000000E+01-0.250032377E+01-0.463339865E+00
 
 1     266       0       2
-0.500000000E+01-0.300028682E+01-0.463339925E+00
 
 1     267       0       2
-0.500000000E+01-0.350027061E+01-0.463161856E+00
 
 1     268       0       2
-0.500000000E+01 0.450038624E+01-0.928385794E+00
 
 1     269       0       2
-0.500000000E+01 0.450016785E+01-0.464178324E+00
 
 1     270       0       2
-0.500000000E+01 0.450053787E+01-0.139263177E+01
 
 1     271       0       2
-0.500000000E+01 0.450045919E+01-0.185694933E+01
 
 1     272       0       2
-0.500000000E+01-0.400025177E+01-0.463144213E+00
 
 1     273       0       2
-0.500000000E+01-0.450018740E+01-0.463481396E+00
 
 1     274       0       2
-0.500000000E+01-0.450030184E+01-0.927147031E+00
 
 1     275       0       2
-0.500000000E+01-0.450035906E+01-0.139109516E+01
 
 1     276       0       2
-0.500000000E+01-0.450032139E+01-0.185544908E+01
 
 1     277       0       2
-0.500000000E+01-0.450020695E+01-0.232016420E+01
 
 1     278       0       2
-0.500000000E+01-0.450007057E+01-0.278507376E+01
 
 1     279       0       2
-0.500000000E+01-0.150043917E+01-0.185466838E+01
 
 1     280       0       2
-0.500000000E+01-0.150033891E+01-0.231909251E+01
 
 1     281       0       2
-0.500000000E+01-0.150037897E+01-0.139072657E+01
 
 1     282       0       2
-0.500000000E+01-0.500013888E+00-0.185363436E+01
 
 1     283       0       2
-0.500000000E+01 0.450009489E+01-0.278563929E+01
 
 1     284       0       2
-0.500000000E+01 0.400041008E+01-0.464108109E+00
 
 1     285       0       2
-0.500000000E+01 0.500735939E+00-0.185437763E+01
 
 1     286       0       2
-0.500000000E+01 0.150159526E+01-0.139043403E+01
 
 1     287       0       2
-0.500000000E+01-0.500033081E+00-0.138987184E+01
 
 1     288       0       2
-0.500000000E+01 0.150146329E+01-0.185467160E+01
 
 1     289       0       2
-0.500000000E+01 0.450028086E+01-0.232129931E+01
 
 1     290       0       2
-0.500000000E+01 0.500609398E+00-0.926527500E+00
 
 1     291       0       2
-0.500000000E+01-0.250063491E+01-0.185495234E+01
 
 1     292       0       2
-0.500000000E+01 0.250119996E+01-0.232005000E+01
 
 1     293       0       2
-0.500000000E+01-0.250053096E+01-0.231969070E+01
 
 1     294       0       2
-0.500000000E+01-0.250052524E+01-0.926880836E+00
 
 1     295       0       2
-0.500000000E+01-0.500033617E+00-0.926637053E+00
 
 1     296       0       2
-0.500000000E+01 0.150117099E+01-0.231928062E+01
 
 1     297       0       2
-0.500000000E+01 0.150123930E+01-0.926885724E+00
 
 1     298       0       2
-0.500000000E+01 0.500761688E+00-0.139019787E+01
 
 1     299       0       2
 0.250218415E+01 0.500000000E+01-0.185503495E+01
 
 1     300       0       2
-0.250070071E+01 0.500000000E+01-0.139060533E+01
 
 1     301       0       2
-0.300093913E+01 0.500000000E+01-0.185424399E+01
 
 1     302       0       2
 0.300188398E+01 0.500000000E+01-0.139169717E+01
 
 1     303       0       2
-0.200061536E+01 0.500000000E+01-0.185454178E+01
 
 1     304       0       2
-0.100035846E+01 0.500000000E+01-0.185325587E+01
 
 1     305       0       2
 0.379216362E-03 0.500000000E+01-0.185330939E+01
 
 1     306       0       2
 0.100127816E+01 0.500000000E+01-0.185390186E+01
 
 1     307       0       2
 0.200201011E+01 0.500000000E+01-0.185448897E+01
 
 1     308       0       2
 0.250214577E+01 0.500000000E+01-0.139101124E+01
 
 1     309       0       2
 0.200199676E+01 0.500000000E+01-0.139060879E+01
 
 1     310       0       2
 0.100117517E+01 0.500000000E+01-0.139033735E+01
 
 1     311       0       2
 0.384597632E-03 0.500000000E+01-0.138988471E+01
 
 1     312       0       2
-0.100039017E+01 0.500000000E+01-0.138962007E+01
 
 1     313       0       2
-0.200058222E+01 0.500000000E+01-0.139061058E+01
 
 1     314       0       2
-0.300067186E+01 0.500000000E+01-0.139043951E+01
 
 1     315       0       2
 0.300178123E+01 0.500000000E+01-0.185593331E+01
 
 1     316       0       2
-0.300081611E+01 0.500000000E+01-0.231886125E+01
 
 1     317       0       2
 0.350135231E+01 0.500000000E+01-0.139210510E+01
 
 1     318       0       2
 0.300151777E+01 0.500000000E+01-0.927757680E+00
 
 1     319       0       2
-0.350093317E+01 0.500000000E+01-0.185377038E+01
 
 1     320       0       2
-0.350081062E+01 0.500000000E+01-0.138994563E+01
 
 1     321       0       2
 0.350141764E+01 0.500000000E+01-0.185631323E+01
 
 1     322       0       2
-0.200040913E+01 0.500000000E+01-0.231943679E+01
 
 1     323       0       2
-0.100021815E+01 0.500000000E+01-0.231812167E+01
 
 1     324       0       2
-0.499983191E+00 0.500000000E+01-0.231800127E+01
 
 1     325       0       2
 0.307806622E-03 0.500000000E+01-0.231816602E+01
 
 1     326       0       2
 0.500654221E+00 0.500000000E+01-0.231843638E+01
 
 1     327       0       2
 0.100098324E+01 0.500000000E+01-0.231875849E+01
 
 1     328       0       2
 0.200141644E+01 0.500000000E+01-0.231923914E+01
 
 1     329       0       2
 0.300096774E+01 0.500000000E+01-0.232066989E+01
 
 1     330       0       2
 0.250167084E+01 0.500000000E+01-0.927291274E+00
 
 1     331       0       2
 0.200156307E+01 0.500000000E+01-0.926996589E+00
 
 1     332       0       2
 0.100096834E+01 0.500000000E+01-0.926779151E+00
 
 1     333       0       2
 0.292918936E-03 0.500000000E+01-0.926529825E+00
 
 1     334       0       2
-0.100038958E+01 0.500000000E+01-0.926351309E+00
 
 1     335       0       2
-0.150059378E+01 0.500000000E+01-0.926617444E+00
 
 1     336       0       2
-0.200048685E+01 0.500000000E+01-0.926926613E+00
 
 1     337       0       2
-0.350074482E+01 0.500000000E+01-0.231882977E+01
 
 1     338       0       2
 0.350077796E+01 0.500000000E+01-0.232091045E+01
 
 1     339       0       2
-0.350056458E+01 0.500000000E+01-0.926619112E+00
 
 1     340       0       2
-0.400070810E+01 0.500000000E+01-0.185425735E+01
 
 1     341       0       2
 0.400092459E+01 0.500000000E+01-0.185669863E+01
 
 1     342       0       2
 0.350132847E+01 0.500000000E+01-0.927991390E+00
 
 1     343       0       2
-0.400050211E+01 0.500000000E+01-0.231925488E+01
 
 1     344       0       2
 0.400059748E+01 0.500000000E+01-0.232110310E+01
 
 1     345       0       2
-0.400054693E+01 0.500000000E+01-0.926489890E+00
 
 1     346       0       2
 0.400107908E+01 0.500000000E+01-0.139240611E+01
 
 1     347       0       2
 0.400092268E+01 0.500000000E+01-0.928190708E+00
 
 1     348       0       2
-0.400022364E+01 0.500000000E+01-0.278461051E+01
 
 1     349       0       2
-0.350033331E+01 0.500000000E+01-0.278442788E+01
 
 1     350       0       2
-0.300039792E+01 0.500000000E+01-0.278434205E+01
 
 1     351       0       2
-0.250035357E+01 0.500000000E+01-0.278443241E+01
 
 1     352       0       2
-0.200020742E+01 0.500000000E+01-0.278469515E+01
 
 1     353       0       2
-0.150014913E+01 0.500000000E+01-0.278411436E+01
 
 1     354       0       2
-0.100008106E+01 0.500000000E+01-0.278391147E+01
 
 1     355       0       2
-0.499974042E+00 0.500000000E+01-0.278385735E+01
 
 1     356       0       2
 0.167640334E-03 0.500000000E+01-0.278392482E+01
 
 1     357       0       2
 0.500334978E+00 0.500000000E+01-0.278408098E+01
 
 1     358       0       2
 0.100051296E+01 0.500000000E+01-0.278435564E+01
 
 1     359       0       2
 0.150060499E+01 0.500000000E+01-0.278459644E+01
 
 1     360       0       2
 0.200067687E+01 0.500000000E+01-0.278456116E+01
 
 1     361       0       2
 0.250050855E+01 0.500000000E+01-0.278512502E+01
 
 1     362       0       2
 0.300041652E+01 0.500000000E+01-0.278534698E+01
 
 1     363       0       2
 0.350027966E+01 0.500000000E+01-0.278553867E+01
 
 1     364       0       2
 0.400022364E+01 0.500000000E+01-0.278555894E+01
 
 1     365       0       2
 0.350066543E+01 0.500000000E+01-0.463976622E+00
 
 1     366       0       2
 0.300068879E+01 0.500000000E+01-0.463876396E+00
 
 1     367       0       2
 0.250086379E+01 0.500000000E+01-0.463647634E+00
 
 1     368       0       2
 0.200084400E+01 0.500000000E+01-0.463495195E+00
 
 1     369       0       2
 0.150072050E+01 0.500000000E+01-0.463376611E+00
 
 1     370       0       2
 0.100048685E+01 0.500000000E+01-0.463397861E+00
 
 1     371       0       2
 0.500329733E+00 0.500000000E+01-0.463192791E+00
 
 1     372       0       2
 0.148680439E-03 0.500000000E+01-0.463274449E+00
 
 1     373       0       2
-0.500043392E+00 0.500000000E+01-0.463197619E+00
 
 1     374       0       2
-0.100022233E+01 0.500000000E+01-0.463196307E+00
 
 1     375       0       2
-0.150033617E+01 0.500000000E+01-0.463299662E+00
 
 1     376       0       2
-0.200036550E+01 0.500000000E+01-0.463390350E+00
 
 1     377       0       2
-0.250038743E+01 0.500000000E+01-0.463324159E+00
 
 1     378       0       2
-0.300038934E+01 0.500000000E+01-0.463253558E+00
 
 1     379       0       2
-0.350035048E+01 0.500000000E+01-0.463215441E+00
 
 1     380       0       2
 0.450038624E+01 0.500000000E+01-0.928385735E+00
 
 1     381       0       2
 0.450016785E+01 0.500000000E+01-0.464178294E+00
 
 1     382       0       2
 0.450053787E+01 0.500000000E+01-0.139263177E+01
 
 1     383       0       2
 0.450045919E+01 0.500000000E+01-0.185694921E+01
 
 1     384       0       2
-0.400030041E+01 0.500000000E+01-0.463236153E+00
 
 1     385       0       2
-0.450020885E+01 0.500000000E+01-0.463554800E+00
 
 1     386       0       2
-0.450034571E+01 0.500000000E+01-0.927259326E+00
 
 1     387       0       2
-0.450041676E+01 0.500000000E+01-0.139121759E+01
 
 1     388       0       2
-0.450034571E+01 0.500000000E+01-0.185556459E+01
 
 1     389       0       2
-0.450021553E+01 0.500000000E+01-0.232025003E+01
 
 1     390       0       2
-0.450007439E+01 0.500000000E+01-0.278511715E+01
 
 1     391       0       2
-0.150035584E+01 0.500000000E+01-0.185457945E+01
 
 1     392       0       2
-0.150031018E+01 0.500000000E+01-0.231899405E+01
 
 1     393       0       2
-0.300054741E+01 0.500000000E+01-0.926880181E+00
 
 1     394       0       2
-0.150043130E+01 0.500000000E+01-0.139060855E+01
 
 1     395       0       2
-0.500007570E+00 0.500000000E+01-0.185347497E+01
 
 1     396       0       2
 0.450009489E+01 0.500000000E+01-0.278563929E+01
 
 1     397       0       2
 0.400041056E+01 0.500000000E+01-0.464107960E+00
 
 1     398       0       2
 0.500755250E+00 0.500000000E+01-0.185424387E+01
 
 1     399       0       2
 0.150159955E+01 0.500000000E+01-0.139041924E+01
 
 1     400       0       2
-0.500022888E+00 0.500000000E+01-0.138975883E+01
 
 1     401       0       2
 0.150146782E+01 0.500000000E+01-0.185466909E+01
 
 1     402       0       2
-0.400065279E+01 0.500000000E+01-0.139037645E+01
 
 1     403       0       2
 0.450028086E+01 0.500000000E+01-0.232129908E+01
 
 1     404       0       2
 0.500621617E+00 0.500000000E+01-0.926511407E+00
 
 1     405       0       2
-0.250063968E+01 0.500000000E+01-0.185495579E+01
 
 1     406       0       2
 0.250120115E+01 0.500000000E+01-0.232004714E+01
 
 1     407       0       2
-0.250051141E+01 0.500000000E+01-0.231969142E+01
 
 1     408       0       2
-0.250056005E+01 0.500000000E+01-0.926897287E+00
 
 1     409       0       2
-0.500024796E+00 0.500000000E+01-0.926552474E+00
 
 1     410       0       2
 0.150117505E+01 0.500000000E+01-0.231927776E+01
 
 1     411       0       2
 0.150124526E+01 0.500000000E+01-0.926875889E+00
 
 1     412       0       2
 0.500771463E+00 0.500000000E+01-0.139016044E+01
 
 1     413       0       2
 0.250104117E+01-0.500000000E+01-0.139186537E+01
 
 1     414       0       2
-0.250168610E+01-0.500000000E+01-0.139320242E+01
 
 1     415       0       2
-0.200212765E+01-0.500000000E+01-0.139355648E+01
 
 1     416       0       2
-0.150221217E+01-0.500000000E+01-0.139402235E+01
 
 1     417       0       2
-0.100209498E+01-0.500000000E+01-0.139472759E+01
 
 1     418       0       2
-0.501763284E+00-0.500000000E+01-0.139528680E+01
 
 1     419       0       2
 0.999800384E+00-0.500000000E+01-0.139305425E+01
 
 1     420       0       2
 0.200083351E+01-0.500000000E+01-0.139296210E+01
 
 1     421       0       2
 0.250122571E+01-0.500000000E+01-0.185546231E+01
 
 1     422       0       2
 0.200080466E+01-0.500000000E+01-0.185596800E+01
 
 1     423       0       2
 0.150029552E+01-0.500000000E+01-0.185616469E+01
 
 1     424       0       2
 0.999753118E+00-0.500000000E+01-0.185578263E+01
 
 1     425       0       2
-0.501867712E+00-0.500000000E+01-0.185793650E+01
 
 1     426       0       2
-0.100221157E+01-0.500000000E+01-0.185764205E+01
 
 1     427       0       2
-0.200234699E+01-0.500000000E+01-0.185744214E+01
 
 1     428       0       2
 0.300090122E+01-0.500000000E+01-0.139103222E+01
 
 1     429       0       2
-0.300159883E+01-0.500000000E+01-0.185735154E+01
 
 1     430       0       2
 0.300111794E+01-0.500000000E+01-0.231913996E+01
 
 1     431       0       2
-0.350126410E+01-0.500000000E+01-0.139318478E+01
 
 1     432       0       2
-0.300099826E+01-0.500000000E+01-0.928669751E+00
 
 1     433       0       2
 0.350136042E+01-0.500000000E+01-0.185392952E+01
 
 1     434       0       2
 0.350112081E+01-0.500000000E+01-0.139017713E+01
 
 1     435       0       2
-0.350101519E+01-0.500000000E+01-0.185729992E+01
 
 1     436       0       2
-0.200128555E+01-0.500000000E+01-0.929144442E+00
 
 1     437       0       2
-0.100124896E+01-0.500000000E+01-0.930408120E+00
 
 1     438       0       2
-0.992372632E-03-0.500000000E+01-0.931819618E+00
 
 1     439       0       2
 0.999755323E+00-0.500000000E+01-0.929455042E+00
 
 1     440       0       2
 0.200049138E+01-0.500000000E+01-0.929386675E+00
 
 1     441       0       2
 0.250048518E+01-0.500000000E+01-0.928094089E+00
 
 1     442       0       2
 0.300056171E+01-0.500000000E+01-0.927366674E+00
 
 1     443       0       2
 0.250075936E+01-0.500000000E+01-0.232002616E+01
 
 1     444       0       2
 0.200041866E+01-0.500000000E+01-0.232034397E+01
 
 1     445       0       2
 0.999780357E+00-0.500000000E+01-0.231919479E+01
 
 1     446       0       2
-0.913552823E-03-0.500000000E+01-0.232100439E+01
 
 1     447       0       2
-0.100173509E+01-0.500000000E+01-0.232108331E+01
 
 1     448       0       2
-0.200173664E+01-0.500000000E+01-0.232148337E+01
 
 1     449       0       2
-0.300117421E+01-0.500000000E+01-0.232158113E+01
 
 1     450       0       2
-0.350077081E+01-0.500000000E+01-0.232155347E+01
 
 1     451       0       2
 0.350060296E+01-0.500000000E+01-0.926859498E+00
 
 1     452       0       2
 0.350104070E+01-0.500000000E+01-0.231885004E+01
 
 1     453       0       2
 0.400102043E+01-0.500000000E+01-0.185423982E+01
 
 1     454       0       2
-0.400067997E+01-0.500000000E+01-0.185727227E+01
 
 1     455       0       2
-0.350086641E+01-0.500000000E+01-0.928799689E+00
 
 1     456       0       2
-0.400055552E+01-0.500000000E+01-0.232153082E+01
 
 1     457       0       2
 0.400067186E+01-0.500000000E+01-0.926488459E+00
 
 1     458       0       2
 0.400072765E+01-0.500000000E+01-0.231923699E+01
 
 1     459       0       2
-0.400080824E+01-0.500000000E+01-0.139298797E+01
 
 1     460       0       2
-0.400055552E+01-0.500000000E+01-0.928611994E+00
 
 1     461       0       2
-0.400027514E+01-0.500000000E+01-0.464290947E+00
 
 1     462       0       2
-0.350038409E+01-0.500000000E+01-0.464284271E+00
 
 1     463       0       2
-0.300051618E+01-0.500000000E+01-0.464352459E+00
 
 1     464       0       2
-0.250055194E+01-0.500000000E+01-0.464465916E+00
 
 1     465       0       2
-0.200062490E+01-0.500000000E+01-0.464568347E+00
 
 1     466       0       2
-0.150063169E+01-0.500000000E+01-0.465017259E+00
 
 1     467       0       2
-0.100060725E+01-0.500000000E+01-0.464991689E+00
 
 1     468       0       2
-0.500547886E+00-0.500000000E+01-0.466249913E+00
 
 1     469       0       2
-0.521651644E-03-0.500000000E+01-0.466329187E+00
 
 1     470       0       2
 0.499591559E+00-0.500000000E+01-0.465945840E+00
 
 1     471       0       2
 0.999794781E+00-0.500000000E+01-0.465186268E+00
 
 1     472       0       2
 0.150000036E+01-0.500000000E+01-0.465241492E+00
 
 1     473       0       2
 0.200011635E+01-0.500000000E+01-0.464844435E+00
 
 1     474       0       2
 0.250019455E+01-0.500000000E+01-0.464189768E+00
 
 1     475       0       2
 0.300023556E+01-0.500000000E+01-0.463748813E+00
 
 1     476       0       2
 0.350030851E+01-0.500000000E+01-0.463389009E+00
 
 1     477       0       2
-0.450028086E+01-0.500000000E+01-0.928546011E+00
 
 1     478       0       2
-0.450013161E+01-0.500000000E+01-0.464266270E+00
 
 1     479       0       2
-0.450031567E+01-0.500000000E+01-0.139289141E+01
 
 1     480       0       2
-0.450035286E+01-0.500000000E+01-0.185720205E+01
 
 1     481       0       2
-0.450026608E+01-0.500000000E+01-0.232150578E+01
 
 1     482       0       2
 0.400031948E+01-0.500000000E+01-0.463253975E+00
 
 1     483       0       2
 0.400030136E+01-0.500000000E+01-0.278475356E+01
 
 1     484       0       2
 0.350046325E+01-0.500000000E+01-0.278439450E+01
 
 1     485       0       2
 0.300047708E+01-0.500000000E+01-0.278448272E+01
 
 1     486       0       2
 0.250038433E+01-0.500000000E+01-0.278478551E+01
 
 1     487       0       2
 0.200010371E+01-0.500000000E+01-0.278480482E+01
 
 1     488       0       2
 0.149998176E+01-0.500000000E+01-0.278423810E+01
 
 1     489       0       2
 0.999887526E+00-0.500000000E+01-0.278417706E+01
 
 1     490       0       2
 0.499755859E+00-0.500000000E+01-0.278448248E+01
 
 1     491       0       2
-0.483135838E-03-0.500000000E+01-0.278562856E+01
 
 1     492       0       2
-0.500708163E+00-0.500000000E+01-0.278521943E+01
 
 1     493       0       2
-0.100084746E+01-0.500000000E+01-0.278538680E+01
 
 1     494       0       2
-0.150089419E+01-0.500000000E+01-0.278560114E+01
 
 1     495       0       2
-0.200079274E+01-0.500000000E+01-0.278580952E+01
 
 1     496       0       2
-0.250071359E+01-0.500000000E+01-0.278584433E+01
 
 1     497       0       2
-0.300049710E+01-0.500000000E+01-0.278579903E+01
 
 1     498       0       2
-0.350035405E+01-0.500000000E+01-0.278576756E+01
 
 1     499       0       2
-0.400026083E+01-0.500000000E+01-0.278578448E+01
 
 1     500       0       2
-0.450012827E+01-0.500000000E+01-0.278575206E+01
 
 1     501       0       2
 0.450023699E+01-0.500000000E+01-0.463522762E+00
 
 1     502       0       2
 0.450043392E+01-0.500000000E+01-0.927205563E+00
 
 1     503       0       2
 0.450057793E+01-0.500000000E+01-0.139116371E+01
 
 1     504       0       2
 0.450050163E+01-0.500000000E+01-0.185553205E+01
 
 1     505       0       2
 0.450032330E+01-0.500000000E+01-0.232024384E+01
 
 1     506       0       2
 0.450012112E+01-0.500000000E+01-0.278513288E+01
 
 1     507       0       2
 0.499346465E+00-0.500000000E+01-0.930583894E+00
 
 1     508       0       2
-0.150133204E+01-0.500000000E+01-0.929688931E+00
 
 1     509       0       2
-0.150226033E+01-0.500000000E+01-0.185759544E+01
 
 1     510       0       2
-0.300142264E+01-0.500000000E+01-0.139305151E+01
 
 1     511       0       2
-0.250188279E+01-0.500000000E+01-0.185742152E+01
 
 1     512       0       2
 0.499454975E+00-0.500000000E+01-0.232044315E+01
 
 1     513       0       2
-0.150171971E+01-0.500000000E+01-0.232145500E+01
 
 1     514       0       2
 0.400089216E+01-0.500000000E+01-0.139038885E+01
 
 1     515       0       2
 0.300103569E+01-0.500000000E+01-0.185513902E+01
 
 1     516       0       2
 0.150030160E+01-0.500000000E+01-0.139313674E+01
 
 1     517       0       2
-0.250103712E+01-0.500000000E+01-0.928827167E+00
 
 1     518       0       2
-0.250139689E+01-0.500000000E+01-0.232161450E+01
 
 1     519       0       2
-0.501158774E+00-0.500000000E+01-0.931070745E+00
 
 1     520       0       2
-0.501329720E+00-0.500000000E+01-0.232132864E+01
 
 1     521       0       2
 0.150014532E+01-0.500000000E+01-0.929408848E+00
 
 1     522       0       2
 0.150012743E+01-0.500000000E+01-0.231986308E+01
 
 1     523       0       2
 0.500000000E+01-0.250190473E+01-0.139317942E+01
 
 1     524       0       2
 0.500000000E+01-0.200189686E+01-0.139314151E+01
 
 1     525       0       2
 0.500000000E+01-0.150210619E+01-0.139328742E+01
 
 1     526       0       2
 0.500000000E+01-0.100207579E+01-0.139302266E+01
 
 1     527       0       2
 0.500000000E+01-0.501856804E+00-0.139201796E+01
 
 1     528       0       2
 0.500000000E+01 0.999007702E+00-0.138609016E+01
 
 1     529       0       2
 0.500000000E+01 0.199907637E+01-0.138444328E+01
 
 1     530       0       2
 0.500000000E+01 0.199932015E+01-0.184759212E+01
 
 1     531       0       2
 0.500000000E+01 0.149949467E+01-0.184872305E+01
 
 1     532       0       2
 0.500000000E+01 0.999431729E+00-0.184873617E+01
 
 1     533       0       2
 0.500000000E+01-0.501379132E+00-0.185461891E+01
 
 1     534       0       2
 0.500000000E+01-0.100166976E+01-0.185608673E+01
 
 1     535       0       2
 0.500000000E+01-0.200186729E+01-0.185708606E+01
 
 1     536       0       2
 0.500000000E+01-0.300150299E+01-0.185728812E+01
 
 1     537       0       2
 0.500000000E+01-0.350112104E+01-0.139293218E+01
 
 1     538       0       2
 0.500000000E+01-0.300109100E+01-0.928784668E+00
 
 1     539       0       2
 0.500000000E+01 0.349958324E+01-0.183995903E+01
 
 1     540       0       2
 0.500000000E+01 0.349974799E+01-0.137899446E+01
 
 1     541       0       2
 0.500000000E+01-0.350122786E+01-0.185726154E+01
 
 1     542       0       2
 0.500000000E+01-0.200146246E+01-0.929072022E+00
 
 1     543       0       2
 0.500000000E+01-0.150151825E+01-0.928912997E+00
 
 1     544       0       2
 0.500000000E+01-0.100160253E+01-0.929274321E+00
 
 1     545       0       2
 0.500000000E+01-0.147508015E-02-0.928211927E+00
 
 1     546       0       2
 0.500000000E+01 0.199883282E+01-0.922925174E+00
 
 1     547       0       2
 0.500000000E+01 0.299932313E+01-0.919327796E+00
 
 1     548       0       2
 0.500000000E+01 0.249988675E+01-0.230841184E+01
 
 1     549       0       2
 0.500000000E+01 0.199988019E+01-0.231196380E+01
 
 1     550       0       2
 0.500000000E+01 0.999853194E+00-0.231365871E+01
 
 1     551       0       2
 0.500000000E+01-0.386874570E-03-0.231576419E+01
 
 1     552       0       2
 0.500000000E+01-0.200106502E+01-0.232134891E+01
 
 1     553       0       2
 0.500000000E+01-0.300113797E+01-0.232151699E+01
 
 1     554       0       2
 0.500000000E+01-0.350090861E+01-0.232153773E+01
 
 1     555       0       2
 0.500000000E+01 0.349986219E+01-0.919229805E+00
 
 1     556       0       2
 0.500000000E+01 0.349941468E+01-0.230672789E+01
 
 1     557       0       2
 0.500000000E+01 0.399967885E+01-0.184500504E+01
 
 1     558       0       2
 0.500000000E+01-0.400065947E+01-0.185722744E+01
 
 1     559       0       2
 0.500000000E+01-0.350086379E+01-0.928695202E+00
 
 1     560       0       2
 0.500000000E+01-0.400058222E+01-0.232151437E+01
 
 1     561       0       2
 0.500000000E+01 0.400021839E+01-0.921115339E+00
 
 1     562       0       2
 0.500000000E+01 0.399929452E+01-0.231111550E+01
 
 1     563       0       2
 0.500000000E+01-0.400077152E+01-0.139290345E+01
 
 1     564       0       2
 0.500000000E+01-0.400056791E+01-0.928550363E+00
 
 1     565       0       2
 0.500000000E+01-0.400028467E+01-0.464265853E+00
 
 1     566       0       2
 0.500000000E+01-0.350041318E+01-0.464337379E+00
 
 1     567       0       2
 0.500000000E+01-0.300055909E+01-0.464394182E+00
 
 1     568       0       2
 0.500000000E+01-0.250059676E+01-0.464410156E+00
 
 1     569       0       2
 0.500000000E+01-0.200072598E+01-0.464567214E+00
 
 1     570       0       2
 0.500000000E+01-0.150073791E+01-0.464500725E+00
 
 1     571       0       2
 0.500000000E+01-0.100076044E+01-0.464570403E+00
 
 1     572       0       2
 0.500000000E+01-0.500864625E+00-0.465023994E+00
 
 1     573       0       2
 0.500000000E+01-0.915657729E-03-0.464523107E+00
 
 1     574       0       2
 0.500000000E+01 0.499101281E+00-0.463655472E+00
 
 1     575       0       2
 0.500000000E+01 0.999152124E+00-0.462606996E+00
 
 1     576       0       2
 0.500000000E+01 0.149917781E+01-0.461988688E+00
 
 1     577       0       2
 0.500000000E+01 0.199916232E+01-0.461487412E+00
 
 1     578       0       2
 0.500000000E+01 0.249927354E+01-0.460560203E+00
 
 1     579       0       2
 0.500000000E+01 0.299957943E+01-0.459800690E+00
 
 1     580       0       2
 0.500000000E+01 0.349995136E+01-0.459740698E+00
 
 1     581       0       2
 0.500000000E+01-0.450028515E+01-0.928525448E+00
 
 1     582       0       2
 0.500000000E+01-0.450014067E+01-0.464254797E+00
 
 1     583       0       2
 0.500000000E+01-0.450037432E+01-0.139285707E+01
 
 1     584       0       2
 0.500000000E+01-0.450027084E+01-0.185718143E+01
 
 1     585       0       2
 0.500000000E+01-0.450025606E+01-0.232149673E+01
 
 1     586       0       2
 0.500000000E+01 0.400019646E+01-0.460716009E+00
 
 1     587       0       2
 0.500000000E+01 0.399926519E+01-0.277981973E+01
 
 1     588       0       2
 0.500000000E+01 0.349949384E+01-0.277765417E+01
 
 1     589       0       2
 0.500000000E+01 0.299990249E+01-0.277686119E+01
 
 1     590       0       2
 0.500000000E+01 0.250018644E+01-0.277838731E+01
 
 1     591       0       2
 0.500000000E+01 0.200017691E+01-0.278023386E+01
 
 1     592       0       2
 0.500000000E+01 0.150004256E+01-0.278134441E+01
 
 1     593       0       2
 0.500000000E+01 0.100003409E+01-0.278117681E+01
 
 1     594       0       2
 0.500000000E+01 0.500080585E+00-0.278126025E+01
 
 1     595       0       2
 0.500000000E+01 0.522761220E-04-0.278228712E+01
 
 1     596       0       2
 0.500000000E+01-0.500124276E+00-0.278339839E+01
 
 1     597       0       2
 0.500000000E+01-0.100035655E+01-0.278451061E+01
 
 1     598       0       2
 0.500000000E+01-0.150053024E+01-0.278524399E+01
 
 1     599       0       2
 0.500000000E+01-0.200054288E+01-0.278568435E+01
 
 1     600       0       2
 0.500000000E+01-0.250060582E+01-0.278570294E+01
 
 1     601       0       2
 0.500000000E+01-0.300046349E+01-0.278577662E+01
 
 1     602       0       2
 0.500000000E+01-0.350039434E+01-0.278579831E+01
 
 1     603       0       2
 0.500000000E+01-0.400025702E+01-0.278578758E+01
 
 1     604       0       2
 0.500000000E+01-0.450012541E+01-0.278576589E+01
 
 1     605       0       2
 0.500000000E+01 0.450024223E+01-0.462445855E+00
 
 1     606       0       2
 0.500000000E+01 0.450024748E+01-0.925027907E+00
 
 1     607       0       2
 0.500000000E+01 0.450009155E+01-0.138810599E+01
 
 1     608       0       2
 0.500000000E+01 0.449982977E+01-0.185202932E+01
 
 1     609       0       2
 0.500000000E+01 0.449950695E+01-0.231667376E+01
 
 1     610       0       2
 0.500000000E+01 0.449947262E+01-0.278298903E+01
 
 1     611       0       2
 0.500000000E+01-0.100096107E+01-0.232010174E+01
 
 1     612       0       2
 0.500000000E+01 0.998891532E+00-0.924623072E+00
 
 1     613       0       2
 0.500000000E+01-0.300130296E+01-0.139300489E+01
 
 1     614       0       2
 0.500000000E+01 0.400006294E+01-0.138299143E+01
 
 1     615       0       2
 0.500000000E+01-0.150167263E+01-0.185688794E+01
 
 1     616       0       2
 0.500000000E+01 0.249901128E+01-0.921076894E+00
 
 1     617       0       2
 0.500000000E+01-0.250144053E+01-0.185724783E+01
 
 1     618       0       2
 0.500000000E+01 0.498745322E+00-0.926022410E+00
 
 1     619       0       2
 0.500000000E+01 0.499744952E+00-0.231491542E+01
 
 1     620       0       2
 0.500000000E+01-0.150109780E+01-0.232088518E+01
 
 1     621       0       2
 0.500000000E+01 0.299970603E+01-0.230754709E+01
 
 1     622       0       2
 0.500000000E+01 0.149914289E+01-0.138601351E+01
 
 1     623       0       2
 0.500000000E+01-0.250120592E+01-0.928792596E+00
 
 1     624       0       2
 0.500000000E+01-0.250092483E+01-0.232149124E+01
 
 1     625       0       2
 0.500000000E+01-0.501532435E+00-0.928735077E+00
 
 1     626       0       2
 0.500000000E+01-0.500673592E+00-0.231844711E+01
 
 1     627       0       2
 0.500000000E+01 0.149901950E+01-0.923886120E+00
 
 1     628       0       2
 0.500000000E+01 0.149979305E+01-0.231494689E+01
 
 1     629       0       2
-0.867069466E-04-0.257591073E-04 0.000000000E+00
 
 1     630       0       2
 0.499947071E+00-0.874895795E-05 0.000000000E+00
 
 1     631       0       2
-0.513896157E-04-0.500019610E+00 0.000000000E+00
 
 1     632       0       2
-0.500129163E+00-0.502419171E-04 0.000000000E+00
 
 1     633       0       2
-0.152035151E-03 0.499958783E+00 0.000000000E+00
 
 1     634       0       2
 0.499909788E+00 0.499984473E+00 0.000000000E+00
 
 1     635       0       2
 0.499955952E+00-0.500009596E+00 0.000000000E+00
 
 1     636       0       2
-0.500068426E+00-0.500035286E+00 0.000000000E+00
 
 1     637       0       2
-0.500214517E+00 0.499928504E+00 0.000000000E+00
 
 1     638       0       2
 0.999938250E+00 0.499992788E+00 0.000000000E+00
 
 1     639       0       2
 0.499978602E+00-0.100000691E+01 0.000000000E+00
 
 1     640       0       2
 0.999974251E+00-0.500002384E+00 0.000000000E+00
 
 1     641       0       2
-0.100007141E+01-0.500053525E+00 0.000000000E+00
 
 1     642       0       2
-0.500030875E+00-0.100002444E+01 0.000000000E+00
 
 1     643       0       2
-0.500271320E+00 0.999908507E+00 0.000000000E+00
 
 1     644       0       2
-0.100026989E+01 0.499885947E+00 0.000000000E+00
 
 1     645       0       2
-0.181619966E-03 0.999949813E+00 0.000000000E+00
 
 1     646       0       2
 0.999930441E+00 0.999990821E+00 0.000000000E+00
 
 1     647       0       2
 0.999980688E+00-0.100000226E+01 0.000000000E+00
 
 1     648       0       2
-0.100002956E+01-0.100003469E+01 0.000000000E+00
 
 1     649       0       2
-0.100037622E+01 0.999853015E+00 0.000000000E+00
 
 1     650       0       2
 0.999920905E+00 0.149998605E+01 0.000000000E+00
 
 1     651       0       2
 0.149996114E+01 0.499997616E+00 0.000000000E+00
 
 1     652       0       2
 0.149997091E+01-0.155886914E-05 0.000000000E+00
 
 1     653       0       2
 0.149997890E+01-0.500001192E+00 0.000000000E+00
 
 1     654       0       2
 0.149998510E+01-0.100000072E+01 0.000000000E+00
 
 1     655       0       2
 0.999994457E+00-0.150000143E+01 0.000000000E+00
 
 1     656       0       2
 0.499988884E+00-0.150000536E+01 0.000000000E+00
 
 1     657       0       2
-0.500009954E+00-0.150001419E+01 0.000000000E+00
 
 1     658       0       2
-0.100001299E+01-0.150002432E+01 0.000000000E+00
 
 1     659       0       2
-0.150007749E+01-0.500078619E+00 0.000000000E+00
 
 1     660       0       2
-0.150019598E+01-0.125980267E-03 0.000000000E+00
 
 1     661       0       2
-0.150032628E+01 0.499832898E+00 0.000000000E+00
 
 1     662       0       2
-0.150047076E+01 0.999795973E+00 0.000000000E+00
 
 1     663       0       2
-0.100040913E+01 0.149983728E+01 0.000000000E+00
 
 1     664       0       2
-0.500308037E+00 0.149988723E+01 0.000000000E+00
 
 1     665       0       2
-0.210245562E-03 0.149993360E+01 0.000000000E+00
 
 1     666       0       2
 0.499864429E+00 0.149996734E+01 0.000000000E+00
 
 1     667       0       2
 0.149995208E+01 0.149999428E+01 0.000000000E+00
 
 1     668       0       2
 0.149999273E+01-0.150000036E+01 0.000000000E+00
 
 1     669       0       2
-0.150001013E+01-0.150002813E+01 0.000000000E+00
 
 1     670       0       2
 0.199997818E+01 0.499999702E+00 0.000000000E+00
 
 1     671       0       2
 0.199998474E+01-0.499999732E+00 0.000000000E+00
 
 1     672       0       2
 0.199997187E+01 0.149999774E+01 0.000000000E+00
 
 1     673       0       2
 0.149999833E+01-0.200000024E+01 0.000000000E+00
 
 1     674       0       2
 0.199999368E+01-0.149999952E+01 0.000000000E+00
 
 1     675       0       2
 0.499997616E+00-0.200000286E+01 0.000000000E+00
 
 1     676       0       2
-0.500002861E+00-0.200000834E+01 0.000000000E+00
 
 1     677       0       2
-0.200000954E+01-0.150003672E+01 0.000000000E+00
 
 1     678       0       2
-0.150000393E+01-0.200001764E+01 0.000000000E+00
 
 1     679       0       2
-0.200009227E+01-0.500115156E+00 0.000000000E+00
 
 1     680       0       2
-0.200036025E+01 0.499770343E+00 0.000000000E+00
 
 1     681       0       2
-0.150057566E+01 0.199975550E+01 0.000000000E+00
 
 1     682       0       2
-0.200053048E+01 0.999728620E+00 0.000000000E+00
 
 1     683       0       2
-0.200063396E+01 0.149971282E+01 0.000000000E+00
 
 1     684       0       2
-0.100043964E+01 0.199981475E+01 0.000000000E+00
 
 1     685       0       2
-0.500312328E+00 0.199987507E+01 0.000000000E+00
 
 1     686       0       2
-0.221857423E-03 0.199991906E+01 0.000000000E+00
 
 1     687       0       2
 0.499853551E+00 0.199995482E+01 0.000000000E+00
 
 1     688       0       2
 0.149994862E+01 0.199999154E+01 0.000000000E+00
 
 1     689       0       2
 0.199996972E+01 0.199999619E+01 0.000000000E+00
 
 1     690       0       2
 0.199999821E+01-0.199999976E+01 0.000000000E+00
 
 1     691       0       2
-0.200000286E+01-0.200001955E+01 0.000000000E+00
 
 1     692       0       2
-0.200062203E+01 0.199972701E+01 0.000000000E+00
 
 1     693       0       2
 0.199997151E+01 0.249999499E+01 0.000000000E+00
 
 1     694       0       2
 0.249998212E+01 0.149999893E+01 0.000000000E+00
 
 1     695       0       2
 0.249998498E+01 0.500000238E+00 0.000000000E+00
 
 1     696       0       2
 0.249999070E+01-0.499999434E+00 0.000000000E+00
 
 1     697       0       2
 0.249999547E+01-0.149999940E+01 0.000000000E+00
 
 1     698       0       2
 0.249999833E+01-0.199999952E+01 0.000000000E+00
 
 1     699       0       2
 0.149999952E+01-0.250000024E+01 0.000000000E+00
 
 1     700       0       2
-0.150000095E+01-0.250000858E+01 0.000000000E+00
 
 1     701       0       2
-0.200000095E+01-0.250001025E+01 0.000000000E+00
 
 1     702       0       2
-0.250000358E+01-0.200002360E+01 0.000000000E+00
 
 1     703       0       2
-0.250002337E+01-0.150006342E+01 0.000000000E+00
 
 1     704       0       2
-0.250005698E+01-0.100009608E+01 0.000000000E+00
 
 1     705       0       2
-0.250010872E+01-0.500149369E+00 0.000000000E+00
 
 1     706       0       2
-0.250035810E+01 0.499723285E+00 0.000000000E+00
 
 1     707       0       2
-0.250051999E+01 0.999694526E+00 0.000000000E+00
 
 1     708       0       2
-0.250061202E+01 0.149970114E+01 0.000000000E+00
 
 1     709       0       2
-0.250058603E+01 0.199973702E+01 0.000000000E+00
 
 1     710       0       2
-0.200049186E+01 0.249977064E+01 0.000000000E+00
 
 1     711       0       2
-0.150044882E+01 0.249978161E+01 0.000000000E+00
 
 1     712       0       2
-0.100037181E+01 0.249981952E+01 0.000000000E+00
 
 1     713       0       2
-0.500286341E+00 0.249986887E+01 0.000000000E+00
 
 1     714       0       2
-0.208618425E-03 0.249991202E+01 0.000000000E+00
 
 1     715       0       2
 0.499854267E+00 0.249994683E+01 0.000000000E+00
 
 1     716       0       2
 0.149994695E+01 0.249998832E+01 0.000000000E+00
 
 1     717       0       2
 0.249998140E+01 0.249999738E+01 0.000000000E+00
 
 1     718       0       2
 0.249999952E+01-0.249999976E+01 0.000000000E+00
 
 1     719       0       2
-0.250000119E+01-0.250001264E+01 0.000000000E+00
 
 1     720       0       2
-0.250045228E+01 0.249979353E+01 0.000000000E+00
 
 1     721       0       2
 0.299999070E+01 0.149999976E+01 0.000000000E+00
 
 1     722       0       2
 0.299999285E+01 0.500000298E+00 0.000000000E+00
 
 1     723       0       2
 0.299999547E+01-0.499999434E+00 0.000000000E+00
 
 1     724       0       2
 0.299999762E+01-0.149999940E+01 0.000000000E+00
 
 1     725       0       2
 0.299999022E+01 0.249999905E+01 0.000000000E+00
 
 1     726       0       2
 0.249999976E+01-0.300000000E+01 0.000000000E+00
 
 1     727       0       2
 0.299999928E+01-0.249999976E+01 0.000000000E+00
 
 1     728       0       2
 0.149999988E+01-0.300000000E+01 0.000000000E+00
 
 1     729       0       2
 0.500000000E+00-0.300000072E+01 0.000000000E+00
 
 1     730       0       2
-0.500000000E+00-0.300000215E+01 0.000000000E+00
 
 1     731       0       2
-0.150000012E+01-0.300000405E+01 0.000000000E+00
 
 1     732       0       2
-0.300000238E+01-0.250001526E+01 0.000000000E+00
 
 1     733       0       2
-0.200000024E+01-0.300000525E+01 0.000000000E+00
 
 1     734       0       2
-0.250000048E+01-0.300000668E+01 0.000000000E+00
 
 1     735       0       2
-0.300002837E+01-0.150006735E+01 0.000000000E+00
 
 1     736       0       2
-0.300010991E+01-0.500155628E+00 0.000000000E+00
 
 1     737       0       2
-0.300031781E+01 0.499731064E+00 0.000000000E+00
 
 1     738       0       2
-0.300044799E+01 0.999717891E+00 0.000000000E+00
 
 1     739       0       2
-0.300051737E+01 0.149973929E+01 0.000000000E+00
 
 1     740       0       2
-0.250029302E+01 0.299985313E+01 0.000000000E+00
 
 1     741       0       2
-0.300048590E+01 0.199978638E+01 0.000000000E+00
 
 1     742       0       2
-0.300037456E+01 0.249984050E+01 0.000000000E+00
 
 1     743       0       2
-0.200032067E+01 0.299982548E+01 0.000000000E+00
 
 1     744       0       2
-0.150031030E+01 0.299982357E+01 0.000000000E+00
 
 1     745       0       2
-0.100027275E+01 0.299984574E+01 0.000000000E+00
 
 1     746       0       2
-0.500222862E+00 0.299988031E+01 0.000000000E+00
 
 1     747       0       2
-0.173368535E-03 0.299991751E+01 0.000000000E+00
 
 1     748       0       2
 0.499873221E+00 0.299994588E+01 0.000000000E+00
 
 1     749       0       2
 0.149994779E+01 0.299998498E+01 0.000000000E+00
 
 1     750       0       2
 0.249998355E+01 0.299999714E+01 0.000000000E+00
 
 1     751       0       2
 0.299998903E+01 0.299999833E+01 0.000000000E+00
 
 1     752       0       2
 0.299999976E+01-0.299999976E+01 0.000000000E+00
 
 1     753       0       2
-0.300000095E+01-0.300000834E+01 0.000000000E+00
 
 1     754       0       2
-0.300024462E+01 0.299988914E+01 0.000000000E+00
 
 1     755       0       2
 0.299999022E+01 0.349999809E+01 0.000000000E+00
 
 1     756       0       2
 0.349999380E+01 0.249999952E+01 0.000000000E+00
 
 1     757       0       2
 0.349999523E+01 0.150000000E+01 0.000000000E+00
 
 1     758       0       2
 0.349999499E+01 0.100000012E+01 0.000000000E+00
 
 1     759       0       2
 0.349999619E+01 0.500000179E+00 0.000000000E+00
 
 1     760       0       2
 0.349999690E+01-0.499999583E+00 0.000000000E+00
 
 1     761       0       2
 0.349999857E+01-0.149999964E+01 0.000000000E+00
 
 1     762       0       2
 0.349999952E+01-0.249999976E+01 0.000000000E+00
 
 1     763       0       2
 0.349999976E+01-0.299999976E+01 0.000000000E+00
 
 1     764       0       2
 0.250000000E+01-0.350000000E+01 0.000000000E+00
 
 1     765       0       2
 0.150000000E+01-0.350000000E+01 0.000000000E+00
 
 1     766       0       2
 0.500000060E+00-0.350000048E+01 0.000000000E+00
 
 1     767       0       2
-0.499999970E+00-0.350000119E+01 0.000000000E+00
 
 1     768       0       2
-0.150000000E+01-0.350000191E+01 0.000000000E+00
 
 1     769       0       2
-0.200000000E+01-0.350000262E+01 0.000000000E+00
 
 1     770       0       2
-0.250000000E+01-0.350000334E+01 0.000000000E+00
 
 1     771       0       2
-0.300000048E+01-0.350000381E+01 0.000000000E+00
 
 1     772       0       2
-0.350000095E+01-0.300000453E+01 0.000000000E+00
 
 1     773       0       2
-0.350000215E+01-0.250001097E+01 0.000000000E+00
 
 1     774       0       2
-0.350001979E+01-0.150004733E+01 0.000000000E+00
 
 1     775       0       2
-0.350005245E+01-0.100008547E+01 0.000000000E+00
 
 1     776       0       2
-0.350009179E+01-0.500129580E+00 0.000000000E+00
 
 1     777       0       2
-0.350034213E+01 0.999780655E+00 0.000000000E+00
 
 1     778       0       2
-0.350038886E+01 0.149980557E+01 0.000000000E+00
 
 1     779       0       2
-0.350036359E+01 0.199984682E+01 0.000000000E+00
 
 1     780       0       2
-0.350028348E+01 0.249989080E+01 0.000000000E+00
 
 1     781       0       2
-0.350018787E+01 0.299992847E+01 0.000000000E+00
 
 1     782       0       2
-0.250017071E+01 0.349990058E+01 0.000000000E+00
 
 1     783       0       2
-0.200018930E+01 0.349987841E+01 0.000000000E+00
 
 1     784       0       2
-0.150019169E+01 0.349987149E+01 0.000000000E+00
 
 1     785       0       2
-0.100017822E+01 0.349988198E+01 0.000000000E+00
 
 1     786       0       2
-0.500154495E+00 0.349990392E+01 0.000000000E+00
 
 1     787       0       2
-0.126428480E-03 0.349993157E+01 0.000000000E+00
 
 1     788       0       2
 0.499899954E+00 0.349995232E+01 0.000000000E+00
 
 1     789       0       2
 0.149995136E+01 0.349998283E+01 0.000000000E+00
 
 1     790       0       2
 0.249998426E+01 0.349999690E+01 0.000000000E+00
 
 1     791       0       2
 0.349999380E+01 0.349999905E+01 0.000000000E+00
 
 1     792       0       2
 0.350000000E+01-0.350000000E+01 0.000000000E+00
 
 1     793       0       2
-0.350000048E+01-0.350000238E+01 0.000000000E+00
 
 1     794       0       2
-0.350010705E+01 0.349995661E+01 0.000000000E+00
 
 1     795       0       2
 0.399999714E+01 0.249999976E+01 0.000000000E+00
 
 1     796       0       2
 0.399999714E+01 0.150000000E+01 0.000000000E+00
 
 1     797       0       2
 0.399999738E+01 0.100000000E+01 0.000000000E+00
 
 1     798       0       2
 0.399999738E+01 0.500000179E+00 0.000000000E+00
 
 1     799       0       2
 0.399999857E+01-0.499999851E+00 0.000000000E+00
 
 1     800       0       2
 0.399999905E+01-0.149999976E+01 0.000000000E+00
 
 1     801       0       2
 0.399999952E+01-0.249999976E+01 0.000000000E+00
 
 1     802       0       2
 0.350000000E+01-0.400000000E+01 0.000000000E+00
 
 1     803       0       2
 0.399999976E+01-0.299999976E+01 0.000000000E+00
 
 1     804       0       2
 0.400000000E+01-0.350000000E+01 0.000000000E+00
 
 1     805       0       2
 0.250000000E+01-0.400000000E+01 0.000000000E+00
 
 1     806       0       2
 0.200000000E+01-0.400000000E+01 0.000000000E+00
 
 1     807       0       2
 0.150000000E+01-0.400000000E+01 0.000000000E+00
 
 1     808       0       2
 0.500000000E+00-0.400000000E+01 0.000000000E+00
 
 1     809       0       2
 0.353601415E-07-0.400000048E+01 0.000000000E+00
 
 1     810       0       2
-0.499999970E+00-0.400000048E+01 0.000000000E+00
 
 1     811       0       2
-0.999999940E+00-0.400000048E+01 0.000000000E+00
 
 1     812       0       2
-0.150000000E+01-0.400000095E+01 0.000000000E+00
 
 1     813       0       2
-0.200000000E+01-0.400000143E+01 0.000000000E+00
 
 1     814       0       2
-0.250000000E+01-0.400000143E+01 0.000000000E+00
 
 1     815       0       2
-0.400000048E+01-0.350000095E+01 0.000000000E+00
 
 1     816       0       2
-0.300000024E+01-0.400000191E+01 0.000000000E+00
 
 1     817       0       2
-0.350000024E+01-0.400000143E+01 0.000000000E+00
 
 1     818       0       2
-0.400000095E+01-0.300000238E+01 0.000000000E+00
 
 1     819       0       2
-0.400000191E+01-0.250000548E+01 0.000000000E+00
 
 1     820       0       2
-0.400000477E+01-0.200001335E+01 0.000000000E+00
 
 1     821       0       2
-0.400001431E+01-0.150002897E+01 0.000000000E+00
 
 1     822       0       2
-0.400003386E+01-0.100005341E+01 0.000000000E+00
 
 1     823       0       2
-0.400006390E+01-0.500084877E+00 0.000000000E+00
 
 1     824       0       2
-0.400016975E+01 0.499861449E+00 0.000000000E+00
 
 1     825       0       2
-0.400025558E+01 0.149987447E+01 0.000000000E+00
 
 1     826       0       2
-0.400018930E+01 0.249993491E+01 0.000000000E+00
 
 1     827       0       2
-0.350005031E+01 0.399997616E+01 0.000000000E+00
 
 1     828       0       2
-0.400012589E+01 0.299995995E+01 0.000000000E+00
 
 1     829       0       2
-0.400007296E+01 0.349997711E+01 0.000000000E+00
 
 1     830       0       2
-0.300006914E+01 0.399995875E+01 0.000000000E+00
 
 1     831       0       2
-0.250008631E+01 0.399993968E+01 0.000000000E+00
 
 1     832       0       2
-0.200009918E+01 0.399992442E+01 0.000000000E+00
 
 1     833       0       2
-0.150010538E+01 0.399991775E+01 0.000000000E+00
 
 1     834       0       2
-0.500093102E+00 0.399993372E+01 0.000000000E+00
 
 1     835       0       2
-0.802345385E-04 0.399994993E+01 0.000000000E+00
 
 1     836       0       2
 0.499932170E+00 0.399996424E+01 0.000000000E+00
 
 1     837       0       2
 0.149996269E+01 0.399998522E+01 0.000000000E+00
 
 1     838       0       2
 0.249998713E+01 0.399999666E+01 0.000000000E+00
 
 1     839       0       2
 0.299999118E+01 0.399999785E+01 0.000000000E+00
 
 1     840       0       2
 0.349999523E+01 0.399999905E+01 0.000000000E+00
 
 1     841       0       2
-0.400000000E+01-0.400000048E+01 0.000000000E+00
 
 1     842       0       2
-0.400003529E+01 0.399998808E+01 0.000000000E+00
 
 1     843       0       2
 0.449999905E+01 0.399999976E+01 0.000000000E+00
 
 1     844       0       2
 0.449999905E+01 0.349999976E+01 0.000000000E+00
 
 1     845       0       2
 0.449999857E+01 0.299999976E+01 0.000000000E+00
 
 1     846       0       2
 0.449999857E+01 0.250000000E+01 0.000000000E+00
 
 1     847       0       2
 0.449999857E+01 0.200000000E+01 0.000000000E+00
 
 1     848       0       2
 0.449999857E+01 0.150000000E+01 0.000000000E+00
 
 1     849       0       2
 0.449999857E+01 0.100000000E+01 0.000000000E+00
 
 1     850       0       2
 0.449999905E+01 0.500000060E+00 0.000000000E+00
 
 1     851       0       2
 0.449999905E+01 0.987630528E-07 0.000000000E+00
 
 1     852       0       2
 0.449999952E+01-0.499999940E+00 0.000000000E+00
 
 1     853       0       2
 0.449999952E+01-0.999999940E+00 0.000000000E+00
 
 1     854       0       2
 0.449999952E+01-0.149999988E+01 0.000000000E+00
 
 1     855       0       2
 0.449999952E+01-0.199999988E+01 0.000000000E+00
 
 1     856       0       2
 0.449999952E+01-0.250000000E+01 0.000000000E+00
 
 1     857       0       2
 0.450000000E+01-0.300000000E+01 0.000000000E+00
 
 1     858       0       2
 0.450000000E+01-0.350000000E+01 0.000000000E+00
 
 1     859       0       2
 0.450000000E+01-0.400000000E+01 0.000000000E+00
 
 1     860       0       2
 0.450000000E+01-0.450000000E+01 0.000000000E+00
 
 1     861       0       2
 0.400000000E+01-0.450000000E+01 0.000000000E+00
 
 1     862       0       2
 0.350000000E+01-0.450000000E+01 0.000000000E+00
 
 1     863       0       2
 0.300000000E+01-0.450000000E+01 0.000000000E+00
 
 1     864       0       2
 0.250000000E+01-0.450000000E+01 0.000000000E+00
 
 1     865       0       2
 0.200000000E+01-0.450000000E+01 0.000000000E+00
 
 1     866       0       2
 0.150000000E+01-0.450000000E+01 0.000000000E+00
 
 1     867       0       2
 0.100000000E+01-0.450000000E+01 0.000000000E+00
 
 1     868       0       2
 0.500000000E+00-0.450000000E+01 0.000000000E+00
 
 1     869       0       2
 0.236709177E-07-0.450000000E+01 0.000000000E+00
 
 1     870       0       2
-0.499999970E+00-0.450000048E+01 0.000000000E+00
 
 1     871       0       2
-0.100000000E+01-0.450000048E+01 0.000000000E+00
 
 1     872       0       2
-0.150000000E+01-0.450000048E+01 0.000000000E+00
 
 1     873       0       2
-0.200000000E+01-0.450000048E+01 0.000000000E+00
 
 1     874       0       2
-0.250000000E+01-0.450000048E+01 0.000000000E+00
 
 1     875       0       2
-0.300000000E+01-0.450000095E+01 0.000000000E+00
 
 1     876       0       2
-0.350000000E+01-0.450000048E+01 0.000000000E+00
 
 1     877       0       2
-0.400000000E+01-0.450000048E+01 0.000000000E+00
 
 1     878       0       2
-0.450000000E+01-0.450000000E+01 0.000000000E+00
 
 1     879       0       2
-0.450000000E+01-0.400000000E+01 0.000000000E+00
 
 1     880       0       2
-0.450000000E+01-0.350000048E+01 0.000000000E+00
 
 1     881       0       2
-0.450000048E+01-0.300000095E+01 0.000000000E+00
 
 1     882       0       2
-0.450000095E+01-0.250000262E+01 0.000000000E+00
 
 1     883       0       2
-0.450000334E+01-0.200000644E+01 0.000000000E+00
 
 1     884       0       2
-0.450000811E+01-0.150001395E+01 0.000000000E+00
 
 1     885       0       2
-0.450001812E+01-0.100002563E+01 0.000000000E+00
 
 1     886       0       2
-0.450003338E+01-0.500040889E+00 0.000000000E+00
 
 1     887       0       2
-0.450005531E+01-0.570293196E-04 0.000000000E+00
 
 1     888       0       2
-0.450008631E+01 0.499931455E+00 0.000000000E+00
 
 1     889       0       2
-0.450011444E+01 0.999930263E+00 0.000000000E+00
 
 1     890       0       2
-0.450012541E+01 0.149994004E+01 0.000000000E+00
 
 1     891       0       2
-0.450012016E+01 0.199995601E+01 0.000000000E+00
 
 1     892       0       2
-0.450009346E+01 0.249997211E+01 0.000000000E+00
 
 1     893       0       2
-0.450006294E+01 0.299998403E+01 0.000000000E+00
 
 1     894       0       2
-0.450003719E+01 0.349999166E+01 0.000000000E+00
 
 1     895       0       2
-0.450001812E+01 0.399999619E+01 0.000000000E+00
 
 1     896       0       2
-0.450000668E+01 0.449999857E+01 0.000000000E+00
 
 1     897       0       2
-0.400001287E+01 0.449999475E+01 0.000000000E+00
 
 1     898       0       2
-0.350001979E+01 0.449998903E+01 0.000000000E+00
 
 1     899       0       2
-0.300002742E+01 0.449998093E+01 0.000000000E+00
 
 1     900       0       2
-0.250003505E+01 0.449997187E+01 0.000000000E+00
 
 1     901       0       2
-0.200004148E+01 0.449996424E+01 0.000000000E+00
 
 1     902       0       2
-0.150004542E+01 0.449995995E+01 0.000000000E+00
 
 1     903       0       2
-0.100004613E+01 0.449996090E+01 0.000000000E+00
 
 1     904       0       2
-0.500043988E+00 0.449996662E+01 0.000000000E+00
 
 1     905       0       2
-0.391698341E-04 0.449997377E+01 0.000000000E+00
 
 1     906       0       2
 0.499967337E+00 0.449998093E+01 0.000000000E+00
 
 1     907       0       2
 0.999973059E+00 0.449998617E+01 0.000000000E+00
 
 1     908       0       2
 0.149997902E+01 0.449999094E+01 0.000000000E+00
 
 1     909       0       2
 0.199998569E+01 0.449999475E+01 0.000000000E+00
 
 1     910       0       2
 0.249999046E+01 0.449999714E+01 0.000000000E+00
 
 1     911       0       2
 0.299999428E+01 0.449999857E+01 0.000000000E+00
 
 1     912       0       2
 0.349999666E+01 0.449999905E+01 0.000000000E+00
 
 1     913       0       2
 0.399999809E+01 0.449999952E+01 0.000000000E+00
 
 1     914       0       2
 0.449999905E+01 0.450000000E+01 0.000000000E+00
 
 1     915       0       2
 0.199999988E+01-0.300000000E+01 0.000000000E+00
 
 1     916       0       2
 0.199999940E+01-0.250000000E+01 0.000000000E+00
 
 1     917       0       2
-0.271201170E-04-0.100001347E+01 0.000000000E+00
 
 1     918       0       2
-0.100010407E+01 0.399992204E+01 0.000000000E+00
 
 1     919       0       2
 0.199997091E+01 0.999998271E+00 0.000000000E+00
 
 1     920       0       2
-0.300001097E+01-0.200004125E+01 0.000000000E+00
 
 1     921       0       2
 0.400000000E+01-0.400000000E+01 0.000000000E+00
 
 1     922       0       2
 0.399999714E+01 0.399999952E+01 0.000000000E+00
 
 1     923       0       2
 0.349999905E+01-0.199999964E+01 0.000000000E+00
 
 1     924       0       2
 0.999899030E+00 0.249996948E+01 0.000000000E+00
 
 1     925       0       2
-0.300019383E+01-0.210919156E-03 0.000000000E+00
 
 1     926       0       2
 0.399999690E+01 0.349999952E+01 0.000000000E+00
 
 1     927       0       2
-0.300005960E+01-0.100010383E+01 0.000000000E+00
 
 1     928       0       2
 0.499880552E+00 0.999974906E+00 0.000000000E+00
 
 1     929       0       2
-0.999999940E+00-0.350000143E+01 0.000000000E+00
 
 1     930       0       2
 0.477236739E-07-0.350000072E+01 0.000000000E+00
 
 1     931       0       2
-0.500000656E+00-0.250000477E+01 0.000000000E+00
 
 1     932       0       2
 0.499999553E+00-0.250000167E+01 0.000000000E+00
 
 1     933       0       2
-0.400011110E+01-0.116810792E-03 0.000000000E+00
 
 1     934       0       2
-0.100000405E+01-0.200001383E+01 0.000000000E+00
 
 1     935       0       2
 0.199996674E+01 0.349999046E+01 0.000000000E+00
 
 1     936       0       2
 0.249998164E+01 0.199999809E+01 0.000000000E+00
 
 1     937       0       2
 0.299999309E+01 0.554320081E-06 0.000000000E+00
 
 1     938       0       2
 0.249999237E+01-0.999999344E+00 0.000000000E+00
 
 1     939       0       2
-0.400023603E+01 0.199990439E+01 0.000000000E+00
 
 1     940       0       2
-0.110909787E-04-0.150000894E+01 0.000000000E+00
 
 1     941       0       2
 0.999997556E+00-0.200000119E+01 0.000000000E+00
 
 1     942       0       2
-0.400022364E+01 0.999860525E+00 0.000000000E+00
 
 1     943       0       2
 0.999999940E+00-0.300000048E+01 0.000000000E+00
 
 1     944       0       2
 0.300000000E+01-0.400000000E+01 0.000000000E+00
 
 1     945       0       2
-0.200020671E+01-0.171087304E-03 0.000000000E+00
 
 1     946       0       2
 0.349999642E+01 0.300776207E-06 0.000000000E+00
 
 1     947       0       2
-0.350016046E+01-0.174043380E-03 0.000000000E+00
 
 1     948       0       2
-0.300014472E+01 0.349992704E+01 0.000000000E+00
 
 1     949       0       2
 0.199997795E+01-0.438337054E-06 0.000000000E+00
 
 1     950       0       2
 0.399999642E+01 0.299999952E+01 0.000000000E+00
 
 1     951       0       2
 0.299998975E+01 0.999999940E+00 0.000000000E+00
 
 1     952       0       2
-0.150003350E+01-0.100005126E+01 0.000000000E+00
 
 1     953       0       2
-0.100000012E+01-0.300000334E+01 0.000000000E+00
 
 1     954       0       2
-0.321289946E-07-0.300000167E+01 0.000000000E+00
 
 1     955       0       2
-0.346360207E-05-0.200000548E+01 0.000000000E+00
 
 1     956       0       2
-0.200004482E+01-0.100007403E+01 0.000000000E+00
 
 1     957       0       2
 0.999927402E+00 0.349997067E+01 0.000000000E+00
 
 1     958       0       2
 0.349999762E+01-0.999999523E+00 0.000000000E+00
 
 1     959       0       2
 0.399999690E+01 0.199999988E+01 0.000000000E+00
 
 1     960       0       2
 0.100000000E+01-0.350000024E+01 0.000000000E+00
 
 1     961       0       2
 0.999909580E+00 0.299996662E+01 0.000000000E+00
 
 1     962       0       2
 0.299999452E+01-0.999999464E+00 0.000000000E+00
 
 1     963       0       2
-0.150049305E+01 0.149978125E+01 0.000000000E+00
 
 1     964       0       2
 0.100000000E+01-0.400000000E+01 0.000000000E+00
 
 1     965       0       2
 0.149995375E+01 0.999995768E+00 0.000000000E+00
 
 1     966       0       2
 0.999951839E+00-0.581900804E-05 0.000000000E+00
 
 1     967       0       2
 0.249998736E+01 0.399187144E-06 0.000000000E+00
 
 1     968       0       2
 0.999906123E+00 0.199997687E+01 0.000000000E+00
 
 1     969       0       2
 0.199998701E+01-0.999999762E+00 0.000000000E+00
 
 1     970       0       2
-0.350000906E+01-0.200002766E+01 0.000000000E+00
 
 1     971       0       2
 0.349999452E+01 0.199999976E+01 0.000000000E+00
 
 1     972       0       2
-0.350024796E+01 0.499797016E+00 0.000000000E+00
 
 1     973       0       2
-0.804124738E-06-0.250000334E+01 0.000000000E+00
 
 1     974       0       2
 0.399999833E+01-0.999999642E+00 0.000000000E+00
 
 1     975       0       2
 0.399999928E+01-0.199999976E+01 0.000000000E+00
 
 1     976       0       2
 0.999947667E+00 0.399997687E+01 0.000000000E+00
 
 1     977       0       2
 0.199997389E+01 0.399999142E+01 0.000000000E+00
 
 1     978       0       2
 0.299998927E+01 0.199999917E+01 0.000000000E+00
 
 1     979       0       2
 0.399999809E+01 0.159716151E-06 0.000000000E+00
 
 1     980       0       2
-0.100017166E+01-0.829952405E-04 0.000000000E+00
 
 1     981       0       2
 0.200000000E+01-0.350000000E+01 0.000000000E+00
 
 1     982       0       2
 0.300000000E+01-0.350000000E+01 0.000000000E+00
 
 1     983       0       2
 0.349999356E+01 0.299999928E+01 0.000000000E+00
 
 1     984       0       2
 0.199996769E+01 0.299999237E+01 0.000000000E+00
 
 1     985       0       2
 0.299999833E+01-0.199999952E+01 0.000000000E+00
 
 1     986       0       2
-0.250021124E+01-0.207085119E-03 0.000000000E+00
 
 1     987       0       2
 0.999999344E+00-0.250000072E+01 0.000000000E+00
 
 1     988       0       2
 0.249998260E+01 0.999999583E+00 0.000000000E+00
 
 1     989       0       2
-0.100000107E+01-0.250000763E+01 0.000000000E+00
 
 1     990       0       2
 0.000000000E+00 0.000000000E+00-0.325000000E+01
 
 1     991       0       2
-0.500000000E+00 0.000000000E+00-0.325000000E+01
 
 1     992       0       2
 0.000000000E+00-0.500000000E+00-0.325000000E+01
 
 1     993       0       2
 0.500000000E+00 0.000000000E+00-0.325000000E+01
 
 1     994       0       2
 0.000000000E+00 0.500000000E+00-0.325000000E+01
 
 1     995       0       2
-0.500000000E+00 0.500000000E+00-0.325000000E+01
 
 1     996       0       2
-0.500000000E+00-0.500000000E+00-0.325000000E+01
 
 1     997       0       2
 0.500000000E+00-0.500000000E+00-0.325000000E+01
 
 1     998       0       2
 0.500000000E+00 0.500000000E+00-0.325000000E+01
 
 1     999       0       2
-0.100000000E+01 0.500000000E+00-0.325000000E+01
 
 1    1000       0       2
-0.500000000E+00-0.100000000E+01-0.325000000E+01
 
 1    1001       0       2
-0.100000000E+01 0.000000000E+00-0.325000000E+01
 
 1    1002       0       2
-0.100000000E+01-0.500000000E+00-0.325000000E+01
 
 1    1003       0       2
 0.100000000E+01-0.500000000E+00-0.325000000E+01
 
 1    1004       0       2
 0.500000000E+00-0.100000000E+01-0.325000000E+01
 
 1    1005       0       2
 0.500000000E+00 0.100000000E+01-0.325000000E+01
 
 1    1006       0       2
 0.100000000E+01 0.500000000E+00-0.325000000E+01
 
 1    1007       0       2
-0.500000000E+00 0.100000000E+01-0.325000000E+01
 
 1    1008       0       2
-0.100000000E+01 0.100000000E+01-0.325000000E+01
 
 1    1009       0       2
-0.100000000E+01-0.100000000E+01-0.325000000E+01
 
 1    1010       0       2
 0.100000000E+01-0.100000000E+01-0.325000000E+01
 
 1    1011       0       2
 0.100000000E+01 0.100000000E+01-0.325000000E+01
 
 1    1012       0       2
-0.150000000E+01 0.100000000E+01-0.325000000E+01
 
 1    1013       0       2
-0.150000000E+01 0.500000000E+00-0.325000000E+01
 
 1    1014       0       2
-0.150000000E+01 0.000000000E+00-0.325000000E+01
 
 1    1015       0       2
-0.150000000E+01-0.500000000E+00-0.325000000E+01
 
 1    1016       0       2
-0.150000000E+01-0.100000000E+01-0.325000000E+01
 
 1    1017       0       2
-0.100000000E+01-0.150000000E+01-0.325000000E+01
 
 1    1018       0       2
-0.500000000E+00-0.150000000E+01-0.325000000E+01
 
 1    1019       0       2
 0.000000000E+00-0.150000000E+01-0.325000000E+01
 
 1    1020       0       2
 0.500000000E+00-0.150000000E+01-0.325000000E+01
 
 1    1021       0       2
 0.100000000E+01-0.150000000E+01-0.325000000E+01
 
 1    1022       0       2
 0.150000000E+01-0.500000000E+00-0.325000000E+01
 
 1    1023       0       2
 0.150000000E+01 0.500000000E+00-0.325000000E+01
 
 1    1024       0       2
 0.150000000E+01 0.100000000E+01-0.325000000E+01
 
 1    1025       0       2
 0.500000000E+00 0.150000000E+01-0.325000000E+01
 
 1    1026       0       2
-0.500000000E+00 0.150000000E+01-0.325000000E+01
 
 1    1027       0       2
-0.150000000E+01 0.150000000E+01-0.325000000E+01
 
 1    1028       0       2
-0.150000000E+01-0.150000000E+01-0.325000000E+01
 
 1    1029       0       2
 0.150000000E+01-0.150000000E+01-0.325000000E+01
 
 1    1030       0       2
 0.150000000E+01 0.150000000E+01-0.325000000E+01
 
 1    1031       0       2
-0.200000000E+01 0.500000000E+00-0.325000000E+01
 
 1    1032       0       2
-0.200000000E+01-0.500000000E+00-0.325000000E+01
 
 1    1033       0       2
-0.200000000E+01 0.150000000E+01-0.325000000E+01
 
 1    1034       0       2
-0.150000000E+01-0.200000000E+01-0.325000000E+01
 
 1    1035       0       2
-0.200000000E+01-0.150000000E+01-0.325000000E+01
 
 1    1036       0       2
-0.500000000E+00-0.200000000E+01-0.325000000E+01
 
 1    1037       0       2
 0.000000000E+00-0.200000000E+01-0.325000000E+01
 
 1    1038       0       2
 0.500000000E+00-0.200000000E+01-0.325000000E+01
 
 1    1039       0       2
 0.200000000E+01-0.150000000E+01-0.325000000E+01
 
 1    1040       0       2
 0.150000000E+01-0.200000000E+01-0.325000000E+01
 
 1    1041       0       2
 0.200000000E+01-0.500000000E+00-0.325000000E+01
 
 1    1042       0       2
 0.200000000E+01 0.500000000E+00-0.325000000E+01
 
 1    1043       0       2
 0.150000000E+01 0.200000000E+01-0.325000000E+01
 
 1    1044       0       2
 0.200000000E+01 0.150000000E+01-0.325000000E+01
 
 1    1045       0       2
-0.500000000E+00 0.200000000E+01-0.325000000E+01
 
 1    1046       0       2
-0.150000000E+01 0.200000000E+01-0.325000000E+01
 
 1    1047       0       2
-0.200000000E+01 0.200000000E+01-0.325000000E+01
 
 1    1048       0       2
-0.200000000E+01-0.200000000E+01-0.325000000E+01
 
 1    1049       0       2
 0.200000000E+01-0.200000000E+01-0.325000000E+01
 
 1    1050       0       2
 0.200000000E+01 0.200000000E+01-0.325000000E+01
 
 1    1051       0       2
-0.200000000E+01 0.250000000E+01-0.325000000E+01
 
 1    1052       0       2
-0.250000000E+01 0.200000000E+01-0.325000000E+01
 
 1    1053       0       2
-0.250000000E+01 0.150000000E+01-0.325000000E+01
 
 1    1054       0       2
-0.250000000E+01 0.100000000E+01-0.325000000E+01
 
 1    1055       0       2
-0.250000000E+01 0.500000000E+00-0.325000000E+01
 
 1    1056       0       2
-0.250000000E+01-0.500000000E+00-0.325000000E+01
 
 1    1057       0       2
-0.250000000E+01-0.150000000E+01-0.325000000E+01
 
 1    1058       0       2
-0.250000000E+01-0.200000000E+01-0.325000000E+01
 
 1    1059       0       2
-0.200000000E+01-0.250000000E+01-0.325000000E+01
 
 1    1060       0       2
-0.150000000E+01-0.250000000E+01-0.325000000E+01
 
 1    1061       0       2
-0.500000000E+00-0.250000000E+01-0.325000000E+01
 
 1    1062       0       2
 0.500000000E+00-0.250000000E+01-0.325000000E+01
 
 1    1063       0       2
 0.150000000E+01-0.250000000E+01-0.325000000E+01
 
 1    1064       0       2
 0.200000000E+01-0.250000000E+01-0.325000000E+01
 
 1    1065       0       2
 0.250000000E+01-0.150000000E+01-0.325000000E+01
 
 1    1066       0       2
 0.250000000E+01-0.500000000E+00-0.325000000E+01
 
 1    1067       0       2
 0.250000000E+01 0.500000000E+00-0.325000000E+01
 
 1    1068       0       2
 0.250000000E+01 0.150000000E+01-0.325000000E+01
 
 1    1069       0       2
 0.250000000E+01 0.200000000E+01-0.325000000E+01
 
 1    1070       0       2
 0.200000000E+01 0.250000000E+01-0.325000000E+01
 
 1    1071       0       2
 0.150000000E+01 0.250000000E+01-0.325000000E+01
 
 1    1072       0       2
 0.500000000E+00 0.250000000E+01-0.325000000E+01
 
 1    1073       0       2
-0.500000000E+00 0.250000000E+01-0.325000000E+01
 
 1    1074       0       2
-0.250000000E+01 0.250000000E+01-0.325000000E+01
 
 1    1075       0       2
-0.250000000E+01-0.250000000E+01-0.325000000E+01
 
 1    1076       0       2
 0.250000000E+01-0.250000000E+01-0.325000000E+01
 
 1    1077       0       2
 0.250000000E+01 0.250000000E+01-0.325000000E+01
 
 1    1078       0       2
-0.300000000E+01 0.200000000E+01-0.325000000E+01
 
 1    1079       0       2
-0.300000000E+01 0.150000000E+01-0.325000000E+01
 
 1    1080       0       2
-0.300000000E+01 0.100000000E+01-0.325000000E+01
 
 1    1081       0       2
-0.300000000E+01 0.500000000E+00-0.325000000E+01
 
 1    1082       0       2
-0.300000000E+01-0.500000000E+00-0.325000000E+01
 
 1    1083       0       2
-0.300000000E+01-0.150000000E+01-0.325000000E+01
 
 1    1084       0       2
-0.300000000E+01 0.250000000E+01-0.325000000E+01
 
 1    1085       0       2
-0.250000000E+01-0.300000000E+01-0.325000000E+01
 
 1    1086       0       2
-0.300000000E+01-0.200000000E+01-0.325000000E+01
 
 1    1087       0       2
-0.300000000E+01-0.250000000E+01-0.325000000E+01
 
 1    1088       0       2
-0.200000000E+01-0.300000000E+01-0.325000000E+01
 
 1    1089       0       2
-0.150000000E+01-0.300000000E+01-0.325000000E+01
 
 1    1090       0       2
-0.500000000E+00-0.300000000E+01-0.325000000E+01
 
 1    1091       0       2
 0.500000000E+00-0.300000000E+01-0.325000000E+01
 
 1    1092       0       2
 0.150000000E+01-0.300000000E+01-0.325000000E+01
 
 1    1093       0       2
 0.300000000E+01-0.250000000E+01-0.325000000E+01
 
 1    1094       0       2
 0.250000000E+01-0.300000000E+01-0.325000000E+01
 
 1    1095       0       2
 0.300000000E+01-0.150000000E+01-0.325000000E+01
 
 1    1096       0       2
 0.300000000E+01-0.500000000E+00-0.325000000E+01
 
 1    1097       0       2
 0.300000000E+01 0.500000000E+00-0.325000000E+01
 
 1    1098       0       2
 0.300000000E+01 0.150000000E+01-0.325000000E+01
 
 1    1099       0       2
 0.250000000E+01 0.300000000E+01-0.325000000E+01
 
 1    1100       0       2
 0.300000000E+01 0.250000000E+01-0.325000000E+01
 
 1    1101       0       2
 0.200000000E+01 0.300000000E+01-0.325000000E+01
 
 1    1102       0       2
 0.150000000E+01 0.300000000E+01-0.325000000E+01
 
 1    1103       0       2
 0.500000000E+00 0.300000000E+01-0.325000000E+01
 
 1    1104       0       2
-0.500000000E+00 0.300000000E+01-0.325000000E+01
 
 1    1105       0       2
-0.150000000E+01 0.300000000E+01-0.325000000E+01
 
 1    1106       0       2
-0.250000000E+01 0.300000000E+01-0.325000000E+01
 
 1    1107       0       2
-0.300000000E+01 0.300000000E+01-0.325000000E+01
 
 1    1108       0       2
-0.300000000E+01-0.300000000E+01-0.325000000E+01
 
 1    1109       0       2
 0.300000000E+01-0.300000000E+01-0.325000000E+01
 
 1    1110       0       2
 0.300000000E+01 0.300000000E+01-0.325000000E+01
 
 1    1111       0       2
-0.300000000E+01 0.350000000E+01-0.325000000E+01
 
 1    1112       0       2
-0.350000000E+01 0.300000000E+01-0.325000000E+01
 
 1    1113       0       2
-0.350000000E+01 0.250000000E+01-0.325000000E+01
 
 1    1114       0       2
-0.350000000E+01 0.200000000E+01-0.325000000E+01
 
 1    1115       0       2
-0.350000000E+01 0.150000000E+01-0.325000000E+01
 
 1    1116       0       2
-0.350000000E+01 0.100000000E+01-0.325000000E+01
 
 1    1117       0       2
-0.350000000E+01 0.500000000E+00-0.325000000E+01
 
 1    1118       0       2
-0.350000000E+01-0.500000000E+00-0.325000000E+01
 
 1    1119       0       2
-0.350000000E+01-0.150000000E+01-0.325000000E+01
 
 1    1120       0       2
-0.350000000E+01-0.300000000E+01-0.325000000E+01
 
 1    1121       0       2
-0.300000000E+01-0.350000000E+01-0.325000000E+01
 
 1    1122       0       2
-0.250000000E+01-0.350000000E+01-0.325000000E+01
 
 1    1123       0       2
-0.150000000E+01-0.350000000E+01-0.325000000E+01
 
 1    1124       0       2
-0.100000000E+01-0.350000000E+01-0.325000000E+01
 
 1    1125       0       2
-0.500000000E+00-0.350000000E+01-0.325000000E+01
 
 1    1126       0       2
 0.500000000E+00-0.350000000E+01-0.325000000E+01
 
 1    1127       0       2
 0.150000000E+01-0.350000000E+01-0.325000000E+01
 
 1    1128       0       2
 0.300000000E+01-0.350000000E+01-0.325000000E+01
 
 1    1129       0       2
 0.350000000E+01-0.250000000E+01-0.325000000E+01
 
 1    1130       0       2
 0.350000000E+01-0.150000000E+01-0.325000000E+01
 
 1    1131       0       2
 0.350000000E+01-0.500000000E+00-0.325000000E+01
 
 1    1132       0       2
 0.350000000E+01 0.500000000E+00-0.325000000E+01
 
 1    1133       0       2
 0.350000000E+01 0.100000000E+01-0.325000000E+01
 
 1    1134       0       2
 0.350000000E+01 0.150000000E+01-0.325000000E+01
 
 1    1135       0       2
 0.350000000E+01 0.250000000E+01-0.325000000E+01
 
 1    1136       0       2
 0.350000000E+01 0.300000000E+01-0.325000000E+01
 
 1    1137       0       2
 0.250000000E+01 0.350000000E+01-0.325000000E+01
 
 1    1138       0       2
 0.150000000E+01 0.350000000E+01-0.325000000E+01
 
 1    1139       0       2
 0.500000000E+00 0.350000000E+01-0.325000000E+01
 
 1    1140       0       2
-0.500000000E+00 0.350000000E+01-0.325000000E+01
 
 1    1141       0       2
-0.100000000E+01 0.350000000E+01-0.325000000E+01
 
 1    1142       0       2
-0.150000000E+01 0.350000000E+01-0.325000000E+01
 
 1    1143       0       2
-0.250000000E+01 0.350000000E+01-0.325000000E+01
 
 1    1144       0       2
-0.350000000E+01 0.350000000E+01-0.325000000E+01
 
 1    1145       0       2
-0.350000000E+01-0.350000000E+01-0.325000000E+01
 
 1    1146       0       2
 0.350000000E+01-0.350000000E+01-0.325000000E+01
 
 1    1147       0       2
 0.350000000E+01 0.350000000E+01-0.325000000E+01
 
 1    1148       0       2
-0.400000000E+01 0.300000000E+01-0.325000000E+01
 
 1    1149       0       2
-0.400000000E+01 0.250000000E+01-0.325000000E+01
 
 1    1150       0       2
-0.400000000E+01 0.200000000E+01-0.325000000E+01
 
 1    1151       0       2
-0.400000000E+01 0.150000000E+01-0.325000000E+01
 
 1    1152       0       2
-0.400000000E+01 0.100000000E+01-0.325000000E+01
 
 1    1153       0       2
-0.400000000E+01 0.500000000E+00-0.325000000E+01
 
 1    1154       0       2
-0.400000000E+01-0.500000000E+00-0.325000000E+01
 
 1    1155       0       2
-0.400000000E+01-0.150000000E+01-0.325000000E+01
 
 1    1156       0       2
-0.400000000E+01-0.250000000E+01-0.325000000E+01
 
 1    1157       0       2
-0.400000000E+01 0.350000000E+01-0.325000000E+01
 
 1    1158       0       2
-0.350000000E+01-0.400000000E+01-0.325000000E+01
 
 1    1159       0       2
-0.400000000E+01-0.300000000E+01-0.325000000E+01
 
 1    1160       0       2
-0.400000000E+01-0.350000000E+01-0.325000000E+01
 
 1    1161       0       2
-0.300000000E+01-0.400000000E+01-0.325000000E+01
 
 1    1162       0       2
-0.250000000E+01-0.400000000E+01-0.325000000E+01
 
 1    1163       0       2
-0.200000000E+01-0.400000000E+01-0.325000000E+01
 
 1    1164       0       2
-0.150000000E+01-0.400000000E+01-0.325000000E+01
 
 1    1165       0       2
-0.100000000E+01-0.400000000E+01-0.325000000E+01
 
 1    1166       0       2
-0.500000000E+00-0.400000000E+01-0.325000000E+01
 
 1    1167       0       2
 0.000000000E+00-0.400000000E+01-0.325000000E+01
 
 1    1168       0       2
 0.500000000E+00-0.400000000E+01-0.325000000E+01
 
 1    1169       0       2
 0.100000000E+01-0.400000000E+01-0.325000000E+01
 
 1    1170       0       2
 0.150000000E+01-0.400000000E+01-0.325000000E+01
 
 1    1171       0       2
 0.250000000E+01-0.400000000E+01-0.325000000E+01
 
 1    1172       0       2
 0.400000000E+01-0.350000000E+01-0.325000000E+01
 
 1    1173       0       2
 0.350000000E+01-0.400000000E+01-0.325000000E+01
 
 1    1174       0       2
 0.400000000E+01-0.250000000E+01-0.325000000E+01
 
 1    1175       0       2
 0.400000000E+01-0.150000000E+01-0.325000000E+01
 
 1    1176       0       2
 0.400000000E+01-0.500000000E+00-0.325000000E+01
 
 1    1177       0       2
 0.400000000E+01 0.500000000E+00-0.325000000E+01
 
 1    1178       0       2
 0.400000000E+01 0.100000000E+01-0.325000000E+01
 
 1    1179       0       2
 0.400000000E+01 0.150000000E+01-0.325000000E+01
 
 1    1180       0       2
 0.400000000E+01 0.250000000E+01-0.325000000E+01
 
 1    1181       0       2
 0.350000000E+01 0.400000000E+01-0.325000000E+01
 
 1    1182       0       2
 0.400000000E+01 0.350000000E+01-0.325000000E+01
 
 1    1183       0       2
 0.300000000E+01 0.400000000E+01-0.325000000E+01
 
 1    1184       0       2
 0.250000000E+01 0.400000000E+01-0.325000000E+01
 
 1    1185       0       2
 0.150000000E+01 0.400000000E+01-0.325000000E+01
 
 1    1186       0       2
 0.500000000E+00 0.400000000E+01-0.325000000E+01
 
 1    1187       0       2
-0.500000000E+00 0.400000000E+01-0.325000000E+01
 
 1    1188       0       2
-0.100000000E+01 0.400000000E+01-0.325000000E+01
 
 1    1189       0       2
-0.150000000E+01 0.400000000E+01-0.325000000E+01
 
 1    1190       0       2
-0.200000000E+01 0.400000000E+01-0.325000000E+01
 
 1    1191       0       2
-0.250000000E+01 0.400000000E+01-0.325000000E+01
 
 1    1192       0       2
-0.400000000E+01 0.400000000E+01-0.325000000E+01
 
 1    1193       0       2
-0.400000000E+01-0.400000000E+01-0.325000000E+01
 
 1    1194       0       2
 0.400000000E+01 0.400000000E+01-0.325000000E+01
 
 1    1195       0       2
-0.450000000E+01 0.400000000E+01-0.325000000E+01
 
 1    1196       0       2
-0.450000000E+01 0.350000000E+01-0.325000000E+01
 
 1    1197       0       2
-0.450000000E+01 0.300000000E+01-0.325000000E+01
 
 1    1198       0       2
-0.450000000E+01 0.250000000E+01-0.325000000E+01
 
 1    1199       0       2
-0.450000000E+01 0.200000000E+01-0.325000000E+01
 
 1    1200       0       2
-0.450000000E+01 0.150000000E+01-0.325000000E+01
 
 1    1201       0       2
-0.450000000E+01 0.100000000E+01-0.325000000E+01
 
 1    1202       0       2
-0.450000000E+01 0.500000000E+00-0.325000000E+01
 
 1    1203       0       2
-0.450000000E+01 0.000000000E+00-0.325000000E+01
 
 1    1204       0       2
-0.450000000E+01-0.500000000E+00-0.325000000E+01
 
 1    1205       0       2
-0.450000000E+01-0.100000000E+01-0.325000000E+01
 
 1    1206       0       2
-0.450000000E+01-0.150000000E+01-0.325000000E+01
 
 1    1207       0       2
-0.450000000E+01-0.200000000E+01-0.325000000E+01
 
 1    1208       0       2
-0.450000000E+01-0.250000000E+01-0.325000000E+01
 
 1    1209       0       2
-0.450000000E+01-0.300000000E+01-0.325000000E+01
 
 1    1210       0       2
-0.450000000E+01-0.350000000E+01-0.325000000E+01
 
 1    1211       0       2
-0.450000000E+01-0.400000000E+01-0.325000000E+01
 
 1    1212       0       2
-0.450000000E+01-0.450000000E+01-0.325000000E+01
 
 1    1213       0       2
-0.400000000E+01-0.450000000E+01-0.325000000E+01
 
 1    1214       0       2
-0.350000000E+01-0.450000000E+01-0.325000000E+01
 
 1    1215       0       2
-0.300000000E+01-0.450000000E+01-0.325000000E+01
 
 1    1216       0       2
-0.250000000E+01-0.450000000E+01-0.325000000E+01
 
 1    1217       0       2
-0.200000000E+01-0.450000000E+01-0.325000000E+01
 
 1    1218       0       2
-0.150000000E+01-0.450000000E+01-0.325000000E+01
 
 1    1219       0       2
-0.100000000E+01-0.450000000E+01-0.325000000E+01
 
 1    1220       0       2
-0.500000000E+00-0.450000000E+01-0.325000000E+01
 
 1    1221       0       2
 0.000000000E+00-0.450000000E+01-0.325000000E+01
 
 1    1222       0       2
 0.500000000E+00-0.450000000E+01-0.325000000E+01
 
 1    1223       0       2
 0.100000000E+01-0.450000000E+01-0.325000000E+01
 
 1    1224       0       2
 0.150000000E+01-0.450000000E+01-0.325000000E+01
 
 1    1225       0       2
 0.200000000E+01-0.450000000E+01-0.325000000E+01
 
 1    1226       0       2
 0.250000000E+01-0.450000000E+01-0.325000000E+01
 
 1    1227       0       2
 0.300000000E+01-0.450000000E+01-0.325000000E+01
 
 1    1228       0       2
 0.350000000E+01-0.450000000E+01-0.325000000E+01
 
 1    1229       0       2
 0.400000000E+01-0.450000000E+01-0.325000000E+01
 
 1    1230       0       2
 0.450000000E+01-0.450000000E+01-0.325000000E+01
 
 1    1231       0       2
 0.450000000E+01-0.400000000E+01-0.325000000E+01
 
 1    1232       0       2
 0.450000000E+01-0.350000000E+01-0.325000000E+01
 
 1    1233       0       2
 0.450000000E+01-0.300000000E+01-0.325000000E+01
 
 1    1234       0       2
 0.450000000E+01-0.250000000E+01-0.325000000E+01
 
 1    1235       0       2
 0.450000000E+01-0.200000000E+01-0.325000000E+01
 
 1    1236       0       2
 0.450000000E+01-0.150000000E+01-0.325000000E+01
 
 1    1237       0       2
 0.450000000E+01-0.100000000E+01-0.325000000E+01
 
 1    1238       0       2
 0.450000000E+01-0.500000000E+00-0.325000000E+01
 
 1    1239       0       2
 0.450000000E+01 0.000000000E+00-0.325000000E+01
 
 1    1240       0       2
 0.450000000E+01 0.500000000E+00-0.325000000E+01
 
 1    1241       0       2
 0.450000000E+01 0.100000000E+01-0.325000000E+01
 
 1    1242       0       2
 0.450000000E+01 0.150000000E+01-0.325000000E+01
 
 1    1243       0       2
 0.450000000E+01 0.200000000E+01-0.325000000E+01
 
 1    1244       0       2
 0.450000000E+01 0.250000000E+01-0.325000000E+01
 
 1    1245       0       2
 0.450000000E+01 0.300000000E+01-0.325000000E+01
 
 1    1246       0       2
 0.450000000E+01 0.350000000E+01-0.325000000E+01
 
 1    1247       0       2
 0.450000000E+01 0.400000000E+01-0.325000000E+01
 
 1    1248       0       2
 0.450000000E+01 0.450000000E+01-0.325000000E+01
 
 1    1249       0       2
 0.400000000E+01 0.450000000E+01-0.325000000E+01
 
 1    1250       0       2
 0.350000000E+01 0.450000000E+01-0.325000000E+01
 
 1    1251       0       2
 0.300000000E+01 0.450000000E+01-0.325000000E+01
 
 1    1252       0       2
 0.250000000E+01 0.450000000E+01-0.325000000E+01
 
 1    1253       0       2
 0.200000000E+01 0.450000000E+01-0.325000000E+01
 
 1    1254       0       2
 0.150000000E+01 0.450000000E+01-0.325000000E+01
 
 1    1255       0       2
 0.100000000E+01 0.450000000E+01-0.325000000E+01
 
 1    1256       0       2
 0.500000000E+00 0.450000000E+01-0.325000000E+01
 
 1    1257       0       2
 0.000000000E+00 0.450000000E+01-0.325000000E+01
 
 1    1258       0       2
-0.500000000E+00 0.450000000E+01-0.325000000E+01
 
 1    1259       0       2
-0.100000000E+01 0.450000000E+01-0.325000000E+01
 
 1    1260       0       2
-0.150000000E+01 0.450000000E+01-0.325000000E+01
 
 1    1261       0       2
-0.200000000E+01 0.450000000E+01-0.325000000E+01
 
 1    1262       0       2
-0.250000000E+01 0.450000000E+01-0.325000000E+01
 
 1    1263       0       2
-0.300000000E+01 0.450000000E+01-0.325000000E+01
 
 1    1264       0       2
-0.350000000E+01 0.450000000E+01-0.325000000E+01
 
 1    1265       0       2
-0.400000000E+01 0.450000000E+01-0.325000000E+01
 
 1    1266       0       2
-0.450000000E+01 0.450000000E+01-0.325000000E+01
 
 1    1267       0       2
 0.200000000E+01-0.300000000E+01-0.325000000E+01
 
 1    1268       0       2
 0.250000000E+01-0.200000000E+01-0.325000000E+01
 
 1    1269       0       2
 0.200000000E+01 0.100000000E+01-0.325000000E+01
 
 1    1270       0       2
 0.400000000E+01 0.300000000E+01-0.325000000E+01
 
 1    1271       0       2
 0.400000000E+01-0.400000000E+01-0.325000000E+01
 
 1    1272       0       2
 0.350000000E+01-0.200000000E+01-0.325000000E+01
 
 1    1273       0       2
 0.350000000E+01-0.300000000E+01-0.325000000E+01
 
 1    1274       0       2
-0.300000000E+01 0.400000000E+01-0.325000000E+01
 
 1    1275       0       2
-0.400000000E+01-0.100000000E+01-0.325000000E+01
 
 1    1276       0       2
-0.350000000E+01-0.250000000E+01-0.325000000E+01
 
 1    1277       0       2
 0.000000000E+00-0.350000000E+01-0.325000000E+01
 
 1    1278       0       2
-0.200000000E+01-0.350000000E+01-0.325000000E+01
 
 1    1279       0       2
-0.200000000E+01 0.350000000E+01-0.325000000E+01
 
 1    1280       0       2
-0.200000000E+01 0.300000000E+01-0.325000000E+01
 
 1    1281       0       2
-0.150000000E+01 0.250000000E+01-0.325000000E+01
 
 1    1282       0       2
-0.350000000E+01 0.000000000E+00-0.325000000E+01
 
 1    1283       0       2
 0.000000000E+00 0.200000000E+01-0.325000000E+01
 
 1    1284       0       2
-0.350000000E+01-0.200000000E+01-0.325000000E+01
 
 1    1285       0       2
 0.200000000E+01 0.350000000E+01-0.325000000E+01
 
 1    1286       0       2
 0.000000000E+00 0.300000000E+01-0.325000000E+01
 
 1    1287       0       2
 0.300000000E+01 0.000000000E+00-0.325000000E+01
 
 1    1288       0       2
-0.250000000E+01-0.100000000E+01-0.325000000E+01
 
 1    1289       0       2
 0.250000000E+01-0.100000000E+01-0.325000000E+01
 
 1    1290       0       2
 0.100000000E+01 0.250000000E+01-0.325000000E+01
 
 1    1291       0       2
 0.000000000E+00 0.100000000E+01-0.325000000E+01
 
 1    1292       0       2
-0.400000000E+01-0.200000000E+01-0.325000000E+01
 
 1    1293       0       2
 0.500000000E+00 0.200000000E+01-0.325000000E+01
 
 1    1294       0       2
-0.300000000E+01 0.000000000E+00-0.325000000E+01
 
 1    1295       0       2
 0.000000000E+00-0.100000000E+01-0.325000000E+01
 
 1    1296       0       2
 0.100000000E+01-0.200000000E+01-0.325000000E+01
 
 1    1297       0       2
 0.400000000E+01-0.300000000E+01-0.325000000E+01
 
 1    1298       0       2
-0.400000000E+01 0.000000000E+00-0.325000000E+01
 
 1    1299       0       2
 0.100000000E+01-0.300000000E+01-0.325000000E+01
 
 1    1300       0       2
 0.400000000E+01 0.200000000E+01-0.325000000E+01
 
 1    1301       0       2
 0.300000000E+01 0.350000000E+01-0.325000000E+01
 
 1    1302       0       2
 0.300000000E+01-0.400000000E+01-0.325000000E+01
 
 1    1303       0       2
-0.100000000E+01 0.200000000E+01-0.325000000E+01
 
 1    1304       0       2
 0.350000000E+01 0.000000000E+00-0.325000000E+01
 
 1    1305       0       2
 0.000000000E+00 0.350000000E+01-0.325000000E+01
 
 1    1306       0       2
 0.200000000E+01 0.000000000E+00-0.325000000E+01
 
 1    1307       0       2
 0.200000000E+01-0.400000000E+01-0.325000000E+01
 
 1    1308       0       2
-0.200000000E+01 0.000000000E+00-0.325000000E+01
 
 1    1309       0       2
 0.150000000E+01 0.000000000E+00-0.325000000E+01
 
 1    1310       0       2
-0.100000000E+01 0.150000000E+01-0.325000000E+01
 
 1    1311       0       2
 0.000000000E+00 0.150000000E+01-0.325000000E+01
 
 1    1312       0       2
-0.100000000E+01 0.300000000E+01-0.325000000E+01
 
 1    1313       0       2
 0.300000000E+01 0.100000000E+01-0.325000000E+01
 
 1    1314       0       2
-0.100000000E+01-0.300000000E+01-0.325000000E+01
 
 1    1315       0       2
 0.000000000E+00-0.300000000E+01-0.325000000E+01
 
 1    1316       0       2
-0.200000000E+01 0.100000000E+01-0.325000000E+01
 
 1    1317       0       2
 0.100000000E+01 0.350000000E+01-0.325000000E+01
 
 1    1318       0       2
 0.350000000E+01-0.100000000E+01-0.325000000E+01
 
 1    1319       0       2
 0.100000000E+01-0.350000000E+01-0.325000000E+01
 
 1    1320       0       2
 0.250000000E+01-0.350000000E+01-0.325000000E+01
 
 1    1321       0       2
 0.100000000E+01 0.300000000E+01-0.325000000E+01
 
 1    1322       0       2
 0.300000000E+01-0.100000000E+01-0.325000000E+01
 
 1    1323       0       2
 0.000000000E+00 0.250000000E+01-0.325000000E+01
 
 1    1324       0       2
-0.100000000E+01-0.200000000E+01-0.325000000E+01
 
 1    1325       0       2
-0.300000000E+01-0.100000000E+01-0.325000000E+01
 
 1    1326       0       2
 0.100000000E+01 0.000000000E+00-0.325000000E+01
 
 1    1327       0       2
 0.250000000E+01 0.000000000E+00-0.325000000E+01
 
 1    1328       0       2
 0.100000000E+01 0.200000000E+01-0.325000000E+01
 
 1    1329       0       2
 0.200000000E+01-0.100000000E+01-0.325000000E+01
 
 1    1330       0       2
 0.350000000E+01 0.200000000E+01-0.325000000E+01
 
 1    1331       0       2
 0.000000000E+00-0.250000000E+01-0.325000000E+01
 
 1    1332       0       2
 0.400000000E+01-0.100000000E+01-0.325000000E+01
 
 1    1333       0       2
 0.400000000E+01-0.200000000E+01-0.325000000E+01
 
 1    1334       0       2
 0.100000000E+01 0.400000000E+01-0.325000000E+01
 
 1    1335       0       2
 0.200000000E+01 0.400000000E+01-0.325000000E+01
 
 1    1336       0       2
 0.300000000E+01 0.200000000E+01-0.325000000E+01
 
 1    1337       0       2
 0.000000000E+00 0.400000000E+01-0.325000000E+01
 
 1    1338       0       2
 0.400000000E+01 0.000000000E+00-0.325000000E+01
 
 1    1339       0       2
-0.350000000E+01 0.400000000E+01-0.325000000E+01
 
 1    1340       0       2
 0.200000000E+01-0.350000000E+01-0.325000000E+01
 
 1    1341       0       2
-0.350000000E+01-0.100000000E+01-0.325000000E+01
 
 1    1342       0       2
-0.200000000E+01-0.100000000E+01-0.325000000E+01
 
 1    1343       0       2
 0.150000000E+01-0.100000000E+01-0.325000000E+01
 
 1    1344       0       2
 0.100000000E+01 0.150000000E+01-0.325000000E+01
 
 1    1345       0       2
 0.300000000E+01-0.200000000E+01-0.325000000E+01
 
 1    1346       0       2
-0.250000000E+01 0.000000000E+00-0.325000000E+01
 
 1    1347       0       2
 0.100000000E+01-0.250000000E+01-0.325000000E+01
 
 1    1348       0       2
-0.100000000E+01-0.250000000E+01-0.325000000E+01
 
 1    1349       0       2
-0.100000000E+01 0.250000000E+01-0.325000000E+01
 
 1    1350       0       2
 0.250000000E+01 0.100000000E+01-0.325000000E+01
 
 1    1351       0       2
 0.500000000E+01 0.249946332E+01-0.184578192E+01
 
 1    1352       0       2
 0.500000000E+01 0.249925208E+01-0.138329065E+01
 
 1    1353       0       2
 0.500000000E+01 0.299955797E+01-0.184256852E+01
 
 1    1354       0       2
 0.500000000E+01 0.299938297E+01-0.138063776E+01
 
 1    1355       0       2
 0.500000000E+01 0.498826534E+00-0.138791895E+01
 
 1    1356       0       2
 0.500000000E+01 0.499247342E+00-0.185082495E+01
 
 1    1357       0       2
 0.500000000E+01-0.144754897E-02-0.139007378E+01
 
 1    1358       0       2
 0.500000000E+01-0.102066505E-02-0.185273874E+01
 
 1    1359       0       2
-0.121258455E-02-0.500000000E+01-0.185802174E+01
 
 1    1360       0       2
-0.125140615E-02-0.500000000E+01-0.139496672E+01
 
 1    1361       0       2
 0.499357283E+00-0.500000000E+01-0.185731113E+01
 
 1    1362       0       2
 0.499284148E+00-0.500000000E+01-0.139405680E+01
 
 2       1       4       2       0
       4       0       1
     997     992     990     993
 2       2       4       2       0
       4       0       1
     992     996     991     990
 2       3       4       2       0
       4       0       1
     991     995     994     990
 2       4       4       2       0
       4       0       1
     994     998     993     990
 2       5       4       2       0
       4       0       1
     991    1001     999     995
 2       6       4       2       0
       4       0       1
     996    1002    1001     991
 2       7       4       2       0
       4       0       1
     992    1295    1000     996
 2       8       4       2       0
       4       0       1
     997    1004    1295     992
 2       9       4       2       0
       4       0       1
     993    1326    1003     997
 2      10       4       2       0
       4       0       1
     998    1006    1326     993
 2      11       4       2       0
       4       0       1
     995    1007    1291     994
 2      12       4       2       0
       4       0       1
    1291    1005     998     994
 2      13       4       2       0
       4       0       1
     999    1008    1007     995
 2      14       4       2       0
       4       0       1
    1000    1009    1002     996
 2      15       4       2       0
       4       0       1
    1003    1010    1004     997
 2      16       4       2       0
       4       0       1
    1005    1011    1006     998
 2      17       4       2       0
       4       0       1
    1001    1014    1013     999
 2      18       4       2       0
       4       0       1
     999    1013    1012    1008
 2      19       4       2       0
       4       0       1
    1295    1019    1018    1000
 2      20       4       2       0
       4       0       1
    1000    1018    1017    1009
 2      21       4       2       0
       4       0       1
    1009    1016    1015    1002
 2      22       4       2       0
       4       0       1
    1002    1015    1014    1001
 2      23       4       2       0
       4       0       1
    1326    1309    1022    1003
 2      24       4       2       0
       4       0       1
    1003    1022    1343    1010
 2      25       4       2       0
       4       0       1
    1010    1021    1020    1004
 2      26       4       2       0
       4       0       1
    1004    1020    1019    1295
 2      27       4       2       0
       4       0       1
    1291    1311    1025    1005
 2      28       4       2       0
       4       0       1
    1005    1025    1344    1011
 2      29       4       2       0
       4       0       1
    1011    1024    1023    1006
 2      30       4       2       0
       4       0       1
    1006    1023    1309    1326
 2      31       4       2       0
       4       0       1
    1008    1310    1026    1007
 2      32       4       2       0
       4       0       1
    1007    1026    1311    1291
 2      33       4       2       0
       4       0       1
    1012    1027    1310    1008
 2      34       4       2       0
       4       0       1
    1017    1028    1016    1009
 2      35       4       2       0
       4       0       1
    1343    1029    1021    1010
 2      36       4       2       0
       4       0       1
    1344    1030    1024    1011
 2      37       4       2       0
       4       0       1
    1310    1303    1045    1026
 2      38       4       2       0
       4       0       1
    1027    1046    1303    1310
 2      39       4       2       0
       4       0       1
    1012    1316    1033    1027
 2      40       4       2       0
       4       0       1
    1014    1308    1031    1013
 2      41       4       2       0
       4       0       1
    1013    1031    1316    1012
 2      42       4       2       0
       4       0       1
    1016    1342    1032    1015
 2      43       4       2       0
       4       0       1
    1015    1032    1308    1014
 2      44       4       2       0
       4       0       1
    1028    1035    1342    1016
 2      45       4       2       0
       4       0       1
    1017    1324    1034    1028
 2      46       4       2       0
       4       0       1
    1019    1037    1036    1018
 2      47       4       2       0
       4       0       1
    1018    1036    1324    1017
 2      48       4       2       0
       4       0       1
    1021    1296    1038    1020
 2      49       4       2       0
       4       0       1
    1020    1038    1037    1019
 2      50       4       2       0
       4       0       1
    1029    1040    1296    1021
 2      51       4       2       0
       4       0       1
    1343    1329    1039    1029
 2      52       4       2       0
       4       0       1
    1309    1306    1041    1022
 2      53       4       2       0
       4       0       1
    1022    1041    1329    1343
 2      54       4       2       0
       4       0       1
    1024    1269    1042    1023
 2      55       4       2       0
       4       0       1
    1023    1042    1306    1309
 2      56       4       2       0
       4       0       1
    1030    1044    1269    1024
 2      57       4       2       0
       4       0       1
    1344    1328    1043    1030
 2      58       4       2       0
       4       0       1
    1311    1283    1293    1025
 2      59       4       2       0
       4       0       1
    1025    1293    1328    1344
 2      60       4       2       0
       4       0       1
    1026    1045    1283    1311
 2      61       4       2       0
       4       0       1
    1033    1047    1046    1027
 2      62       4       2       0
       4       0       1
    1034    1048    1035    1028
 2      63       4       2       0
       4       0       1
    1039    1049    1040    1029
 2      64       4       2       0
       4       0       1
    1043    1050    1044    1030
 2      65       4       2       0
       4       0       1
    1316    1054    1053    1033
 2      66       4       2       0
       4       0       1
    1308    1346    1055    1031
 2      67       4       2       0
       4       0       1
    1031    1055    1054    1316
 2      68       4       2       0
       4       0       1
    1342    1288    1056    1032
 2      69       4       2       0
       4       0       1
    1032    1056    1346    1308
 2      70       4       2       0
       4       0       1
    1033    1053    1052    1047
 2      71       4       2       0
       4       0       1
    1324    1348    1060    1034
 2      72       4       2       0
       4       0       1
    1034    1060    1059    1048
 2      73       4       2       0
       4       0       1
    1048    1058    1057    1035
 2      74       4       2       0
       4       0       1
    1035    1057    1288    1342
 2      75       4       2       0
       4       0       1
    1037    1331    1061    1036
 2      76       4       2       0
       4       0       1
    1036    1061    1348    1324
 2      77       4       2       0
       4       0       1
    1296    1347    1062    1038
 2      78       4       2       0
       4       0       1
    1038    1062    1331    1037
 2      79       4       2       0
       4       0       1
    1329    1289    1065    1039
 2      80       4       2       0
       4       0       1
    1039    1065    1268    1049
 2      81       4       2       0
       4       0       1
    1049    1064    1063    1040
 2      82       4       2       0
       4       0       1
    1040    1063    1347    1296
 2      83       4       2       0
       4       0       1
    1306    1327    1066    1041
 2      84       4       2       0
       4       0       1
    1041    1066    1289    1329
 2      85       4       2       0
       4       0       1
    1269    1350    1067    1042
 2      86       4       2       0
       4       0       1
    1042    1067    1327    1306
 2      87       4       2       0
       4       0       1
    1328    1290    1071    1043
 2      88       4       2       0
       4       0       1
    1043    1071    1070    1050
 2      89       4       2       0
       4       0       1
    1050    1069    1068    1044
 2      90       4       2       0
       4       0       1
    1044    1068    1350    1269
 2      91       4       2       0
       4       0       1
    1283    1323    1072    1293
 2      92       4       2       0
       4       0       1
    1293    1072    1290    1328
 2      93       4       2       0
       4       0       1
    1303    1349    1073    1045
 2      94       4       2       0
       4       0       1
    1045    1073    1323    1283
 2      95       4       2       0
       4       0       1
    1047    1051    1281    1046
 2      96       4       2       0
       4       0       1
    1046    1281    1349    1303
 2      97       4       2       0
       4       0       1
    1052    1074    1051    1047
 2      98       4       2       0
       4       0       1
    1059    1075    1058    1048
 2      99       4       2       0
       4       0       1
    1268    1076    1064    1049
 2     100       4       2       0
       4       0       1
    1070    1077    1069    1050
 2     101       4       2       0
       4       0       1
    1051    1280    1105    1281
 2     102       4       2       0
       4       0       1
    1074    1106    1280    1051
 2     103       4       2       0
       4       0       1
    1052    1078    1084    1074
 2     104       4       2       0
       4       0       1
    1054    1080    1079    1053
 2     105       4       2       0
       4       0       1
    1053    1079    1078    1052
 2     106       4       2       0
       4       0       1
    1346    1294    1081    1055
 2     107       4       2       0
       4       0       1
    1055    1081    1080    1054
 2     108       4       2       0
       4       0       1
    1288    1325    1082    1056
 2     109       4       2       0
       4       0       1
    1056    1082    1294    1346
 2     110       4       2       0
       4       0       1
    1058    1086    1083    1057
 2     111       4       2       0
       4       0       1
    1057    1083    1325    1288
 2     112       4       2       0
       4       0       1
    1075    1087    1086    1058
 2     113       4       2       0
       4       0       1
    1059    1088    1085    1075
 2     114       4       2       0
       4       0       1
    1348    1314    1089    1060
 2     115       4       2       0
       4       0       1
    1060    1089    1088    1059
 2     116       4       2       0
       4       0       1
    1331    1315    1090    1061
 2     117       4       2       0
       4       0       1
    1061    1090    1314    1348
 2     118       4       2       0
       4       0       1
    1347    1299    1091    1062
 2     119       4       2       0
       4       0       1
    1062    1091    1315    1331
 2     120       4       2       0
       4       0       1
    1064    1267    1092    1063
 2     121       4       2       0
       4       0       1
    1063    1092    1299    1347
 2     122       4       2       0
       4       0       1
    1076    1094    1267    1064
 2     123       4       2       0
       4       0       1
    1268    1345    1093    1076
 2     124       4       2       0
       4       0       1
    1289    1322    1095    1065
 2     125       4       2       0
       4       0       1
    1065    1095    1345    1268
 2     126       4       2       0
       4       0       1
    1327    1287    1096    1066
 2     127       4       2       0
       4       0       1
    1066    1096    1322    1289
 2     128       4       2       0
       4       0       1
    1350    1313    1097    1067
 2     129       4       2       0
       4       0       1
    1067    1097    1287    1327
 2     130       4       2       0
       4       0       1
    1069    1336    1098    1068
 2     131       4       2       0
       4       0       1
    1068    1098    1313    1350
 2     132       4       2       0
       4       0       1
    1077    1100    1336    1069
 2     133       4       2       0
       4       0       1
    1070    1101    1099    1077
 2     134       4       2       0
       4       0       1
    1290    1321    1102    1071
 2     135       4       2       0
       4       0       1
    1071    1102    1101    1070
 2     136       4       2       0
       4       0       1
    1323    1286    1103    1072
 2     137       4       2       0
       4       0       1
    1072    1103    1321    1290
 2     138       4       2       0
       4       0       1
    1349    1312    1104    1073
 2     139       4       2       0
       4       0       1
    1073    1104    1286    1323
 2     140       4       2       0
       4       0       1
    1281    1105    1312    1349
 2     141       4       2       0
       4       0       1
    1084    1107    1106    1074
 2     142       4       2       0
       4       0       1
    1085    1108    1087    1075
 2     143       4       2       0
       4       0       1
    1093    1109    1094    1076
 2     144       4       2       0
       4       0       1
    1099    1110    1100    1077
 2     145       4       2       0
       4       0       1
    1078    1114    1113    1084
 2     146       4       2       0
       4       0       1
    1080    1116    1115    1079
 2     147       4       2       0
       4       0       1
    1079    1115    1114    1078
 2     148       4       2       0
       4       0       1
    1294    1282    1117    1081
 2     149       4       2       0
       4       0       1
    1081    1117    1116    1080
 2     150       4       2       0
       4       0       1
    1325    1341    1118    1082
 2     151       4       2       0
       4       0       1
    1082    1118    1282    1294
 2     152       4       2       0
       4       0       1
    1086    1284    1119    1083
 2     153       4       2       0
       4       0       1
    1083    1119    1341    1325
 2     154       4       2       0
       4       0       1
    1084    1113    1112    1107
 2     155       4       2       0
       4       0       1
    1088    1278    1122    1085
 2     156       4       2       0
       4       0       1
    1085    1122    1121    1108
 2     157       4       2       0
       4       0       1
    1108    1120    1276    1087
 2     158       4       2       0
       4       0       1
    1087    1276    1284    1086
 2     159       4       2       0
       4       0       1
    1314    1124    1123    1089
 2     160       4       2       0
       4       0       1
    1089    1123    1278    1088
 2     161       4       2       0
       4       0       1
    1315    1277    1125    1090
 2     162       4       2       0
       4       0       1
    1090    1125    1124    1314
 2     163       4       2       0
       4       0       1
    1299    1319    1126    1091
 2     164       4       2       0
       4       0       1
    1091    1126    1277    1315
 2     165       4       2       0
       4       0       1
    1267    1340    1127    1092
 2     166       4       2       0
       4       0       1
    1092    1127    1319    1299
 2     167       4       2       0
       4       0       1
    1345    1272    1129    1093
 2     168       4       2       0
       4       0       1
    1093    1129    1273    1109
 2     169       4       2       0
       4       0       1
    1109    1128    1320    1094
 2     170       4       2       0
       4       0       1
    1094    1320    1340    1267
 2     171       4       2       0
       4       0       1
    1322    1318    1130    1095
 2     172       4       2       0
       4       0       1
    1095    1130    1272    1345
 2     173       4       2       0
       4       0       1
    1287    1304    1131    1096
 2     174       4       2       0
       4       0       1
    1096    1131    1318    1322
 2     175       4       2       0
       4       0       1
    1313    1133    1132    1097
 2     176       4       2       0
       4       0       1
    1097    1132    1304    1287
 2     177       4       2       0
       4       0       1
    1336    1330    1134    1098
 2     178       4       2       0
       4       0       1
    1098    1134    1133    1313
 2     179       4       2       0
       4       0       1
    1101    1285    1137    1099
 2     180       4       2       0
       4       0       1
    1099    1137    1301    1110
 2     181       4       2       0
       4       0       1
    1110    1136    1135    1100
 2     182       4       2       0
       4       0       1
    1100    1135    1330    1336
 2     183       4       2       0
       4       0       1
    1321    1317    1138    1102
 2     184       4       2       0
       4       0       1
    1102    1138    1285    1101
 2     185       4       2       0
       4       0       1
    1286    1305    1139    1103
 2     186       4       2       0
       4       0       1
    1103    1139    1317    1321
 2     187       4       2       0
       4       0       1
    1312    1141    1140    1104
 2     188       4       2       0
       4       0       1
    1104    1140    1305    1286
 2     189       4       2       0
       4       0       1
    1280    1279    1142    1105
 2     190       4       2       0
       4       0       1
    1105    1142    1141    1312
 2     191       4       2       0
       4       0       1
    1107    1111    1143    1106
 2     192       4       2       0
       4       0       1
    1106    1143    1279    1280
 2     193       4       2       0
       4       0       1
    1112    1144    1111    1107
 2     194       4       2       0
       4       0       1
    1121    1145    1120    1108
 2     195       4       2       0
       4       0       1
    1273    1146    1128    1109
 2     196       4       2       0
       4       0       1
    1301    1147    1136    1110
 2     197       4       2       0
       4       0       1
    1111    1274    1191    1143
 2     198       4       2       0
       4       0       1
    1144    1339    1274    1111
 2     199       4       2       0
       4       0       1
    1112    1148    1157    1144
 2     200       4       2       0
       4       0       1
    1114    1150    1149    1113
 2     201       4       2       0
       4       0       1
    1113    1149    1148    1112
 2     202       4       2       0
       4       0       1
    1116    1152    1151    1115
 2     203       4       2       0
       4       0       1
    1115    1151    1150    1114
 2     204       4       2       0
       4       0       1
    1282    1298    1153    1117
 2     205       4       2       0
       4       0       1
    1117    1153    1152    1116
 2     206       4       2       0
       4       0       1
    1341    1275    1154    1118
 2     207       4       2       0
       4       0       1
    1118    1154    1298    1282
 2     208       4       2       0
       4       0       1
    1284    1292    1155    1119
 2     209       4       2       0
       4       0       1
    1119    1155    1275    1341
 2     210       4       2       0
       4       0       1
    1120    1159    1156    1276
 2     211       4       2       0
       4       0       1
    1276    1156    1292    1284
 2     212       4       2       0
       4       0       1
    1145    1160    1159    1120
 2     213       4       2       0
       4       0       1
    1121    1161    1158    1145
 2     214       4       2       0
       4       0       1
    1278    1163    1162    1122
 2     215       4       2       0
       4       0       1
    1122    1162    1161    1121
 2     216       4       2       0
       4       0       1
    1124    1165    1164    1123
 2     217       4       2       0
       4       0       1
    1123    1164    1163    1278
 2     218       4       2       0
       4       0       1
    1277    1167    1166    1125
 2     219       4       2       0
       4       0       1
    1125    1166    1165    1124
 2     220       4       2       0
       4       0       1
    1319    1169    1168    1126
 2     221       4       2       0
       4       0       1
    1126    1168    1167    1277
 2     222       4       2       0
       4       0       1
    1340    1307    1170    1127
 2     223       4       2       0
       4       0       1
    1127    1170    1169    1319
 2     224       4       2       0
       4       0       1
    1128    1302    1171    1320
 2     225       4       2       0
       4       0       1
    1320    1171    1307    1340
 2     226       4       2       0
       4       0       1
    1146    1173    1302    1128
 2     227       4       2       0
       4       0       1
    1273    1297    1172    1146
 2     228       4       2       0
       4       0       1
    1272    1333    1174    1129
 2     229       4       2       0
       4       0       1
    1129    1174    1297    1273
 2     230       4       2       0
       4       0       1
    1318    1332    1175    1130
 2     231       4       2       0
       4       0       1
    1130    1175    1333    1272
 2     232       4       2       0
       4       0       1
    1304    1338    1176    1131
 2     233       4       2       0
       4       0       1
    1131    1176    1332    1318
 2     234       4       2       0
       4       0       1
    1133    1178    1177    1132
 2     235       4       2       0
       4       0       1
    1132    1177    1338    1304
 2     236       4       2       0
       4       0       1
    1330    1300    1179    1134
 2     237       4       2       0
       4       0       1
    1134    1179    1178    1133
 2     238       4       2       0
       4       0       1
    1136    1270    1180    1135
 2     239       4       2       0
       4       0       1
    1135    1180    1300    1330
 2     240       4       2       0
       4       0       1
    1147    1182    1270    1136
 2     241       4       2       0
       4       0       1
    1301    1183    1181    1147
 2     242       4       2       0
       4       0       1
    1285    1335    1184    1137
 2     243       4       2       0
       4       0       1
    1137    1184    1183    1301
 2     244       4       2       0
       4       0       1
    1317    1334    1185    1138
 2     245       4       2       0
       4       0       1
    1138    1185    1335    1285
 2     246       4       2       0
       4       0       1
    1305    1337    1186    1139
 2     247       4       2       0
       4       0       1
    1139    1186    1334    1317
 2     248       4       2       0
       4       0       1
    1141    1188    1187    1140
 2     249       4       2       0
       4       0       1
    1140    1187    1337    1305
 2     250       4       2       0
       4       0       1
    1279    1190    1189    1142
 2     251       4       2       0
       4       0       1
    1142    1189    1188    1141
 2     252       4       2       0
       4       0       1
    1143    1191    1190    1279
 2     253       4       2       0
       4       0       1
    1157    1192    1339    1144
 2     254       4       2       0
       4       0       1
    1158    1193    1160    1145
 2     255       4       2       0
       4       0       1
    1172    1271    1173    1146
 2     256       4       2       0
       4       0       1
    1181    1194    1182    1147
 2     257       4       2       0
       4       0       1
    1148    1197    1196    1157
 2     258       4       2       0
       4       0       1
    1150    1199    1198    1149
 2     259       4       2       0
       4       0       1
    1149    1198    1197    1148
 2     260       4       2       0
       4       0       1
    1152    1201    1200    1151
 2     261       4       2       0
       4       0       1
    1151    1200    1199    1150
 2     262       4       2       0
       4       0       1
    1298    1203    1202    1153
 2     263       4       2       0
       4       0       1
    1153    1202    1201    1152
 2     264       4       2       0
       4       0       1
    1275    1205    1204    1154
 2     265       4       2       0
       4       0       1
    1154    1204    1203    1298
 2     266       4       2       0
       4       0       1
    1292    1207    1206    1155
 2     267       4       2       0
       4       0       1
    1155    1206    1205    1275
 2     268       4       2       0
       4       0       1
    1159    1209    1208    1156
 2     269       4       2       0
       4       0       1
    1156    1208    1207    1292
 2     270       4       2       0
       4       0       1
    1157    1196    1195    1192
 2     271       4       2       0
       4       0       1
    1161    1215    1214    1158
 2     272       4       2       0
       4       0       1
    1158    1214    1213    1193
 2     273       4       2       0
       4       0       1
    1193    1211    1210    1160
 2     274       4       2       0
       4       0       1
    1160    1210    1209    1159
 2     275       4       2       0
       4       0       1
    1163    1217    1216    1162
 2     276       4       2       0
       4       0       1
    1162    1216    1215    1161
 2     277       4       2       0
       4       0       1
    1165    1219    1218    1164
 2     278       4       2       0
       4       0       1
    1164    1218    1217    1163
 2     279       4       2       0
       4       0       1
    1167    1221    1220    1166
 2     280       4       2       0
       4       0       1
    1166    1220    1219    1165
 2     281       4       2       0
       4       0       1
    1169    1223    1222    1168
 2     282       4       2       0
       4       0       1
    1168    1222    1221    1167
 2     283       4       2       0
       4       0       1
    1307    1225    1224    1170
 2     284       4       2       0
       4       0       1
    1170    1224    1223    1169
 2     285       4       2       0
       4       0       1
    1302    1227    1226    1171
 2     286       4       2       0
       4       0       1
    1171    1226    1225    1307
 2     287       4       2       0
       4       0       1
    1297    1233    1232    1172
 2     288       4       2       0
       4       0       1
    1172    1232    1231    1271
 2     289       4       2       0
       4       0       1
    1271    1229    1228    1173
 2     290       4       2       0
       4       0       1
    1173    1228    1227    1302
 2     291       4       2       0
       4       0       1
    1333    1235    1234    1174
 2     292       4       2       0
       4       0       1
    1174    1234    1233    1297
 2     293       4       2       0
       4       0       1
    1332    1237    1236    1175
 2     294       4       2       0
       4       0       1
    1175    1236    1235    1333
 2     295       4       2       0
       4       0       1
    1338    1239    1238    1176
 2     296       4       2       0
       4       0       1
    1176    1238    1237    1332
 2     297       4       2       0
       4       0       1
    1178    1241    1240    1177
 2     298       4       2       0
       4       0       1
    1177    1240    1239    1338
 2     299       4       2       0
       4       0       1
    1300    1243    1242    1179
 2     300       4       2       0
       4       0       1
    1179    1242    1241    1178
 2     301       4       2       0
       4       0       1
    1270    1245    1244    1180
 2     302       4       2       0
       4       0       1
    1180    1244    1243    1300
 2     303       4       2       0
       4       0       1
    1183    1251    1250    1181
 2     304       4       2       0
       4       0       1
    1181    1250    1249    1194
 2     305       4       2       0
       4       0       1
    1194    1247    1246    1182
 2     306       4       2       0
       4       0       1
    1182    1246    1245    1270
 2     307       4       2       0
       4       0       1
    1335    1253    1252    1184
 2     308       4       2       0
       4       0       1
    1184    1252    1251    1183
 2     309       4       2       0
       4       0       1
    1334    1255    1254    1185
 2     310       4       2       0
       4       0       1
    1185    1254    1253    1335
 2     311       4       2       0
       4       0       1
    1337    1257    1256    1186
 2     312       4       2       0
       4       0       1
    1186    1256    1255    1334
 2     313       4       2       0
       4       0       1
    1188    1259    1258    1187
 2     314       4       2       0
       4       0       1
    1187    1258    1257    1337
 2     315       4       2       0
       4       0       1
    1190    1261    1260    1189
 2     316       4       2       0
       4       0       1
    1189    1260    1259    1188
 2     317       4       2       0
       4       0       1
    1274    1263    1262    1191
 2     318       4       2       0
       4       0       1
    1191    1262    1261    1190
 2     319       4       2       0
       4       0       1
    1192    1265    1264    1339
 2     320       4       2       0
       4       0       1
    1339    1264    1263    1274
 2     321       4       2       0
       4       0       1
    1195    1266    1265    1192
 2     322       4       2       0
       4       0       1
    1213    1212    1211    1193
 2     323       4       2       0
       4       0       1
    1231    1230    1229    1271
 2     324       4       2       0
       4       0       1
    1249    1248    1247    1194
 2     325       4       2       0
       4       0       1
    1195     102     103    1266
 2     326       4       2       0
       4       0       1
    1196     101     102    1195
 2     327       4       2       0
       4       0       1
    1197     100     101    1196
 2     328       4       2       0
       4       0       1
    1198      99     100    1197
 2     329       4       2       0
       4       0       1
    1199      98      99    1198
 2     330       4       2       0
       4       0       1
    1200      97      98    1199
 2     331       4       2       0
       4       0       1
    1201      96      97    1200
 2     332       4       2       0
       4       0       1
    1202      95      96    1201
 2     333       4       2       0
       4       0       1
    1203      94      95    1202
 2     334       4       2       0
       4       0       1
    1204      93      94    1203
 2     335       4       2       0
       4       0       1
    1205      92      93    1204
 2     336       4       2       0
       4       0       1
    1206      91      92    1205
 2     337       4       2       0
       4       0       1
    1207      90      91    1206
 2     338       4       2       0
       4       0       1
    1208      89      90    1207
 2     339       4       2       0
       4       0       1
    1209      88      89    1208
 2     340       4       2       0
       4       0       1
    1210      87      88    1209
 2     341       4       2       0
       4       0       1
    1211      86      87    1210
 2     342       4       2       0
       4       0       1
    1212      85      86    1211
 2     343       4       2       0
       4       0       1
    1212     166       5      85
 2     344       4       2       0
       4       0       1
    1213     167     166    1212
 2     345       4       2       0
       4       0       1
    1214     168     167    1213
 2     346       4       2       0
       4       0       1
    1215     169     168    1214
 2     347       4       2       0
       4       0       1
    1216     170     169    1215
 2     348       4       2       0
       4       0       1
    1217     171     170    1216
 2     349       4       2       0
       4       0       1
    1218     172     171    1217
 2     350       4       2       0
       4       0       1
    1219     173     172    1218
 2     351       4       2       0
       4       0       1
    1220     174     173    1219
 2     352       4       2       0
       4       0       1
    1221     175     174    1220
 2     353       4       2       0
       4       0       1
    1222     176     175    1221
 2     354       4       2       0
       4       0       1
    1223     177     176    1222
 2     355       4       2       0
       4       0       1
    1224     178     177    1223
 2     356       4       2       0
       4       0       1
    1225     179     178    1224
 2     357       4       2       0
       4       0       1
    1226     180     179    1225
 2     358       4       2       0
       4       0       1
    1227     181     180    1226
 2     359       4       2       0
       4       0       1
    1228     182     181    1227
 2     360       4       2       0
       4       0       1
    1229     183     182    1228
 2     361       4       2       0
       4       0       1
    1230     184     183    1229
 2     362       4       2       0
       4       0       1
    1230     141       8     184
 2     363       4       2       0
       4       0       1
    1231     142     141    1230
 2     364       4       2       0
       4       0       1
    1232     143     142    1231
 2     365       4       2       0
       4       0       1
    1233     144     143    1232
 2     366       4       2       0
       4       0       1
    1234     145     144    1233
 2     367       4       2       0
       4       0       1
    1235     146     145    1234
 2     368       4       2       0
       4       0       1
    1236     147     146    1235
 2     369       4       2       0
       4       0       1
    1237     148     147    1236
 2     370       4       2       0
       4       0       1
    1238     149     148    1237
 2     371       4       2       0
       4       0       1
    1239     150     149    1238
 2     372       4       2       0
       4       0       1
    1240     151     150    1239
 2     373       4       2       0
       4       0       1
    1241     152     151    1240
 2     374       4       2       0
       4       0       1
    1242     153     152    1241
 2     375       4       2       0
       4       0       1
    1243     154     153    1242
 2     376       4       2       0
       4       0       1
    1244     155     154    1243
 2     377       4       2       0
       4       0       1
    1245     156     155    1244
 2     378       4       2       0
       4       0       1
    1246     157     156    1245
 2     379       4       2       0
       4       0       1
    1247     158     157    1246
 2     380       4       2       0
       4       0       1
    1248     159     158    1247
 2     381       4       2       0
       4       0       1
    1248     134       7     159
 2     382       4       2       0
       4       0       1
    1249     133     134    1248
 2     383       4       2       0
       4       0       1
    1250     132     133    1249
 2     384       4       2       0
       4       0       1
    1251     131     132    1250
 2     385       4       2       0
       4       0       1
    1252     130     131    1251
 2     386       4       2       0
       4       0       1
    1253     129     130    1252
 2     387       4       2       0
       4       0       1
    1254     128     129    1253
 2     388       4       2       0
       4       0       1
    1255     127     128    1254
 2     389       4       2       0
       4       0       1
    1256     126     127    1255
 2     390       4       2       0
       4       0       1
    1257     125     126    1256
 2     391       4       2       0
       4       0       1
    1258     124     125    1257
 2     392       4       2       0
       4       0       1
    1259     123     124    1258
 2     393       4       2       0
       4       0       1
    1260     122     123    1259
 2     394       4       2       0
       4       0       1
    1261     121     122    1260
 2     395       4       2       0
       4       0       1
    1262     120     121    1261
 2     396       4       2       0
       4       0       1
    1263     119     120    1262
 2     397       4       2       0
       4       0       1
    1264     118     119    1263
 2     398       4       2       0
       4       0       1
    1265     117     118    1264
 2     399       4       2       0
       4       0       1
    1266     116     117    1265
 2     400       4       2       0
       4       0       1
     103       6     116    1266
 2     401       4       2       0
       4       0       2
     629     632     636     631
 2     402       4       2       0
       4       0       2
     631     635     630     629
 2     403       4       2       0
       4       0       2
     630     634     633     629
 2     404       4       2       0
       4       0       2
     633     637     632     629
 2     405       4       2       0
       4       0       2
     630     966     638     634
 2     406       4       2       0
       4       0       2
     635     640     966     630
 2     407       4       2       0
       4       0       2
     631     917     639     635
 2     408       4       2       0
       4       0       2
     636     642     917     631
 2     409       4       2       0
       4       0       2
     632     980     641     636
 2     410       4       2       0
       4       0       2
     637     644     980     632
 2     411       4       2       0
       4       0       2
     634     928     645     633
 2     412       4       2       0
       4       0       2
     645     643     637     633
 2     413       4       2       0
       4       0       2
     638     646     928     634
 2     414       4       2       0
       4       0       2
     639     647     640     635
 2     415       4       2       0
       4       0       2
     641     648     642     636
 2     416       4       2       0
       4       0       2
     643     649     644     637
 2     417       4       2       0
       4       0       2
     966     652     651     638
 2     418       4       2       0
       4       0       2
     638     651     965     646
 2     419       4       2       0
       4       0       2
     917     940     656     639
 2     420       4       2       0
       4       0       2
     639     656     655     647
 2     421       4       2       0
       4       0       2
     647     654     653     640
 2     422       4       2       0
       4       0       2
     640     653     652     966
 2     423       4       2       0
       4       0       2
     980     660     659     641
 2     424       4       2       0
       4       0       2
     641     659     952     648
 2     425       4       2       0
       4       0       2
     648     658     657     642
 2     426       4       2       0
       4       0       2
     642     657     940     917
 2     427       4       2       0
       4       0       2
     645     665     664     643
 2     428       4       2       0
       4       0       2
     643     664     663     649
 2     429       4       2       0
       4       0       2
     649     662     661     644
 2     430       4       2       0
       4       0       2
     644     661     660     980
 2     431       4       2       0
       4       0       2
     646     650     666     928
 2     432       4       2       0
       4       0       2
     928     666     665     645
 2     433       4       2       0
       4       0       2
     965     667     650     646
 2     434       4       2       0
       4       0       2
     655     668     654     647
 2     435       4       2       0
       4       0       2
     952     669     658     648
 2     436       4       2       0
       4       0       2
     663     963     662     649
 2     437       4       2       0
       4       0       2
     650     968     687     666
 2     438       4       2       0
       4       0       2
     667     688     968     650
 2     439       4       2       0
       4       0       2
     965     919     672     667
 2     440       4       2       0
       4       0       2
     652     949     670     651
 2     441       4       2       0
       4       0       2
     651     670     919     965
 2     442       4       2       0
       4       0       2
     654     969     671     653
 2     443       4       2       0
       4       0       2
     653     671     949     652
 2     444       4       2       0
       4       0       2
     668     674     969     654
 2     445       4       2       0
       4       0       2
     655     941     673     668
 2     446       4       2       0
       4       0       2
     940     955     675     656
 2     447       4       2       0
       4       0       2
     656     675     941     655
 2     448       4       2       0
       4       0       2
     658     934     676     657
 2     449       4       2       0
       4       0       2
     657     676     955     940
 2     450       4       2       0
       4       0       2
     669     678     934     658
 2     451       4       2       0
       4       0       2
     952     956     677     669
 2     452       4       2       0
       4       0       2
     660     945     679     659
 2     453       4       2       0
       4       0       2
     659     679     956     952
 2     454       4       2       0
       4       0       2
     662     682     680     661
 2     455       4       2       0
       4       0       2
     661     680     945     660
 2     456       4       2       0
       4       0       2
     963     683     682     662
 2     457       4       2       0
       4       0       2
     663     684     681     963
 2     458       4       2       0
       4       0       2
     665     686     685     664
 2     459       4       2       0
       4       0       2
     664     685     684     663
 2     460       4       2       0
       4       0       2
     666     687     686     665
 2     461       4       2       0
       4       0       2
     672     689     688     667
 2     462       4       2       0
       4       0       2
     673     690     674     668
 2     463       4       2       0
       4       0       2
     677     691     678     669
 2     464       4       2       0
       4       0       2
     681     692     683     963
 2     465       4       2       0
       4       0       2
     919     988     694     672
 2     466       4       2       0
       4       0       2
     949     967     695     670
 2     467       4       2       0
       4       0       2
     670     695     988     919
 2     468       4       2       0
       4       0       2
     969     938     696     671
 2     469       4       2       0
       4       0       2
     671     696     967     949
 2     470       4       2       0
       4       0       2
     672     694     936     689
 2     471       4       2       0
       4       0       2
     941     987     699     673
 2     472       4       2       0
       4       0       2
     673     699     916     690
 2     473       4       2       0
       4       0       2
     690     698     697     674
 2     474       4       2       0
       4       0       2
     674     697     938     969
 2     475       4       2       0
       4       0       2
     955     973     932     675
 2     476       4       2       0
       4       0       2
     675     932     987     941
 2     477       4       2       0
       4       0       2
     934     989     931     676
 2     478       4       2       0
       4       0       2
     676     931     973     955
 2     479       4       2       0
       4       0       2
     956     704     703     677
 2     480       4       2       0
       4       0       2
     677     703     702     691
 2     481       4       2       0
       4       0       2
     691     701     700     678
 2     482       4       2       0
       4       0       2
     678     700     989     934
 2     483       4       2       0
       4       0       2
     945     986     705     679
 2     484       4       2       0
       4       0       2
     679     705     704     956
 2     485       4       2       0
       4       0       2
     682     707     706     680
 2     486       4       2       0
       4       0       2
     680     706     986     945
 2     487       4       2       0
       4       0       2
     684     712     711     681
 2     488       4       2       0
       4       0       2
     681     711     710     692
 2     489       4       2       0
       4       0       2
     692     709     708     683
 2     490       4       2       0
       4       0       2
     683     708     707     682
 2     491       4       2       0
       4       0       2
     686     714     713     685
 2     492       4       2       0
       4       0       2
     685     713     712     684
 2     493       4       2       0
       4       0       2
     968     924     715     687
 2     494       4       2       0
       4       0       2
     687     715     714     686
 2     495       4       2       0
       4       0       2
     689     693     716     688
 2     496       4       2       0
       4       0       2
     688     716     924     968
 2     497       4       2       0
       4       0       2
     936     717     693     689
 2     498       4       2       0
       4       0       2
     916     718     698     690
 2     499       4       2       0
       4       0       2
     702     719     701     691
 2     500       4       2       0
       4       0       2
     710     720     709     692
 2     501       4       2       0
       4       0       2
     693     984     749     716
 2     502       4       2       0
       4       0       2
     717     750     984     693
 2     503       4       2       0
       4       0       2
     936     978     725     717
 2     504       4       2       0
       4       0       2
     988     951     721     694
 2     505       4       2       0
       4       0       2
     694     721     978     936
 2     506       4       2       0
       4       0       2
     967     937     722     695
 2     507       4       2       0
       4       0       2
     695     722     951     988
 2     508       4       2       0
       4       0       2
     938     962     723     696
 2     509       4       2       0
       4       0       2
     696     723     937     967
 2     510       4       2       0
       4       0       2
     698     985     724     697
 2     511       4       2       0
       4       0       2
     697     724     962     938
 2     512       4       2       0
       4       0       2
     718     727     985     698
 2     513       4       2       0
       4       0       2
     916     915     726     718
 2     514       4       2       0
       4       0       2
     987     943     728     699
 2     515       4       2       0
       4       0       2
     699     728     915     916
 2     516       4       2       0
       4       0       2
     973     954     729     932
 2     517       4       2       0
       4       0       2
     932     729     943     987
 2     518       4       2       0
       4       0       2
     989     953     730     931
 2     519       4       2       0
       4       0       2
     931     730     954     973
 2     520       4       2       0
       4       0       2
     701     733     731     700
 2     521       4       2       0
       4       0       2
     700     731     953     989
 2     522       4       2       0
       4       0       2
     719     734     733     701
 2     523       4       2       0
       4       0       2
     702     920     732     719
 2     524       4       2       0
       4       0       2
     704     927     735     703
 2     525       4       2       0
       4       0       2
     703     735     920     702
 2     526       4       2       0
       4       0       2
     986     925     736     705
 2     527       4       2       0
       4       0       2
     705     736     927     704
 2     528       4       2       0
       4       0       2
     707     738     737     706
 2     529       4       2       0
       4       0       2
     706     737     925     986
 2     530       4       2       0
       4       0       2
     709     741     739     708
 2     531       4       2       0
       4       0       2
     708     739     738     707
 2     532       4       2       0
       4       0       2
     720     742     741     709
 2     533       4       2       0
       4       0       2
     710     743     740     720
 2     534       4       2       0
       4       0       2
     712     745     744     711
 2     535       4       2       0
       4       0       2
     711     744     743     710
 2     536       4       2       0
       4       0       2
     714     747     746     713
 2     537       4       2       0
       4       0       2
     713     746     745     712
 2     538       4       2       0
       4       0       2
     924     961     748     715
 2     539       4       2       0
       4       0       2
     715     748     747     714
 2     540       4       2       0
       4       0       2
     716     749     961     924
 2     541       4       2       0
       4       0       2
     725     751     750     717
 2     542       4       2       0
       4       0       2
     726     752     727     718
 2     543       4       2       0
       4       0       2
     732     753     734     719
 2     544       4       2       0
       4       0       2
     740     754     742     720
 2     545       4       2       0
       4       0       2
     978     971     756     725
 2     546       4       2       0
       4       0       2
     951     758     757     721
 2     547       4       2       0
       4       0       2
     721     757     971     978
 2     548       4       2       0
       4       0       2
     937     946     759     722
 2     549       4       2       0
       4       0       2
     722     759     758     951
 2     550       4       2       0
       4       0       2
     962     958     760     723
 2     551       4       2       0
       4       0       2
     723     760     946     937
 2     552       4       2       0
       4       0       2
     985     923     761     724
 2     553       4       2       0
       4       0       2
     724     761     958     962
 2     554       4       2       0
       4       0       2
     725     756     983     751
 2     555       4       2       0
       4       0       2
     915     981     764     726
 2     556       4       2       0
       4       0       2
     726     764     982     752
 2     557       4       2       0
       4       0       2
     752     763     762     727
 2     558       4       2       0
       4       0       2
     727     762     923     985
 2     559       4       2       0
       4       0       2
     943     960     765     728
 2     560       4       2       0
       4       0       2
     728     765     981     915
 2     561       4       2       0
       4       0       2
     954     930     766     729
 2     562       4       2       0
       4       0       2
     729     766     960     943
 2     563       4       2       0
       4       0       2
     953     929     767     730
 2     564       4       2       0
       4       0       2
     730     767     930     954
 2     565       4       2       0
       4       0       2
     733     769     768     731
 2     566       4       2       0
       4       0       2
     731     768     929     953
 2     567       4       2       0
       4       0       2
     920     970     773     732
 2     568       4       2       0
       4       0       2
     732     773     772     753
 2     569       4       2       0
       4       0       2
     753     771     770     734
 2     570       4       2       0
       4       0       2
     734     770     769     733
 2     571       4       2       0
       4       0       2
     927     775     774     735
 2     572       4       2       0
       4       0       2
     735     774     970     920
 2     573       4       2       0
       4       0       2
     925     947     776     736
 2     574       4       2       0
       4       0       2
     736     776     775     927
 2     575       4       2       0
       4       0       2
     738     777     972     737
 2     576       4       2       0
       4       0       2
     737     972     947     925
 2     577       4       2       0
       4       0       2
     741     779     778     739
 2     578       4       2       0
       4       0       2
     739     778     777     738
 2     579       4       2       0
       4       0       2
     743     783     782     740
 2     580       4       2       0
       4       0       2
     740     782     948     754
 2     581       4       2       0
       4       0       2
     754     781     780     742
 2     582       4       2       0
       4       0       2
     742     780     779     741
 2     583       4       2       0
       4       0       2
     745     785     784     744
 2     584       4       2       0
       4       0       2
     744     784     783     743
 2     585       4       2       0
       4       0       2
     747     787     786     746
 2     586       4       2       0
       4       0       2
     746     786     785     745
 2     587       4       2       0
       4       0       2
     961     957     788     748
 2     588       4       2       0
       4       0       2
     748     788     787     747
 2     589       4       2       0
       4       0       2
     984     935     789     749
 2     590       4       2       0
       4       0       2
     749     789     957     961
 2     591       4       2       0
       4       0       2
     751     755     790     750
 2     592       4       2       0
       4       0       2
     750     790     935     984
 2     593       4       2       0
       4       0       2
     983     791     755     751
 2     594       4       2       0
       4       0       2
     982     792     763     752
 2     595       4       2       0
       4       0       2
     772     793     771     753
 2     596       4       2       0
       4       0       2
     948     794     781     754
 2     597       4       2       0
       4       0       2
     755     839     838     790
 2     598       4       2       0
       4       0       2
     791     840     839     755
 2     599       4       2       0
       4       0       2
     983     950     926     791
 2     600       4       2       0
       4       0       2
     971     959     795     756
 2     601       4       2       0
       4       0       2
     756     795     950     983
 2     602       4       2       0
       4       0       2
     758     797     796     757
 2     603       4       2       0
       4       0       2
     757     796     959     971
 2     604       4       2       0
       4       0       2
     946     979     798     759
 2     605       4       2       0
       4       0       2
     759     798     797     758
 2     606       4       2       0
       4       0       2
     958     974     799     760
 2     607       4       2       0
       4       0       2
     760     799     979     946
 2     608       4       2       0
       4       0       2
     923     975     800     761
 2     609       4       2       0
       4       0       2
     761     800     974     958
 2     610       4       2       0
       4       0       2
     763     803     801     762
 2     611       4       2       0
       4       0       2
     762     801     975     923
 2     612       4       2       0
       4       0       2
     792     804     803     763
 2     613       4       2       0
       4       0       2
     982     944     802     792
 2     614       4       2       0
       4       0       2
     981     806     805     764
 2     615       4       2       0
       4       0       2
     764     805     944     982
 2     616       4       2       0
       4       0       2
     960     964     807     765
 2     617       4       2       0
       4       0       2
     765     807     806     981
 2     618       4       2       0
       4       0       2
     930     809     808     766
 2     619       4       2       0
       4       0       2
     766     808     964     960
 2     620       4       2       0
       4       0       2
     929     811     810     767
 2     621       4       2       0
       4       0       2
     767     810     809     930
 2     622       4       2       0
       4       0       2
     769     813     812     768
 2     623       4       2       0
       4       0       2
     768     812     811     929
 2     624       4       2       0
       4       0       2
     771     816     814     770
 2     625       4       2       0
       4       0       2
     770     814     813     769
 2     626       4       2       0
       4       0       2
     793     817     816     771
 2     627       4       2       0
       4       0       2
     772     818     815     793
 2     628       4       2       0
       4       0       2
     970     820     819     773
 2     629       4       2       0
       4       0       2
     773     819     818     772
 2     630       4       2       0
       4       0       2
     775     822     821     774
 2     631       4       2       0
       4       0       2
     774     821     820     970
 2     632       4       2       0
       4       0       2
     947     933     823     776
 2     633       4       2       0
       4       0       2
     776     823     822     775
 2     634       4       2       0
       4       0       2
     777     942     824     972
 2     635       4       2       0
       4       0       2
     972     824     933     947
 2     636       4       2       0
       4       0       2
     779     939     825     778
 2     637       4       2       0
       4       0       2
     778     825     942     777
 2     638       4       2       0
       4       0       2
     781     828     826     780
 2     639       4       2       0
       4       0       2
     780     826     939     779
 2     640       4       2       0
       4       0       2
     794     829     828     781
 2     641       4       2       0
       4       0       2
     948     830     827     794
 2     642       4       2       0
       4       0       2
     783     832     831     782
 2     643       4       2       0
       4       0       2
     782     831     830     948
 2     644       4       2       0
       4       0       2
     785     918     833     784
 2     645       4       2       0
       4       0       2
     784     833     832     783
 2     646       4       2       0
       4       0       2
     787     835     834     786
 2     647       4       2       0
       4       0       2
     786     834     918     785
 2     648       4       2       0
       4       0       2
     957     976     836     788
 2     649       4       2       0
       4       0       2
     788     836     835     787
 2     650       4       2       0
       4       0       2
     935     977     837     789
 2     651       4       2       0
       4       0       2
     789     837     976     957
 2     652       4       2       0
       4       0       2
     790     838     977     935
 2     653       4       2       0
       4       0       2
     926     922     840     791
 2     654       4       2       0
       4       0       2
     802     921     804     792
 2     655       4       2       0
       4       0       2
     815     841     817     793
 2     656       4       2       0
       4       0       2
     827     842     829     794
 2     657       4       2       0
       4       0       2
     950     845     844     926
 2     658       4       2       0
       4       0       2
     959     847     846     795
 2     659       4       2       0
       4       0       2
     795     846     845     950
 2     660       4       2       0
       4       0       2
     797     849     848     796
 2     661       4       2       0
       4       0       2
     796     848     847     959
 2     662       4       2       0
       4       0       2
     979     851     850     798
 2     663       4       2       0
       4       0       2
     798     850     849     797
 2     664       4       2       0
       4       0       2
     974     853     852     799
 2     665       4       2       0
       4       0       2
     799     852     851     979
 2     666       4       2       0
       4       0       2
     975     855     854     800
 2     667       4       2       0
       4       0       2
     800     854     853     974
 2     668       4       2       0
       4       0       2
     803     857     856     801
 2     669       4       2       0
       4       0       2
     801     856     855     975
 2     670       4       2       0
       4       0       2
     926     844     843     922
 2     671       4       2       0
       4       0       2
     944     863     862     802
 2     672       4       2       0
       4       0       2
     802     862     861     921
 2     673       4       2       0
       4       0       2
     921     859     858     804
 2     674       4       2       0
       4       0       2
     804     858     857     803
 2     675       4       2       0
       4       0       2
     806     865     864     805
 2     676       4       2       0
       4       0       2
     805     864     863     944
 2     677       4       2       0
       4       0       2
     964     867     866     807
 2     678       4       2       0
       4       0       2
     807     866     865     806
 2     679       4       2       0
       4       0       2
     809     869     868     808
 2     680       4       2       0
       4       0       2
     808     868     867     964
 2     681       4       2       0
       4       0       2
     811     871     870     810
 2     682       4       2       0
       4       0       2
     810     870     869     809
 2     683       4       2       0
       4       0       2
     813     873     872     812
 2     684       4       2       0
       4       0       2
     812     872     871     811
 2     685       4       2       0
       4       0       2
     816     875     874     814
 2     686       4       2       0
       4       0       2
     814     874     873     813
 2     687       4       2       0
       4       0       2
     818     881     880     815
 2     688       4       2       0
       4       0       2
     815     880     879     841
 2     689       4       2       0
       4       0       2
     841     877     876     817
 2     690       4       2       0
       4       0       2
     817     876     875     816
 2     691       4       2       0
       4       0       2
     820     883     882     819
 2     692       4       2       0
       4       0       2
     819     882     881     818
 2     693       4       2       0
       4       0       2
     822     885     884     821
 2     694       4       2       0
       4       0       2
     821     884     883     820
 2     695       4       2       0
       4       0       2
     933     887     886     823
 2     696       4       2       0
       4       0       2
     823     886     885     822
 2     697       4       2       0
       4       0       2
     942     889     888     824
 2     698       4       2       0
       4       0       2
     824     888     887     933
 2     699       4       2       0
       4       0       2
     939     891     890     825
 2     700       4       2       0
       4       0       2
     825     890     889     942
 2     701       4       2       0
       4       0       2
     828     893     892     826
 2     702       4       2       0
       4       0       2
     826     892     891     939
 2     703       4       2       0
       4       0       2
     830     899     898     827
 2     704       4       2       0
       4       0       2
     827     898     897     842
 2     705       4       2       0
       4       0       2
     842     895     894     829
 2     706       4       2       0
       4       0       2
     829     894     893     828
 2     707       4       2       0
       4       0       2
     832     901     900     831
 2     708       4       2       0
       4       0       2
     831     900     899     830
 2     709       4       2       0
       4       0       2
     918     903     902     833
 2     710       4       2       0
       4       0       2
     833     902     901     832
 2     711       4       2       0
       4       0       2
     835     905     904     834
 2     712       4       2       0
       4       0       2
     834     904     903     918
 2     713       4       2       0
       4       0       2
     976     907     906     836
 2     714       4       2       0
       4       0       2
     836     906     905     835
 2     715       4       2       0
       4       0       2
     977     909     908     837
 2     716       4       2       0
       4       0       2
     837     908     907     976
 2     717       4       2       0
       4       0       2
     839     911     910     838
 2     718       4       2       0
       4       0       2
     838     910     909     977
 2     719       4       2       0
       4       0       2
     922     913     912     840
 2     720       4       2       0
       4       0       2
     840     912     911     839
 2     721       4       2       0
       4       0       2
     843     914     913     922
 2     722       4       2       0
       4       0       2
     861     860     859     921
 2     723       4       2       0
       4       0       2
     879     878     877     841
 2     724       4       2       0
       4       0       2
     897     896     895     842
 2     725       4       2       0
       4       0       2
     843      29      28     914
 2     726       4       2       0
       4       0       2
     844      30      29     843
 2     727       4       2       0
       4       0       2
     845      31      30     844
 2     728       4       2       0
       4       0       2
     846      32      31     845
 2     729       4       2       0
       4       0       2
     847      33      32     846
 2     730       4       2       0
       4       0       2
     848      34      33     847
 2     731       4       2       0
       4       0       2
     849      35      34     848
 2     732       4       2       0
       4       0       2
     850      36      35     849
 2     733       4       2       0
       4       0       2
     851      37      36     850
 2     734       4       2       0
       4       0       2
     852      38      37     851
 2     735       4       2       0
       4       0       2
     853      39      38     852
 2     736       4       2       0
       4       0       2
     854      40      39     853
 2     737       4       2       0
       4       0       2
     855      41      40     854
 2     738       4       2       0
       4       0       2
     856      42      41     855
 2     739       4       2       0
       4       0       2
     857      43      42     856
 2     740       4       2       0
       4       0       2
     858      44      43     857
 2     741       4       2       0
       4       0       2
     859      45      44     858
 2     742       4       2       0
       4       0       2
     860      46      45     859
 2     743       4       2       0
       4       0       2
     860      84       3      46
 2     744       4       2       0
       4       0       2
     861      83      84     860
 2     745       4       2       0
       4       0       2
     862      82      83     861
 2     746       4       2       0
       4       0       2
     863      81      82     862
 2     747       4       2       0
       4       0       2
     864      80      81     863
 2     748       4       2       0
       4       0       2
     865      79      80     864
 2     749       4       2       0
       4       0       2
     866      78      79     865
 2     750       4       2       0
       4       0       2
     867      77      78     866
 2     751       4       2       0
       4       0       2
     868      76      77     867
 2     752       4       2       0
       4       0       2
     869      75      76     868
 2     753       4       2       0
       4       0       2
     870      74      75     869
 2     754       4       2       0
       4       0       2
     871      73      74     870
 2     755       4       2       0
       4       0       2
     872      72      73     871
 2     756       4       2       0
       4       0       2
     873      71      72     872
 2     757       4       2       0
       4       0       2
     874      70      71     873
 2     758       4       2       0
       4       0       2
     875      69      70     874
 2     759       4       2       0
       4       0       2
     876      68      69     875
 2     760       4       2       0
       4       0       2
     877      67      68     876
 2     761       4       2       0
       4       0       2
     878      66      67     877
 2     762       4       2       0
       4       0       2
     878      65       4      66
 2     763       4       2       0
       4       0       2
     879      64      65     878
 2     764       4       2       0
       4       0       2
     880      63      64     879
 2     765       4       2       0
       4       0       2
     881      62      63     880
 2     766       4       2       0
       4       0       2
     882      61      62     881
 2     767       4       2       0
       4       0       2
     883      60      61     882
 2     768       4       2       0
       4       0       2
     884      59      60     883
 2     769       4       2       0
       4       0       2
     885      58      59     884
 2     770       4       2       0
       4       0       2
     886      57      58     885
 2     771       4       2       0
       4       0       2
     887      56      57     886
 2     772       4       2       0
       4       0       2
     888      55      56     887
 2     773       4       2       0
       4       0       2
     889      54      55     888
 2     774       4       2       0
       4       0       2
     890      53      54     889
 2     775       4       2       0
       4       0       2
     891      52      53     890
 2     776       4       2       0
       4       0       2
     892      51      52     891
 2     777       4       2       0
       4       0       2
     893      50      51     892
 2     778       4       2       0
       4       0       2
     894      49      50     893
 2     779       4       2       0
       4       0       2
     895      48      49     894
 2     780       4       2       0
       4       0       2
     896      47      48     895
 2     781       4       2       0
       4       0       2
     896      27       2      47
 2     782       4       2       0
       4       0       2
     897      26      27     896
 2     783       4       2       0
       4       0       2
     898      25      26     897
 2     784       4       2       0
       4       0       2
     899      24      25     898
 2     785       4       2       0
       4       0       2
     900      23      24     899
 2     786       4       2       0
       4       0       2
     901      22      23     900
 2     787       4       2       0
       4       0       2
     902      21      22     901
 2     788       4       2       0
       4       0       2
     903      20      21     902
 2     789       4       2       0
       4       0       2
     904      19      20     903
 2     790       4       2       0
       4       0       2
     905      18      19     904
 2     791       4       2       0
       4       0       2
     906      17      18     905
 2     792       4       2       0
       4       0       2
     907      16      17     906
 2     793       4       2       0
       4       0       2
     908      15      16     907
 2     794       4       2       0
       4       0       2
     909      14      15     908
 2     795       4       2       0
       4       0       2
     910      13      14     909
 2     796       4       2       0
       4       0       2
     911      12      13     910
 2     797       4       2       0
       4       0       2
     912      11      12     911
 2     798       4       2       0
       4       0       2
     913      10      11     912
 2     799       4       2       0
       4       0       2
     914       9      10     913
 2     800       4       2       0
       4       0       2
      28       1       9     914
 2     801       4       2       0
       4       0       1
     529     622     531     530
 2     802       4       2       0
       4       0       1
     528     532     531     622
 2     803       4       2       0
       4       0       1
     527     526     534     533
 2     804       4       2       0
       4       0       1
     526     525     615     534
 2     805       4       2       0
       4       0       1
     525     524     535     615
 2     806       4       2       0
       4       0       1
     524     523     617     535
 2     807       4       2       0
       4       0       1
     617     624     552     535
 2     808       4       2       0
       4       0       1
     523     613     536     617
 2     809       4       2       0
       4       0       1
     536     553     624     617
 2     810       4       2       0
       4       0       1
     523     623     538     613
 2     811       4       2       0
       4       0       1
     538     559     537     613
 2     812       4       2       0
       4       0       1
     618     545    1357    1355
 2     813       4       2       0
       4       0       1
     551     619    1356    1358
 2     814       4       2       0
       4       0       1
     528    1355    1356     532
 2     815       4       2       0
       4       0       1
     619     550     532    1356
 2     816       4       2       0
       4       0       1
     613     537     541     536
 2     817       4       2       0
       4       0       1
     525     543     542     524
 2     818       4       2       0
       4       0       1
     524     542     623     523
 2     819       4       2       0
       4       0       1
     527     625     544     526
 2     820       4       2       0
       4       0       1
     526     544     543     525
 2     821       4       2       0
       4       0       1
     622     627     612     528
 2     822       4       2       0
       4       0       1
     529     546     627     622
 2     823       4       2       0
       4       0       1
     531     628     549     530
 2     824       4       2       0
       4       0       1
    1355    1357    1358    1356
 2     825       4       2       0
       4       0       1
     532     550     628     531
 2     826       4       2       0
       4       0       1
     615     620     611     534
 2     827       4       2       0
       4       0       1
     534     611     626     533
 2     828       4       2       0
       4       0       1
     535     552     620     615
 2     829       4       2       0
       4       0       1
     612     618    1355     528
 2     830       4       2       0
       4       0       1
     541     554     553     536
 2     831       4       2       0
       4       0       1
     548     590     589     621
 2     832       4       2       0
       4       0       1
     589     588     556     621
 2     833       4       2       0
       4       0       1
     537     563     558     541
 2     834       4       2       0
       4       0       1
     559     564     563     537
 2     835       4       2       0
       4       0       1
     623     568     567     538
 2     836       4       2       0
       4       0       1
     567     566     559     538
 2     837       4       2       0
       4       0       1
     539     557     614     540
 2     838       4       2       0
       4       0       1
     556     562     557     539
 2     839       4       2       0
       4       0       1
     540     614     561     555
 2     840       4       2       0
       4       0       1
     541     558     560     554
 2     841       4       2       0
       4       0       1
     543     570     569     542
 2     842       4       2       0
       4       0       1
     542     569     568     623
 2     843       4       2       0
       4       0       1
     625     572     571     544
 2     844       4       2       0
       4       0       1
     544     571     570     543
 2     845       4       2       0
       4       0       1
     618     574     573     545
 2     846       4       2       0
       4       0       1
     545     573     572     625
 2     847       4       2       0
       4       0       1
     627     576     575     612
 2     848       4       2       0
       4       0       1
     612     575     574     618
 2     849       4       2       0
       4       0       1
     616     578     577     546
 2     850       4       2       0
       4       0       1
     546     577     576     627
 2     851       4       2       0
       4       0       1
     555     580     579     547
 2     852       4       2       0
       4       0       1
     547     579     578     616
 2     853       4       2       0
       4       0       1
     628     592     591     549
 2     854       4       2       0
       4       0       1
     549     591     590     548
 2     855       4       2       0
       4       0       1
     619     594     593     550
 2     856       4       2       0
       4       0       1
     550     593     592     628
 2     857       4       2       0
       4       0       1
     626     596     595     551
 2     858       4       2       0
       4       0       1
     551     595     594     619
 2     859       4       2       0
       4       0       1
     620     598     597     611
 2     860       4       2       0
       4       0       1
     611     597     596     626
 2     861       4       2       0
       4       0       1
     624     600     599     552
 2     862       4       2       0
       4       0       1
     552     599     598     620
 2     863       4       2       0
       4       0       1
     554     602     601     553
 2     864       4       2       0
       4       0       1
     553     601     600     624
 2     865       4       2       0
       4       0       1
     560     603     602     554
 2     866       4       2       0
       4       0       1
     561     586     580     555
 2     867       4       2       0
       4       0       1
     556     588     587     562
 2     868       4       2       0
       4       0       1
     614     607     606     561
 2     869       4       2       0
       4       0       1
     562     609     608     557
 2     870       4       2       0
       4       0       1
     557     608     607     614
 2     871       4       2       0
       4       0       1
     558     584     585     560
 2     872       4       2       0
       4       0       1
     563     583     584     558
 2     873       4       2       0
       4       0       1
     559     566     565     564
 2     874       4       2       0
       4       0       1
     585     604     603     560
 2     875       4       2       0
       4       0       1
     561     606     605     586
 2     876       4       2       0
       4       0       1
     587     610     609     562
 2     877       4       2       0
       4       0       1
     564     581     583     563
 2     878       4       2       0
       4       0       1
     565     582     581     564
 2     879       4       2       0
       4       0       1
     565      45      46     582
 2     880       4       2       0
       4       0       1
     566      44      45     565
 2     881       4       2       0
       4       0       1
     567      43      44     566
 2     882       4       2       0
       4       0       1
     568      42      43     567
 2     883       4       2       0
       4       0       1
     569      41      42     568
 2     884       4       2       0
       4       0       1
     570      40      41     569
 2     885       4       2       0
       4       0       1
     571      39      40     570
 2     886       4       2       0
       4       0       1
     572      38      39     571
 2     887       4       2       0
       4       0       1
     573      37      38     572
 2     888       4       2       0
       4       0       1
     574      36      37     573
 2     889       4       2       0
       4       0       1
     575      35      36     574
 2     890       4       2       0
       4       0       1
     576      34      35     575
 2     891       4       2       0
       4       0       1
     577      33      34     576
 2     892       4       2       0
       4       0       1
     578      32      33     577
 2     893       4       2       0
       4       0       1
     579      31      32     578
 2     894       4       2       0
       4       0       1
     580      30      31     579
 2     895       4       2       0
       4       0       1
     586      29      30     580
 2     896       4       2       0
       4       0       1
     581     164     163     583
 2     897       4       2       0
       4       0       1
     582     165     164     581
 2     898       4       2       0
       4       0       1
      46       3     165     582
 2     899       4       2       0
       4       0       1
     583     163     162     584
 2     900       4       2       0
       4       0       1
     584     162     161     585
 2     901       4       2       0
       4       0       1
     585     161     160     604
 2     902       4       2       0
       4       0       1
     605      28      29     586
 2     903       4       2       0
       4       0       1
     587     158     159     610
 2     904       4       2       0
       4       0       1
     588     157     158     587
 2     905       4       2       0
       4       0       1
     589     156     157     588
 2     906       4       2       0
       4       0       1
     590     155     156     589
 2     907       4       2       0
       4       0       1
     591     154     155     590
 2     908       4       2       0
       4       0       1
     592     153     154     591
 2     909       4       2       0
       4       0       1
     593     152     153     592
 2     910       4       2       0
       4       0       1
     594     151     152     593
 2     911       4       2       0
       4       0       1
     595     150     151     594
 2     912       4       2       0
       4       0       1
     596     149     150     595
 2     913       4       2       0
       4       0       1
     597     148     149     596
 2     914       4       2       0
       4       0       1
     598     147     148     597
 2     915       4       2       0
       4       0       1
     599     146     147     598
 2     916       4       2       0
       4       0       1
     600     145     146     599
 2     917       4       2       0
       4       0       1
     601     144     145     600
 2     918       4       2       0
       4       0       1
     602     143     144     601
 2     919       4       2       0
       4       0       1
     603     142     143     602
 2     920       4       2       0
       4       0       1
     604     141     142     603
 2     921       4       2       0
       4       0       1
     604     160       8     141
 2     922       4       2       0
       4       0       1
     605     140       1      28
 2     923       4       2       0
       4       0       1
     606     139     140     605
 2     924       4       2       0
       4       0       1
     607     138     139     606
 2     925       4       2       0
       4       0       1
     608     137     138     607
 2     926       4       2       0
       4       0       1
     609     136     137     608
 2     927       4       2       0
       4       0       1
     610     135     136     609
 2     928       4       2       0
       4       0       1
     159       7     135     610
 2     929       4       2       0
       4       0       1
     549     548    1351     530
 2     930       4       2       0
       4       0       1
     616     546     529    1352
 2     931       4       2       0
       4       0       1
     530    1351    1352     529
 2     932       4       2       0
       4       0       1
     548     621    1353    1351
 2     933       4       2       0
       4       0       1
     547     616    1352    1354
 2     934       4       2       0
       4       0       1
    1351    1353    1354    1352
 2     935       4       2       0
       4       0       1
     621     556     539    1353
 2     936       4       2       0
       4       0       1
     555     547    1354     540
 2     937       4       2       0
       4       0       1
    1353     539     540    1354
 2     938       4       2       0
       4       0       1
     545     625     527    1357
 2     939       4       2       0
       4       0       1
     626     551    1358     533
 2     940       4       2       0
       4       0       1
    1357     527     533    1358
 2     941       4       2       0
       4       0       1
     418     417     426     425
 2     942       4       2       0
       4       0       1
     417     416     509     426
 2     943       4       2       0
       4       0       1
     416     415     427     509
 2     944       4       2       0
       4       0       1
     415     414     511     427
 2     945       4       2       0
       4       0       1
     511     518     448     427
 2     946       4       2       0
       4       0       1
     414     510     429     511
 2     947       4       2       0
       4       0       1
     429     449     518     511
 2     948       4       2       0
       4       0       1
     424     423     516     419
 2     949       4       2       0
       4       0       1
     423     422     420     516
 2     950       4       2       0
       4       0       1
     422     421     413     420
 2     951       4       2       0
       4       0       1
     413     441     440     420
 2     952       4       2       0
       4       0       1
     421     515     428     413
 2     953       4       2       0
       4       0       1
     413     428     442     441
 2     954       4       2       0
       4       0       1
     414     517     432     510
 2     955       4       2       0
       4       0       1
     432     455     431     510
 2     956       4       2       0
       4       0       1
     421     443     430     515
 2     957       4       2       0
       4       0       1
     430     452     433     515
 2     958       4       2       0
       4       0       1
     515     433     434     428
 2     959       4       2       0
       4       0       1
     510     431     435     429
 2     960       4       2       0
       4       0       1
     416     508     436     415
 2     961       4       2       0
       4       0       1
     415     436     517     414
 2     962       4       2       0
       4       0       1
     418     519     437     417
 2     963       4       2       0
       4       0       1
     417     437     508     416
 2     964       4       2       0
       4       0       1
     516     521     439     419
 2     965       4       2       0
       4       0       1
     420     440     521     516
 2     966       4       2       0
       4       0       1
     423     522     444     422
 2     967       4       2       0
       4       0       1
     422     444     443     421
 2     968       4       2       0
       4       0       1
     424     445     522     423
 2     969       4       2       0
       4       0       1
     509     513     447     426
 2     970       4       2       0
       4       0       1
     426     447     520     425
 2     971       4       2       0
       4       0       1
     427     448     513     509
 2     972       4       2       0
       4       0       1
     434     451     442     428
 2     973       4       2       0
       4       0       1
     435     450     449     429
 2     974       4       2       0
       4       0       1
     443     486     485     430
 2     975       4       2       0
       4       0       1
     485     484     452     430
 2     976       4       2       0
       4       0       1
     431     459     454     435
 2     977       4       2       0
       4       0       1
     455     460     459     431
 2     978       4       2       0
       4       0       1
     517     464     463     432
 2     979       4       2       0
       4       0       1
     463     462     455     432
 2     980       4       2       0
       4       0       1
     433     453     514     434
 2     981       4       2       0
       4       0       1
     452     458     453     433
 2     982       4       2       0
       4       0       1
     434     514     457     451
 2     983       4       2       0
       4       0       1
     435     454     456     450
 2     984       4       2       0
       4       0       1
     508     466     465     436
 2     985       4       2       0
       4       0       1
     436     465     464     517
 2     986       4       2       0
       4       0       1
     519     468     467     437
 2     987       4       2       0
       4       0       1
     437     467     466     508
 2     988       4       2       0
       4       0       1
     507     470     469     438
 2     989       4       2       0
       4       0       1
     438     469     468     519
 2     990       4       2       0
       4       0       1
     521     472     471     439
 2     991       4       2       0
       4       0       1
     439     471     470     507
 2     992       4       2       0
       4       0       1
     441     474     473     440
 2     993       4       2       0
       4       0       1
     440     473     472     521
 2     994       4       2       0
       4       0       1
     451     476     475     442
 2     995       4       2       0
       4       0       1
     442     475     474     441
 2     996       4       2       0
       4       0       1
     522     488     487     444
 2     997       4       2       0
       4       0       1
     444     487     486     443
 2     998       4       2       0
       4       0       1
     512     490     489     445
 2     999       4       2       0
       4       0       1
     445     489     488     522
 2    1000       4       2       0
       4       0       1
     520     492     491     446
 2    1001       4       2       0
       4       0       1
     446     491     490     512
 2    1002       4       2       0
       4       0       1
     513     494     493     447
 2    1003       4       2       0
       4       0       1
     447     493     492     520
 2    1004       4       2       0
       4       0       1
     518     496     495     448
 2    1005       4       2       0
       4       0       1
     448     495     494     513
 2    1006       4       2       0
       4       0       1
     450     498     497     449
 2    1007       4       2       0
       4       0       1
     449     497     496     518
 2    1008       4       2       0
       4       0       1
     456     499     498     450
 2    1009       4       2       0
       4       0       1
     457     482     476     451
 2    1010       4       2       0
       4       0       1
     452     484     483     458
 2    1011       4       2       0
       4       0       1
     514     503     502     457
 2    1012       4       2       0
       4       0       1
     458     505     504     453
 2    1013       4       2       0
       4       0       1
     453     504     503     514
 2    1014       4       2       0
       4       0       1
     454     480     481     456
 2    1015       4       2       0
       4       0       1
     459     479     480     454
 2    1016       4       2       0
       4       0       1
     455     462     461     460
 2    1017       4       2       0
       4       0       1
     481     500     499     456
 2    1018       4       2       0
       4       0       1
     457     502     501     482
 2    1019       4       2       0
       4       0       1
     483     506     505     458
 2    1020       4       2       0
       4       0       1
     460     477     479     459
 2    1021       4       2       0
       4       0       1
     461     478     477     460
 2    1022       4       2       0
       4       0       1
     461      67      66     478
 2    1023       4       2       0
       4       0       1
     462      68      67     461
 2    1024       4       2       0
       4       0       1
     463      69      68     462
 2    1025       4       2       0
       4       0       1
     464      70      69     463
 2    1026       4       2       0
       4       0       1
     465      71      70     464
 2    1027       4       2       0
       4       0       1
     466      72      71     465
 2    1028       4       2       0
       4       0       1
     467      73      72     466
 2    1029       4       2       0
       4       0       1
     468      74      73     467
 2    1030       4       2       0
       4       0       1
     469      75      74     468
 2    1031       4       2       0
       4       0       1
     470      76      75     469
 2    1032       4       2       0
       4       0       1
     471      77      76     470
 2    1033       4       2       0
       4       0       1
     472      78      77     471
 2    1034       4       2       0
       4       0       1
     473      79      78     472
 2    1035       4       2       0
       4       0       1
     474      80      79     473
 2    1036       4       2       0
       4       0       1
     475      81      80     474
 2    1037       4       2       0
       4       0       1
     476      82      81     475
 2    1038       4       2       0
       4       0       1
     482      83      82     476
 2    1039       4       2       0
       4       0       1
     477     108     107     479
 2    1040       4       2       0
       4       0       1
     478     109     108     477
 2    1041       4       2       0
       4       0       1
      66       4     109     478
 2    1042       4       2       0
       4       0       1
     479     107     106     480
 2    1043       4       2       0
       4       0       1
     480     106     105     481
 2    1044       4       2       0
       4       0       1
     481     105     104     500
 2    1045       4       2       0
       4       0       1
     501      84      83     482
 2    1046       4       2       0
       4       0       1
     483     183     184     506
 2    1047       4       2       0
       4       0       1
     484     182     183     483
 2    1048       4       2       0
       4       0       1
     485     181     182     484
 2    1049       4       2       0
       4       0       1
     486     180     181     485
 2    1050       4       2       0
       4       0       1
     487     179     180     486
 2    1051       4       2       0
       4       0       1
     488     178     179     487
 2    1052       4       2       0
       4       0       1
     489     177     178     488
 2    1053       4       2       0
       4       0       1
     490     176     177     489
 2    1054       4       2       0
       4       0       1
     491     175     176     490
 2    1055       4       2       0
       4       0       1
     492     174     175     491
 2    1056       4       2       0
       4       0       1
     493     173     174     492
 2    1057       4       2       0
       4       0       1
     494     172     173     493
 2    1058       4       2       0
       4       0       1
     495     171     172     494
 2    1059       4       2       0
       4       0       1
     496     170     171     495
 2    1060       4       2       0
       4       0       1
     497     169     170     496
 2    1061       4       2       0
       4       0       1
     498     168     169     497
 2    1062       4       2       0
       4       0       1
     499     167     168     498
 2    1063       4       2       0
       4       0       1
     500     166     167     499
 2    1064       4       2       0
       4       0       1
     500     104       5     166
 2    1065       4       2       0
       4       0       1
     501     165       3      84
 2    1066       4       2       0
       4       0       1
     502     164     165     501
 2    1067       4       2       0
       4       0       1
     503     163     164     502
 2    1068       4       2       0
       4       0       1
     504     162     163     503
 2    1069       4       2       0
       4       0       1
     505     161     162     504
 2    1070       4       2       0
       4       0       1
     506     160     161     505
 2    1071       4       2       0
       4       0       1
     184       8     160     506
 2    1072       4       2       0
       4       0       1
     446     512    1361    1359
 2    1073       4       2       0
       4       0       1
     438     519     418    1360
 2    1074       4       2       0
       4       0       1
    1359    1361    1362    1360
 2    1075       4       2       0
       4       0       1
     507     438    1360    1362
 2    1076       4       2       0
       4       0       1
     520     446    1359     425
 2    1077       4       2       0
       4       0       1
     425    1359    1360     418
 2    1078       4       2       0
       4       0       1
     512     445     424    1361
 2    1079       4       2       0
       4       0       1
     439     507    1362     419
 2    1080       4       2       0
       4       0       1
    1361     424     419    1362
 2    1081       4       2       0
       4       0       1
     299     406     328     307
 2    1082       4       2       0
       4       0       1
     307     309     308     299
 2    1083       4       2       0
       4       0       1
     308     302     315     299
 2    1084       4       2       0
       4       0       1
     315     329     406     299
 2    1085       4       2       0
       4       0       1
     307     401     399     309
 2    1086       4       2       0
       4       0       1
     401     306     310     399
 2    1087       4       2       0
       4       0       1
     306     398     412     310
 2    1088       4       2       0
       4       0       1
     398     305     311     412
 2    1089       4       2       0
       4       0       1
     305     395     400     311
 2    1090       4       2       0
       4       0       1
     395     304     312     400
 2    1091       4       2       0
       4       0       1
     304     391     394     312
 2    1092       4       2       0
       4       0       1
     391     303     313     394
 2    1093       4       2       0
       4       0       1
     303     405     300     313
 2    1094       4       2       0
       4       0       1
     300     408     336     313
 2    1095       4       2       0
       4       0       1
     405     301     314     300
 2    1096       4       2       0
       4       0       1
     300     314     393     408
 2    1097       4       2       0
       4       0       1
     308     330     318     302
 2    1098       4       2       0
       4       0       1
     318     342     317     302
 2    1099       4       2       0
       4       0       1
     405     407     316     301
 2    1100       4       2       0
       4       0       1
     316     337     319     301
 2    1101       4       2       0
       4       0       1
     301     319     320     314
 2    1102       4       2       0
       4       0       1
     302     317     321     315
 2    1103       4       2       0
       4       0       1
     391     392     322     303
 2    1104       4       2       0
       4       0       1
     303     322     407     405
 2    1105       4       2       0
       4       0       1
     395     324     323     304
 2    1106       4       2       0
       4       0       1
     304     323     392     391
 2    1107       4       2       0
       4       0       1
     398     326     325     305
 2    1108       4       2       0
       4       0       1
     305     325     324     395
 2    1109       4       2       0
       4       0       1
     401     410     327     306
 2    1110       4       2       0
       4       0       1
     306     327     326     398
 2    1111       4       2       0
       4       0       1
     307     328     410     401
 2    1112       4       2       0
       4       0       1
     399     411     331     309
 2    1113       4       2       0
       4       0       1
     309     331     330     308
 2    1114       4       2       0
       4       0       1
     412     404     332     310
 2    1115       4       2       0
       4       0       1
     310     332     411     399
 2    1116       4       2       0
       4       0       1
     400     409     333     311
 2    1117       4       2       0
       4       0       1
     311     333     404     412
 2    1118       4       2       0
       4       0       1
     394     335     334     312
 2    1119       4       2       0
       4       0       1
     312     334     409     400
 2    1120       4       2       0
       4       0       1
     313     336     335     394
 2    1121       4       2       0
       4       0       1
     320     339     393     314
 2    1122       4       2       0
       4       0       1
     321     338     329     315
 2    1123       4       2       0
       4       0       1
     407     351     350     316
 2    1124       4       2       0
       4       0       1
     350     349     337     316
 2    1125       4       2       0
       4       0       1
     317     346     341     321
 2    1126       4       2       0
       4       0       1
     342     347     346     317
 2    1127       4       2       0
       4       0       1
     330     367     366     318
 2    1128       4       2       0
       4       0       1
     366     365     342     318
 2    1129       4       2       0
       4       0       1
     319     340     402     320
 2    1130       4       2       0
       4       0       1
     337     343     340     319
 2    1131       4       2       0
       4       0       1
     320     402     345     339
 2    1132       4       2       0
       4       0       1
     321     341     344     338
 2    1133       4       2       0
       4       0       1
     392     353     352     322
 2    1134       4       2       0
       4       0       1
     322     352     351     407
 2    1135       4       2       0
       4       0       1
     324     355     354     323
 2    1136       4       2       0
       4       0       1
     323     354     353     392
 2    1137       4       2       0
       4       0       1
     326     357     356     325
 2    1138       4       2       0
       4       0       1
     325     356     355     324
 2    1139       4       2       0
       4       0       1
     410     359     358     327
 2    1140       4       2       0
       4       0       1
     327     358     357     326
 2    1141       4       2       0
       4       0       1
     406     361     360     328
 2    1142       4       2       0
       4       0       1
     328     360     359     410
 2    1143       4       2       0
       4       0       1
     338     363     362     329
 2    1144       4       2       0
       4       0       1
     329     362     361     406
 2    1145       4       2       0
       4       0       1
     411     369     368     331
 2    1146       4       2       0
       4       0       1
     331     368     367     330
 2    1147       4       2       0
       4       0       1
     404     371     370     332
 2    1148       4       2       0
       4       0       1
     332     370     369     411
 2    1149       4       2       0
       4       0       1
     409     373     372     333
 2    1150       4       2       0
       4       0       1
     333     372     371     404
 2    1151       4       2       0
       4       0       1
     335     375     374     334
 2    1152       4       2       0
       4       0       1
     334     374     373     409
 2    1153       4       2       0
       4       0       1
     408     377     376     336
 2    1154       4       2       0
       4       0       1
     336     376     375     335
 2    1155       4       2       0
       4       0       1
     339     379     378     393
 2    1156       4       2       0
       4       0       1
     393     378     377     408
 2    1157       4       2       0
       4       0       1
     337     349     348     343
 2    1158       4       2       0
       4       0       1
     344     364     363     338
 2    1159       4       2       0
       4       0       1
     345     384     379     339
 2    1160       4       2       0
       4       0       1
     402     387     386     345
 2    1161       4       2       0
       4       0       1
     343     389     388     340
 2    1162       4       2       0
       4       0       1
     340     388     387     402
 2    1163       4       2       0
       4       0       1
     341     383     403     344
 2    1164       4       2       0
       4       0       1
     346     382     383     341
 2    1165       4       2       0
       4       0       1
     342     365     397     347
 2    1166       4       2       0
       4       0       1
     348     390     389     343
 2    1167       4       2       0
       4       0       1
     403     396     364     344
 2    1168       4       2       0
       4       0       1
     345     386     385     384
 2    1169       4       2       0
       4       0       1
     347     380     382     346
 2    1170       4       2       0
       4       0       1
     397     381     380     347
 2    1171       4       2       0
       4       0       1
     348     117     116     390
 2    1172       4       2       0
       4       0       1
     349     118     117     348
 2    1173       4       2       0
       4       0       1
     350     119     118     349
 2    1174       4       2       0
       4       0       1
     351     120     119     350
 2    1175       4       2       0
       4       0       1
     352     121     120     351
 2    1176       4       2       0
       4       0       1
     353     122     121     352
 2    1177       4       2       0
       4       0       1
     354     123     122     353
 2    1178       4       2       0
       4       0       1
     355     124     123     354
 2    1179       4       2       0
       4       0       1
     356     125     124     355
 2    1180       4       2       0
       4       0       1
     357     126     125     356
 2    1181       4       2       0
       4       0       1
     358     127     126     357
 2    1182       4       2       0
       4       0       1
     359     128     127     358
 2    1183       4       2       0
       4       0       1
     360     129     128     359
 2    1184       4       2       0
       4       0       1
     361     130     129     360
 2    1185       4       2       0
       4       0       1
     362     131     130     361
 2    1186       4       2       0
       4       0       1
     363     132     131     362
 2    1187       4       2       0
       4       0       1
     364     133     132     363
 2    1188       4       2       0
       4       0       1
     396     134     133     364
 2    1189       4       2       0
       4       0       1
     397      10       9     381
 2    1190       4       2       0
       4       0       1
     365      11      10     397
 2    1191       4       2       0
       4       0       1
     366      12      11     365
 2    1192       4       2       0
       4       0       1
     367      13      12     366
 2    1193       4       2       0
       4       0       1
     368      14      13     367
 2    1194       4       2       0
       4       0       1
     369      15      14     368
 2    1195       4       2       0
       4       0       1
     370      16      15     369
 2    1196       4       2       0
       4       0       1
     371      17      16     370
 2    1197       4       2       0
       4       0       1
     372      18      17     371
 2    1198       4       2       0
       4       0       1
     373      19      18     372
 2    1199       4       2       0
       4       0       1
     374      20      19     373
 2    1200       4       2       0
       4       0       1
     375      21      20     374
 2    1201       4       2       0
       4       0       1
     376      22      21     375
 2    1202       4       2       0
       4       0       1
     377      23      22     376
 2    1203       4       2       0
       4       0       1
     378      24      23     377
 2    1204       4       2       0
       4       0       1
     379      25      24     378
 2    1205       4       2       0
       4       0       1
     384      26      25     379
 2    1206       4       2       0
       4       0       1
     380     139     138     382
 2    1207       4       2       0
       4       0       1
     381     140     139     380
 2    1208       4       2       0
       4       0       1
       9       1     140     381
 2    1209       4       2       0
       4       0       1
     382     138     137     383
 2    1210       4       2       0
       4       0       1
     383     137     136     403
 2    1211       4       2       0
       4       0       1
     403     136     135     396
 2    1212       4       2       0
       4       0       1
     385      27      26     384
 2    1213       4       2       0
       4       0       1
     385     115       2      27
 2    1214       4       2       0
       4       0       1
     386     114     115     385
 2    1215       4       2       0
       4       0       1
     387     113     114     386
 2    1216       4       2       0
       4       0       1
     388     112     113     387
 2    1217       4       2       0
       4       0       1
     389     111     112     388
 2    1218       4       2       0
       4       0       1
     390     110     111     389
 2    1219       4       2       0
       4       0       1
     116       6     110     390
 2    1220       4       2       0
       4       0       1
     396     135       7     134
 2    1221       4       2       0
       4       0       1
     185     292     214     193
 2    1222       4       2       0
       4       0       1
     193     195     194     185
 2    1223       4       2       0
       4       0       1
     194     188     201     185
 2    1224       4       2       0
       4       0       1
     201     215     292     185
 2    1225       4       2       0
       4       0       1
     193     288     286     195
 2    1226       4       2       0
       4       0       1
     288     192     196     286
 2    1227       4       2       0
       4       0       1
     192     285     298     196
 2    1228       4       2       0
       4       0       1
     285     191     197     298
 2    1229       4       2       0
       4       0       1
     191     282     287     197
 2    1230       4       2       0
       4       0       1
     282     190     198     287
 2    1231       4       2       0
       4       0       1
     190     279     281     198
 2    1232       4       2       0
       4       0       1
     279     189     199     281
 2    1233       4       2       0
       4       0       1
     189     291     186     199
 2    1234       4       2       0
       4       0       1
     186     294     222     199
 2    1235       4       2       0
       4       0       1
     291     187     200     186
 2    1236       4       2       0
       4       0       1
     186     200     223     294
 2    1237       4       2       0
       4       0       1
     194     216     204     188
 2    1238       4       2       0
       4       0       1
     204     230     203     188
 2    1239       4       2       0
       4       0       1
     291     293     202     187
 2    1240       4       2       0
       4       0       1
     202     224     205     187
 2    1241       4       2       0
       4       0       1
     187     205     206     200
 2    1242       4       2       0
       4       0       1
     188     203     207     201
 2    1243       4       2       0
       4       0       1
     279     280     208     189
 2    1244       4       2       0
       4       0       1
     189     208     293     291
 2    1245       4       2       0
       4       0       1
     282     210     209     190
 2    1246       4       2       0
       4       0       1
     190     209     280     279
 2    1247       4       2       0
       4       0       1
     285     212     211     191
 2    1248       4       2       0
       4       0       1
     191     211     210     282
 2    1249       4       2       0
       4       0       1
     288     296     213     192
 2    1250       4       2       0
       4       0       1
     192     213     212     285
 2    1251       4       2       0
       4       0       1
     193     214     296     288
 2    1252       4       2       0
       4       0       1
     286     297     217     195
 2    1253       4       2       0
       4       0       1
     195     217     216     194
 2    1254       4       2       0
       4       0       1
     298     290     218     196
 2    1255       4       2       0
       4       0       1
     196     218     297     286
 2    1256       4       2       0
       4       0       1
     287     295     219     197
 2    1257       4       2       0
       4       0       1
     197     219     290     298
 2    1258       4       2       0
       4       0       1
     281     221     220     198
 2    1259       4       2       0
       4       0       1
     198     220     295     287
 2    1260       4       2       0
       4       0       1
     199     222     221     281
 2    1261       4       2       0
       4       0       1
     206     226     223     200
 2    1262       4       2       0
       4       0       1
     207     225     215     201
 2    1263       4       2       0
       4       0       1
     293     239     238     202
 2    1264       4       2       0
       4       0       1
     238     237     224     202
 2    1265       4       2       0
       4       0       1
     203     234     229     207
 2    1266       4       2       0
       4       0       1
     230     235     234     203
 2    1267       4       2       0
       4       0       1
     216     255     254     204
 2    1268       4       2       0
       4       0       1
     254     253     230     204
 2    1269       4       2       0
       4       0       1
     205     228     227     206
 2    1270       4       2       0
       4       0       1
     224     231     228     205
 2    1271       4       2       0
       4       0       1
     206     227     233     226
 2    1272       4       2       0
       4       0       1
     207     229     232     225
 2    1273       4       2       0
       4       0       1
     280     241     240     208
 2    1274       4       2       0
       4       0       1
     208     240     239     293
 2    1275       4       2       0
       4       0       1
     210     243     242     209
 2    1276       4       2       0
       4       0       1
     209     242     241     280
 2    1277       4       2       0
       4       0       1
     212     245     244     211
 2    1278       4       2       0
       4       0       1
     211     244     243     210
 2    1279       4       2       0
       4       0       1
     296     247     246     213
 2    1280       4       2       0
       4       0       1
     213     246     245     212
 2    1281       4       2       0
       4       0       1
     292     249     248     214
 2    1282       4       2       0
       4       0       1
     214     248     247     296
 2    1283       4       2       0
       4       0       1
     225     251     250     215
 2    1284       4       2       0
       4       0       1
     215     250     249     292
 2    1285       4       2       0
       4       0       1
     297     257     256     217
 2    1286       4       2       0
       4       0       1
     217     256     255     216
 2    1287       4       2       0
       4       0       1
     290     259     258     218
 2    1288       4       2       0
       4       0       1
     218     258     257     297
 2    1289       4       2       0
       4       0       1
     295     261     260     219
 2    1290       4       2       0
       4       0       1
     219     260     259     290
 2    1291       4       2       0
       4       0       1
     221     263     262     220
 2    1292       4       2       0
       4       0       1
     220     262     261     295
 2    1293       4       2       0
       4       0       1
     294     265     264     222
 2    1294       4       2       0
       4       0       1
     222     264     263     221
 2    1295       4       2       0
       4       0       1
     226     267     266     223
 2    1296       4       2       0
       4       0       1
     223     266     265     294
 2    1297       4       2       0
       4       0       1
     224     237     236     231
 2    1298       4       2       0
       4       0       1
     232     252     251     225
 2    1299       4       2       0
       4       0       1
     233     272     267     226
 2    1300       4       2       0
       4       0       1
     227     275     274     233
 2    1301       4       2       0
       4       0       1
     231     277     276     228
 2    1302       4       2       0
       4       0       1
     228     276     275     227
 2    1303       4       2       0
       4       0       1
     229     271     289     232
 2    1304       4       2       0
       4       0       1
     234     270     271     229
 2    1305       4       2       0
       4       0       1
     230     253     284     235
 2    1306       4       2       0
       4       0       1
     236     278     277     231
 2    1307       4       2       0
       4       0       1
     289     283     252     232
 2    1308       4       2       0
       4       0       1
     233     274     273     272
 2    1309       4       2       0
       4       0       1
     235     268     270     234
 2    1310       4       2       0
       4       0       1
     284     269     268     235
 2    1311       4       2       0
       4       0       1
     236      86      85     278
 2    1312       4       2       0
       4       0       1
     237      87      86     236
 2    1313       4       2       0
       4       0       1
     238      88      87     237
 2    1314       4       2       0
       4       0       1
     239      89      88     238
 2    1315       4       2       0
       4       0       1
     240      90      89     239
 2    1316       4       2       0
       4       0       1
     241      91      90     240
 2    1317       4       2       0
       4       0       1
     242      92      91     241
 2    1318       4       2       0
       4       0       1
     243      93      92     242
 2    1319       4       2       0
       4       0       1
     244      94      93     243
 2    1320       4       2       0
       4       0       1
     245      95      94     244
 2    1321       4       2       0
       4       0       1
     246      96      95     245
 2    1322       4       2       0
       4       0       1
     247      97      96     246
 2    1323       4       2       0
       4       0       1
     248      98      97     247
 2    1324       4       2       0
       4       0       1
     249      99      98     248
 2    1325       4       2       0
       4       0       1
     250     100      99     249
 2    1326       4       2       0
       4       0       1
     251     101     100     250
 2    1327       4       2       0
       4       0       1
     252     102     101     251
 2    1328       4       2       0
       4       0       1
     283     103     102     252
 2    1329       4       2       0
       4       0       1
     284      48      47     269
 2    1330       4       2       0
       4       0       1
     253      49      48     284
 2    1331       4       2       0
       4       0       1
     254      50      49     253
 2    1332       4       2       0
       4       0       1
     255      51      50     254
 2    1333       4       2       0
       4       0       1
     256      52      51     255
 2    1334       4       2       0
       4       0       1
     257      53      52     256
 2    1335       4       2       0
       4       0       1
     258      54      53     257
 2    1336       4       2       0
       4       0       1
     259      55      54     258
 2    1337       4       2       0
       4       0       1
     260      56      55     259
 2    1338       4       2       0
       4       0       1
     261      57      56     260
 2    1339       4       2       0
       4       0       1
     262      58      57     261
 2    1340       4       2       0
       4       0       1
     263      59      58     262
 2    1341       4       2       0
       4       0       1
     264      60      59     263
 2    1342       4       2       0
       4       0       1
     265      61      60     264
 2    1343       4       2       0
       4       0       1
     266      62      61     265
 2    1344       4       2       0
       4       0       1
     267      63      62     266
 2    1345       4       2       0
       4       0       1
     272      64      63     267
 2    1346       4       2       0
       4       0       1
     268     114     113     270
 2    1347       4       2       0
       4       0       1
     269     115     114     268
 2    1348       4       2       0
       4       0       1
      47       2     115     269
 2    1349       4       2       0
       4       0       1
     270     113     112     271
 2    1350       4       2       0
       4       0       1
     271     112     111     289
 2    1351       4       2       0
       4       0       1
     289     111     110     283
 2    1352       4       2       0
       4       0       1
     273      65      64     272
 2    1353       4       2       0
       4       0       1
     273     109       4      65
 2    1354       4       2       0
       4       0       1
     274     108     109     273
 2    1355       4       2       0
       4       0       1
     275     107     108     274
 2    1356       4       2       0
       4       0       1
     276     106     107     275
 2    1357       4       2       0
       4       0       1
     277     105     106     276
 2    1358       4       2       0
       4       0       1
     278     104     105     277
 2    1359       4       2       0
       4       0       1
      85       5     104     278
 2    1360       4       2       0
       4       0       1
     283     110       6     103
 2    1361       2       2       0
       2       0       4
     166       5
 2    1362       2       2       0
       2       0       4
     167     166
 2    1363       2       2       0
       2       0       4
     168     167
 2    1364       2       2       0
       2       0       4
     169     168
 2    1365       2       2       0
       2       0       4
     170     169
 2    1366       2       2       0
       2       0       4
     171     170
 2    1367       2       2       0
       2       0       4
     172     171
 2    1368       2       2       0
       2       0       4
     173     172
 2    1369       2       2       0
       2       0       4
     174     173
 2    1370       2       2       0
       2       0       4
     175     174
 2    1371       2       2       0
       2       0       4
     176     175
 2    1372       2       2       0
       2       0       4
     177     176
 2    1373       2       2       0
       2       0       4
     178     177
 2    1374       2       2       0
       2       0       4
     179     178
 2    1375       2       2       0
       2       0       4
     180     179
 2    1376       2       2       0
       2       0       4
     181     180
 2    1377       2       2       0
       2       0       4
     182     181
 2    1378       2       2       0
       2       0       4
     183     182
 2    1379       2       2       0
       2       0       4
     184     183
 2    1380       2       2       0
       2       0       4
       8     184
 2    1381       2       2       0
       2       0       4
     102     103
 2    1382       2       2       0
       2       0       4
     101     102
 2    1383       2       2       0
       2       0       4
     100     101
 2    1384       2       2       0
       2       0       4
      99     100
 2    1385       2       2       0
       2       0       4
      98      99
 2    1386       2       2       0
       2       0       4
      97      98
 2    1387       2       2       0
       2       0       4
      96      97
 2    1388       2       2       0
       2       0       4
      95      96
 2    1389       2       2       0
       2       0       4
      94      95
 2    1390       2       2       0
       2       0       4
      93      94
 2    1391       2       2       0
       2       0       4
      92      93
 2    1392       2       2       0
       2       0       4
      91      92
 2    1393       2       2       0
       2       0       4
      90      91
 2    1394       2       2       0
       2       0       4
      89      90
 2    1395       2       2       0
       2       0       4
      88      89
 2    1396       2       2       0
       2       0       4
      87      88
 2    1397       2       2       0
       2       0       4
      86      87
 2    1398       2       2       0
       2       0       4
      85      86
 2    1399       2       2       0
       2       0       4
       5      85
 2    1400       2       2       0
       2       0       4
     103       6
 2    1401       2       2       0
       2       0       4
     134       7
 2    1402       2       2       0
       2       0       4
     133     134
 2    1403       2       2       0
       2       0       4
     132     133
 2    1404       2       2       0
       2       0       4
     131     132
 2    1405       2       2       0
       2       0       4
     130     131
 2    1406       2       2       0
       2       0       4
     129     130
 2    1407       2       2       0
       2       0       4
     128     129
 2    1408       2       2       0
       2       0       4
     127     128
 2    1409       2       2       0
       2       0       4
     126     127
 2    1410       2       2       0
       2       0       4
     125     126
 2    1411       2       2       0
       2       0       4
     124     125
 2    1412       2       2       0
       2       0       4
     123     124
 2    1413       2       2       0
       2       0       4
     122     123
 2    1414       2       2       0
       2       0       4
     121     122
 2    1415       2       2       0
       2       0       4
     120     121
 2    1416       2       2       0
       2       0       4
     119     120
 2    1417       2       2       0
       2       0       4
     118     119
 2    1418       2       2       0
       2       0       4
     117     118
 2    1419       2       2       0
       2       0       4
     116     117
 2    1420       2       2       0
       2       0       4
       6     116
 2    1421       2       2       0
       2       0       4
     141       8
 2    1422       2       2       0
       2       0       4
     142     141
 2    1423       2       2       0
       2       0       4
     143     142
 2    1424       2       2       0
       2       0       4
     144     143
 2    1425       2       2       0
       2       0       4
     145     144
 2    1426       2       2       0
       2       0       4
     146     145
 2    1427       2       2       0
       2       0       4
     147     146
 2    1428       2       2       0
       2       0       4
     148     147
 2    1429       2       2       0
       2       0       4
     149     148
 2    1430       2       2       0
       2       0       4
     150     149
 2    1431       2       2       0
       2       0       4
     151     150
 2    1432       2       2       0
       2       0       4
     152     151
 2    1433       2       2       0
       2       0       4
     153     152
 2    1434       2       2       0
       2       0       4
     154     153
 2    1435       2       2       0
       2       0       4
     155     154
 2    1436       2       2       0
       2       0       4
     156     155
 2    1437       2       2       0
       2       0       4
     157     156
 2    1438       2       2       0
       2       0       4
     158     157
 2    1439       2       2       0
       2       0       4
     159     158
 2    1440       2       2       0
       2       0       4
       7     159
 2    1441       2       2       0
       2       0       6
      27       2
 2    1442       2       2       0
       2       0       6
      26      27
 2    1443       2       2       0
       2       0       6
      25      26
 2    1444       2       2       0
       2       0       6
      24      25
 2    1445       2       2       0
       2       0       6
      23      24
 2    1446       2       2       0
       2       0       6
      22      23
 2    1447       2       2       0
       2       0       6
      21      22
 2    1448       2       2       0
       2       0       6
      20      21
 2    1449       2       2       0
       2       0       6
      19      20
 2    1450       2       2       0
       2       0       6
      18      19
 2    1451       2       2       0
       2       0       6
      17      18
 2    1452       2       2       0
       2       0       6
      16      17
 2    1453       2       2       0
       2       0       6
      15      16
 2    1454       2       2       0
       2       0       6
      14      15
 2    1455       2       2       0
       2       0       6
      13      14
 2    1456       2       2       0
       2       0       6
      12      13
 2    1457       2       2       0
       2       0       6
      11      12
 2    1458       2       2       0
       2       0       6
      10      11
 2    1459       2       2       0
       2       0       6
       9      10
 2    1460       2       2       0
       2       0       6
       1       9
 2    1461       2       2       0
       2       0       6
      65       4
 2    1462       2       2       0
       2       0       6
      64      65
 2    1463       2       2       0
       2       0       6
      63      64
 2    1464       2       2       0
       2       0       6
      62      63
 2    1465       2       2       0
       2       0       6
      61      62
 2    1466       2       2       0
       2       0       6
      60      61
 2    1467       2       2       0
       2       0       6
      59      60
 2    1468       2       2       0
       2       0       6
      58      59
 2    1469       2       2       0
       2       0       6
      57      58
 2    1470       2       2       0
       2       0       6
      56      57
 2    1471       2       2       0
       2       0       6
      55      56
 2    1472       2       2       0
       2       0       6
      54      55
 2    1473       2       2       0
       2       0       6
      53      54
 2    1474       2       2       0
       2       0       6
      52      53
 2    1475       2       2       0
       2       0       6
      51      52
 2    1476       2       2       0
       2       0       6
      50      51
 2    1477       2       2       0
       2       0       6
      49      50
 2    1478       2       2       0
       2       0       6
      48      49
 2    1479       2       2       0
       2       0       6
      47      48
 2    1480       2       2       0
       2       0       6
       2      47
 2    1481       2       2       0
       2       0       6
      84       3
 2    1482       2       2       0
       2       0       6
      83      84
 2    1483       2       2       0
       2       0       6
      82      83
 2    1484       2       2       0
       2       0       6
      81      82
 2    1485       2       2       0
       2       0       6
      80      81
 2    1486       2       2       0
       2       0       6
      79      80
 2    1487       2       2       0
       2       0       6
      78      79
 2    1488       2       2       0
       2       0       6
      77      78
 2    1489       2       2       0
       2       0       6
      76      77
 2    1490       2       2       0
       2       0       6
      75      76
 2    1491       2       2       0
       2       0       6
      74      75
 2    1492       2       2       0
       2       0       6
      73      74
 2    1493       2       2       0
       2       0       6
      72      73
 2    1494       2       2       0
       2       0       6
      71      72
 2    1495       2       2       0
       2       0       6
      70      71
 2    1496       2       2       0
       2       0       6
      69      70
 2    1497       2       2       0
       2       0       6
      68      69
 2    1498       2       2       0
       2       0       6
      67      68
 2    1499       2       2       0
       2       0       6
      66      67
 2    1500       2       2       0
       2       0       6
       4      66
 2    1501       2       2       0
       2       0       6
      29      28
 2    1502       2       2       0
       2       0       6
      30      29
 2    1503       2       2       0
       2       0       6
      31      30
 2    1504       2       2       0
       2       0       6
      32      31
 2    1505       2       2       0
       2       0       6
      33      32
 2    1506       2       2       0
       2       0       6
      34      33
 2    1507       2       2       0
       2       0       6
      35      34
 2    1508       2       2       0
       2       0       6
      36      35
 2    1509       2       2       0
       2       0       6
      37      36
 2    1510       2       2       0
       2       0       6
      38      37
 2    1511       2       2       0
       2       0       6
      39      38
 2    1512       2       2       0
       2       0       6
      40      39
 2    1513       2       2       0
       2       0       6
      41      40
 2    1514       2       2       0
       2       0       6
      42      41
 2    1515       2       2       0
       2       0       6
      43      42
 2    1516       2       2       0
       2       0       6
      44      43
 2    1517       2       2       0
       2       0       6
      45      44
 2    1518       2       2       0
       2       0       6
      46      45
 2    1519       2       2       0
       2       0       6
       3      46
 2    1520       2       2       0
       2       0       6
      28       1
 2    1521       2       2       0
       2       0       8
     140       1
 2    1522       2       2       0
       2       0       8
     139     140
 2    1523       2       2       0
       2       0       8
     138     139
 2    1524       2       2       0
       2       0       8
     137     138
 2    1525       2       2       0
       2       0       8
     136     137
 2    1526       2       2       0
       2       0       8
     135     136
 2    1527       2       2       0
       2       0       8
       7     135
 2    1528       2       2       0
       2       0       8
     164     163
 2    1529       2       2       0
       2       0       8
     165     164
 2    1530       2       2       0
       2       0       8
       3     165
 2    1531       2       2       0
       2       0       8
     163     162
 2    1532       2       2       0
       2       0       8
     162     161
 2    1533       2       2       0
       2       0       8
     161     160
 2    1534       2       2       0
       2       0       8
     160       8
 2    1535       2       2       0
       2       0      10
     108     107
 2    1536       2       2       0
       2       0      10
     109     108
 2    1537       2       2       0
       2       0      10
       4     109
 2    1538       2       2       0
       2       0      10
     107     106
 2    1539       2       2       0
       2       0      10
     106     105
 2    1540       2       2       0
       2       0      10
     105     104
 2    1541       2       2       0
       2       0      10
     104       5
 2    1542       2       2       0
       2       0      12
     115       2
 2    1543       2       2       0
       2       0      12
     114     115
 2    1544       2       2       0
       2       0      12
     113     114
 2    1545       2       2       0
       2       0      12
     112     113
 2    1546       2       2       0
       2       0      12
     111     112
 2    1547       2       2       0
       2       0      12
     110     111
 2    1548       2       2       0
       2       0      12
       6     110
21       1    1920     193
FLOATER     
       8       1       8       2       8       3       8       4       8       5
       8       6       8       7       8       8       8       9       8      10
       8      11       8      12       8      13       8      14       8      15
       8      16       8      17       8      18       8      19       8      20
       8      21       8      22       8      23       8      24       8      25
       8      26       8      27       8      28       8      29       8      30
       8      31       8      32       8      33       8      34       8      35
       8      36       8      37       8      38       8      39       8      40
       8      41       8      42       8      43       8      44       8      45
       8      46       8      47       8      48       8      49       8      50
       8      51       8      52       8      53       8      54       8      55
       8      56       8      57       8      58       8      59       8      60
       8      61       8      62       8      63       8      64       8      65
       8      66       8      67       8      68       8      69       8      70
       8      71       8      72       8      73       8      74       8      75
       8      76       8      77       8      78       8      79       8      80
       8      81       8      82       8      83       8      84       8      85
       8      86       8      87       8      88       8      89       8      90
       8      91       8      92       8      93       8      94       8      95
       8      96       8      97       8      98       8      99       8     100
       8     101       8     102       8     103       8     104       8     105
       8     106       8     107       8     108       8     109       8     110
       8     111       8     112       8     113       8     114       8     115
       8     116       8     117       8     118       8     119       8     120
       8     121       8     122       8     123       8     124       8     125
       8     126       8     127       8     128       8     129       8     130
       8     131       8     132       8     133       8     134       8     135
       8     136       8     137       8     138       8     139       8     140
       8     141       8     142       8     143       8     144       8     145
       8     146       8     147       8     148       8     149       8     150
       8     151       8     152       8     153       8     154       8     155
       8     156       8     157       8     158       8     159       8     160
       8     161       8     162       8     163       8     164       8     165
       8     166       8     167       8     168       8     169       8     170
       8     171       8     172       8     173       8     174       8     175
       8     176       8     177       8     178       8     179       8     180
       8     181       8     182       8     183       8     184       8     185
       8     186       8     187       8     188       8     189       8     190
       8     191       8     192       8     193       8     194       8     195
       8     196       8     197       8     198       8     199       8     200
       8     201       8     202       8     203       8     204       8     205
       8     206       8     207       8     208       8     209       8     210
       8     211       8     212       8     213       8     214       8     215
       8     216       8     217       8     218       8     219       8     220
       8     221       8     222       8     223       8     224       8     225
       8     226       8     227       8     228       8     229       8     230
       8     231       8     232       8     233       8     234       8     235
       8     236       8     237       8     238       8     239       8     240
       8     241       8     242       8     243       8     244       8     245
       8     246       8     247       8     248       8     249       8     250
       8     251       8     252       8     253       8     254       8     255
       8     256       8     257       8     258       8     259       8     260
       8     261       8     262       8     263       8     264       8     265
       8     266       8     267       8     268       8     269       8     270
       8     271       8     272       8     273       8     274       8     275
       8     276       8     277       8     278       8     279       8     280
       8     281       8     282       8     283       8     284       8     285
       8     286       8     287       8     288       8     289       8     290
       8     291       8     292       8     293       8     294       8     295
       8     296       8     297       8     298       8     299       8     300
       8     301       8     302       8     303       8     304       8     305
       8     306       8     307       8     308       8     309       8     310
       8     311       8     312       8     313       8     314       8     315
       8     316       8     317       8     318       8     319       8     320
       8     321       8     322       8     323       8     324       8     325
       8     326       8     327       8     328       8     329       8     330
       8     331       8     332       8     333       8     334       8     335
       8     336       8     337       8     338       8     339       8     340
       8     341       8     342       8     343       8     344       8     345
       8     346       8     347       8     348       8     349       8     350
       8     351       8     352       8     353       8     354       8     355
       8     356       8     357       8     358       8     359       8     360
       8     361       8     362       8     363       8     364       8     365
       8     366       8     367       8     368       8     369       8     370
       8     371       8     372       8     373       8     374       8     375
       8     376       8     377       8     378       8     379       8     380
       8     381       8     382       8     383       8     384       8     385
       8     386       8     387       8     388       8     389       8     390
       8     391       8     392       8     393       8     394       8     395
       8     396       8     397       8     398       8     399       8     400
       8     801       8     802       8     803       8     804       8     805
       8     806       8     807       8     808       8     809       8     810
       8     811       8     812       8     813       8     814       8     815
       8     816       8     817       8     818       8     819       8     820
       8     821       8     822       8     823       8     824       8     825
       8     826       8     827       8     828       8     829       8     830
       8     831       8     832       8     833       8     834       8     835
       8     836       8     837       8     838       8     839       8     840
       8     841       8     842       8     843       8     844       8     845
       8     846       8     847       8     848       8     849       8     850
       8     851       8     852       8     853       8     854       8     855
       8     856       8     857       8     858       8     859       8     860
       8     861       8     862       8     863       8     864       8     865
       8     866       8     867       8     868       8     869       8     870
       8     871       8     872       8     873       8     874       8     875
       8     876       8     877       8     878       8     879       8     880
       8     881       8     882       8     883       8     884       8     885
       8     886       8     887       8     888       8     889       8     890
       8     891       8     892       8     893       8     894       8     895
       8     896       8     897       8     898       8     899       8     900
       8     901       8     902       8     903       8     904       8     905
       8     906       8     907       8     908       8     909       8     910
       8     911       8     912       8     913       8     914       8     915
       8     916       8     917       8     918       8     919       8     920
       8     921       8     922       8     923       8     924       8     925
       8     926       8     927       8     928       8     929       8     930
       8     931       8     932       8     933       8     934       8     935
       8     936       8     937       8     938       8     939       8     940
       8     941       8     942       8     943       8     944       8     945
       8     946       8     947       8     948       8     949       8     950
       8     951       8     952       8     953       8     954       8     955
       8     956       8     957       8     958       8     959       8     960
       8     961       8     962       8     963       8     964       8     965
       8     966       8     967       8     968       8     969       8     970
       8     971       8     972       8     973       8     974       8     975
       8     976       8     977       8     978       8     979       8     980
       8     981       8     982       8     983       8     984       8     985
       8     986       8     987       8     988       8     989       8     990
       8     991       8     992       8     993       8     994       8     995
       8     996       8     997       8     998       8     999       8    1000
       8    1001       8    1002       8    1003       8    1004       8    1005
       8    1006       8    1007       8    1008       8    1009       8    1010
       8    1011       8    1012       8    1013       8    1014       8    1015
       8    1016       8    1017       8    1018       8    1019       8    1020
       8    1021       8    1022       8    1023       8    1024       8    1025
       8    1026       8    1027       8    1028       8    1029       8    1030
       8    1031       8    1032       8    1033       8    1034       8    1035
       8    1036       8    1037       8    1038       8    1039       8    1040
       8    1041       8    1042       8    1043       8    1044       8    1045
       8    1046       8    1047       8    1048       8    1049       8    1050
       8    1051       8    1052       8    1053       8    1054       8    1055
       8    1056       8    1057       8    1058       8    1059       8    1060
       8    1061       8    1062       8    1063       8    1064       8    1065
       8    1066       8    1067       8    1068       8    1069       8    1070
       8    1071       8    1072       8    1073       8    1074       8    1075
       8    1076       8    1077       8    1078       8    1079       8    1080
       8    1081       8    1082       8    1083       8    1084       8    1085
       8    1086       8    1087       8    1088       8    1089       8    1090
       8    1091       8    1092       8    1093       8    1094       8    1095
       8    1096       8    1097       8    1098       8    1099       8    1100
       8    1101       8    1102       8    1103       8    1104       8    1105
       8    1106       8    1107       8    1108       8    1109       8    1110
       8    1111       8    1112       8    1113       8    1114       8    1115
       8    1116       8    1117       8    1118       8    1119       8    1120
       8    1121       8    1122       8    1123       8    1124       8    1125
       8    1126       8    1127       8    1128       8    1129       8    1130
       8    1131       8    1132       8    1133       8    1134       8    1135
       8    1136       8    1137       8    1138       8    1139       8    1140
       8    1141       8    1142       8    1143       8    1144       8    1145
       8    1146       8    1147       8    1148       8    1149       8    1150
       8    1151       8    1152       8    1153       8    1154       8    1155
       8    1156       8    1157       8    1158       8    1159       8    1160
       8    1161       8    1162       8    1163       8    1164       8    1165
       8    1166       8    1167       8    1168       8    1169       8    1170
       8    1171       8    1172       8    1173       8    1174       8    1175
       8    1176       8    1177       8    1178       8    1179       8    1180
       8    1181       8    1182       8    1183       8    1184       8    1185
       8    1186       8    1187       8    1188       8    1189       8    1190
       8    1191       8    1192       8    1193       8    1194       8    1195
       8    1196       8    1197       8    1198       8    1199       8    1200
       8    1201       8    1202       8    1203       8    1204       8    1205
       8    1206       8    1207       8    1208       8    1209       8    1210
       8    1211       8    1212       8    1213       8    1214       8    1215
       8    1216       8    1217       8    1218       8    1219       8    1220
       8    1221       8    1222       8    1223       8    1224       8    1225
       8    1226       8    1227       8    1228       8    1229       8    1230
       8    1231       8    1232       8    1233       8    1234       8    1235
       8    1236       8    1237       8    1238       8    1239       8    1240
       8    1241       8    1242       8    1243       8    1244       8    1245
       8    1246       8    1247       8    1248       8    1249       8    1250
       8    1251       8    1252       8    1253       8    1254       8    1255
       8    1256       8    1257       8    1258       8    1259       8    1260
       8    1261       8    1262       8    1263       8    1264       8    1265
       8    1266       8    1267       8    1268       8    1269       8    1270
       8    1271       8    1272       8    1273       8    1274       8    1275
       8    1276       8    1277       8    1278       8    1279       8    1280
       8    1281       8    1282       8    1283       8    1284       8    1285
       8    1286       8    1287       8    1288       8    1289       8    1290
       8    1291       8    1292       8    1293       8    1294       8    1295
       8    1296       8    1297       8    1298       8    1299       8    1300
       8    1301       8    1302       8    1303       8    1304       8    1305
       8    1306       8    1307       8    1308       8    1309       8    1310
       8    1311       8    1312       8    1313       8    1314       8    1315
       8    1316       8    1317       8    1318       8    1319       8    1320
       8    1321       8    1322       8    1323       8    1324       8    1325
       8    1326       8    1327       8    1328       8    1329       8    1330
       8    1331       8    1332       8    1333       8    1334       8    1335
       8    1336       8    1337       8    1338       8    1339       8    1340
       8    1341       8    1342       8    1343       8    1344       8    1345
       8    1346       8    1347       8    1348       8    1349       8    1350
       8    1351       8    1352       8    1353       8    1354       8    1355
       8    1356       8    1357       8    1358       8    1359       8    1360
21       2     800      81
FLOATER_LID 
       8     401       8     402       8     403       8     404       8     405
       8     406       8     407       8     408       8     409       8     410
       8     411       8     412       8     413       8     414       8     415
       8     416       8     417       8     418       8     419       8     420
       8     421       8     422       8     423       8     424       8     425
       8     426       8     427       8     428       8     429       8     430
       8     431       8     432       8     433       8     434       8     435
       8     436       8     437       8     438       8     439       8     440
       8     441       8     442       8     443       8     444       8     445
       8     446       8     447       8     448       8     449       8     450
       8     451       8     452       8     453       8     454       8     455
       8     456       8     457       8     458       8     459       8     460
       8     461       8     462       8     463       8     464       8     465
       8     466       8     467       8     468       8     469       8     470
       8     471       8     472       8     473       8     474       8     475
       8     476       8     477       8     478       8     479       8     480
       8     481       8     482       8     483       8     484       8     485
       8     486       8     487       8     488       8     489       8     490
       8     491       8     492       8     493       8     494       8     495
       8     496       8     497       8     498       8     499       8     500
       8     501       8     502       8     503       8     504       8     505
       8     506       8     507       8     508       8     509       8     510
       8     511       8     512       8     513       8     514       8     515
       8     516       8     517       8     518       8     519       8     520
       8     521       8     522       8     523       8     524       8     525
       8     526       8     527       8     528       8     529       8     530
       8     531       8     532       8     533       8     534       8     535
       8     536       8     537       8     538       8     539       8     540
       8     541       8     542       8     543       8     544       8     545
       8     546       8     547       8     548       8     549       8     550
       8     551       8     552       8     553       8     554       8     555
       8     556       8     557       8     558       8     559       8     560
       8     561       8     562       8     563       8     564       8     565
       8     566       8     567       8     568       8     569       8     570
       8     571       8     572       8     573       8     574       8     575
       8     576       8     577       8     578       8     579       8     580
       8     581       8     582       8     583       8     584       8     585
       8     586       8     587       8     588       8     589       8     590
       8     591       8     592       8     593       8     594       8     595
       8     596       8     597       8     598       8     599       8     600
       8     601       8     602       8     603       8     604       8     605
       8     606       8     607       8     608       8     609       8     610
       8     611       8     612       8     613       8     614       8     615
       8     616       8     617       8     618       8     619       8     620
       8     621       8     622       8     623       8     624       8     625
       8     626       8     627       8     628       8     629       8     630
       8     631       8     632       8     633       8     634       8     635
       8     636       8     637       8     638       8     639       8     640
       8     641       8     642       8     643       8     644       8     645
       8     646       8     647       8     648       8     649       8     650
       8     651       8     652       8     653       8     654       8     655
       8     656       8     657       8     658       8     659       8     660
       8     661       8     662       8     663       8     664       8     665
       8     666       8     667       8     668       8     669       8     670
       8     671       8     672       8     673       8     674       8     675
       8     676       8     677       8     678       8     679       8     680
       8     681       8     682       8     683       8     684       8     685
       8     686       8     687       8     688       8     689       8     690
       8     691       8     692       8     693       8     694       8     695
       8     696       8     697       8     698       8     699       8     700
       8     701       8     702       8     703       8     704       8     705
       8     706       8     707       8     708       8     709       8     710
       8     711       8     712       8     713       8     714       8     715
       8     716       8     717       8     718       8     719       8     720
       8     721       8     722       8     723       8     724       8     725
       8     726       8     727       8     728       8     729       8     730
       8     731       8     732       8     733       8     734       8     735
       8     736       8     737       8     738       8     739       8     740
       8     741       8     742       8     743       8     744       8     745
       8     746       8     747       8     748       8     749       8     750
       8     751       8     752       8     753       8     754       8     755
       8     756       8     757       8     758       8     759       8     760
       8     761       8     762       8     763       8     764       8     765
       8     766       8     767       8     768       8     769       8     770
       8     771       8     772       8     773       8     774       8     775
       8     776       8     777       8     778       8     779       8     780
       8     781       8     782       8     783       8     784       8     785
       8     786       8     787       8     788       8     789       8     790
       8     791       8     792       8     793       8     794       8     795
       8     796       8     797       8     798       8     799       8     800
99       0       0       1
