25       0       0       1
ICEM - POLYFLOW INTERFACE - Version 15.0.3 - "LengthUnitForPfl=_meter_"
26       0       0       1    1361    1540
22-Apr-26   17:23:33     2.4
 1       1       0       2
-0.500000000E+01-0.500000000E+01-0.100000000E+02
 
 1       2       0       2
 0.500000000E+01-0.500000000E+01-0.100000000E+02
 
 1       3       0       2
-0.500000000E+01-0.500000000E+01 0.000000000E+00
 
 1       4       0       2
 0.500000000E+01-0.500000000E+01 0.000000000E+00
 
 1       5       0       2
 0.500000000E+01 0.500000000E+01-0.100000000E+02
 
 1       6       0       2
 0.500000000E+01 0.500000000E+01 0.000000000E+00
 
 1       7       0       2
-0.500000000E+01 0.500000000E+01-0.100000000E+02
 
 1       8       0       2
-0.500000000E+01 0.500000000E+01 0.000000000E+00
 
 1       9       0       2
 0.151122198E+02-0.151122198E+02 0.000000000E+00
 
 1      10       0       2
 0.151122198E+02 0.151122198E+02 0.000000000E+00
 
 1      11       0       2
-0.151122198E+02-0.151122198E+02 0.000000000E+00
 
 1      12       0       2
-0.151122198E+02 0.151122198E+02 0.000000000E+00
 
 1      13       0       2
-0.400000000E+01-0.500000000E+01-0.100000000E+02
 
 1      14       0       2
-0.300000000E+01-0.500000000E+01-0.100000000E+02
 
 1      15       0       2
-0.200000000E+01-0.500000000E+01-0.100000000E+02
 
 1      16       0       2
-0.100000000E+01-0.500000000E+01-0.100000000E+02
 
 1      17       0       2
 0.000000000E+00-0.500000000E+01-0.100000000E+02
 
 1      18       0       2
 0.100000000E+01-0.500000000E+01-0.100000000E+02
 
 1      19       0       2
 0.200000000E+01-0.500000000E+01-0.100000000E+02
 
 1      20       0       2
 0.300000000E+01-0.500000000E+01-0.100000000E+02
 
 1      21       0       2
 0.400000000E+01-0.500000000E+01-0.100000000E+02
 
 1      22       0       2
-0.500000000E+01-0.500000000E+01-0.900000000E+01
 
 1      23       0       2
-0.500000000E+01-0.500000000E+01-0.800000000E+01
 
 1      24       0       2
-0.500000000E+01-0.500000000E+01-0.700000000E+01
 
 1      25       0       2
-0.500000000E+01-0.500000000E+01-0.600000000E+01
 
 1      26       0       2
-0.500000000E+01-0.500000000E+01-0.500000000E+01
 
 1      27       0       2
-0.500000000E+01-0.500000000E+01-0.400000000E+01
 
 1      28       0       2
-0.500000000E+01-0.500000000E+01-0.300000000E+01
 
 1      29       0       2
-0.500000000E+01-0.500000000E+01-0.200000000E+01
 
 1      30       0       2
-0.500000000E+01-0.500000000E+01-0.100000000E+01
 
 1      31       0       2
 0.500000000E+01-0.500000000E+01-0.900000000E+01
 
 1      32       0       2
 0.500000000E+01-0.500000000E+01-0.800000000E+01
 
 1      33       0       2
 0.500000000E+01-0.500000000E+01-0.700000000E+01
 
 1      34       0       2
 0.500000000E+01-0.500000000E+01-0.600000000E+01
 
 1      35       0       2
 0.500000000E+01-0.500000000E+01-0.500000000E+01
 
 1      36       0       2
 0.500000000E+01-0.500000000E+01-0.400000000E+01
 
 1      37       0       2
 0.500000000E+01-0.500000000E+01-0.300000000E+01
 
 1      38       0       2
 0.500000000E+01-0.500000000E+01-0.200000000E+01
 
 1      39       0       2
 0.500000000E+01-0.500000000E+01-0.100000000E+01
 
 1      40       0       2
-0.400000000E+01-0.500000000E+01 0.000000000E+00
 
 1      41       0       2
-0.300000000E+01-0.500000000E+01 0.000000000E+00
 
 1      42       0       2
-0.200000000E+01-0.500000000E+01 0.000000000E+00
 
 1      43       0       2
-0.100000000E+01-0.500000000E+01 0.000000000E+00
 
 1      44       0       2
 0.000000000E+00-0.500000000E+01 0.000000000E+00
 
 1      45       0       2
 0.100000000E+01-0.500000000E+01 0.000000000E+00
 
 1      46       0       2
 0.200000000E+01-0.500000000E+01 0.000000000E+00
 
 1      47       0       2
 0.300000000E+01-0.500000000E+01 0.000000000E+00
 
 1      48       0       2
 0.400000000E+01-0.500000000E+01 0.000000000E+00
 
 1      49       0       2
 0.500000000E+01-0.400000000E+01-0.100000000E+02
 
 1      50       0       2
 0.500000000E+01-0.300000000E+01-0.100000000E+02
 
 1      51       0       2
 0.500000000E+01-0.200000000E+01-0.100000000E+02
 
 1      52       0       2
 0.500000000E+01-0.100000000E+01-0.100000000E+02
 
 1      53       0       2
 0.500000000E+01 0.000000000E+00-0.100000000E+02
 
 1      54       0       2
 0.500000000E+01 0.100000000E+01-0.100000000E+02
 
 1      55       0       2
 0.500000000E+01 0.200000000E+01-0.100000000E+02
 
 1      56       0       2
 0.500000000E+01 0.300000000E+01-0.100000000E+02
 
 1      57       0       2
 0.500000000E+01 0.400000000E+01-0.100000000E+02
 
 1      58       0       2
 0.500000000E+01 0.500000000E+01-0.900000000E+01
 
 1      59       0       2
 0.500000000E+01 0.500000000E+01-0.800000000E+01
 
 1      60       0       2
 0.500000000E+01 0.500000000E+01-0.700000000E+01
 
 1      61       0       2
 0.500000000E+01 0.500000000E+01-0.600000000E+01
 
 1      62       0       2
 0.500000000E+01 0.500000000E+01-0.500000000E+01
 
 1      63       0       2
 0.500000000E+01 0.500000000E+01-0.400000000E+01
 
 1      64       0       2
 0.500000000E+01 0.500000000E+01-0.300000000E+01
 
 1      65       0       2
 0.500000000E+01 0.500000000E+01-0.200000000E+01
 
 1      66       0       2
 0.500000000E+01 0.500000000E+01-0.100000000E+01
 
 1      67       0       2
 0.500000000E+01 0.400000000E+01 0.000000000E+00
 
 1      68       0       2
 0.500000000E+01 0.300000000E+01 0.000000000E+00
 
 1      69       0       2
 0.500000000E+01 0.200000000E+01 0.000000000E+00
 
 1      70       0       2
 0.500000000E+01 0.100000000E+01 0.000000000E+00
 
 1      71       0       2
 0.500000000E+01 0.000000000E+00 0.000000000E+00
 
 1      72       0       2
 0.500000000E+01-0.100000000E+01 0.000000000E+00
 
 1      73       0       2
 0.500000000E+01-0.200000000E+01 0.000000000E+00
 
 1      74       0       2
 0.500000000E+01-0.300000000E+01 0.000000000E+00
 
 1      75       0       2
 0.500000000E+01-0.400000000E+01 0.000000000E+00
 
 1      76       0       2
-0.500000000E+01-0.400000000E+01-0.100000000E+02
 
 1      77       0       2
-0.500000000E+01-0.300000000E+01-0.100000000E+02
 
 1      78       0       2
-0.500000000E+01-0.200000000E+01-0.100000000E+02
 
 1      79       0       2
-0.500000000E+01-0.100000000E+01-0.100000000E+02
 
 1      80       0       2
-0.500000000E+01 0.000000000E+00-0.100000000E+02
 
 1      81       0       2
-0.500000000E+01 0.100000000E+01-0.100000000E+02
 
 1      82       0       2
-0.500000000E+01 0.200000000E+01-0.100000000E+02
 
 1      83       0       2
-0.500000000E+01 0.300000000E+01-0.100000000E+02
 
 1      84       0       2
-0.500000000E+01 0.400000000E+01-0.100000000E+02
 
 1      85       0       2
-0.400000000E+01 0.500000000E+01-0.100000000E+02
 
 1      86       0       2
-0.300000000E+01 0.500000000E+01-0.100000000E+02
 
 1      87       0       2
-0.200000000E+01 0.500000000E+01-0.100000000E+02
 
 1      88       0       2
-0.100000000E+01 0.500000000E+01-0.100000000E+02
 
 1      89       0       2
 0.000000000E+00 0.500000000E+01-0.100000000E+02
 
 1      90       0       2
 0.100000000E+01 0.500000000E+01-0.100000000E+02
 
 1      91       0       2
 0.200000000E+01 0.500000000E+01-0.100000000E+02
 
 1      92       0       2
 0.300000000E+01 0.500000000E+01-0.100000000E+02
 
 1      93       0       2
 0.400000000E+01 0.500000000E+01-0.100000000E+02
 
 1      94       0       2
-0.500000000E+01 0.500000000E+01-0.900000000E+01
 
 1      95       0       2
-0.500000000E+01 0.500000000E+01-0.800000000E+01
 
 1      96       0       2
-0.500000000E+01 0.500000000E+01-0.700000000E+01
 
 1      97       0       2
-0.500000000E+01 0.500000000E+01-0.600000000E+01
 
 1      98       0       2
-0.500000000E+01 0.500000000E+01-0.500000000E+01
 
 1      99       0       2
-0.500000000E+01 0.500000000E+01-0.400000000E+01
 
 1     100       0       2
-0.500000000E+01 0.500000000E+01-0.300000000E+01
 
 1     101       0       2
-0.500000000E+01 0.500000000E+01-0.200000000E+01
 
 1     102       0       2
-0.500000000E+01 0.500000000E+01-0.100000000E+01
 
 1     103       0       2
-0.500000000E+01-0.400000000E+01 0.000000000E+00
 
 1     104       0       2
-0.500000000E+01-0.300000000E+01 0.000000000E+00
 
 1     105       0       2
-0.500000000E+01-0.200000000E+01 0.000000000E+00
 
 1     106       0       2
-0.500000000E+01-0.100000000E+01 0.000000000E+00
 
 1     107       0       2
-0.500000000E+01 0.000000000E+00 0.000000000E+00
 
 1     108       0       2
-0.500000000E+01 0.100000000E+01 0.000000000E+00
 
 1     109       0       2
-0.500000000E+01 0.200000000E+01 0.000000000E+00
 
 1     110       0       2
-0.500000000E+01 0.300000000E+01 0.000000000E+00
 
 1     111       0       2
-0.500000000E+01 0.400000000E+01 0.000000000E+00
 
 1     112       0       2
-0.400000000E+01 0.500000000E+01 0.000000000E+00
 
 1     113       0       2
-0.300000000E+01 0.500000000E+01 0.000000000E+00
 
 1     114       0       2
-0.200000000E+01 0.500000000E+01 0.000000000E+00
 
 1     115       0       2
-0.100000000E+01 0.500000000E+01 0.000000000E+00
 
 1     116       0       2
 0.000000000E+00 0.500000000E+01 0.000000000E+00
 
 1     117       0       2
 0.100000000E+01 0.500000000E+01 0.000000000E+00
 
 1     118       0       2
 0.200000000E+01 0.500000000E+01 0.000000000E+00
 
 1     119       0       2
 0.300000000E+01 0.500000000E+01 0.000000000E+00
 
 1     120       0       2
 0.400000000E+01 0.500000000E+01 0.000000000E+00
 
 1     121       0       2
 0.151122198E+02-0.141047392E+02 0.000000000E+00
 
 1     122       0       2
 0.151122198E+02-0.130972576E+02 0.000000000E+00
 
 1     123       0       2
 0.151122198E+02-0.120897760E+02 0.000000000E+00
 
 1     124       0       2
 0.151122198E+02-0.110822945E+02 0.000000000E+00
 
 1     125       0       2
 0.151122198E+02-0.100748138E+02 0.000000000E+00
 
 1     126       0       2
 0.151122198E+02-0.906733227E+01 0.000000000E+00
 
 1     127       0       2
 0.151122198E+02-0.805985069E+01 0.000000000E+00
 
 1     128       0       2
 0.151122198E+02-0.705236959E+01 0.000000000E+00
 
 1     129       0       2
 0.151122198E+02-0.604488802E+01 0.000000000E+00
 
 1     130       0       2
 0.151122198E+02-0.503740692E+01 0.000000000E+00
 
 1     131       0       2
 0.151122198E+02-0.402992535E+01 0.000000000E+00
 
 1     132       0       2
 0.151122198E+02-0.302244401E+01 0.000000000E+00
 
 1     133       0       2
 0.151122198E+02-0.201496267E+01 0.000000000E+00
 
 1     134       0       2
 0.151122198E+02-0.100748134E+01 0.000000000E+00
 
 1     135       0       2
 0.151122198E+02 0.000000000E+00 0.000000000E+00
 
 1     136       0       2
 0.151122198E+02 0.100748134E+01 0.000000000E+00
 
 1     137       0       2
 0.151122198E+02 0.201496267E+01 0.000000000E+00
 
 1     138       0       2
 0.151122198E+02 0.302244401E+01 0.000000000E+00
 
 1     139       0       2
 0.151122198E+02 0.402992535E+01 0.000000000E+00
 
 1     140       0       2
 0.151122198E+02 0.503740692E+01 0.000000000E+00
 
 1     141       0       2
 0.151122198E+02 0.604488802E+01 0.000000000E+00
 
 1     142       0       2
 0.151122198E+02 0.705236959E+01 0.000000000E+00
 
 1     143       0       2
 0.151122198E+02 0.805985069E+01 0.000000000E+00
 
 1     144       0       2
 0.151122198E+02 0.906733227E+01 0.000000000E+00
 
 1     145       0       2
 0.151122198E+02 0.100748138E+02 0.000000000E+00
 
 1     146       0       2
 0.151122198E+02 0.110822945E+02 0.000000000E+00
 
 1     147       0       2
 0.151122198E+02 0.120897760E+02 0.000000000E+00
 
 1     148       0       2
 0.151122198E+02 0.130972576E+02 0.000000000E+00
 
 1     149       0       2
 0.151122198E+02 0.141047392E+02 0.000000000E+00
 
 1     150       0       2
 0.141047392E+02-0.151122198E+02 0.000000000E+00
 
 1     151       0       2
 0.130972576E+02-0.151122198E+02 0.000000000E+00
 
 1     152       0       2
 0.120897760E+02-0.151122198E+02 0.000000000E+00
 
 1     153       0       2
 0.110822945E+02-0.151122198E+02 0.000000000E+00
 
 1     154       0       2
 0.100748138E+02-0.151122198E+02 0.000000000E+00
 
 1     155       0       2
 0.906733227E+01-0.151122198E+02 0.000000000E+00
 
 1     156       0       2
 0.805985069E+01-0.151122198E+02 0.000000000E+00
 
 1     157       0       2
 0.705236959E+01-0.151122198E+02 0.000000000E+00
 
 1     158       0       2
 0.604488802E+01-0.151122198E+02 0.000000000E+00
 
 1     159       0       2
 0.503740692E+01-0.151122198E+02 0.000000000E+00
 
 1     160       0       2
 0.402992535E+01-0.151122198E+02 0.000000000E+00
 
 1     161       0       2
 0.302244401E+01-0.151122198E+02 0.000000000E+00
 
 1     162       0       2
 0.201496267E+01-0.151122198E+02 0.000000000E+00
 
 1     163       0       2
 0.100748134E+01-0.151122198E+02 0.000000000E+00
 
 1     164       0       2
-0.177635684E-14-0.151122198E+02 0.000000000E+00
 
 1     165       0       2
-0.100748134E+01-0.151122198E+02 0.000000000E+00
 
 1     166       0       2
-0.201496267E+01-0.151122198E+02 0.000000000E+00
 
 1     167       0       2
-0.302244401E+01-0.151122198E+02 0.000000000E+00
 
 1     168       0       2
-0.402992535E+01-0.151122198E+02 0.000000000E+00
 
 1     169       0       2
-0.503740692E+01-0.151122198E+02 0.000000000E+00
 
 1     170       0       2
-0.604488802E+01-0.151122198E+02 0.000000000E+00
 
 1     171       0       2
-0.705236959E+01-0.151122198E+02 0.000000000E+00
 
 1     172       0       2
-0.805985069E+01-0.151122198E+02 0.000000000E+00
 
 1     173       0       2
-0.906733227E+01-0.151122198E+02 0.000000000E+00
 
 1     174       0       2
-0.100748138E+02-0.151122198E+02 0.000000000E+00
 
 1     175       0       2
-0.110822945E+02-0.151122198E+02 0.000000000E+00
 
 1     176       0       2
-0.120897760E+02-0.151122198E+02 0.000000000E+00
 
 1     177       0       2
-0.130972576E+02-0.151122198E+02 0.000000000E+00
 
 1     178       0       2
-0.141047392E+02-0.151122198E+02 0.000000000E+00
 
 1     179       0       2
 0.141047392E+02 0.151122198E+02 0.000000000E+00
 
 1     180       0       2
 0.130972576E+02 0.151122198E+02 0.000000000E+00
 
 1     181       0       2
 0.120897760E+02 0.151122198E+02 0.000000000E+00
 
 1     182       0       2
 0.110822945E+02 0.151122198E+02 0.000000000E+00
 
 1     183       0       2
 0.100748138E+02 0.151122198E+02 0.000000000E+00
 
 1     184       0       2
 0.906733227E+01 0.151122198E+02 0.000000000E+00
 
 1     185       0       2
 0.805985069E+01 0.151122198E+02 0.000000000E+00
 
 1     186       0       2
 0.705236959E+01 0.151122198E+02 0.000000000E+00
 
 1     187       0       2
 0.604488802E+01 0.151122198E+02 0.000000000E+00
 
 1     188       0       2
 0.503740692E+01 0.151122198E+02 0.000000000E+00
 
 1     189       0       2
 0.402992535E+01 0.151122198E+02 0.000000000E+00
 
 1     190       0       2
 0.302244401E+01 0.151122198E+02 0.000000000E+00
 
 1     191       0       2
 0.201496267E+01 0.151122198E+02 0.000000000E+00
 
 1     192       0       2
 0.100748134E+01 0.151122198E+02 0.000000000E+00
 
 1     193       0       2
 0.000000000E+00 0.151122198E+02 0.000000000E+00
 
 1     194       0       2
-0.100748134E+01 0.151122198E+02 0.000000000E+00
 
 1     195       0       2
-0.201496267E+01 0.151122198E+02 0.000000000E+00
 
 1     196       0       2
-0.302244401E+01 0.151122198E+02 0.000000000E+00
 
 1     197       0       2
-0.402992535E+01 0.151122198E+02 0.000000000E+00
 
 1     198       0       2
-0.503740692E+01 0.151122198E+02 0.000000000E+00
 
 1     199       0       2
-0.604488802E+01 0.151122198E+02 0.000000000E+00
 
 1     200       0       2
-0.705236959E+01 0.151122198E+02 0.000000000E+00
 
 1     201       0       2
-0.805985069E+01 0.151122198E+02 0.000000000E+00
 
 1     202       0       2
-0.906733227E+01 0.151122198E+02 0.000000000E+00
 
 1     203       0       2
-0.100748138E+02 0.151122198E+02 0.000000000E+00
 
 1     204       0       2
-0.110822945E+02 0.151122198E+02 0.000000000E+00
 
 1     205       0       2
-0.120897760E+02 0.151122198E+02 0.000000000E+00
 
 1     206       0       2
-0.130972576E+02 0.151122198E+02 0.000000000E+00
 
 1     207       0       2
-0.141047392E+02 0.151122198E+02 0.000000000E+00
 
 1     208       0       2
-0.151122198E+02 0.141047392E+02 0.000000000E+00
 
 1     209       0       2
-0.151122198E+02 0.130972576E+02 0.000000000E+00
 
 1     210       0       2
-0.151122198E+02 0.120897760E+02 0.000000000E+00
 
 1     211       0       2
-0.151122198E+02 0.110822945E+02 0.000000000E+00
 
 1     212       0       2
-0.151122198E+02 0.100748138E+02 0.000000000E+00
 
 1     213       0       2
-0.151122198E+02 0.906733227E+01 0.000000000E+00
 
 1     214       0       2
-0.151122198E+02 0.805985069E+01 0.000000000E+00
 
 1     215       0       2
-0.151122198E+02 0.705236959E+01 0.000000000E+00
 
 1     216       0       2
-0.151122198E+02 0.604488802E+01 0.000000000E+00
 
 1     217       0       2
-0.151122198E+02 0.503740692E+01 0.000000000E+00
 
 1     218       0       2
-0.151122198E+02 0.402992535E+01 0.000000000E+00
 
 1     219       0       2
-0.151122198E+02 0.302244401E+01 0.000000000E+00
 
 1     220       0       2
-0.151122198E+02 0.201496267E+01 0.000000000E+00
 
 1     221       0       2
-0.151122198E+02 0.100748134E+01 0.000000000E+00
 
 1     222       0       2
-0.151122198E+02 0.000000000E+00 0.000000000E+00
 
 1     223       0       2
-0.151122198E+02-0.100748134E+01 0.000000000E+00
 
 1     224       0       2
-0.151122198E+02-0.201496267E+01 0.000000000E+00
 
 1     225       0       2
-0.151122198E+02-0.302244401E+01 0.000000000E+00
 
 1     226       0       2
-0.151122198E+02-0.402992535E+01 0.000000000E+00
 
 1     227       0       2
-0.151122198E+02-0.503740692E+01 0.000000000E+00
 
 1     228       0       2
-0.151122198E+02-0.604488802E+01 0.000000000E+00
 
 1     229       0       2
-0.151122198E+02-0.705236959E+01 0.000000000E+00
 
 1     230       0       2
-0.151122198E+02-0.805985069E+01 0.000000000E+00
 
 1     231       0       2
-0.151122198E+02-0.906733227E+01 0.000000000E+00
 
 1     232       0       2
-0.151122198E+02-0.100748138E+02 0.000000000E+00
 
 1     233       0       2
-0.151122198E+02-0.110822945E+02 0.000000000E+00
 
 1     234       0       2
-0.151122198E+02-0.120897760E+02 0.000000000E+00
 
 1     235       0       2
-0.151122198E+02-0.130972576E+02 0.000000000E+00
 
 1     236       0       2
-0.151122198E+02-0.141047392E+02 0.000000000E+00
 
 1     237       0       2
-0.703549528E+01 0.745136430E-02 0.000000000E+00
 
 1     238       0       2
 0.116309244E-01 0.703644943E+01 0.000000000E+00
 
 1     239       0       2
 0.703548098E+01-0.764824776E-02 0.000000000E+00
 
 1     240       0       2
-0.649820780E-02-0.703381538E+01 0.000000000E+00
 
 1     241       0       2
 0.994820237E+00-0.703461838E+01 0.000000000E+00
 
 1     242       0       2
 0.703519106E+01 0.993535817E+00 0.000000000E+00
 
 1     243       0       2
-0.991331100E+00 0.703611326E+01 0.000000000E+00
 
 1     244       0       2
-0.703521013E+01-0.994032323E+00 0.000000000E+00
 
 1     245       0       2
 0.703435612E+01-0.100865662E+01 0.000000000E+00
 
 1     246       0       2
 0.101420712E+01 0.703532743E+01 0.000000000E+00
 
 1     247       0       2
-0.703436232E+01 0.100861228E+01 0.000000000E+00
 
 1     248       0       2
-0.988017976E+00 0.805286694E+01 0.000000000E+00
 
 1     249       0       2
 0.165146813E-01 0.805296803E+01 0.000000000E+00
 
 1     250       0       2
 0.102095664E+01 0.805168629E+01 0.000000000E+00
 
 1     251       0       2
 0.202468419E+01 0.804909992E+01 0.000000000E+00
 
 1     252       0       2
-0.805228710E+01 0.111891981E-01 0.000000000E+00
 
 1     253       0       2
-0.805100536E+01 0.101350915E+01 0.000000000E+00
 
 1     254       0       2
-0.804863739E+01 0.201598430E+01 0.000000000E+00
 
 1     255       0       2
 0.805236721E+01-0.113717187E-01 0.000000000E+00
 
 1     256       0       2
 0.805101109E+01-0.101351988E+01 0.000000000E+00
 
 1     257       0       2
 0.804837990E+01-0.201613712E+01 0.000000000E+00
 
 1     258       0       2
-0.100762212E+01-0.703216696E+01 0.000000000E+00
 
 1     259       0       2
 0.992040098E+00-0.805139065E+01 0.000000000E+00
 
 1     260       0       2
-0.101263784E-01-0.805045509E+01 0.000000000E+00
 
 1     261       0       2
-0.101224113E+01-0.804826546E+01 0.000000000E+00
 
 1     262       0       2
-0.201476049E+01-0.804540825E+01 0.000000000E+00
 
 1     263       0       2
 0.199516416E+01-0.805063152E+01 0.000000000E+00
 
 1     264       0       2
 0.805074120E+01 0.199371517E+01 0.000000000E+00
 
 1     265       0       2
-0.199278772E+01 0.805128002E+01 0.000000000E+00
 
 1     266       0       2
-0.805064964E+01-0.199451149E+01 0.000000000E+00
 
 1     267       0       2
-0.703399944E+01-0.199615741E+01 0.000000000E+00
 
 1     268       0       2
-0.199466729E+01 0.703460789E+01 0.000000000E+00
 
 1     269       0       2
 0.703407717E+01 0.199513638E+01 0.000000000E+00
 
 1     270       0       2
-0.805245304E+01-0.803610706E+01 0.000000000E+00
 
 1     271       0       2
-0.803824711E+01 0.805359650E+01 0.000000000E+00
 
 1     272       0       2
 0.804356861E+01 0.803590202E+01 0.000000000E+00
 
 1     273       0       2
 0.803905869E+01-0.805320263E+01 0.000000000E+00
 
 1     274       0       2
-0.200931334E+01-0.703007889E+01 0.000000000E+00
 
 1     275       0       2
-0.301839280E+01-0.804307461E+01 0.000000000E+00
 
 1     276       0       2
 0.905393982E+01 0.803911877E+01 0.000000000E+00
 
 1     277       0       2
 0.906328773E+01 0.299863815E+01 0.000000000E+00
 
 1     278       0       2
 0.906583786E+01 0.199407303E+01 0.000000000E+00
 
 1     279       0       2
 0.906745434E+01 0.989875793E+00 0.000000000E+00
 
 1     280       0       2
 0.906756115E+01-0.139736775E-01 0.000000000E+00
 
 1     281       0       2
 0.906619358E+01-0.101760411E+01 0.000000000E+00
 
 1     282       0       2
 0.906384945E+01-0.202122402E+01 0.000000000E+00
 
 1     283       0       2
 0.906118011E+01-0.302523756E+01 0.000000000E+00
 
 1     284       0       2
 0.905156898E+01-0.805947781E+01 0.000000000E+00
 
 1     285       0       2
 0.905165768E+01-0.906927013E+01 0.000000000E+00
 
 1     286       0       2
 0.803998566E+01-0.906411266E+01 0.000000000E+00
 
 1     287       0       2
 0.299980426E+01-0.906410789E+01 0.000000000E+00
 
 1     288       0       2
 0.199498069E+01-0.906586647E+01 0.000000000E+00
 
 1     289       0       2
 0.990757644E+00-0.906652069E+01 0.000000000E+00
 
 1     290       0       2
-0.129514607E-01-0.906562519E+01 0.000000000E+00
 
 1     291       0       2
-0.101638353E+01-0.906334114E+01 0.000000000E+00
 
 1     292       0       2
-0.202000761E+01-0.906025982E+01 0.000000000E+00
 
 1     293       0       2
-0.302410507E+01-0.905718136E+01 0.000000000E+00
 
 1     294       0       2
-0.805907726E+01-0.904831123E+01 0.000000000E+00
 
 1     295       0       2
-0.906890774E+01-0.904886246E+01 0.000000000E+00
 
 1     296       0       2
-0.906337357E+01-0.803766918E+01 0.000000000E+00
 
 1     297       0       2
-0.906306744E+01-0.299941683E+01 0.000000000E+00
 
 1     298       0       2
-0.906574821E+01-0.199461162E+01 0.000000000E+00
 
 1     299       0       2
-0.906729698E+01-0.990235627E+00 0.000000000E+00
 
 1     300       0       2
-0.906725883E+01 0.138042215E-01 0.000000000E+00
 
 1     301       0       2
-0.906622791E+01 0.101760495E+01 0.000000000E+00
 
 1     302       0       2
-0.906388950E+01 0.202130914E+01 0.000000000E+00
 
 1     303       0       2
-0.906104279E+01 0.302534771E+01 0.000000000E+00
 
 1     304       0       2
-0.905052471E+01 0.806003571E+01 0.000000000E+00
 
 1     305       0       2
-0.905054760E+01 0.906992435E+01 0.000000000E+00
 
 1     306       0       2
-0.803905678E+01 0.906455421E+01 0.000000000E+00
 
 1     307       0       2
-0.299867535E+01 0.906404877E+01 0.000000000E+00
 
 1     308       0       2
-0.199280691E+01 0.906633472E+01 0.000000000E+00
 
 1     309       0       2
-0.986841679E+00 0.906761360E+01 0.000000000E+00
 
 1     310       0       2
 0.193090905E-01 0.906754971E+01 0.000000000E+00
 
 1     311       0       2
 0.102533162E+01 0.906628132E+01 0.000000000E+00
 
 1     312       0       2
 0.203059888E+01 0.906413078E+01 0.000000000E+00
 
 1     313       0       2
 0.303443217E+01 0.906128502E+01 0.000000000E+00
 
 1     314       0       2
 0.503853893E+01 0.905488014E+01 0.000000000E+00
 
 1     315       0       2
 0.804824638E+01 0.905082893E+01 0.000000000E+00
 
 1     316       0       2
 0.905754852E+01 0.905195236E+01 0.000000000E+00
 
 1     317       0       2
-0.703239107E+01 0.201014924E+01 0.000000000E+00
 
 1     318       0       2
-0.804572105E+01 0.301932192E+01 0.000000000E+00
 
 1     319       0       2
 0.201631093E+01 0.703274059E+01 0.000000000E+00
 
 1     320       0       2
 0.302707052E+01 0.804520321E+01 0.000000000E+00
 
 1     321       0       2
 0.703232813E+01-0.201015878E+01 0.000000000E+00
 
 1     322       0       2
 0.804573631E+01-0.301924396E+01 0.000000000E+00
 
 1     323       0       2
-0.804788876E+01-0.299871182E+01 0.000000000E+00
 
 1     324       0       2
-0.299794269E+01 0.804875183E+01 0.000000000E+00
 
 1     325       0       2
 0.804822922E+01 0.299734449E+01 0.000000000E+00
 
 1     326       0       2
 0.299939919E+01-0.804872799E+01 0.000000000E+00
 
 1     327       0       2
-0.402887297E+01-0.905418682E+01 0.000000000E+00
 
 1     328       0       2
-0.704967642E+01-0.904867649E+01 0.000000000E+00
 
 1     329       0       2
-0.905913925E+01-0.702786112E+01 0.000000000E+00
 
 1     330       0       2
-0.906005287E+01-0.400534105E+01 0.000000000E+00
 
 1     331       0       2
-0.905816269E+01 0.403013134E+01 0.000000000E+00
 
 1     332       0       2
-0.905132675E+01 0.705053473E+01 0.000000000E+00
 
 1     333       0       2
-0.702873707E+01 0.906081963E+01 0.000000000E+00
 
 1     334       0       2
 0.403658438E+01 0.905794716E+01 0.000000000E+00
 
 1     335       0       2
 0.704307413E+01 0.905089760E+01 0.000000000E+00
 
 1     336       0       2
 0.905387974E+01 0.702817535E+01 0.000000000E+00
 
 1     337       0       2
 0.906031227E+01 0.400439310E+01 0.000000000E+00
 
 1     338       0       2
 0.905842590E+01-0.402996063E+01 0.000000000E+00
 
 1     339       0       2
 0.905226231E+01-0.705017138E+01 0.000000000E+00
 
 1     340       0       2
 0.702958250E+01-0.906059837E+01 0.000000000E+00
 
 1     341       0       2
 0.400606823E+01-0.906180382E+01 0.000000000E+00
 
 1     342       0       2
 0.602072048E+01-0.905933189E+01 0.000000000E+00
 
 1     343       0       2
 0.905778122E+01 0.501120234E+01 0.000000000E+00
 
 1     344       0       2
 0.905594635E+01 0.601965237E+01 0.000000000E+00
 
 1     345       0       2
-0.601985884E+01 0.905927086E+01 0.000000000E+00
 
 1     346       0       2
-0.905806923E+01-0.501193714E+01 0.000000000E+00
 
 1     347       0       2
-0.905752563E+01-0.601958132E+01 0.000000000E+00
 
 1     348       0       2
-0.604150963E+01-0.904985809E+01 0.000000000E+00
 
 1     349       0       2
-0.503459740E+01-0.905159760E+01 0.000000000E+00
 
 1     350       0       2
 0.299981713E+01-0.703294182E+01 0.000000000E+00
 
 1     351       0       2
 0.703258991E+01 0.299734855E+01 0.000000000E+00
 
 1     352       0       2
-0.299855566E+01 0.703301048E+01 0.000000000E+00
 
 1     353       0       2
-0.703233576E+01-0.299920106E+01 0.000000000E+00
 
 1     354       0       2
 0.703048992E+01-0.301262736E+01 0.000000000E+00
 
 1     355       0       2
 0.301820779E+01 0.702958345E+01 0.000000000E+00
 
 1     356       0       2
-0.703056526E+01 0.301262307E+01 0.000000000E+00
 
 1     357       0       2
 0.100675802E+02 0.905375576E+01 0.000000000E+00
 
 1     358       0       2
 0.100655775E+02 0.804293823E+01 0.000000000E+00
 
 1     359       0       2
 0.100659218E+02 0.703299952E+01 0.000000000E+00
 
 1     360       0       2
 0.100678892E+02 0.602399540E+01 0.000000000E+00
 
 1     361       0       2
 0.100704651E+02 0.501586485E+01 0.000000000E+00
 
 1     362       0       2
 0.100733147E+02 0.400859404E+01 0.000000000E+00
 
 1     363       0       2
 0.100762033E+02 0.300203347E+01 0.000000000E+00
 
 1     364       0       2
 0.100786705E+02 0.199602187E+01 0.000000000E+00
 
 1     365       0       2
 0.100801697E+02 0.990424931E+00 0.000000000E+00
 
 1     366       0       2
 0.100802965E+02-0.148315523E-01 0.000000000E+00
 
 1     367       0       2
 0.100790310E+02-0.101988459E+01 0.000000000E+00
 
 1     368       0       2
 0.100772009E+02-0.202486420E+01 0.000000000E+00
 
 1     369       0       2
 0.100747700E+02-0.302991915E+01 0.000000000E+00
 
 1     370       0       2
 0.100722151E+02-0.403536892E+01 0.000000000E+00
 
 1     371       0       2
 0.100697708E+02-0.504149818E+01 0.000000000E+00
 
 1     372       0       2
 0.100674973E+02-0.604830408E+01 0.000000000E+00
 
 1     373       0       2
 0.100656538E+02-0.705619478E+01 0.000000000E+00
 
 1     374       0       2
 0.100644732E+02-0.806475353E+01 0.000000000E+00
 
 1     375       0       2
 0.100640831E+02-0.907355118E+01 0.000000000E+00
 
 1     376       0       2
 0.100646801E+02-0.100818090E+02 0.000000000E+00
 
 1     377       0       2
 0.905325794E+01-0.100782785E+02 0.000000000E+00
 
 1     378       0       2
 0.703250742E+01-0.100722761E+02 0.000000000E+00
 
 1     379       0       2
 0.602392817E+01-0.100718641E+02 0.000000000E+00
 
 1     380       0       2
 0.501611519E+01-0.100730658E+02 0.000000000E+00
 
 1     381       0       2
 0.400900459E+01-0.100750771E+02 0.000000000E+00
 
 1     382       0       2
 0.300244689E+01-0.100772028E+02 0.000000000E+00
 
 1     383       0       2
 0.199643219E+01-0.100788155E+02 0.000000000E+00
 
 1     384       0       2
 0.990917265E+00-0.100793123E+02 0.000000000E+00
 
 1     385       0       2
-0.141805047E-01-0.100784712E+02 0.000000000E+00
 
 1     386       0       2
-0.101898670E+01-0.100763960E+02 0.000000000E+00
 
 1     387       0       2
-0.202374911E+01-0.100735273E+02 0.000000000E+00
 
 1     388       0       2
-0.302876353E+01-0.100704689E+02 0.000000000E+00
 
 1     389       0       2
-0.403428125E+01-0.100675926E+02 0.000000000E+00
 
 1     390       0       2
-0.504047394E+01-0.100650806E+02 0.000000000E+00
 
 1     391       0       2
-0.604748440E+01-0.100630445E+02 0.000000000E+00
 
 1     392       0       2
-0.705519915E+01-0.100615673E+02 0.000000000E+00
 
 1     393       0       2
-0.806419182E+01-0.100610914E+02 0.000000000E+00
 
 1     394       0       2
-0.907311630E+01-0.100613089E+02 0.000000000E+00
 
 1     395       0       2
-0.100815239E+02-0.100622311E+02 0.000000000E+00
 
 1     396       0       2
-0.100781422E+02-0.905100060E+01 0.000000000E+00
 
 1     397       0       2
-0.100739241E+02-0.804074001E+01 0.000000000E+00
 
 1     398       0       2
-0.100708618E+02-0.703156519E+01 0.000000000E+00
 
 1     399       0       2
-0.100699797E+02-0.602329254E+01 0.000000000E+00
 
 1     400       0       2
-0.100711823E+02-0.501571560E+01 0.000000000E+00
 
 1     401       0       2
-0.100734587E+02-0.400875568E+01 0.000000000E+00
 
 1     402       0       2
-0.100762043E+02-0.300229335E+01 0.000000000E+00
 
 1     403       0       2
-0.100786333E+02-0.199627233E+01 0.000000000E+00
 
 1     404       0       2
-0.100799828E+02-0.990656257E+00 0.000000000E+00
 
 1     405       0       2
-0.100793333E+02 0.102006137E+01 0.000000000E+00
 
 1     406       0       2
-0.100771627E+02 0.202497506E+01 0.000000000E+00
 
 1     407       0       2
-0.100745935E+02 0.303005171E+01 0.000000000E+00
 
 1     408       0       2
-0.100718813E+02 0.403558016E+01 0.000000000E+00
 
 1     409       0       2
-0.100691509E+02 0.504168558E+01 0.000000000E+00
 
 1     410       0       2
-0.100664692E+02 0.604861641E+01 0.000000000E+00
 
 1     411       0       2
-0.100645037E+02 0.705639172E+01 0.000000000E+00
 
 1     412       0       2
-0.100633183E+02 0.806525421E+01 0.000000000E+00
 
 1     413       0       2
-0.100628910E+02 0.907417870E+01 0.000000000E+00
 
 1     414       0       2
-0.100633898E+02 0.100825615E+02 0.000000000E+00
 
 1     415       0       2
-0.905210018E+01 0.100790949E+02 0.000000000E+00
 
 1     416       0       2
-0.703164196E+01 0.100723486E+02 0.000000000E+00
 
 1     417       0       2
-0.602308798E+01 0.100717049E+02 0.000000000E+00
 
 1     418       0       2
-0.501528072E+01 0.100727100E+02 0.000000000E+00
 
 1     419       0       2
-0.300113988E+01 0.100771885E+02 0.000000000E+00
 
 1     420       0       2
-0.199450529E+01 0.100790749E+02 0.000000000E+00
 
 1     421       0       2
-0.987653255E+00 0.100799351E+02 0.000000000E+00
 
 1     422       0       2
 0.194038469E-01 0.100796461E+02 0.000000000E+00
 
 1     423       0       2
 0.102632618E+01 0.100786171E+02 0.000000000E+00
 
 1     424       0       2
 0.203252411E+01 0.100772057E+02 0.000000000E+00
 
 1     425       0       2
 0.303741598E+01 0.100756435E+02 0.000000000E+00
 
 1     426       0       2
 0.404082632E+01 0.100737572E+02 0.000000000E+00
 
 1     427       0       2
 0.504325485E+01 0.100716524E+02 0.000000000E+00
 
 1     428       0       2
 0.604570055E+01 0.100694609E+02 0.000000000E+00
 
 1     429       0       2
 0.705040550E+01 0.100662766E+02 0.000000000E+00
 
 1     430       0       2
 0.805677795E+01 0.100644789E+02 0.000000000E+00
 
 1     431       0       2
 0.906397724E+01 0.100642586E+02 0.000000000E+00
 
 1     432       0       2
 0.100716763E+02 0.100650997E+02 0.000000000E+00
 
 1     433       0       2
-0.301204872E+01-0.702845430E+01 0.000000000E+00
 
 1     434       0       2
 0.702849960E+01-0.804895782E+01 0.000000000E+00
 
 1     435       0       2
 0.804375458E+01-0.402340698E+01 0.000000000E+00
 
 1     436       0       2
 0.803939056E+01-0.704350138E+01 0.000000000E+00
 
 1     437       0       2
 0.804328632E+01 0.702407312E+01 0.000000000E+00
 
 1     438       0       2
 0.804614544E+01 0.400205660E+01 0.000000000E+00
 
 1     439       0       2
 0.402892447E+01 0.804128456E+01 0.000000000E+00
 
 1     440       0       2
 0.703803062E+01 0.803491974E+01 0.000000000E+00
 
 1     441       0       2
-0.702776194E+01 0.804917908E+01 0.000000000E+00
 
 1     442       0       2
-0.400373602E+01 0.804682159E+01 0.000000000E+00
 
 1     443       0       2
-0.804342937E+01 0.402354765E+01 0.000000000E+00
 
 1     444       0       2
-0.803864670E+01 0.704368067E+01 0.000000000E+00
 
 1     445       0       2
-0.804765701E+01-0.702611732E+01 0.000000000E+00
 
 1     446       0       2
-0.804574299E+01-0.400394630E+01 0.000000000E+00
 
 1     447       0       2
-0.402305031E+01-0.804063225E+01 0.000000000E+00
 
 1     448       0       2
-0.704296589E+01-0.803636551E+01 0.000000000E+00
 
 1     449       0       2
-0.502783394E+01-0.803818035E+01 0.000000000E+00
 
 1     450       0       2
-0.804513359E+01-0.601753807E+01 0.000000000E+00
 
 1     451       0       2
-0.803954601E+01 0.603526926E+01 0.000000000E+00
 
 1     452       0       2
-0.804122448E+01 0.502874517E+01 0.000000000E+00
 
 1     453       0       2
-0.601845884E+01 0.804666805E+01 0.000000000E+00
 
 1     454       0       2
 0.503099012E+01 0.803794861E+01 0.000000000E+00
 
 1     455       0       2
 0.804381180E+01 0.601505804E+01 0.000000000E+00
 
 1     456       0       2
 0.804146767E+01-0.502832603E+01 0.000000000E+00
 
 1     457       0       2
 0.601928759E+01-0.804673672E+01 0.000000000E+00
 
 1     458       0       2
-0.703118134E+01-0.400347090E+01 0.000000000E+00
 
 1     459       0       2
-0.400345993E+01 0.703197432E+01 0.000000000E+00
 
 1     460       0       2
 0.703144741E+01 0.400055361E+01 0.000000000E+00
 
 1     461       0       2
 0.400430632E+01-0.703214741E+01 0.000000000E+00
 
 1     462       0       2
-0.703725910E+01-0.702546644E+01 0.000000000E+00
 
 1     463       0       2
-0.401580000E+01-0.702693892E+01 0.000000000E+00
 
 1     464       0       2
 0.110800180E+02 0.100665598E+02 0.000000000E+00
 
 1     465       0       2
 0.110775175E+02 0.905637074E+01 0.000000000E+00
 
 1     466       0       2
 0.110764694E+02 0.804669094E+01 0.000000000E+00
 
 1     467       0       2
 0.110770874E+02 0.703748417E+01 0.000000000E+00
 
 1     468       0       2
 0.110790043E+02 0.602881432E+01 0.000000000E+00
 
 1     469       0       2
 0.110816975E+02 0.502060843E+01 0.000000000E+00
 
 1     470       0       2
 0.110843868E+02 0.401302099E+01 0.000000000E+00
 
 1     471       0       2
 0.110868483E+02 0.300586557E+01 0.000000000E+00
 
 1     472       0       2
 0.110889797E+02 0.199901652E+01 0.000000000E+00
 
 1     473       0       2
 0.110902281E+02 0.992428422E+00 0.000000000E+00
 
 1     474       0       2
 0.110904150E+02-0.138892261E-01 0.000000000E+00
 
 1     475       0       2
 0.110881805E+02-0.202631950E+01 0.000000000E+00
 
 1     476       0       2
 0.110860662E+02-0.303225160E+01 0.000000000E+00
 
 1     477       0       2
 0.110838966E+02-0.403843927E+01 0.000000000E+00
 
 1     478       0       2
 0.110819139E+02-0.504507256E+01 0.000000000E+00
 
 1     479       0       2
 0.110799599E+02-0.605213833E+01 0.000000000E+00
 
 1     480       0       2
 0.110780754E+02-0.705966139E+01 0.000000000E+00
 
 1     481       0       2
 0.110763817E+02-0.806684780E+01 0.000000000E+00
 
 1     482       0       2
 0.110758238E+02-0.907494640E+01 0.000000000E+00
 
 1     483       0       2
 0.110760651E+02-0.100829325E+02 0.000000000E+00
 
 1     484       0       2
 0.110767612E+02-0.110892839E+02 0.000000000E+00
 
 1     485       0       2
 0.100660925E+02-0.110888243E+02 0.000000000E+00
 
 1     486       0       2
 0.905563164E+01-0.110863276E+02 0.000000000E+00
 
 1     487       0       2
 0.804630470E+01-0.110832443E+02 0.000000000E+00
 
 1     488       0       2
 0.703720999E+01-0.110819559E+02 0.000000000E+00
 
 1     489       0       2
 0.602869797E+01-0.110824680E+02 0.000000000E+00
 
 1     490       0       2
 0.502040434E+01-0.110842247E+02 0.000000000E+00
 
 1     491       0       2
 0.401291180E+01-0.110861101E+02 0.000000000E+00
 
 1     492       0       2
 0.300584602E+01-0.110878553E+02 0.000000000E+00
 
 1     493       0       2
 0.199909890E+01-0.110891409E+02 0.000000000E+00
 
 1     494       0       2
 0.992637396E+00-0.110893822E+02 0.000000000E+00
 
 1     495       0       2
-0.135505348E-01-0.110886736E+02 0.000000000E+00
 
 1     496       0       2
-0.101948893E+01-0.110869408E+02 0.000000000E+00
 
 1     497       0       2
-0.202531981E+01-0.110845928E+02 0.000000000E+00
 
 1     498       0       2
-0.303122783E+01-0.110819712E+02 0.000000000E+00
 
 1     499       0       2
-0.403741980E+01-0.110795517E+02 0.000000000E+00
 
 1     500       0       2
-0.504401875E+01-0.110773096E+02 0.000000000E+00
 
 1     501       0       2
-0.605109549E+01-0.110754032E+02 0.000000000E+00
 
 1     502       0       2
-0.705869102E+01-0.110741262E+02 0.000000000E+00
 
 1     503       0       2
-0.806648636E+01-0.110734396E+02 0.000000000E+00
 
 1     504       0       2
-0.907413483E+01-0.110731421E+02 0.000000000E+00
 
 1     505       0       2
-0.100813475E+02-0.110737791E+02 0.000000000E+00
 
 1     506       0       2
-0.110884438E+02-0.110747643E+02 0.000000000E+00
 
 1     507       0       2
-0.110887337E+02-0.100641584E+02 0.000000000E+00
 
 1     508       0       2
-0.110864658E+02-0.905403709E+01 0.000000000E+00
 
 1     509       0       2
-0.110828199E+02-0.804505730E+01 0.000000000E+00
 
 1     510       0       2
-0.110811243E+02-0.703632450E+01 0.000000000E+00
 
 1     511       0       2
-0.110811005E+02-0.602784204E+01 0.000000000E+00
 
 1     512       0       2
-0.110825729E+02-0.502005529E+01 0.000000000E+00
 
 1     513       0       2
-0.110847502E+02-0.401276541E+01 0.000000000E+00
 
 1     514       0       2
-0.110869999E+02-0.300577807E+01 0.000000000E+00
 
 1     515       0       2
-0.110890036E+02-0.199899650E+01 0.000000000E+00
 
 1     516       0       2
-0.110901814E+02-0.992389023E+00 0.000000000E+00
 
 1     517       0       2
-0.110906353E+02 0.140604544E-01 0.000000000E+00
 
 1     518       0       2
-0.110895824E+02 0.102026570E+01 0.000000000E+00
 
 1     519       0       2
-0.110879040E+02 0.202630544E+01 0.000000000E+00
 
 1     520       0       2
-0.110858183E+02 0.303233838E+01 0.000000000E+00
 
 1     521       0       2
-0.110834894E+02 0.403860188E+01 0.000000000E+00
 
 1     522       0       2
-0.110811920E+02 0.504529428E+01 0.000000000E+00
 
 1     523       0       2
-0.110788708E+02 0.605242395E+01 0.000000000E+00
 
 1     524       0       2
-0.110768881E+02 0.706006765E+01 0.000000000E+00
 
 1     525       0       2
-0.110752573E+02 0.806713104E+01 0.000000000E+00
 
 1     526       0       2
-0.110748472E+02 0.907580090E+01 0.000000000E+00
 
 1     527       0       2
-0.110749025E+02 0.100835533E+02 0.000000000E+00
 
 1     528       0       2
-0.110755434E+02 0.110898314E+02 0.000000000E+00
 
 1     529       0       2
-0.100647860E+02 0.110896826E+02 0.000000000E+00
 
 1     530       0       2
-0.905454636E+01 0.110872927E+02 0.000000000E+00
 
 1     531       0       2
-0.804519653E+01 0.110838900E+02 0.000000000E+00
 
 1     532       0       2
-0.703624105E+01 0.110823317E+02 0.000000000E+00
 
 1     533       0       2
-0.602773571E+01 0.110824022E+02 0.000000000E+00
 
 1     534       0       2
-0.501957035E+01 0.110839319E+02 0.000000000E+00
 
 1     535       0       2
-0.401201248E+01 0.110859203E+02 0.000000000E+00
 
 1     536       0       2
-0.300475764E+01 0.110877800E+02 0.000000000E+00
 
 1     537       0       2
-0.199755251E+01 0.110892286E+02 0.000000000E+00
 
 1     538       0       2
-0.990228236E+00 0.110895929E+02 0.000000000E+00
 
 1     539       0       2
 0.172183942E-01 0.110891457E+02 0.000000000E+00
 
 1     540       0       2
 0.102449930E+01 0.110885162E+02 0.000000000E+00
 
 1     541       0       2
 0.203124976E+01 0.110877552E+02 0.000000000E+00
 
 1     542       0       2
 0.303715348E+01 0.110872793E+02 0.000000000E+00
 
 1     543       0       2
 0.404202223E+01 0.110865536E+02 0.000000000E+00
 
 1     544       0       2
 0.504616308E+01 0.110852156E+02 0.000000000E+00
 
 1     545       0       2
 0.605028391E+01 0.110833912E+02 0.000000000E+00
 
 1     546       0       2
 0.705531883E+01 0.110786037E+02 0.000000000E+00
 
 1     547       0       2
 0.806105423E+01 0.110768948E+02 0.000000000E+00
 
 1     548       0       2
 0.906807423E+01 0.110761347E+02 0.000000000E+00
 
 1     549       0       2
 0.100752888E+02 0.110760317E+02 0.000000000E+00
 
 1     550       0       2
 0.110830078E+02 0.110766010E+02 0.000000000E+00
 
 1     551       0       2
-0.702901411E+01 0.401642370E+01 0.000000000E+00
 
 1     552       0       2
-0.702730179E+01 0.703830004E+01 0.000000000E+00
 
 1     553       0       2
 0.402042913E+01 0.702637959E+01 0.000000000E+00
 
 1     554       0       2
 0.703492022E+01 0.702183151E+01 0.000000000E+00
 
 1     555       0       2
 0.702793980E+01-0.703801060E+01 0.000000000E+00
 
 1     556       0       2
 0.501071787E+01-0.703281498E+01 0.000000000E+00
 
 1     557       0       2
 0.601844692E+01-0.703458643E+01 0.000000000E+00
 
 1     558       0       2
 0.702750492E+01-0.602859974E+01 0.000000000E+00
 
 1     559       0       2
 0.702778292E+01-0.502146864E+01 0.000000000E+00
 
 1     560       0       2
 0.703139162E+01 0.500526381E+01 0.000000000E+00
 
 1     561       0       2
 0.703297520E+01 0.601257658E+01 0.000000000E+00
 
 1     562       0       2
 0.602847195E+01 0.702164888E+01 0.000000000E+00
 
 1     563       0       2
 0.502380610E+01 0.702367830E+01 0.000000000E+00
 
 1     564       0       2
-0.601758385E+01 0.703451204E+01 0.000000000E+00
 
 1     565       0       2
-0.702721977E+01 0.602902889E+01 0.000000000E+00
 
 1     566       0       2
-0.702772713E+01 0.502198505E+01 0.000000000E+00
 
 1     567       0       2
-0.703129768E+01-0.500954103E+01 0.000000000E+00
 
 1     568       0       2
-0.703335190E+01-0.601657104E+01 0.000000000E+00
 
 1     569       0       2
-0.502093267E+01-0.702541637E+01 0.000000000E+00
 
 1     570       0       2
 0.110778923E+02-0.120953074E+02 0.000000000E+00
 
 1     571       0       2
 0.120870295E+02-0.110898094E+02 0.000000000E+00
 
 1     572       0       2
 0.120875921E+02-0.806832886E+01 0.000000000E+00
 
 1     573       0       2
 0.120867014E+02-0.907564545E+01 0.000000000E+00
 
 1     574       0       2
 0.120904179E+02-0.605331850E+01 0.000000000E+00
 
 1     575       0       2
 0.120886135E+02-0.706049204E+01 0.000000000E+00
 
 1     576       0       2
 0.120917940E+02-0.504590368E+01 0.000000000E+00
 
 1     577       0       2
 0.120964661E+02-0.202549243E+01 0.000000000E+00
 
 1     578       0       2
 0.120948658E+02-0.303211212E+01 0.000000000E+00
 
 1     579       0       2
 0.120982351E+02-0.116329324E-01 0.000000000E+00
 
 1     580       0       2
 0.120975122E+02-0.101843691E+01 0.000000000E+00
 
 1     581       0       2
 0.120969963E+02 0.200261164E+01 0.000000000E+00
 
 1     582       0       2
 0.120977173E+02 0.995544493E+00 0.000000000E+00
 
 1     583       0       2
 0.120934677E+02 0.401734209E+01 0.000000000E+00
 
 1     584       0       2
 0.120951490E+02 0.300997663E+01 0.000000000E+00
 
 1     585       0       2
 0.120891562E+02 0.603304148E+01 0.000000000E+00
 
 1     586       0       2
 0.120910645E+02 0.502509832E+01 0.000000000E+00
 
 1     587       0       2
 0.120864935E+02 0.805007744E+01 0.000000000E+00
 
 1     588       0       2
 0.120871944E+02 0.704145765E+01 0.000000000E+00
 
 1     589       0       2
 0.120884829E+02 0.100682497E+02 0.000000000E+00
 
 1     590       0       2
 0.120867195E+02 0.905914116E+01 0.000000000E+00
 
 1     591       0       2
-0.120947924E+02-0.110760984E+02 0.000000000E+00
 
 1     592       0       2
-0.110767441E+02 0.120959091E+02 0.000000000E+00
 
 1     593       0       2
 0.120906010E+02 0.110774879E+02 0.000000000E+00
 
 1     594       0       2
 0.100774183E+02 0.120863075E+02 0.000000000E+00
 
 1     595       0       2
 0.110843630E+02 0.120860920E+02 0.000000000E+00
 
 1     596       0       2
 0.907005882E+01 0.120864477E+02 0.000000000E+00
 
 1     597       0       2
 0.605233908E+01 0.120940113E+02 0.000000000E+00
 
 1     598       0       2
 0.705790854E+01 0.120911961E+02 0.000000000E+00
 
 1     599       0       2
 0.404099417E+01 0.120961647E+02 0.000000000E+00
 
 1     600       0       2
 0.504644012E+01 0.120950699E+02 0.000000000E+00
 
 1     601       0       2
 0.303466272E+01 0.120960407E+02 0.000000000E+00
 
 1     602       0       2
 0.134829767E-01 0.120959377E+02 0.000000000E+00
 
 1     603       0       2
 0.102096856E+01 0.120962334E+02 0.000000000E+00
 
 1     604       0       2
-0.200141168E+01 0.120970936E+02 0.000000000E+00
 
 1     605       0       2
-0.994016588E+00 0.120968189E+02 0.000000000E+00
 
 1     606       0       2
-0.401637936E+01 0.120946598E+02 0.000000000E+00
 
 1     607       0       2
-0.300894380E+01 0.120957928E+02 0.000000000E+00
 
 1     608       0       2
-0.603190947E+01 0.120918179E+02 0.000000000E+00
 
 1     609       0       2
-0.502409172E+01 0.120929108E+02 0.000000000E+00
 
 1     610       0       2
-0.804860783E+01 0.120922899E+02 0.000000000E+00
 
 1     611       0       2
-0.704030752E+01 0.120908909E+02 0.000000000E+00
 
 1     612       0       2
-0.100669231E+02 0.120959692E+02 0.000000000E+00
 
 1     613       0       2
-0.905757523E+01 0.120943899E+02 0.000000000E+00
 
 1     614       0       2
-0.120859823E+02 0.110901289E+02 0.000000000E+00
 
 1     615       0       2
-0.120865822E+02 0.806869221E+01 0.000000000E+00
 
 1     616       0       2
-0.120858068E+02 0.907607555E+01 0.000000000E+00
 
 1     617       0       2
-0.120893574E+02 0.605352211E+01 0.000000000E+00
 
 1     618       0       2
-0.120875463E+02 0.706077147E+01 0.000000000E+00
 
 1     619       0       2
-0.120910740E+02 0.504603863E+01 0.000000000E+00
 
 1     620       0       2
-0.120961189E+02 0.202547145E+01 0.000000000E+00
 
 1     621       0       2
-0.120945587E+02 0.303214264E+01 0.000000000E+00
 
 1     622       0       2
-0.120981483E+02 0.117166415E-01 0.000000000E+00
 
 1     623       0       2
-0.120970926E+02 0.101844561E+01 0.000000000E+00
 
 1     624       0       2
-0.120970364E+02-0.200245905E+01 0.000000000E+00
 
 1     625       0       2
-0.120976067E+02-0.995440125E+00 0.000000000E+00
 
 1     626       0       2
-0.120938663E+02-0.401694345E+01 0.000000000E+00
 
 1     627       0       2
-0.120953541E+02-0.300973034E+01 0.000000000E+00
 
 1     628       0       2
-0.120901880E+02-0.603234243E+01 0.000000000E+00
 
 1     629       0       2
-0.120918131E+02-0.502452421E+01 0.000000000E+00
 
 1     630       0       2
-0.120913067E+02-0.804869366E+01 0.000000000E+00
 
 1     631       0       2
-0.120897694E+02-0.704061747E+01 0.000000000E+00
 
 1     632       0       2
-0.120952597E+02-0.100665321E+02 0.000000000E+00
 
 1     633       0       2
-0.120936575E+02-0.905736256E+01 0.000000000E+00
 
 1     634       0       2
-0.100813866E+02-0.120842667E+02 0.000000000E+00
 
 1     635       0       2
-0.110886002E+02-0.120851326E+02 0.000000000E+00
 
 1     636       0       2
-0.806760788E+01-0.120849695E+02 0.000000000E+00
 
 1     637       0       2
-0.907458687E+01-0.120845108E+02 0.000000000E+00
 
 1     638       0       2
-0.705975437E+01-0.120855026E+02 0.000000000E+00
 
 1     639       0       2
-0.403816223E+01-0.120897369E+02 0.000000000E+00
 
 1     640       0       2
-0.504499769E+01-0.120878792E+02 0.000000000E+00
 
 1     641       0       2
-0.202471566E+01-0.120933371E+02 0.000000000E+00
 
 1     642       0       2
-0.303118253E+01-0.120912695E+02 0.000000000E+00
 
 1     643       0       2
-0.113987289E-01-0.120965872E+02 0.000000000E+00
 
 1     644       0       2
-0.101792181E+01-0.120949993E+02 0.000000000E+00
 
 1     645       0       2
 0.200254202E+01-0.120971088E+02 0.000000000E+00
 
 1     646       0       2
 0.995624542E+00-0.120968819E+02 0.000000000E+00
 
 1     647       0       2
 0.401705360E+01-0.120948515E+02 0.000000000E+00
 
 1     648       0       2
 0.300979829E+01-0.120960026E+02 0.000000000E+00
 
 1     649       0       2
 0.603251743E+01-0.120920105E+02 0.000000000E+00
 
 1     650       0       2
 0.502473736E+01-0.120931492E+02 0.000000000E+00
 
 1     651       0       2
 0.704118204E+01-0.120907764E+02 0.000000000E+00
 
 1     652       0       2
 0.100680819E+02-0.120951500E+02 0.000000000E+00
 
 1     653       0       2
 0.905859470E+01-0.120934391E+02 0.000000000E+00
 
 1     654       0       2
 0.120874701E+02-0.120956917E+02 0.000000000E+00
 
 1     655       0       2
-0.120942488E+02-0.120857935E+02 0.000000000E+00
 
 1     656       0       2
-0.120864134E+02 0.120959549E+02 0.000000000E+00
 
 1     657       0       2
 0.120911608E+02 0.120865993E+02 0.000000000E+00
 
 1     658       0       2
 0.100702562E+02-0.131010380E+02 0.000000000E+00
 
 1     659       0       2
 0.906151867E+01-0.130998259E+02 0.000000000E+00
 
 1     660       0       2
 0.805318260E+01-0.130985470E+02 0.000000000E+00
 
 1     661       0       2
 0.704502630E+01-0.130984764E+02 0.000000000E+00
 
 1     662       0       2
 0.603682804E+01-0.130995951E+02 0.000000000E+00
 
 1     663       0       2
 0.301387525E+01-0.131025553E+02 0.000000000E+00
 
 1     664       0       2
 0.200648952E+01-0.131029797E+02 0.000000000E+00
 
 1     665       0       2
-0.811338797E-02-0.131025505E+02 0.000000000E+00
 
 1     666       0       2
-0.101516891E+01-0.131014833E+02 0.000000000E+00
 
 1     667       0       2
-0.202205110E+01-0.130998583E+02 0.000000000E+00
 
 1     668       0       2
-0.403656387E+01-0.130980501E+02 0.000000000E+00
 
 1     669       0       2
-0.605131149E+01-0.130961733E+02 0.000000000E+00
 
 1     670       0       2
-0.705875349E+01-0.130953617E+02 0.000000000E+00
 
 1     671       0       2
-0.806624603E+01-0.130948858E+02 0.000000000E+00
 
 1     672       0       2
-0.907362747E+01-0.130946054E+02 0.000000000E+00
 
 1     673       0       2
-0.100807524E+02-0.130945015E+02 0.000000000E+00
 
 1     674       0       2
-0.131005325E+02-0.120868902E+02 0.000000000E+00
 
 1     675       0       2
-0.110875263E+02-0.130947351E+02 0.000000000E+00
 
 1     676       0       2
-0.120938940E+02-0.130950775E+02 0.000000000E+00
 
 1     677       0       2
-0.131003399E+02-0.110780458E+02 0.000000000E+00
 
 1     678       0       2
-0.131011105E+02-0.100691481E+02 0.000000000E+00
 
 1     679       0       2
-0.130985565E+02-0.805246639E+01 0.000000000E+00
 
 1     680       0       2
-0.130979891E+02-0.704446507E+01 0.000000000E+00
 
 1     681       0       2
-0.130985689E+02-0.603653955E+01 0.000000000E+00
 
 1     682       0       2
-0.131009750E+02-0.402126932E+01 0.000000000E+00
 
 1     683       0       2
-0.131020308E+02-0.301382971E+01 0.000000000E+00
 
 1     684       0       2
-0.131029682E+02-0.200642657E+01 0.000000000E+00
 
 1     685       0       2
-0.131037445E+02 0.832076464E-02 0.000000000E+00
 
 1     686       0       2
-0.131017962E+02 0.202259803E+01 0.000000000E+00
 
 1     687       0       2
-0.131007509E+02 0.403731537E+01 0.000000000E+00
 
 1     688       0       2
-0.130979195E+02 0.605199051E+01 0.000000000E+00
 
 1     689       0       2
-0.130960417E+02 0.806707287E+01 0.000000000E+00
 
 1     690       0       2
-0.130955257E+02 0.100818720E+02 0.000000000E+00
 
 1     691       0       2
-0.120872545E+02 0.131014633E+02 0.000000000E+00
 
 1     692       0       2
-0.130954065E+02 0.110884333E+02 0.000000000E+00
 
 1     693       0       2
-0.130955181E+02 0.120945883E+02 0.000000000E+00
 
 1     694       0       2
-0.110783501E+02 0.131012735E+02 0.000000000E+00
 
 1     695       0       2
-0.100693512E+02 0.131015644E+02 0.000000000E+00
 
 1     696       0       2
-0.906066322E+01 0.131006775E+02 0.000000000E+00
 
 1     697       0       2
-0.805251122E+01 0.130992041E+02 0.000000000E+00
 
 1     698       0       2
-0.704437447E+01 0.130984974E+02 0.000000000E+00
 
 1     699       0       2
-0.603635597E+01 0.130993700E+02 0.000000000E+00
 
 1     700       0       2
-0.502858067E+01 0.131003122E+02 0.000000000E+00
 
 1     701       0       2
-0.402093840E+01 0.131013880E+02 0.000000000E+00
 
 1     702       0       2
-0.200574636E+01 0.131030264E+02 0.000000000E+00
 
 1     703       0       2
 0.925107952E-02 0.131019707E+02 0.000000000E+00
 
 1     704       0       2
 0.202419424E+01 0.131029139E+02 0.000000000E+00
 
 1     705       0       2
 0.403815269E+01 0.131029196E+02 0.000000000E+00
 
 1     706       0       2
 0.504476976E+01 0.131023483E+02 0.000000000E+00
 
 1     707       0       2
 0.605135298E+01 0.131014709E+02 0.000000000E+00
 
 1     708       0       2
 0.705789232E+01 0.130999422E+02 0.000000000E+00
 
 1     709       0       2
 0.806450653E+01 0.130982924E+02 0.000000000E+00
 
 1     710       0       2
 0.907125950E+01 0.130965042E+02 0.000000000E+00
 
 1     711       0       2
 0.100781727E+02 0.130957232E+02 0.000000000E+00
 
 1     712       0       2
 0.130980682E+02 0.120873890E+02 0.000000000E+00
 
 1     713       0       2
 0.110851336E+02 0.130953999E+02 0.000000000E+00
 
 1     714       0       2
 0.120919695E+02 0.130954733E+02 0.000000000E+00
 
 1     715       0       2
 0.130977526E+02 0.110787687E+02 0.000000000E+00
 
 1     716       0       2
 0.130964708E+02 0.100702124E+02 0.000000000E+00
 
 1     717       0       2
 0.130951977E+02 0.805351067E+01 0.000000000E+00
 
 1     718       0       2
 0.130963879E+02 0.704514265E+01 0.000000000E+00
 
 1     719       0       2
 0.130976992E+02 0.603712797E+01 0.000000000E+00
 
 1     720       0       2
 0.131006756E+02 0.402162457E+01 0.000000000E+00
 
 1     721       0       2
 0.131018353E+02 0.301409149E+01 0.000000000E+00
 
 1     722       0       2
 0.131029196E+02 0.200659609E+01 0.000000000E+00
 
 1     723       0       2
 0.131035719E+02 0.999152541E+00 0.000000000E+00
 
 1     724       0       2
 0.131020365E+02-0.202258015E+01 0.000000000E+00
 
 1     725       0       2
 0.131010466E+02-0.403727388E+01 0.000000000E+00
 
 1     726       0       2
 0.130987034E+02-0.605188942E+01 0.000000000E+00
 
 1     727       0       2
 0.130967817E+02-0.806683159E+01 0.000000000E+00
 
 1     728       0       2
 0.130961695E+02-0.100815792E+02 0.000000000E+00
 
 1     729       0       2
 0.130961542E+02-0.110882664E+02 0.000000000E+00
 
 1     730       0       2
 0.130963011E+02-0.120945978E+02 0.000000000E+00
 
 1     731       0       2
-0.602227306E+01-0.601484728E+01 0.000000000E+00
 
 1     732       0       2
-0.601630592E+01 0.602327490E+01 0.000000000E+00
 
 1     733       0       2
 0.602314711E+01 0.601177120E+01 0.000000000E+00
 
 1     734       0       2
 0.601675129E+01-0.602319860E+01 0.000000000E+00
 
 1     735       0       2
 0.130965986E+02-0.131006603E+02 0.000000000E+00
 
 1     736       0       2
-0.131000443E+02-0.130956335E+02 0.000000000E+00
 
 1     737       0       2
-0.130959167E+02 0.131005116E+02 0.000000000E+00
 
 1     738       0       2
 0.130986996E+02 0.130958548E+02 0.000000000E+00
 
 1     739       0       2
-0.601743889E+01-0.500774336E+01 0.000000000E+00
 
 1     740       0       2
-0.601630402E+01-0.400315285E+01 0.000000000E+00
 
 1     741       0       2
-0.601652288E+01-0.300027609E+01 0.000000000E+00
 
 1     742       0       2
-0.601714420E+01-0.199837351E+01 0.000000000E+00
 
 1     743       0       2
-0.601764393E+01-0.997238636E+00 0.000000000E+00
 
 1     744       0       2
-0.601768351E+01 0.346457819E-02 0.000000000E+00
 
 1     745       0       2
-0.601713657E+01 0.100407040E+01 0.000000000E+00
 
 1     746       0       2
-0.601628304E+01 0.200509739E+01 0.000000000E+00
 
 1     747       0       2
-0.601548100E+01 0.300704551E+01 0.000000000E+00
 
 1     748       0       2
-0.601449347E+01 0.501458740E+01 0.000000000E+00
 
 1     749       0       2
-0.601475382E+01 0.400978041E+01 0.000000000E+00
 
 1     750       0       2
-0.500812387E+01 0.601784420E+01 0.000000000E+00
 
 1     751       0       2
-0.400314283E+01 0.601664352E+01 0.000000000E+00
 
 1     752       0       2
-0.299986172E+01 0.601688719E+01 0.000000000E+00
 
 1     753       0       2
-0.199747467E+01 0.601754522E+01 0.000000000E+00
 
 1     754       0       2
-0.995725036E+00 0.601816988E+01 0.000000000E+00
 
 1     755       0       2
 0.566380797E-02 0.601827955E+01 0.000000000E+00
 
 1     756       0       2
 0.100683188E+01 0.601766777E+01 0.000000000E+00
 
 1     757       0       2
 0.200793266E+01 0.601627874E+01 0.000000000E+00
 
 1     758       0       2
 0.300918198E+01 0.601473331E+01 0.000000000E+00
 
 1     759       0       2
 0.501545525E+01 0.601171541E+01 0.000000000E+00
 
 1     760       0       2
 0.401128197E+01 0.601319981E+01 0.000000000E+00
 
 1     761       0       2
 0.601750135E+01 0.500517607E+01 0.000000000E+00
 
 1     762       0       2
 0.601632309E+01 0.400170231E+01 0.000000000E+00
 
 1     763       0       2
 0.601653481E+01 0.299901891E+01 0.000000000E+00
 
 1     764       0       2
 0.601714468E+01 0.199765444E+01 0.000000000E+00
 
 1     765       0       2
 0.601761580E+01 0.996872902E+00 0.000000000E+00
 
 1     766       0       2
 0.601766205E+01-0.362409744E-02 0.000000000E+00
 
 1     767       0       2
 0.601712275E+01-0.100411248E+01 0.000000000E+00
 
 1     768       0       2
 0.601632500E+01-0.200532079E+01 0.000000000E+00
 
 1     769       0       2
 0.601569796E+01-0.300733113E+01 0.000000000E+00
 
 1     770       0       2
 0.601457262E+01-0.501432610E+01 0.000000000E+00
 
 1     771       0       2
 0.601475000E+01-0.400991821E+01 0.000000000E+00
 
 1     772       0       2
 0.500856876E+01-0.601808071E+01 0.000000000E+00
 
 1     773       0       2
 0.400382614E+01-0.601671982E+01 0.000000000E+00
 
 1     774       0       2
 0.300077200E+01-0.601673889E+01 0.000000000E+00
 
 1     775       0       2
 0.199881995E+01-0.601715565E+01 0.000000000E+00
 
 1     776       0       2
 0.997724295E+00-0.601726007E+01 0.000000000E+00
 
 1     777       0       2
-0.296370685E-02-0.601684666E+01 0.000000000E+00
 
 1     778       0       2
-0.100368845E+01-0.601604891E+01 0.000000000E+00
 
 1     779       0       2
-0.501387215E+01-0.601324129E+01 0.000000000E+00
 
 1     780       0       2
-0.400928640E+01-0.601369190E+01 0.000000000E+00
 
 1     781       0       2
-0.300649834E+01-0.601445246E+01 0.000000000E+00
 
 1     782       0       2
-0.200508571E+01-0.601538992E+01 0.000000000E+00
 
 1     783       0       2
 0.130969543E+02-0.141064816E+02 0.000000000E+00
 
 1     784       0       2
 0.120888948E+02-0.141069431E+02 0.000000000E+00
 
 1     785       0       2
 0.110807152E+02-0.141063585E+02 0.000000000E+00
 
 1     786       0       2
 0.100724716E+02-0.141065464E+02 0.000000000E+00
 
 1     787       0       2
 0.906434631E+01-0.141060848E+02 0.000000000E+00
 
 1     788       0       2
 0.805653858E+01-0.141051588E+02 0.000000000E+00
 
 1     789       0       2
 0.704885340E+01-0.141052914E+02 0.000000000E+00
 
 1     790       0       2
 0.604098272E+01-0.141061220E+02 0.000000000E+00
 
 1     791       0       2
 0.503327417E+01-0.141068974E+02 0.000000000E+00
 
 1     792       0       2
 0.402566004E+01-0.141074009E+02 0.000000000E+00
 
 1     793       0       2
 0.301813364E+01-0.141076279E+02 0.000000000E+00
 
 1     794       0       2
 0.201066089E+01-0.141078291E+02 0.000000000E+00
 
 1     795       0       2
 0.100319481E+01-0.141079273E+02 0.000000000E+00
 
 1     796       0       2
-0.412644027E-02-0.141072636E+02 0.000000000E+00
 
 1     797       0       2
-0.101152766E+01-0.141069479E+02 0.000000000E+00
 
 1     798       0       2
-0.201874590E+01-0.141061344E+02 0.000000000E+00
 
 1     799       0       2
-0.302617264E+01-0.141059456E+02 0.000000000E+00
 
 1     800       0       2
-0.403350639E+01-0.141052265E+02 0.000000000E+00
 
 1     801       0       2
-0.504098082E+01-0.141049175E+02 0.000000000E+00
 
 1     802       0       2
-0.604845142E+01-0.141043739E+02 0.000000000E+00
 
 1     803       0       2
-0.705593586E+01-0.141039982E+02 0.000000000E+00
 
 1     804       0       2
-0.806341076E+01-0.141037464E+02 0.000000000E+00
 
 1     805       0       2
-0.907082558E+01-0.141036053E+02 0.000000000E+00
 
 1     806       0       2
-0.100781012E+02-0.141035662E+02 0.000000000E+00
 
 1     807       0       2
-0.110851784E+02-0.141036444E+02 0.000000000E+00
 
 1     808       0       2
-0.120920563E+02-0.141038008E+02 0.000000000E+00
 
 1     809       0       2
-0.130988045E+02-0.141040545E+02 0.000000000E+00
 
 1     810       0       2
-0.141055040E+02-0.141044102E+02 0.000000000E+00
 
 1     811       0       2
-0.141060934E+02-0.130964184E+02 0.000000000E+00
 
 1     812       0       2
-0.141063852E+02-0.120882864E+02 0.000000000E+00
 
 1     813       0       2
-0.141060028E+02-0.110801296E+02 0.000000000E+00
 
 1     814       0       2
-0.141066303E+02-0.100719271E+02 0.000000000E+00
 
 1     815       0       2
-0.141064167E+02-0.906386280E+01 0.000000000E+00
 
 1     816       0       2
-0.141055202E+02-0.805608368E+01 0.000000000E+00
 
 1     817       0       2
-0.141051722E+02-0.704847622E+01 0.000000000E+00
 
 1     818       0       2
-0.141056614E+02-0.604077625E+01 0.000000000E+00
 
 1     819       0       2
-0.141063261E+02-0.503317833E+01 0.000000000E+00
 
 1     820       0       2
-0.141073856E+02-0.301812553E+01 0.000000000E+00
 
 1     821       0       2
-0.141078415E+02-0.201064205E+01 0.000000000E+00
 
 1     822       0       2
-0.141082802E+02-0.100312889E+01 0.000000000E+00
 
 1     823       0       2
-0.141082344E+02 0.434775185E-02 0.000000000E+00
 
 1     824       0       2
-0.141080189E+02 0.101176751E+01 0.000000000E+00
 
 1     825       0       2
-0.141071396E+02 0.201901007E+01 0.000000000E+00
 
 1     826       0       2
-0.141072044E+02 0.302651691E+01 0.000000000E+00
 
 1     827       0       2
-0.141062984E+02 0.403379869E+01 0.000000000E+00
 
 1     828       0       2
-0.141060762E+02 0.504137850E+01 0.000000000E+00
 
 1     829       0       2
-0.141050806E+02 0.604869795E+01 0.000000000E+00
 
 1     830       0       2
-0.141048355E+02 0.705631161E+01 0.000000000E+00
 
 1     831       0       2
-0.141043816E+02 0.806385517E+01 0.000000000E+00
 
 1     832       0       2
-0.141042500E+02 0.907134247E+01 0.000000000E+00
 
 1     833       0       2
-0.141040878E+02 0.100786047E+02 0.000000000E+00
 
 1     834       0       2
-0.141040030E+02 0.110855856E+02 0.000000000E+00
 
 1     835       0       2
-0.141040382E+02 0.120923510E+02 0.000000000E+00
 
 1     836       0       2
-0.141042070E+02 0.130989923E+02 0.000000000E+00
 
 1     837       0       2
-0.141044912E+02 0.141055965E+02 0.000000000E+00
 
 1     838       0       2
-0.130965538E+02 0.141063280E+02 0.000000000E+00
 
 1     839       0       2
-0.120884485E+02 0.141067362E+02 0.000000000E+00
 
 1     840       0       2
-0.110802402E+02 0.141067209E+02 0.000000000E+00
 
 1     841       0       2
-0.100720282E+02 0.141068411E+02 0.000000000E+00
 
 1     842       0       2
-0.906395435E+01 0.141064606E+02 0.000000000E+00
 
 1     843       0       2
-0.805622578E+01 0.141056213E+02 0.000000000E+00
 
 1     844       0       2
-0.704840994E+01 0.141055565E+02 0.000000000E+00
 
 1     845       0       2
-0.604070139E+01 0.141059561E+02 0.000000000E+00
 
 1     846       0       2
-0.503306723E+01 0.141064644E+02 0.000000000E+00
 
 1     847       0       2
-0.402548504E+01 0.141070528E+02 0.000000000E+00
 
 1     848       0       2
-0.301788855E+01 0.141076746E+02 0.000000000E+00
 
 1     849       0       2
-0.201029730E+01 0.141078653E+02 0.000000000E+00
 
 1     850       0       2
-0.100273693E+01 0.141078882E+02 0.000000000E+00
 
 1     851       0       2
 0.472034933E-02 0.141072197E+02 0.000000000E+00
 
 1     852       0       2
 0.101223469E+01 0.141077576E+02 0.000000000E+00
 
 1     853       0       2
 0.201967788E+01 0.141078796E+02 0.000000000E+00
 
 1     854       0       2
 0.302702999E+01 0.141080446E+02 0.000000000E+00
 
 1     855       0       2
 0.403428459E+01 0.141078911E+02 0.000000000E+00
 
 1     856       0       2
 0.504144812E+01 0.141076040E+02 0.000000000E+00
 
 1     857       0       2
 0.604857826E+01 0.141071463E+02 0.000000000E+00
 
 1     858       0       2
 0.705558348E+01 0.141063452E+02 0.000000000E+00
 
 1     859       0       2
 0.806258106E+01 0.141053820E+02 0.000000000E+00
 
 1     860       0       2
 0.906975460E+01 0.141046190E+02 0.000000000E+00
 
 1     861       0       2
 0.100769768E+02 0.141041880E+02 0.000000000E+00
 
 1     862       0       2
 0.110841284E+02 0.141039743E+02 0.000000000E+00
 
 1     863       0       2
 0.120911951E+02 0.141039677E+02 0.000000000E+00
 
 1     864       0       2
 0.130982075E+02 0.141041222E+02 0.000000000E+00
 
 1     865       0       2
 0.141052027E+02 0.141044102E+02 0.000000000E+00
 
 1     866       0       2
 0.141053696E+02 0.130964804E+02 0.000000000E+00
 
 1     867       0       2
 0.141051512E+02 0.120884686E+02 0.000000000E+00
 
 1     868       0       2
 0.141049023E+02 0.110804272E+02 0.000000000E+00
 
 1     869       0       2
 0.141043272E+02 0.100724430E+02 0.000000000E+00
 
 1     870       0       2
 0.141039438E+02 0.906446648E+01 0.000000000E+00
 
 1     871       0       2
 0.141039562E+02 0.805661964E+01 0.000000000E+00
 
 1     872       0       2
 0.141044807E+02 0.704881907E+01 0.000000000E+00
 
 1     873       0       2
 0.141052017E+02 0.604109049E+01 0.000000000E+00
 
 1     874       0       2
 0.141060514E+02 0.503342628E+01 0.000000000E+00
 
 1     875       0       2
 0.141066580E+02 0.402583313E+01 0.000000000E+00
 
 1     876       0       2
 0.141072235E+02 0.301829720E+01 0.000000000E+00
 
 1     877       0       2
 0.141077452E+02 0.201076722E+01 0.000000000E+00
 
 1     878       0       2
 0.141081553E+02 0.100323951E+01 0.000000000E+00
 
 1     879       0       2
 0.141085033E+02-0.429383712E-02 0.000000000E+00
 
 1     880       0       2
 0.141082182E+02-0.101176679E+01 0.000000000E+00
 
 1     881       0       2
 0.141072922E+02-0.201903415E+01 0.000000000E+00
 
 1     882       0       2
 0.141073198E+02-0.302649283E+01 0.000000000E+00
 
 1     883       0       2
 0.141067495E+02-0.403385592E+01 0.000000000E+00
 
 1     884       0       2
 0.141064119E+02-0.504135180E+01 0.000000000E+00
 
 1     885       0       2
 0.141054850E+02-0.604864883E+01 0.000000000E+00
 
 1     886       0       2
 0.141052818E+02-0.705623150E+01 0.000000000E+00
 
 1     887       0       2
 0.141047678E+02-0.806371784E+01 0.000000000E+00
 
 1     888       0       2
 0.141045780E+02-0.907115269E+01 0.000000000E+00
 
 1     889       0       2
 0.141044121E+02-0.100784292E+02 0.000000000E+00
 
 1     890       0       2
 0.141043777E+02-0.110854883E+02 0.000000000E+00
 
 1     891       0       2
 0.141044350E+02-0.120923500E+02 0.000000000E+00
 
 1     892       0       2
 0.141045513E+02-0.130990438E+02 0.000000000E+00
 
 1     893       0       2
 0.141046829E+02-0.141056337E+02 0.000000000E+00
 
 1     894       0       2
-0.400824070E+01 0.100741959E+02 0.000000000E+00
 
 1     895       0       2
 0.120930185E+02-0.403871059E+01 0.000000000E+00
 
 1     896       0       2
-0.120925999E+02 0.403879976E+01 0.000000000E+00
 
 1     897       0       2
 0.702921677E+01-0.401672649E+01 0.000000000E+00
 
 1     898       0       2
 0.502904272E+01-0.131004353E+02 0.000000000E+00
 
 1     899       0       2
-0.805145741E+01-0.991802454E+00 0.000000000E+00
 
 1     900       0       2
 0.805153561E+01 0.991336823E+00 0.000000000E+00
 
 1     901       0       2
 0.131036272E+02-0.817195605E-02 0.000000000E+00
 
 1     902       0       2
-0.131032372E+02-0.999117911E+00 0.000000000E+00
 
 1     903       0       2
-0.131027994E+02 0.101539743E+01 0.000000000E+00
 
 1     904       0       2
-0.501071453E+01 0.804614162E+01 0.000000000E+00
 
 1     905       0       2
-0.130953722E+02 0.907429695E+01 0.000000000E+00
 
 1     906       0       2
 0.130960169E+02-0.907401276E+01 0.000000000E+00
 
 1     907       0       2
-0.500994349E+01 0.703249073E+01 0.000000000E+00
 
 1     908       0       2
-0.301338053E+01 0.131020355E+02 0.000000000E+00
 
 1     909       0       2
 0.303111625E+01 0.131025267E+02 0.000000000E+00
 
 1     910       0       2
-0.130988998E+02 0.504436970E+01 0.000000000E+00
 
 1     911       0       2
 0.130994558E+02-0.504429007E+01 0.000000000E+00
 
 1     912       0       2
-0.602857828E+01-0.702544022E+01 0.000000000E+00
 
 1     913       0       2
 0.110791979E+02-0.131007261E+02 0.000000000E+00
 
 1     914       0       2
-0.302918339E+01-0.130988770E+02 0.000000000E+00
 
 1     915       0       2
-0.130994272E+02-0.502889729E+01 0.000000000E+00
 
 1     916       0       2
 0.130988750E+02 0.502936220E+01 0.000000000E+00
 
 1     917       0       2
 0.400497055E+01-0.804719830E+01 0.000000000E+00
 
 1     918       0       2
 0.905377865E+01-0.604233408E+01 0.000000000E+00
 
 1     919       0       2
-0.905311871E+01 0.604264498E+01 0.000000000E+00
 
 1     920       0       2
 0.130954905E+02 0.906180191E+01 0.000000000E+00
 
 1     921       0       2
-0.131000404E+02-0.906064320E+01 0.000000000E+00
 
 1     922       0       2
 0.101671720E+01 0.131022739E+02 0.000000000E+00
 
 1     923       0       2
 0.999242723E+00-0.131026649E+02 0.000000000E+00
 
 1     924       0       2
-0.804179955E+01 0.100747404E+02 0.000000000E+00
 
 1     925       0       2
 0.804280567E+01-0.100742283E+02 0.000000000E+00
 
 1     926       0       2
 0.501335907E+01-0.905995178E+01 0.000000000E+00
 
 1     927       0       2
 0.804048443E+01-0.603557968E+01 0.000000000E+00
 
 1     928       0       2
-0.120854940E+02 0.100829906E+02 0.000000000E+00
 
 1     929       0       2
 0.120864172E+02-0.100825796E+02 0.000000000E+00
 
 1     930       0       2
 0.402145195E+01-0.131013660E+02 0.000000000E+00
 
 1     931       0       2
-0.130965576E+02 0.705927372E+01 0.000000000E+00
 
 1     932       0       2
 0.130973349E+02-0.705910254E+01 0.000000000E+00
 
 1     933       0       2
 0.202785087E+01 0.120957336E+02 0.000000000E+00
 
 1     934       0       2
-0.998259604E+00 0.131025333E+02 0.000000000E+00
 
 1     935       0       2
 0.131030397E+02-0.101533878E+01 0.000000000E+00
 
 1     936       0       2
-0.501248312E+01 0.905971336E+01 0.000000000E+00
 
 1     937       0       2
-0.141067305E+02-0.402567291E+01 0.000000000E+00
 
 1     938       0       2
-0.504368019E+01-0.130967588E+02 0.000000000E+00
 
 1     939       0       2
 0.199711943E+01-0.703393221E+01 0.000000000E+00
 
 1     940       0       2
-0.131011419E+02 0.302981043E+01 0.000000000E+00
 
 1     941       0       2
 0.131013975E+02-0.302979517E+01 0.000000000E+00
 
 1     942       0       2
 0.905580807E+01-0.503579092E+01 0.000000000E+00
 
 1     943       0       2
-0.905535412E+01 0.503604650E+01 0.000000000E+00
 
 1     944       0       2
 0.501185799E+01-0.804656219E+01 0.000000000E+00
 
 1     945       0       2
-0.400562239E+01 0.906106281E+01 0.000000000E+00
 
 1     946       0       2
 0.110888729E+02-0.101985741E+01 0.000000000E+00
 
 1     947       0       2
 0.120880327E+02-0.131011305E+02 0.000000000E+00
 
 1     948       0       2
 0.804481030E+01 0.500834227E+01 0.000000000E+00
 
 1     949       0       2
-0.804494381E+01-0.501054382E+01 0.000000000E+00
 
 1     950       0       2
-0.605202341E+01-0.120861835E+02 0.000000000E+00
 
 1     951       0       2
 0.603426504E+01 0.803661442E+01 0.000000000E+00
 
 1     952       0       2
 0.804995537E+01-0.120909300E+02 0.000000000E+00
 
 1     953       0       2
 0.806362820E+01 0.120882902E+02 0.000000000E+00
 
 1     954       0       2
-0.603508711E+01-0.803740597E+01 0.000000000E+00
 
 1     955       0       2
-0.100794210E+02 0.144901583E-01 0.000000000E+00
 
 1     956       0       2
 0.370543982E-18-0.500000000E+01-0.400000000E+01
 
 1     957       0       2
 0.100000000E+01-0.500000000E+01-0.500000000E+01
 
 1     958       0       2
-0.323815050E-17-0.500000000E+01-0.600000000E+01
 
 1     959       0       2
-0.100000000E+01-0.500000000E+01-0.500000000E+01
 
 1     960       0       2
-0.100000000E+01-0.500000000E+01-0.400000000E+01
 
 1     961       0       2
 0.100000000E+01-0.500000000E+01-0.400000000E+01
 
 1     962       0       2
 0.100000000E+01-0.500000000E+01-0.600000000E+01
 
 1     963       0       2
-0.100000000E+01-0.500000000E+01-0.600000000E+01
 
 1     964       0       2
-0.200000000E+01-0.500000000E+01-0.400000000E+01
 
 1     965       0       2
 0.892389742E-18-0.500000000E+01-0.300000000E+01
 
 1     966       0       2
 0.100000000E+01-0.500000000E+01-0.300000000E+01
 
 1     967       0       2
 0.200000000E+01-0.500000000E+01-0.400000000E+01
 
 1     968       0       2
 0.200000000E+01-0.500000000E+01-0.500000000E+01
 
 1     969       0       2
 0.200000000E+01-0.500000000E+01-0.600000000E+01
 
 1     970       0       2
-0.198914955E-17-0.500000000E+01-0.700000000E+01
 
 1     971       0       2
-0.100000000E+01-0.500000000E+01-0.700000000E+01
 
 1     972       0       2
-0.200000000E+01-0.500000000E+01-0.600000000E+01
 
 1     973       0       2
-0.200000000E+01-0.500000000E+01-0.500000000E+01
 
 1     974       0       2
-0.200000000E+01-0.500000000E+01-0.300000000E+01
 
 1     975       0       2
 0.200000000E+01-0.500000000E+01-0.300000000E+01
 
 1     976       0       2
 0.200000000E+01-0.500000000E+01-0.700000000E+01
 
 1     977       0       2
-0.765036612E-22-0.500000000E+01-0.200000000E+01
 
 1     978       0       2
-0.200000000E+01-0.500000000E+01-0.200000000E+01
 
 1     979       0       2
 0.300000000E+01-0.500000000E+01-0.300000000E+01
 
 1     980       0       2
 0.200000000E+01-0.500000000E+01-0.200000000E+01
 
 1     981       0       2
 0.300000000E+01-0.500000000E+01-0.500000000E+01
 
 1     982       0       2
 0.200000000E+01-0.500000000E+01-0.800000000E+01
 
 1     983       0       2
 0.300000000E+01-0.500000000E+01-0.700000000E+01
 
 1     984       0       2
 0.100000000E+01-0.500000000E+01-0.800000000E+01
 
 1     985       0       2
-0.397829905E-18-0.500000000E+01-0.800000000E+01
 
 1     986       0       2
-0.300000000E+01-0.500000000E+01-0.700000000E+01
 
 1     987       0       2
-0.100000000E+01-0.500000000E+01-0.800000000E+01
 
 1     988       0       2
-0.300000000E+01-0.500000000E+01-0.600000000E+01
 
 1     989       0       2
-0.300000000E+01-0.500000000E+01-0.500000000E+01
 
 1     990       0       2
-0.300000000E+01-0.500000000E+01-0.300000000E+01
 
 1     991       0       2
-0.300000000E+01-0.500000000E+01-0.200000000E+01
 
 1     992       0       2
 0.300000000E+01-0.500000000E+01-0.200000000E+01
 
 1     993       0       2
 0.300000000E+01-0.500000000E+01-0.800000000E+01
 
 1     994       0       2
-0.300000000E+01-0.500000000E+01-0.800000000E+01
 
 1     995       0       2
-0.300000000E+01-0.500000000E+01-0.100000000E+01
 
 1     996       0       2
-0.200000000E+01-0.500000000E+01-0.100000000E+01
 
 1     997       0       2
-0.100000000E+01-0.500000000E+01-0.100000000E+01
 
 1     998       0       2
-0.153007319E-22-0.500000000E+01-0.100000000E+01
 
 1     999       0       2
 0.100000000E+01-0.500000000E+01-0.100000000E+01
 
 1    1000       0       2
 0.200000000E+01-0.500000000E+01-0.100000000E+01
 
 1    1001       0       2
 0.300000000E+01-0.500000000E+01-0.100000000E+01
 
 1    1002       0       2
 0.400000000E+01-0.500000000E+01-0.100000000E+01
 
 1    1003       0       2
 0.400000000E+01-0.500000000E+01-0.200000000E+01
 
 1    1004       0       2
 0.400000000E+01-0.500000000E+01-0.300000000E+01
 
 1    1005       0       2
 0.400000000E+01-0.500000000E+01-0.400000000E+01
 
 1    1006       0       2
 0.400000000E+01-0.500000000E+01-0.500000000E+01
 
 1    1007       0       2
 0.400000000E+01-0.500000000E+01-0.600000000E+01
 
 1    1008       0       2
 0.400000000E+01-0.500000000E+01-0.700000000E+01
 
 1    1009       0       2
 0.400000000E+01-0.500000000E+01-0.800000000E+01
 
 1    1010       0       2
 0.400000000E+01-0.500000000E+01-0.900000000E+01
 
 1    1011       0       2
 0.300000000E+01-0.500000000E+01-0.900000000E+01
 
 1    1012       0       2
 0.200000000E+01-0.500000000E+01-0.900000000E+01
 
 1    1013       0       2
 0.100000000E+01-0.500000000E+01-0.900000000E+01
 
 1    1014       0       2
 0.000000000E+00-0.500000000E+01-0.900000000E+01
 
 1    1015       0       2
-0.100000000E+01-0.500000000E+01-0.900000000E+01
 
 1    1016       0       2
-0.200000000E+01-0.500000000E+01-0.900000000E+01
 
 1    1017       0       2
-0.300000000E+01-0.500000000E+01-0.900000000E+01
 
 1    1018       0       2
-0.400000000E+01-0.500000000E+01-0.900000000E+01
 
 1    1019       0       2
-0.400000000E+01-0.500000000E+01-0.800000000E+01
 
 1    1020       0       2
-0.400000000E+01-0.500000000E+01-0.700000000E+01
 
 1    1021       0       2
-0.400000000E+01-0.500000000E+01-0.600000000E+01
 
 1    1022       0       2
-0.400000000E+01-0.500000000E+01-0.500000000E+01
 
 1    1023       0       2
-0.400000000E+01-0.500000000E+01-0.400000000E+01
 
 1    1024       0       2
-0.400000000E+01-0.500000000E+01-0.300000000E+01
 
 1    1025       0       2
-0.400000000E+01-0.500000000E+01-0.200000000E+01
 
 1    1026       0       2
-0.400000000E+01-0.500000000E+01-0.100000000E+01
 
 1    1027       0       2
-0.100000000E+01-0.500000000E+01-0.200000000E+01
 
 1    1028       0       2
-0.100000000E+01-0.500000000E+01-0.300000000E+01
 
 1    1029       0       2
-0.200000000E+01-0.500000000E+01-0.700000000E+01
 
 1    1030       0       2
 0.300000000E+01-0.500000000E+01-0.400000000E+01
 
 1    1031       0       2
-0.200000000E+01-0.500000000E+01-0.800000000E+01
 
 1    1032       0       2
-0.300000000E+01-0.500000000E+01-0.400000000E+01
 
 1    1033       0       2
 0.300000000E+01-0.500000000E+01-0.600000000E+01
 
 1    1034       0       2
 0.100000000E+01-0.500000000E+01-0.200000000E+01
 
 1    1035       0       2
 0.100000000E+01-0.500000000E+01-0.700000000E+01
 
 1    1036       0       2
 0.741087978E-19-0.500000000E+01-0.500000000E+01
 
 1    1037       0       2
 0.500000000E+01 0.100000000E+01-0.500000000E+01
 
 1    1038       0       2
 0.500000000E+01-0.345117040E-17-0.600000000E+01
 
 1    1039       0       2
 0.500000000E+01-0.100000000E+01-0.500000000E+01
 
 1    1040       0       2
 0.500000000E+01-0.274044808E-18-0.400000000E+01
 
 1    1041       0       2
 0.500000000E+01 0.100000000E+01-0.400000000E+01
 
 1    1042       0       2
 0.500000000E+01 0.100000000E+01-0.600000000E+01
 
 1    1043       0       2
 0.500000000E+01-0.100000000E+01-0.600000000E+01
 
 1    1044       0       2
 0.500000000E+01-0.100000000E+01-0.400000000E+01
 
 1    1045       0       2
 0.500000000E+01 0.100000000E+01-0.300000000E+01
 
 1    1046       0       2
 0.500000000E+01 0.200000000E+01-0.400000000E+01
 
 1    1047       0       2
 0.500000000E+01 0.200000000E+01-0.500000000E+01
 
 1    1048       0       2
 0.500000000E+01 0.200000000E+01-0.600000000E+01
 
 1    1049       0       2
 0.500000000E+01-0.693889401E-18-0.700000000E+01
 
 1    1050       0       2
 0.500000000E+01-0.100000000E+01-0.700000000E+01
 
 1    1051       0       2
 0.500000000E+01-0.200000000E+01-0.600000000E+01
 
 1    1052       0       2
 0.500000000E+01-0.200000000E+01-0.500000000E+01
 
 1    1053       0       2
 0.500000000E+01-0.200000000E+01-0.400000000E+01
 
 1    1054       0       2
 0.500000000E+01 0.200000000E+01-0.300000000E+01
 
 1    1055       0       2
 0.500000000E+01 0.200000000E+01-0.700000000E+01
 
 1    1056       0       2
 0.500000000E+01-0.200000000E+01-0.300000000E+01
 
 1    1057       0       2
 0.500000000E+01 0.300000000E+01-0.500000000E+01
 
 1    1058       0       2
 0.500000000E+01 0.300000000E+01-0.300000000E+01
 
 1    1059       0       2
 0.500000000E+01 0.200000000E+01-0.800000000E+01
 
 1    1060       0       2
 0.500000000E+01 0.300000000E+01-0.700000000E+01
 
 1    1061       0       2
 0.500000000E+01 0.100000000E+01-0.800000000E+01
 
 1    1062       0       2
 0.500000000E+01-0.138777875E-18-0.800000000E+01
 
 1    1063       0       2
 0.500000000E+01-0.300000000E+01-0.700000000E+01
 
 1    1064       0       2
 0.500000000E+01-0.100000000E+01-0.800000000E+01
 
 1    1065       0       2
 0.500000000E+01-0.300000000E+01-0.600000000E+01
 
 1    1066       0       2
 0.500000000E+01-0.300000000E+01-0.500000000E+01
 
 1    1067       0       2
 0.500000000E+01-0.200000000E+01-0.200000000E+01
 
 1    1068       0       2
 0.500000000E+01-0.300000000E+01-0.300000000E+01
 
 1    1069       0       2
 0.500000000E+01 0.256597035E-18-0.200000000E+01
 
 1    1070       0       2
 0.500000000E+01 0.200000000E+01-0.200000000E+01
 
 1    1071       0       2
 0.500000000E+01 0.300000000E+01-0.200000000E+01
 
 1    1072       0       2
 0.500000000E+01 0.300000000E+01-0.800000000E+01
 
 1    1073       0       2
 0.500000000E+01-0.300000000E+01-0.800000000E+01
 
 1    1074       0       2
 0.500000000E+01-0.300000000E+01-0.200000000E+01
 
 1    1075       0       2
 0.500000000E+01 0.400000000E+01-0.200000000E+01
 
 1    1076       0       2
 0.500000000E+01 0.400000000E+01-0.300000000E+01
 
 1    1077       0       2
 0.500000000E+01 0.400000000E+01-0.400000000E+01
 
 1    1078       0       2
 0.500000000E+01 0.400000000E+01-0.500000000E+01
 
 1    1079       0       2
 0.500000000E+01 0.400000000E+01-0.600000000E+01
 
 1    1080       0       2
 0.500000000E+01 0.400000000E+01-0.700000000E+01
 
 1    1081       0       2
 0.500000000E+01 0.400000000E+01-0.800000000E+01
 
 1    1082       0       2
 0.500000000E+01 0.400000000E+01-0.900000000E+01
 
 1    1083       0       2
 0.500000000E+01 0.300000000E+01-0.900000000E+01
 
 1    1084       0       2
 0.500000000E+01 0.200000000E+01-0.900000000E+01
 
 1    1085       0       2
 0.500000000E+01 0.100000000E+01-0.900000000E+01
 
 1    1086       0       2
 0.500000000E+01 0.000000000E+00-0.900000000E+01
 
 1    1087       0       2
 0.500000000E+01-0.100000000E+01-0.900000000E+01
 
 1    1088       0       2
 0.500000000E+01-0.200000000E+01-0.900000000E+01
 
 1    1089       0       2
 0.500000000E+01-0.300000000E+01-0.900000000E+01
 
 1    1090       0       2
 0.500000000E+01-0.400000000E+01-0.900000000E+01
 
 1    1091       0       2
 0.500000000E+01-0.400000000E+01-0.800000000E+01
 
 1    1092       0       2
 0.500000000E+01-0.400000000E+01-0.700000000E+01
 
 1    1093       0       2
 0.500000000E+01-0.400000000E+01-0.600000000E+01
 
 1    1094       0       2
 0.500000000E+01-0.400000000E+01-0.500000000E+01
 
 1    1095       0       2
 0.500000000E+01-0.400000000E+01-0.400000000E+01
 
 1    1096       0       2
 0.500000000E+01-0.400000000E+01-0.300000000E+01
 
 1    1097       0       2
 0.500000000E+01-0.400000000E+01-0.200000000E+01
 
 1    1098       0       2
 0.500000000E+01-0.400000000E+01-0.100000000E+01
 
 1    1099       0       2
 0.500000000E+01-0.300000000E+01-0.100000000E+01
 
 1    1100       0       2
 0.500000000E+01-0.200000000E+01-0.100000000E+01
 
 1    1101       0       2
 0.500000000E+01-0.100000000E+01-0.100000000E+01
 
 1    1102       0       2
 0.500000000E+01 0.513194064E-19-0.100000000E+01
 
 1    1103       0       2
 0.500000000E+01 0.100000000E+01-0.100000000E+01
 
 1    1104       0       2
 0.500000000E+01 0.200000000E+01-0.100000000E+01
 
 1    1105       0       2
 0.500000000E+01 0.300000000E+01-0.100000000E+01
 
 1    1106       0       2
 0.500000000E+01 0.400000000E+01-0.100000000E+01
 
 1    1107       0       2
 0.500000000E+01-0.100000000E+01-0.200000000E+01
 
 1    1108       0       2
 0.500000000E+01-0.100000000E+01-0.300000000E+01
 
 1    1109       0       2
 0.500000000E+01-0.200000000E+01-0.700000000E+01
 
 1    1110       0       2
 0.500000000E+01 0.300000000E+01-0.400000000E+01
 
 1    1111       0       2
 0.500000000E+01 0.667152287E-18-0.300000000E+01
 
 1    1112       0       2
 0.500000000E+01-0.200000000E+01-0.800000000E+01
 
 1    1113       0       2
 0.500000000E+01-0.300000000E+01-0.400000000E+01
 
 1    1114       0       2
 0.500000000E+01 0.300000000E+01-0.600000000E+01
 
 1    1115       0       2
 0.500000000E+01 0.100000000E+01-0.200000000E+01
 
 1    1116       0       2
 0.500000000E+01 0.100000000E+01-0.700000000E+01
 
 1    1117       0       2
 0.500000000E+01-0.745043025E-18-0.500000000E+01
 
 1    1118       0       2
-0.202384406E-18 0.500000000E+01-0.600000000E+01
 
 1    1119       0       2
 0.100000000E+01 0.500000000E+01-0.500000000E+01
 
 1    1120       0       2
 0.000000000E+00 0.500000000E+01-0.400000000E+01
 
 1    1121       0       2
-0.100000000E+01 0.500000000E+01-0.500000000E+01
 
 1    1122       0       2
-0.100000000E+01 0.500000000E+01-0.600000000E+01
 
 1    1123       0       2
 0.100000000E+01 0.500000000E+01-0.600000000E+01
 
 1    1124       0       2
 0.100000000E+01 0.500000000E+01-0.400000000E+01
 
 1    1125       0       2
-0.100000000E+01 0.500000000E+01-0.400000000E+01
 
 1    1126       0       2
-0.200000000E+01 0.500000000E+01-0.600000000E+01
 
 1    1127       0       2
 0.335313688E-18 0.500000000E+01-0.700000000E+01
 
 1    1128       0       2
 0.100000000E+01 0.500000000E+01-0.700000000E+01
 
 1    1129       0       2
 0.200000000E+01 0.500000000E+01-0.500000000E+01
 
 1    1130       0       2
 0.200000000E+01 0.500000000E+01-0.400000000E+01
 
 1    1131       0       2
-0.173472350E-18 0.500000000E+01-0.300000000E+01
 
 1    1132       0       2
-0.100000000E+01 0.500000000E+01-0.300000000E+01
 
 1    1133       0       2
-0.200000000E+01 0.500000000E+01-0.400000000E+01
 
 1    1134       0       2
-0.200000000E+01 0.500000000E+01-0.500000000E+01
 
 1    1135       0       2
-0.200000000E+01 0.500000000E+01-0.700000000E+01
 
 1    1136       0       2
 0.200000000E+01 0.500000000E+01-0.700000000E+01
 
 1    1137       0       2
 0.200000000E+01 0.500000000E+01-0.300000000E+01
 
 1    1138       0       2
 0.726314984E-19 0.500000000E+01-0.800000000E+01
 
 1    1139       0       2
-0.200000000E+01 0.500000000E+01-0.800000000E+01
 
 1    1140       0       2
 0.300000000E+01 0.500000000E+01-0.700000000E+01
 
 1    1141       0       2
 0.200000000E+01 0.500000000E+01-0.800000000E+01
 
 1    1142       0       2
 0.300000000E+01 0.500000000E+01-0.500000000E+01
 
 1    1143       0       2
 0.200000000E+01 0.500000000E+01-0.200000000E+01
 
 1    1144       0       2
 0.300000000E+01 0.500000000E+01-0.300000000E+01
 
 1    1145       0       2
 0.100000000E+01 0.500000000E+01-0.200000000E+01
 
 1    1146       0       2
 0.000000000E+00 0.500000000E+01-0.200000000E+01
 
 1    1147       0       2
-0.300000000E+01 0.500000000E+01-0.300000000E+01
 
 1    1148       0       2
-0.100000000E+01 0.500000000E+01-0.200000000E+01
 
 1    1149       0       2
-0.300000000E+01 0.500000000E+01-0.400000000E+01
 
 1    1150       0       2
-0.300000000E+01 0.500000000E+01-0.500000000E+01
 
 1    1151       0       2
-0.300000000E+01 0.500000000E+01-0.700000000E+01
 
 1    1152       0       2
-0.300000000E+01 0.500000000E+01-0.800000000E+01
 
 1    1153       0       2
 0.300000000E+01 0.500000000E+01-0.800000000E+01
 
 1    1154       0       2
 0.300000000E+01 0.500000000E+01-0.200000000E+01
 
 1    1155       0       2
-0.300000000E+01 0.500000000E+01-0.200000000E+01
 
 1    1156       0       2
-0.300000000E+01 0.500000000E+01-0.900000000E+01
 
 1    1157       0       2
-0.200000000E+01 0.500000000E+01-0.900000000E+01
 
 1    1158       0       2
-0.100000000E+01 0.500000000E+01-0.900000000E+01
 
 1    1159       0       2
 0.145262997E-19 0.500000000E+01-0.900000000E+01
 
 1    1160       0       2
 0.100000000E+01 0.500000000E+01-0.900000000E+01
 
 1    1161       0       2
 0.200000000E+01 0.500000000E+01-0.900000000E+01
 
 1    1162       0       2
 0.300000000E+01 0.500000000E+01-0.900000000E+01
 
 1    1163       0       2
 0.400000000E+01 0.500000000E+01-0.900000000E+01
 
 1    1164       0       2
 0.400000000E+01 0.500000000E+01-0.800000000E+01
 
 1    1165       0       2
 0.400000000E+01 0.500000000E+01-0.700000000E+01
 
 1    1166       0       2
 0.400000000E+01 0.500000000E+01-0.600000000E+01
 
 1    1167       0       2
 0.400000000E+01 0.500000000E+01-0.500000000E+01
 
 1    1168       0       2
 0.400000000E+01 0.500000000E+01-0.400000000E+01
 
 1    1169       0       2
 0.400000000E+01 0.500000000E+01-0.300000000E+01
 
 1    1170       0       2
 0.400000000E+01 0.500000000E+01-0.200000000E+01
 
 1    1171       0       2
 0.400000000E+01 0.500000000E+01-0.100000000E+01
 
 1    1172       0       2
 0.300000000E+01 0.500000000E+01-0.100000000E+01
 
 1    1173       0       2
 0.200000000E+01 0.500000000E+01-0.100000000E+01
 
 1    1174       0       2
 0.100000000E+01 0.500000000E+01-0.100000000E+01
 
 1    1175       0       2
 0.000000000E+00 0.500000000E+01-0.100000000E+01
 
 1    1176       0       2
-0.100000000E+01 0.500000000E+01-0.100000000E+01
 
 1    1177       0       2
-0.200000000E+01 0.500000000E+01-0.100000000E+01
 
 1    1178       0       2
-0.300000000E+01 0.500000000E+01-0.100000000E+01
 
 1    1179       0       2
-0.400000000E+01 0.500000000E+01-0.100000000E+01
 
 1    1180       0       2
-0.400000000E+01 0.500000000E+01-0.200000000E+01
 
 1    1181       0       2
-0.400000000E+01 0.500000000E+01-0.300000000E+01
 
 1    1182       0       2
-0.400000000E+01 0.500000000E+01-0.400000000E+01
 
 1    1183       0       2
-0.400000000E+01 0.500000000E+01-0.500000000E+01
 
 1    1184       0       2
-0.400000000E+01 0.500000000E+01-0.600000000E+01
 
 1    1185       0       2
-0.400000000E+01 0.500000000E+01-0.700000000E+01
 
 1    1186       0       2
-0.400000000E+01 0.500000000E+01-0.800000000E+01
 
 1    1187       0       2
-0.400000000E+01 0.500000000E+01-0.900000000E+01
 
 1    1188       0       2
-0.100000000E+01 0.500000000E+01-0.800000000E+01
 
 1    1189       0       2
-0.100000000E+01 0.500000000E+01-0.700000000E+01
 
 1    1190       0       2
-0.200000000E+01 0.500000000E+01-0.300000000E+01
 
 1    1191       0       2
 0.300000000E+01 0.500000000E+01-0.600000000E+01
 
 1    1192       0       2
-0.200000000E+01 0.500000000E+01-0.200000000E+01
 
 1    1193       0       2
-0.300000000E+01 0.500000000E+01-0.600000000E+01
 
 1    1194       0       2
 0.300000000E+01 0.500000000E+01-0.400000000E+01
 
 1    1195       0       2
 0.100000000E+01 0.500000000E+01-0.800000000E+01
 
 1    1196       0       2
 0.200000000E+01 0.500000000E+01-0.600000000E+01
 
 1    1197       0       2
 0.100000000E+01 0.500000000E+01-0.300000000E+01
 
 1    1198       0       2
 0.000000000E+00 0.500000000E+01-0.500000000E+01
 
 1    1199       0       2
-0.500000000E+01-0.999953151E+00-0.500238180E+01
 
 1    1200       0       2
-0.500000000E+01-0.100005615E+01-0.400254917E+01
 
 1    1201       0       2
-0.500000000E+01 0.636701880E-04-0.600118113E+01
 
 1    1202       0       2
-0.500000000E+01 0.999966979E+00-0.500074196E+01
 
 1    1203       0       2
-0.500000000E+01-0.959679746E-04-0.400155306E+01
 
 1    1204       0       2
-0.500000000E+01-0.199996901E+01-0.500265169E+01
 
 1    1205       0       2
-0.500000000E+01-0.199995863E+01-0.600201035E+01
 
 1    1206       0       2
-0.500000000E+01 0.100007391E+01-0.700043917E+01
 
 1    1207       0       2
-0.500000000E+01-0.100015402E+01-0.300230598E+01
 
 1    1208       0       2
-0.500000000E+01-0.200001502E+01-0.400279951E+01
 
 1    1209       0       2
-0.500000000E+01 0.199993646E+01-0.500025320E+01
 
 1    1210       0       2
-0.500000000E+01-0.196649969E-03-0.300148964E+01
 
 1    1211       0       2
-0.500000000E+01-0.199997079E+01-0.700139713E+01
 
 1    1212       0       2
-0.500000000E+01-0.300000429E+01-0.500211096E+01
 
 1    1213       0       2
-0.500000000E+01 0.200003791E+01-0.700015593E+01
 
 1    1214       0       2
-0.500000000E+01 0.199980962E+01-0.300027275E+01
 
 1    1215       0       2
-0.500000000E+01-0.200006127E+01-0.300251818E+01
 
 1    1216       0       2
-0.500000000E+01-0.299999189E+01-0.400224447E+01
 
 1    1217       0       2
-0.500000000E+01-0.199998415E+01-0.800085735E+01
 
 1    1218       0       2
-0.500000000E+01-0.300002360E+01-0.700116920E+01
 
 1    1219       0       2
-0.500000000E+01 0.793652944E-04-0.800053883E+01
 
 1    1220       0       2
-0.500000000E+01 0.300001025E+01-0.700002050E+01
 
 1    1221       0       2
-0.500000000E+01 0.200004244E+01-0.800010872E+01
 
 1    1222       0       2
-0.500000000E+01 0.299993634E+01-0.500002909E+01
 
 1    1223       0       2
-0.500000000E+01 0.199980092E+01-0.200023961E+01
 
 1    1224       0       2
-0.500000000E+01 0.299986935E+01-0.300005269E+01
 
 1    1225       0       2
-0.500000000E+01-0.231644677E-03-0.200115991E+01
 
 1    1226       0       2
-0.500000000E+01-0.100016177E+01-0.200165606E+01
 
 1    1227       0       2
-0.500000000E+01-0.200006199E+01-0.200181150E+01
 
 1    1228       0       2
-0.500000000E+01-0.299998641E+01-0.300203896E+01
 
 1    1229       0       2
-0.500000000E+01-0.299997544E+01-0.200150561E+01
 
 1    1230       0       2
-0.500000000E+01-0.300002408E+01-0.800071239E+01
 
 1    1231       0       2
-0.500000000E+01 0.300002074E+01-0.800002384E+01
 
 1    1232       0       2
-0.500000000E+01 0.299986982E+01-0.200006366E+01
 
 1    1233       0       2
-0.500000000E+01-0.399997020E+01-0.300111103E+01
 
 1    1234       0       2
-0.500000000E+01-0.399999428E+01-0.400113201E+01
 
 1    1235       0       2
-0.500000000E+01-0.400001431E+01-0.500096083E+01
 
 1    1236       0       2
-0.500000000E+01-0.400002623E+01-0.600077152E+01
 
 1    1237       0       2
-0.500000000E+01-0.400003576E+01-0.700056601E+01
 
 1    1238       0       2
-0.500000000E+01-0.400003338E+01-0.800037766E+01
 
 1    1239       0       2
-0.500000000E+01-0.400002527E+01-0.900018501E+01
 
 1    1240       0       2
-0.500000000E+01-0.300001884E+01-0.900033379E+01
 
 1    1241       0       2
-0.500000000E+01-0.199999464E+01-0.900039577E+01
 
 1    1242       0       2
-0.500000000E+01-0.999967396E+00-0.900039482E+01
 
 1    1243       0       2
-0.500000000E+01 0.461142990E-04-0.900025845E+01
 
 1    1244       0       2
-0.500000000E+01 0.100004148E+01-0.900013638E+01
 
 1    1245       0       2
-0.500000000E+01 0.200002837E+01-0.900005913E+01
 
 1    1246       0       2
-0.500000000E+01 0.300001597E+01-0.900001717E+01
 
 1    1247       0       2
-0.500000000E+01 0.400000715E+01-0.900000095E+01
 
 1    1248       0       2
-0.500000000E+01 0.400000858E+01-0.800000000E+01
 
 1    1249       0       2
-0.500000000E+01 0.399999833E+01-0.699998569E+01
 
 1    1250       0       2
-0.500000000E+01 0.399998164E+01-0.599997807E+01
 
 1    1251       0       2
-0.500000000E+01 0.399996376E+01-0.499998283E+01
 
 1    1252       0       2
-0.500000000E+01 0.399994564E+01-0.399999070E+01
 
 1    1253       0       2
-0.500000000E+01 0.399993658E+01-0.300000167E+01
 
 1    1254       0       2
-0.500000000E+01 0.399993777E+01-0.200001073E+01
 
 1    1255       0       2
-0.500000000E+01 0.399995685E+01-0.100001085E+01
 
 1    1256       0       2
-0.500000000E+01 0.299991035E+01-0.100004661E+01
 
 1    1257       0       2
-0.500000000E+01 0.199986339E+01-0.100014782E+01
 
 1    1258       0       2
-0.500000000E+01 0.999833882E+00-0.100034463E+01
 
 1    1259       0       2
-0.500000000E+01-0.156665163E-03-0.100060809E+01
 
 1    1260       0       2
-0.500000000E+01-0.100010324E+01-0.100082910E+01
 
 1    1261       0       2
-0.500000000E+01-0.200002813E+01-0.100078571E+01
 
 1    1262       0       2
-0.500000000E+01-0.299996805E+01-0.100075758E+01
 
 1    1263       0       2
-0.500000000E+01-0.399994969E+01-0.100046206E+01
 
 1    1264       0       2
-0.500000000E+01-0.999940813E+00-0.800080204E+01
 
 1    1265       0       2
-0.500000000E+01-0.999920726E+00-0.700127697E+01
 
 1    1266       0       2
-0.500000000E+01 0.299998522E+01-0.600004101E+01
 
 1    1267       0       2
-0.500000000E+01 0.999776840E+00-0.200061059E+01
 
 1    1268       0       2
-0.500000000E+01 0.100004041E+01-0.600062561E+01
 
 1    1269       0       2
-0.500000000E+01 0.911639218E-04-0.700086975E+01
 
 1    1270       0       2
-0.500000000E+01 0.999873996E+00-0.400081205E+01
 
 1    1271       0       2
-0.500000000E+01-0.399995303E+01-0.200079584E+01
 
 1    1272       0       2
-0.500000000E+01 0.199987555E+01-0.400030994E+01
 
 1    1273       0       2
-0.500000000E+01-0.999928951E+00-0.600176191E+01
 
 1    1274       0       2
-0.500000000E+01-0.300001669E+01-0.600156975E+01
 
 1    1275       0       2
-0.500000000E+01 0.299990535E+01-0.400007105E+01
 
 1    1276       0       2
-0.500000000E+01 0.100006831E+01-0.800029850E+01
 
 1    1277       0       2
-0.500000000E+01 0.200000811E+01-0.600024319E+01
 
 1    1278       0       2
-0.500000000E+01 0.999804914E+00-0.300077319E+01
 
 1    1279       0       2
-0.500000000E+01 0.323892073E-05-0.500138140E+01
 
 1    1280       0       2
 0.000000000E+00-0.100000000E+01-0.100000000E+02
 
 1    1281       0       2
 0.100000000E+01 0.000000000E+00-0.100000000E+02
 
 1    1282       0       2
 0.000000000E+00 0.100000000E+01-0.100000000E+02
 
 1    1283       0       2
-0.100000000E+01 0.000000000E+00-0.100000000E+02
 
 1    1284       0       2
-0.100000000E+01-0.100000000E+01-0.100000000E+02
 
 1    1285       0       2
 0.100000000E+01-0.100000000E+01-0.100000000E+02
 
 1    1286       0       2
 0.100000000E+01 0.100000000E+01-0.100000000E+02
 
 1    1287       0       2
-0.100000000E+01 0.100000000E+01-0.100000000E+02
 
 1    1288       0       2
-0.200000000E+01-0.100000000E+01-0.100000000E+02
 
 1    1289       0       2
-0.100000000E+01-0.200000000E+01-0.100000000E+02
 
 1    1290       0       2
 0.000000000E+00-0.200000000E+01-0.100000000E+02
 
 1    1291       0       2
 0.100000000E+01-0.200000000E+01-0.100000000E+02
 
 1    1292       0       2
 0.200000000E+01 0.000000000E+00-0.100000000E+02
 
 1    1293       0       2
 0.200000000E+01 0.100000000E+01-0.100000000E+02
 
 1    1294       0       2
-0.100000000E+01 0.200000000E+01-0.100000000E+02
 
 1    1295       0       2
-0.200000000E+01 0.100000000E+01-0.100000000E+02
 
 1    1296       0       2
-0.200000000E+01 0.000000000E+00-0.100000000E+02
 
 1    1297       0       2
 0.200000000E+01-0.200000000E+01-0.100000000E+02
 
 1    1298       0       2
 0.200000000E+01 0.200000000E+01-0.100000000E+02
 
 1    1299       0       2
-0.200000000E+01 0.200000000E+01-0.100000000E+02
 
 1    1300       0       2
-0.100000000E+01-0.300000000E+01-0.100000000E+02
 
 1    1301       0       2
 0.000000000E+00-0.300000000E+01-0.100000000E+02
 
 1    1302       0       2
 0.300000000E+01-0.200000000E+01-0.100000000E+02
 
 1    1303       0       2
 0.100000000E+01-0.300000000E+01-0.100000000E+02
 
 1    1304       0       2
 0.200000000E+01-0.300000000E+01-0.100000000E+02
 
 1    1305       0       2
 0.300000000E+01 0.000000000E+00-0.100000000E+02
 
 1    1306       0       2
 0.200000000E+01 0.300000000E+01-0.100000000E+02
 
 1    1307       0       2
 0.300000000E+01 0.200000000E+01-0.100000000E+02
 
 1    1308       0       2
 0.000000000E+00 0.300000000E+01-0.100000000E+02
 
 1    1309       0       2
-0.300000000E+01 0.200000000E+01-0.100000000E+02
 
 1    1310       0       2
-0.200000000E+01 0.300000000E+01-0.100000000E+02
 
 1    1311       0       2
-0.300000000E+01 0.100000000E+01-0.100000000E+02
 
 1    1312       0       2
-0.300000000E+01 0.000000000E+00-0.100000000E+02
 
 1    1313       0       2
-0.300000000E+01-0.200000000E+01-0.100000000E+02
 
 1    1314       0       2
-0.300000000E+01-0.300000000E+01-0.100000000E+02
 
 1    1315       0       2
 0.300000000E+01-0.300000000E+01-0.100000000E+02
 
 1    1316       0       2
 0.300000000E+01 0.300000000E+01-0.100000000E+02
 
 1    1317       0       2
-0.300000000E+01 0.300000000E+01-0.100000000E+02
 
 1    1318       0       2
-0.300000000E+01-0.400000000E+01-0.100000000E+02
 
 1    1319       0       2
-0.200000000E+01-0.400000000E+01-0.100000000E+02
 
 1    1320       0       2
-0.100000000E+01-0.400000000E+01-0.100000000E+02
 
 1    1321       0       2
 0.000000000E+00-0.400000000E+01-0.100000000E+02
 
 1    1322       0       2
 0.100000000E+01-0.400000000E+01-0.100000000E+02
 
 1    1323       0       2
 0.200000000E+01-0.400000000E+01-0.100000000E+02
 
 1    1324       0       2
 0.300000000E+01-0.400000000E+01-0.100000000E+02
 
 1    1325       0       2
 0.400000000E+01-0.400000000E+01-0.100000000E+02
 
 1    1326       0       2
 0.400000000E+01-0.300000000E+01-0.100000000E+02
 
 1    1327       0       2
 0.400000000E+01-0.200000000E+01-0.100000000E+02
 
 1    1328       0       2
 0.400000000E+01-0.100000000E+01-0.100000000E+02
 
 1    1329       0       2
 0.400000000E+01 0.000000000E+00-0.100000000E+02
 
 1    1330       0       2
 0.400000000E+01 0.100000000E+01-0.100000000E+02
 
 1    1331       0       2
 0.400000000E+01 0.200000000E+01-0.100000000E+02
 
 1    1332       0       2
 0.400000000E+01 0.300000000E+01-0.100000000E+02
 
 1    1333       0       2
 0.400000000E+01 0.400000000E+01-0.100000000E+02
 
 1    1334       0       2
 0.300000000E+01 0.400000000E+01-0.100000000E+02
 
 1    1335       0       2
 0.200000000E+01 0.400000000E+01-0.100000000E+02
 
 1    1336       0       2
 0.100000000E+01 0.400000000E+01-0.100000000E+02
 
 1    1337       0       2
 0.000000000E+00 0.400000000E+01-0.100000000E+02
 
 1    1338       0       2
-0.100000000E+01 0.400000000E+01-0.100000000E+02
 
 1    1339       0       2
-0.200000000E+01 0.400000000E+01-0.100000000E+02
 
 1    1340       0       2
-0.300000000E+01 0.400000000E+01-0.100000000E+02
 
 1    1341       0       2
-0.400000000E+01 0.400000000E+01-0.100000000E+02
 
 1    1342       0       2
-0.400000000E+01 0.300000000E+01-0.100000000E+02
 
 1    1343       0       2
-0.400000000E+01 0.200000000E+01-0.100000000E+02
 
 1    1344       0       2
-0.400000000E+01 0.100000000E+01-0.100000000E+02
 
 1    1345       0       2
-0.400000000E+01 0.000000000E+00-0.100000000E+02
 
 1    1346       0       2
-0.400000000E+01-0.100000000E+01-0.100000000E+02
 
 1    1347       0       2
-0.400000000E+01-0.200000000E+01-0.100000000E+02
 
 1    1348       0       2
-0.400000000E+01-0.300000000E+01-0.100000000E+02
 
 1    1349       0       2
-0.400000000E+01-0.400000000E+01-0.100000000E+02
 
 1    1350       0       2
-0.100000000E+01 0.300000000E+01-0.100000000E+02
 
 1    1351       0       2
-0.200000000E+01-0.200000000E+01-0.100000000E+02
 
 1    1352       0       2
 0.300000000E+01 0.100000000E+01-0.100000000E+02
 
 1    1353       0       2
 0.000000000E+00 0.200000000E+01-0.100000000E+02
 
 1    1354       0       2
-0.200000000E+01-0.300000000E+01-0.100000000E+02
 
 1    1355       0       2
 0.100000000E+01 0.200000000E+01-0.100000000E+02
 
 1    1356       0       2
 0.200000000E+01-0.100000000E+01-0.100000000E+02
 
 1    1357       0       2
-0.300000000E+01-0.100000000E+01-0.100000000E+02
 
 1    1358       0       2
 0.100000000E+01 0.300000000E+01-0.100000000E+02
 
 1    1359       0       2
 0.300000000E+01-0.100000000E+01-0.100000000E+02
 
 1    1360       0       2
 0.000000000E+00 0.000000000E+00-0.100000000E+02
 
 1    1361       0       2
 0.604039764E+01 0.905287266E+01 0.000000000E+00
 
 2       1       4       2       0
       4       0       1
    1360    1282    1286    1281
 2       2       4       2       0
       4       0       1
    1281    1285    1280    1360
 2       3       4       2       0
       4       0       1
    1280    1284    1283    1360
 2       4       4       2       0
       4       0       1
    1283    1287    1282    1360
 2       5       4       2       0
       4       0       1
    1280    1290    1289    1284
 2       6       4       2       0
       4       0       1
    1285    1291    1290    1280
 2       7       4       2       0
       4       0       1
    1281    1292    1356    1285
 2       8       4       2       0
       4       0       1
    1286    1293    1292    1281
 2       9       4       2       0
       4       0       1
    1282    1353    1355    1286
 2      10       4       2       0
       4       0       1
    1287    1294    1353    1282
 2      11       4       2       0
       4       0       1
    1284    1288    1296    1283
 2      12       4       2       0
       4       0       1
    1296    1295    1287    1283
 2      13       4       2       0
       4       0       1
    1289    1351    1288    1284
 2      14       4       2       0
       4       0       1
    1356    1297    1291    1285
 2      15       4       2       0
       4       0       1
    1355    1298    1293    1286
 2      16       4       2       0
       4       0       1
    1295    1299    1294    1287
 2      17       4       2       0
       4       0       1
    1288    1357    1312    1296
 2      18       4       2       0
       4       0       1
    1351    1313    1357    1288
 2      19       4       2       0
       4       0       1
    1289    1300    1354    1351
 2      20       4       2       0
       4       0       1
    1291    1303    1301    1290
 2      21       4       2       0
       4       0       1
    1290    1301    1300    1289
 2      22       4       2       0
       4       0       1
    1297    1304    1303    1291
 2      23       4       2       0
       4       0       1
    1356    1359    1302    1297
 2      24       4       2       0
       4       0       1
    1293    1352    1305    1292
 2      25       4       2       0
       4       0       1
    1292    1305    1359    1356
 2      26       4       2       0
       4       0       1
    1298    1307    1352    1293
 2      27       4       2       0
       4       0       1
    1355    1358    1306    1298
 2      28       4       2       0
       4       0       1
    1294    1350    1308    1353
 2      29       4       2       0
       4       0       1
    1353    1308    1358    1355
 2      30       4       2       0
       4       0       1
    1299    1310    1350    1294
 2      31       4       2       0
       4       0       1
    1295    1311    1309    1299
 2      32       4       2       0
       4       0       1
    1296    1312    1311    1295
 2      33       4       2       0
       4       0       1
    1354    1314    1313    1351
 2      34       4       2       0
       4       0       1
    1302    1315    1304    1297
 2      35       4       2       0
       4       0       1
    1306    1316    1307    1298
 2      36       4       2       0
       4       0       1
    1309    1317    1310    1299
 2      37       4       2       0
       4       0       1
    1300    1320    1319    1354
 2      38       4       2       0
       4       0       1
    1303    1322    1321    1301
 2      39       4       2       0
       4       0       1
    1301    1321    1320    1300
 2      40       4       2       0
       4       0       1
    1354    1319    1318    1314
 2      41       4       2       0
       4       0       1
    1359    1328    1327    1302
 2      42       4       2       0
       4       0       1
    1302    1327    1326    1315
 2      43       4       2       0
       4       0       1
    1315    1324    1323    1304
 2      44       4       2       0
       4       0       1
    1304    1323    1322    1303
 2      45       4       2       0
       4       0       1
    1352    1330    1329    1305
 2      46       4       2       0
       4       0       1
    1305    1329    1328    1359
 2      47       4       2       0
       4       0       1
    1358    1336    1335    1306
 2      48       4       2       0
       4       0       1
    1306    1335    1334    1316
 2      49       4       2       0
       4       0       1
    1316    1332    1331    1307
 2      50       4       2       0
       4       0       1
    1307    1331    1330    1352
 2      51       4       2       0
       4       0       1
    1350    1338    1337    1308
 2      52       4       2       0
       4       0       1
    1308    1337    1336    1358
 2      53       4       2       0
       4       0       1
    1311    1344    1343    1309
 2      54       4       2       0
       4       0       1
    1309    1343    1342    1317
 2      55       4       2       0
       4       0       1
    1317    1340    1339    1310
 2      56       4       2       0
       4       0       1
    1310    1339    1338    1350
 2      57       4       2       0
       4       0       1
    1357    1346    1345    1312
 2      58       4       2       0
       4       0       1
    1312    1345    1344    1311
 2      59       4       2       0
       4       0       1
    1314    1348    1347    1313
 2      60       4       2       0
       4       0       1
    1313    1347    1346    1357
 2      61       4       2       0
       4       0       1
    1318    1349    1348    1314
 2      62       4       2       0
       4       0       1
    1326    1325    1324    1315
 2      63       4       2       0
       4       0       1
    1334    1333    1332    1316
 2      64       4       2       0
       4       0       1
    1342    1341    1340    1317
 2      65       4       2       0
       4       0       1
    1318      14      13    1349
 2      66       4       2       0
       4       0       1
    1319      15      14    1318
 2      67       4       2       0
       4       0       1
    1320      16      15    1319
 2      68       4       2       0
       4       0       1
    1321      17      16    1320
 2      69       4       2       0
       4       0       1
    1322      18      17    1321
 2      70       4       2       0
       4       0       1
    1323      19      18    1322
 2      71       4       2       0
       4       0       1
    1324      20      19    1323
 2      72       4       2       0
       4       0       1
    1325      21      20    1324
 2      73       4       2       0
       4       0       1
    1325      49       2      21
 2      74       4       2       0
       4       0       1
    1326      50      49    1325
 2      75       4       2       0
       4       0       1
    1327      51      50    1326
 2      76       4       2       0
       4       0       1
    1328      52      51    1327
 2      77       4       2       0
       4       0       1
    1329      53      52    1328
 2      78       4       2       0
       4       0       1
    1330      54      53    1329
 2      79       4       2       0
       4       0       1
    1331      55      54    1330
 2      80       4       2       0
       4       0       1
    1332      56      55    1331
 2      81       4       2       0
       4       0       1
    1333      57      56    1332
 2      82       4       2       0
       4       0       1
    1333      93       5      57
 2      83       4       2       0
       4       0       1
    1334      92      93    1333
 2      84       4       2       0
       4       0       1
    1335      91      92    1334
 2      85       4       2       0
       4       0       1
    1336      90      91    1335
 2      86       4       2       0
       4       0       1
    1337      89      90    1336
 2      87       4       2       0
       4       0       1
    1338      88      89    1337
 2      88       4       2       0
       4       0       1
    1339      87      88    1338
 2      89       4       2       0
       4       0       1
    1340      86      87    1339
 2      90       4       2       0
       4       0       1
    1341      85      86    1340
 2      91       4       2       0
       4       0       1
    1341      84       7      85
 2      92       4       2       0
       4       0       1
    1342      83      84    1341
 2      93       4       2       0
       4       0       1
    1343      82      83    1342
 2      94       4       2       0
       4       0       1
    1344      81      82    1343
 2      95       4       2       0
       4       0       1
    1345      80      81    1344
 2      96       4       2       0
       4       0       1
    1346      79      80    1345
 2      97       4       2       0
       4       0       1
    1347      78      79    1346
 2      98       4       2       0
       4       0       1
    1348      77      78    1347
 2      99       4       2       0
       4       0       1
    1349      76      77    1348
 2     100       4       2       0
       4       0       1
      13       1      76    1349
 2     101       4       2       0
       4       0       1
    1208    1200    1199    1204
 2     102       4       2       0
       4       0       1
    1200    1203    1279    1199
 2     103       4       2       0
       4       0       1
    1279    1201    1273    1199
 2     104       4       2       0
       4       0       1
    1273    1205    1204    1199
 2     105       4       2       0
       4       0       1
    1279    1202    1268    1201
 2     106       4       2       0
       4       0       1
    1203    1270    1202    1279
 2     107       4       2       0
       4       0       1
    1200    1207    1210    1203
 2     108       4       2       0
       4       0       1
    1208    1215    1207    1200
 2     109       4       2       0
       4       0       1
    1273    1265    1211    1205
 2     110       4       2       0
       4       0       1
    1268    1206    1269    1201
 2     111       4       2       0
       4       0       1
    1201    1269    1265    1273
 2     112       4       2       0
       4       0       1
    1268    1277    1213    1206
 2     113       4       2       0
       4       0       1
    1270    1272    1209    1202
 2     114       4       2       0
       4       0       1
    1202    1209    1277    1268
 2     115       4       2       0
       4       0       1
    1270    1278    1214    1272
 2     116       4       2       0
       4       0       1
    1203    1210    1278    1270
 2     117       4       2       0
       4       0       1
    1205    1274    1212    1204
 2     118       4       2       0
       4       0       1
    1204    1212    1216    1208
 2     119       4       2       0
       4       0       1
    1211    1218    1274    1205
 2     120       4       2       0
       4       0       1
    1206    1276    1219    1269
 2     121       4       2       0
       4       0       1
    1213    1221    1276    1206
 2     122       4       2       0
       4       0       1
    1272    1275    1222    1209
 2     123       4       2       0
       4       0       1
    1214    1224    1275    1272
 2     124       4       2       0
       4       0       1
    1207    1226    1225    1210
 2     125       4       2       0
       4       0       1
    1215    1227    1226    1207
 2     126       4       2       0
       4       0       1
    1216    1228    1215    1208
 2     127       4       2       0
       4       0       1
    1265    1264    1217    1211
 2     128       4       2       0
       4       0       1
    1269    1219    1264    1265
 2     129       4       2       0
       4       0       1
    1277    1266    1220    1213
 2     130       4       2       0
       4       0       1
    1209    1222    1266    1277
 2     131       4       2       0
       4       0       1
    1278    1267    1223    1214
 2     132       4       2       0
       4       0       1
    1210    1225    1267    1278
 2     133       4       2       0
       4       0       1
    1217    1230    1218    1211
 2     134       4       2       0
       4       0       1
    1212    1235    1234    1216
 2     135       4       2       0
       4       0       1
    1274    1236    1235    1212
 2     136       4       2       0
       4       0       1
    1220    1231    1221    1213
 2     137       4       2       0
       4       0       1
    1223    1232    1224    1214
 2     138       4       2       0
       4       0       1
    1228    1229    1227    1215
 2     139       4       2       0
       4       0       1
    1216    1234    1233    1228
 2     140       4       2       0
       4       0       1
    1264    1242    1241    1217
 2     141       4       2       0
       4       0       1
    1217    1241    1240    1230
 2     142       4       2       0
       4       0       1
    1230    1238    1237    1218
 2     143       4       2       0
       4       0       1
    1218    1237    1236    1274
 2     144       4       2       0
       4       0       1
    1276    1244    1243    1219
 2     145       4       2       0
       4       0       1
    1219    1243    1242    1264
 2     146       4       2       0
       4       0       1
    1266    1250    1249    1220
 2     147       4       2       0
       4       0       1
    1220    1249    1248    1231
 2     148       4       2       0
       4       0       1
    1231    1246    1245    1221
 2     149       4       2       0
       4       0       1
    1221    1245    1244    1276
 2     150       4       2       0
       4       0       1
    1275    1252    1251    1222
 2     151       4       2       0
       4       0       1
    1222    1251    1250    1266
 2     152       4       2       0
       4       0       1
    1267    1258    1257    1223
 2     153       4       2       0
       4       0       1
    1223    1257    1256    1232
 2     154       4       2       0
       4       0       1
    1232    1254    1253    1224
 2     155       4       2       0
       4       0       1
    1224    1253    1252    1275
 2     156       4       2       0
       4       0       1
    1226    1260    1259    1225
 2     157       4       2       0
       4       0       1
    1225    1259    1258    1267
 2     158       4       2       0
       4       0       1
    1229    1262    1261    1227
 2     159       4       2       0
       4       0       1
    1227    1261    1260    1226
 2     160       4       2       0
       4       0       1
    1228    1233    1271    1229
 2     161       4       2       0
       4       0       1
    1271    1263    1262    1229
 2     162       4       2       0
       4       0       1
    1240    1239    1238    1230
 2     163       4       2       0
       4       0       1
    1248    1247    1246    1231
 2     164       4       2       0
       4       0       1
    1256    1255    1254    1232
 2     165       4       2       0
       4       0       1
    1271      29      30    1263
 2     166       4       2       0
       4       0       1
    1233      28      29    1271
 2     167       4       2       0
       4       0       1
    1234      27      28    1233
 2     168       4       2       0
       4       0       1
    1235      26      27    1234
 2     169       4       2       0
       4       0       1
    1236      25      26    1235
 2     170       4       2       0
       4       0       1
    1237      24      25    1236
 2     171       4       2       0
       4       0       1
    1238      23      24    1237
 2     172       4       2       0
       4       0       1
    1239      22      23    1238
 2     173       4       2       0
       4       0       1
    1239      76       1      22
 2     174       4       2       0
       4       0       1
    1240      77      76    1239
 2     175       4       2       0
       4       0       1
    1241      78      77    1240
 2     176       4       2       0
       4       0       1
    1242      79      78    1241
 2     177       4       2       0
       4       0       1
    1243      80      79    1242
 2     178       4       2       0
       4       0       1
    1244      81      80    1243
 2     179       4       2       0
       4       0       1
    1245      82      81    1244
 2     180       4       2       0
       4       0       1
    1246      83      82    1245
 2     181       4       2       0
       4       0       1
    1247      84      83    1246
 2     182       4       2       0
       4       0       1
    1247      94       7      84
 2     183       4       2       0
       4       0       1
    1248      95      94    1247
 2     184       4       2       0
       4       0       1
    1249      96      95    1248
 2     185       4       2       0
       4       0       1
    1250      97      96    1249
 2     186       4       2       0
       4       0       1
    1251      98      97    1250
 2     187       4       2       0
       4       0       1
    1252      99      98    1251
 2     188       4       2       0
       4       0       1
    1253     100      99    1252
 2     189       4       2       0
       4       0       1
    1254     101     100    1253
 2     190       4       2       0
       4       0       1
    1255     102     101    1254
 2     191       4       2       0
       4       0       1
    1255     111       8     102
 2     192       4       2       0
       4       0       1
    1256     110     111    1255
 2     193       4       2       0
       4       0       1
    1257     109     110    1256
 2     194       4       2       0
       4       0       1
    1258     108     109    1257
 2     195       4       2       0
       4       0       1
    1259     107     108    1258
 2     196       4       2       0
       4       0       1
    1260     106     107    1259
 2     197       4       2       0
       4       0       1
    1261     105     106    1260
 2     198       4       2       0
       4       0       1
    1262     104     105    1261
 2     199       4       2       0
       4       0       1
    1263     103     104    1262
 2     200       4       2       0
       4       0       1
      30       3     103    1263
 2     201       4       2       0
       4       0       1
    1198    1120    1124    1119
 2     202       4       2       0
       4       0       1
    1119    1123    1118    1198
 2     203       4       2       0
       4       0       1
    1118    1122    1121    1198
 2     204       4       2       0
       4       0       1
    1121    1125    1120    1198
 2     205       4       2       0
       4       0       1
    1118    1127    1189    1122
 2     206       4       2       0
       4       0       1
    1123    1128    1127    1118
 2     207       4       2       0
       4       0       1
    1119    1129    1196    1123
 2     208       4       2       0
       4       0       1
    1124    1130    1129    1119
 2     209       4       2       0
       4       0       1
    1120    1131    1197    1124
 2     210       4       2       0
       4       0       1
    1125    1132    1131    1120
 2     211       4       2       0
       4       0       1
    1122    1126    1134    1121
 2     212       4       2       0
       4       0       1
    1134    1133    1125    1121
 2     213       4       2       0
       4       0       1
    1189    1135    1126    1122
 2     214       4       2       0
       4       0       1
    1196    1136    1128    1123
 2     215       4       2       0
       4       0       1
    1197    1137    1130    1124
 2     216       4       2       0
       4       0       1
    1133    1190    1132    1125
 2     217       4       2       0
       4       0       1
    1126    1193    1150    1134
 2     218       4       2       0
       4       0       1
    1135    1151    1193    1126
 2     219       4       2       0
       4       0       1
    1189    1188    1139    1135
 2     220       4       2       0
       4       0       1
    1128    1195    1138    1127
 2     221       4       2       0
       4       0       1
    1127    1138    1188    1189
 2     222       4       2       0
       4       0       1
    1136    1141    1195    1128
 2     223       4       2       0
       4       0       1
    1196    1191    1140    1136
 2     224       4       2       0
       4       0       1
    1130    1194    1142    1129
 2     225       4       2       0
       4       0       1
    1129    1142    1191    1196
 2     226       4       2       0
       4       0       1
    1137    1144    1194    1130
 2     227       4       2       0
       4       0       1
    1197    1145    1143    1137
 2     228       4       2       0
       4       0       1
    1132    1148    1146    1131
 2     229       4       2       0
       4       0       1
    1131    1146    1145    1197
 2     230       4       2       0
       4       0       1
    1190    1192    1148    1132
 2     231       4       2       0
       4       0       1
    1133    1149    1147    1190
 2     232       4       2       0
       4       0       1
    1134    1150    1149    1133
 2     233       4       2       0
       4       0       1
    1139    1152    1151    1135
 2     234       4       2       0
       4       0       1
    1140    1153    1141    1136
 2     235       4       2       0
       4       0       1
    1143    1154    1144    1137
 2     236       4       2       0
       4       0       1
    1147    1155    1192    1190
 2     237       4       2       0
       4       0       1
    1188    1158    1157    1139
 2     238       4       2       0
       4       0       1
    1195    1160    1159    1138
 2     239       4       2       0
       4       0       1
    1138    1159    1158    1188
 2     240       4       2       0
       4       0       1
    1139    1157    1156    1152
 2     241       4       2       0
       4       0       1
    1191    1166    1165    1140
 2     242       4       2       0
       4       0       1
    1140    1165    1164    1153
 2     243       4       2       0
       4       0       1
    1153    1162    1161    1141
 2     244       4       2       0
       4       0       1
    1141    1161    1160    1195
 2     245       4       2       0
       4       0       1
    1194    1168    1167    1142
 2     246       4       2       0
       4       0       1
    1142    1167    1166    1191
 2     247       4       2       0
       4       0       1
    1145    1174    1173    1143
 2     248       4       2       0
       4       0       1
    1143    1173    1172    1154
 2     249       4       2       0
       4       0       1
    1154    1170    1169    1144
 2     250       4       2       0
       4       0       1
    1144    1169    1168    1194
 2     251       4       2       0
       4       0       1
    1148    1176    1175    1146
 2     252       4       2       0
       4       0       1
    1146    1175    1174    1145
 2     253       4       2       0
       4       0       1
    1149    1182    1181    1147
 2     254       4       2       0
       4       0       1
    1147    1181    1180    1155
 2     255       4       2       0
       4       0       1
    1155    1178    1177    1192
 2     256       4       2       0
       4       0       1
    1192    1177    1176    1148
 2     257       4       2       0
       4       0       1
    1193    1184    1183    1150
 2     258       4       2       0
       4       0       1
    1150    1183    1182    1149
 2     259       4       2       0
       4       0       1
    1152    1186    1185    1151
 2     260       4       2       0
       4       0       1
    1151    1185    1184    1193
 2     261       4       2       0
       4       0       1
    1156    1187    1186    1152
 2     262       4       2       0
       4       0       1
    1164    1163    1162    1153
 2     263       4       2       0
       4       0       1
    1172    1171    1170    1154
 2     264       4       2       0
       4       0       1
    1180    1179    1178    1155
 2     265       4       2       0
       4       0       1
    1156      86      85    1187
 2     266       4       2       0
       4       0       1
    1157      87      86    1156
 2     267       4       2       0
       4       0       1
    1158      88      87    1157
 2     268       4       2       0
       4       0       1
    1159      89      88    1158
 2     269       4       2       0
       4       0       1
    1160      90      89    1159
 2     270       4       2       0
       4       0       1
    1161      91      90    1160
 2     271       4       2       0
       4       0       1
    1162      92      91    1161
 2     272       4       2       0
       4       0       1
    1163      93      92    1162
 2     273       4       2       0
       4       0       1
    1163      58       5      93
 2     274       4       2       0
       4       0       1
    1164      59      58    1163
 2     275       4       2       0
       4       0       1
    1165      60      59    1164
 2     276       4       2       0
       4       0       1
    1166      61      60    1165
 2     277       4       2       0
       4       0       1
    1167      62      61    1166
 2     278       4       2       0
       4       0       1
    1168      63      62    1167
 2     279       4       2       0
       4       0       1
    1169      64      63    1168
 2     280       4       2       0
       4       0       1
    1170      65      64    1169
 2     281       4       2       0
       4       0       1
    1171      66      65    1170
 2     282       4       2       0
       4       0       1
    1171     120       6      66
 2     283       4       2       0
       4       0       1
    1172     119     120    1171
 2     284       4       2       0
       4       0       1
    1173     118     119    1172
 2     285       4       2       0
       4       0       1
    1174     117     118    1173
 2     286       4       2       0
       4       0       1
    1175     116     117    1174
 2     287       4       2       0
       4       0       1
    1176     115     116    1175
 2     288       4       2       0
       4       0       1
    1177     114     115    1176
 2     289       4       2       0
       4       0       1
    1178     113     114    1177
 2     290       4       2       0
       4       0       1
    1179     112     113    1178
 2     291       4       2       0
       4       0       1
    1179     102       8     112
 2     292       4       2       0
       4       0       1
    1180     101     102    1179
 2     293       4       2       0
       4       0       1
    1181     100     101    1180
 2     294       4       2       0
       4       0       1
    1182      99     100    1181
 2     295       4       2       0
       4       0       1
    1183      98      99    1182
 2     296       4       2       0
       4       0       1
    1184      97      98    1183
 2     297       4       2       0
       4       0       1
    1185      96      97    1184
 2     298       4       2       0
       4       0       1
    1186      95      96    1185
 2     299       4       2       0
       4       0       1
    1187      94      95    1186
 2     300       4       2       0
       4       0       1
      85       7      94    1187
 2     301       4       2       0
       4       0       1
    1117    1039    1043    1038
 2     302       4       2       0
       4       0       1
    1038    1042    1037    1117
 2     303       4       2       0
       4       0       1
    1037    1041    1040    1117
 2     304       4       2       0
       4       0       1
    1040    1044    1039    1117
 2     305       4       2       0
       4       0       1
    1037    1047    1046    1041
 2     306       4       2       0
       4       0       1
    1042    1048    1047    1037
 2     307       4       2       0
       4       0       1
    1038    1049    1116    1042
 2     308       4       2       0
       4       0       1
    1043    1050    1049    1038
 2     309       4       2       0
       4       0       1
    1039    1052    1051    1043
 2     310       4       2       0
       4       0       1
    1044    1053    1052    1039
 2     311       4       2       0
       4       0       1
    1041    1045    1111    1040
 2     312       4       2       0
       4       0       1
    1111    1108    1044    1040
 2     313       4       2       0
       4       0       1
    1046    1054    1045    1041
 2     314       4       2       0
       4       0       1
    1116    1055    1048    1042
 2     315       4       2       0
       4       0       1
    1051    1109    1050    1043
 2     316       4       2       0
       4       0       1
    1108    1056    1053    1044
 2     317       4       2       0
       4       0       1
    1045    1115    1069    1111
 2     318       4       2       0
       4       0       1
    1054    1070    1115    1045
 2     319       4       2       0
       4       0       1
    1046    1110    1058    1054
 2     320       4       2       0
       4       0       1
    1048    1114    1057    1047
 2     321       4       2       0
       4       0       1
    1047    1057    1110    1046
 2     322       4       2       0
       4       0       1
    1055    1060    1114    1048
 2     323       4       2       0
       4       0       1
    1116    1061    1059    1055
 2     324       4       2       0
       4       0       1
    1050    1064    1062    1049
 2     325       4       2       0
       4       0       1
    1049    1062    1061    1116
 2     326       4       2       0
       4       0       1
    1109    1112    1064    1050
 2     327       4       2       0
       4       0       1
    1051    1065    1063    1109
 2     328       4       2       0
       4       0       1
    1053    1113    1066    1052
 2     329       4       2       0
       4       0       1
    1052    1066    1065    1051
 2     330       4       2       0
       4       0       1
    1056    1068    1113    1053
 2     331       4       2       0
       4       0       1
    1108    1107    1067    1056
 2     332       4       2       0
       4       0       1
    1111    1069    1107    1108
 2     333       4       2       0
       4       0       1
    1058    1071    1070    1054
 2     334       4       2       0
       4       0       1
    1059    1072    1060    1055
 2     335       4       2       0
       4       0       1
    1063    1073    1112    1109
 2     336       4       2       0
       4       0       1
    1067    1074    1068    1056
 2     337       4       2       0
       4       0       1
    1110    1077    1076    1058
 2     338       4       2       0
       4       0       1
    1114    1079    1078    1057
 2     339       4       2       0
       4       0       1
    1057    1078    1077    1110
 2     340       4       2       0
       4       0       1
    1058    1076    1075    1071
 2     341       4       2       0
       4       0       1
    1061    1085    1084    1059
 2     342       4       2       0
       4       0       1
    1059    1084    1083    1072
 2     343       4       2       0
       4       0       1
    1072    1081    1080    1060
 2     344       4       2       0
       4       0       1
    1060    1080    1079    1114
 2     345       4       2       0
       4       0       1
    1064    1087    1086    1062
 2     346       4       2       0
       4       0       1
    1062    1086    1085    1061
 2     347       4       2       0
       4       0       1
    1065    1093    1092    1063
 2     348       4       2       0
       4       0       1
    1063    1092    1091    1073
 2     349       4       2       0
       4       0       1
    1073    1089    1088    1112
 2     350       4       2       0
       4       0       1
    1112    1088    1087    1064
 2     351       4       2       0
       4       0       1
    1113    1095    1094    1066
 2     352       4       2       0
       4       0       1
    1066    1094    1093    1065
 2     353       4       2       0
       4       0       1
    1107    1101    1100    1067
 2     354       4       2       0
       4       0       1
    1067    1100    1099    1074
 2     355       4       2       0
       4       0       1
    1074    1097    1096    1068
 2     356       4       2       0
       4       0       1
    1068    1096    1095    1113
 2     357       4       2       0
       4       0       1
    1115    1103    1102    1069
 2     358       4       2       0
       4       0       1
    1069    1102    1101    1107
 2     359       4       2       0
       4       0       1
    1071    1105    1104    1070
 2     360       4       2       0
       4       0       1
    1070    1104    1103    1115
 2     361       4       2       0
       4       0       1
    1075    1106    1105    1071
 2     362       4       2       0
       4       0       1
    1083    1082    1081    1072
 2     363       4       2       0
       4       0       1
    1091    1090    1089    1073
 2     364       4       2       0
       4       0       1
    1099    1098    1097    1074
 2     365       4       2       0
       4       0       1
    1075      65      66    1106
 2     366       4       2       0
       4       0       1
    1076      64      65    1075
 2     367       4       2       0
       4       0       1
    1077      63      64    1076
 2     368       4       2       0
       4       0       1
    1078      62      63    1077
 2     369       4       2       0
       4       0       1
    1079      61      62    1078
 2     370       4       2       0
       4       0       1
    1080      60      61    1079
 2     371       4       2       0
       4       0       1
    1081      59      60    1080
 2     372       4       2       0
       4       0       1
    1082      58      59    1081
 2     373       4       2       0
       4       0       1
    1082      57       5      58
 2     374       4       2       0
       4       0       1
    1083      56      57    1082
 2     375       4       2       0
       4       0       1
    1084      55      56    1083
 2     376       4       2       0
       4       0       1
    1085      54      55    1084
 2     377       4       2       0
       4       0       1
    1086      53      54    1085
 2     378       4       2       0
       4       0       1
    1087      52      53    1086
 2     379       4       2       0
       4       0       1
    1088      51      52    1087
 2     380       4       2       0
       4       0       1
    1089      50      51    1088
 2     381       4       2       0
       4       0       1
    1090      49      50    1089
 2     382       4       2       0
       4       0       1
    1090      31       2      49
 2     383       4       2       0
       4       0       1
    1091      32      31    1090
 2     384       4       2       0
       4       0       1
    1092      33      32    1091
 2     385       4       2       0
       4       0       1
    1093      34      33    1092
 2     386       4       2       0
       4       0       1
    1094      35      34    1093
 2     387       4       2       0
       4       0       1
    1095      36      35    1094
 2     388       4       2       0
       4       0       1
    1096      37      36    1095
 2     389       4       2       0
       4       0       1
    1097      38      37    1096
 2     390       4       2       0
       4       0       1
    1098      39      38    1097
 2     391       4       2       0
       4       0       1
    1098      75       4      39
 2     392       4       2       0
       4       0       1
    1099      74      75    1098
 2     393       4       2       0
       4       0       1
    1100      73      74    1099
 2     394       4       2       0
       4       0       1
    1101      72      73    1100
 2     395       4       2       0
       4       0       1
    1102      71      72    1101
 2     396       4       2       0
       4       0       1
    1103      70      71    1102
 2     397       4       2       0
       4       0       1
    1104      69      70    1103
 2     398       4       2       0
       4       0       1
    1105      68      69    1104
 2     399       4       2       0
       4       0       1
    1106      67      68    1105
 2     400       4       2       0
       4       0       1
      66       6      67    1106
 2     401       4       2       0
       4       0       1
    1036     958     962     957
 2     402       4       2       0
       4       0       1
     957     961     956    1036
 2     403       4       2       0
       4       0       1
     956     960     959    1036
 2     404       4       2       0
       4       0       1
     959     963     958    1036
 2     405       4       2       0
       4       0       1
     956     965    1028     960
 2     406       4       2       0
       4       0       1
     961     966     965     956
 2     407       4       2       0
       4       0       1
     957     968     967     961
 2     408       4       2       0
       4       0       1
     962     969     968     957
 2     409       4       2       0
       4       0       1
     958     970    1035     962
 2     410       4       2       0
       4       0       1
     963     971     970     958
 2     411       4       2       0
       4       0       1
     960     964     973     959
 2     412       4       2       0
       4       0       1
     973     972     963     959
 2     413       4       2       0
       4       0       1
    1028     974     964     960
 2     414       4       2       0
       4       0       1
     967     975     966     961
 2     415       4       2       0
       4       0       1
    1035     976     969     962
 2     416       4       2       0
       4       0       1
     972    1029     971     963
 2     417       4       2       0
       4       0       1
     964    1032     989     973
 2     418       4       2       0
       4       0       1
     974     990    1032     964
 2     419       4       2       0
       4       0       1
    1028    1027     978     974
 2     420       4       2       0
       4       0       1
     966    1034     977     965
 2     421       4       2       0
       4       0       1
     965     977    1027    1028
 2     422       4       2       0
       4       0       1
     975     980    1034     966
 2     423       4       2       0
       4       0       1
     967    1030     979     975
 2     424       4       2       0
       4       0       1
     969    1033     981     968
 2     425       4       2       0
       4       0       1
     968     981    1030     967
 2     426       4       2       0
       4       0       1
     976     983    1033     969
 2     427       4       2       0
       4       0       1
    1035     984     982     976
 2     428       4       2       0
       4       0       1
     971     987     985     970
 2     429       4       2       0
       4       0       1
     970     985     984    1035
 2     430       4       2       0
       4       0       1
    1029    1031     987     971
 2     431       4       2       0
       4       0       1
     972     988     986    1029
 2     432       4       2       0
       4       0       1
     973     989     988     972
 2     433       4       2       0
       4       0       1
     978     991     990     974
 2     434       4       2       0
       4       0       1
     979     992     980     975
 2     435       4       2       0
       4       0       1
     982     993     983     976
 2     436       4       2       0
       4       0       1
     986     994    1031    1029
 2     437       4       2       0
       4       0       1
    1027     997     996     978
 2     438       4       2       0
       4       0       1
    1034     999     998     977
 2     439       4       2       0
       4       0       1
     977     998     997    1027
 2     440       4       2       0
       4       0       1
     978     996     995     991
 2     441       4       2       0
       4       0       1
    1030    1005    1004     979
 2     442       4       2       0
       4       0       1
     979    1004    1003     992
 2     443       4       2       0
       4       0       1
     992    1001    1000     980
 2     444       4       2       0
       4       0       1
     980    1000     999    1034
 2     445       4       2       0
       4       0       1
    1033    1007    1006     981
 2     446       4       2       0
       4       0       1
     981    1006    1005    1030
 2     447       4       2       0
       4       0       1
     984    1013    1012     982
 2     448       4       2       0
       4       0       1
     982    1012    1011     993
 2     449       4       2       0
       4       0       1
     993    1009    1008     983
 2     450       4       2       0
       4       0       1
     983    1008    1007    1033
 2     451       4       2       0
       4       0       1
     987    1015    1014     985
 2     452       4       2       0
       4       0       1
     985    1014    1013     984
 2     453       4       2       0
       4       0       1
     988    1021    1020     986
 2     454       4       2       0
       4       0       1
     986    1020    1019     994
 2     455       4       2       0
       4       0       1
     994    1017    1016    1031
 2     456       4       2       0
       4       0       1
    1031    1016    1015     987
 2     457       4       2       0
       4       0       1
    1032    1023    1022     989
 2     458       4       2       0
       4       0       1
     989    1022    1021     988
 2     459       4       2       0
       4       0       1
     991    1025    1024     990
 2     460       4       2       0
       4       0       1
     990    1024    1023    1032
 2     461       4       2       0
       4       0       1
     995    1026    1025     991
 2     462       4       2       0
       4       0       1
    1003    1002    1001     992
 2     463       4       2       0
       4       0       1
    1011    1010    1009     993
 2     464       4       2       0
       4       0       1
    1019    1018    1017     994
 2     465       4       2       0
       4       0       1
     995      41      40    1026
 2     466       4       2       0
       4       0       1
     996      42      41     995
 2     467       4       2       0
       4       0       1
     997      43      42     996
 2     468       4       2       0
       4       0       1
     998      44      43     997
 2     469       4       2       0
       4       0       1
     999      45      44     998
 2     470       4       2       0
       4       0       1
    1000      46      45     999
 2     471       4       2       0
       4       0       1
    1001      47      46    1000
 2     472       4       2       0
       4       0       1
    1002      48      47    1001
 2     473       4       2       0
       4       0       1
    1002      39       4      48
 2     474       4       2       0
       4       0       1
    1003      38      39    1002
 2     475       4       2       0
       4       0       1
    1004      37      38    1003
 2     476       4       2       0
       4       0       1
    1005      36      37    1004
 2     477       4       2       0
       4       0       1
    1006      35      36    1005
 2     478       4       2       0
       4       0       1
    1007      34      35    1006
 2     479       4       2       0
       4       0       1
    1008      33      34    1007
 2     480       4       2       0
       4       0       1
    1009      32      33    1008
 2     481       4       2       0
       4       0       1
    1010      31      32    1009
 2     482       4       2       0
       4       0       1
    1010      21       2      31
 2     483       4       2       0
       4       0       1
    1011      20      21    1010
 2     484       4       2       0
       4       0       1
    1012      19      20    1011
 2     485       4       2       0
       4       0       1
    1013      18      19    1012
 2     486       4       2       0
       4       0       1
    1014      17      18    1013
 2     487       4       2       0
       4       0       1
    1015      16      17    1014
 2     488       4       2       0
       4       0       1
    1016      15      16    1015
 2     489       4       2       0
       4       0       1
    1017      14      15    1016
 2     490       4       2       0
       4       0       1
    1018      13      14    1017
 2     491       4       2       0
       4       0       1
    1018      22       1      13
 2     492       4       2       0
       4       0       1
    1019      23      22    1018
 2     493       4       2       0
       4       0       1
    1020      24      23    1019
 2     494       4       2       0
       4       0       1
    1021      25      24    1020
 2     495       4       2       0
       4       0       1
    1022      26      25    1021
 2     496       4       2       0
       4       0       1
    1023      27      26    1022
 2     497       4       2       0
       4       0       1
    1024      28      27    1023
 2     498       4       2       0
       4       0       1
    1025      29      28    1024
 2     499       4       2       0
       4       0       1
    1026      30      29    1025
 2     500       4       2       0
       4       0       1
      40       3      30    1026
 2     501       4       2       0
       4       0       2
    1361     335     440     951
 2     502       4       2       0
       4       0       2
    1361     428     429     335
 2     503       4       2       0
       4       0       2
    1361     314     427     428
 2     504       4       2       0
       4       0       2
    1361     951     454     314
 2     505       4       2       0
       4       0       2
     237     744     743     244
 2     506       4       2       0
       4       0       2
     744     237     247     745
 2     507       4       2       0
       4       0       2
     247     237     252     253
 2     508       4       2       0
       4       0       2
     252     237     244     899
 2     509       4       2       0
       4       0       2
     238     755     754     243
 2     510       4       2       0
       4       0       2
     755     238     246     756
 2     511       4       2       0
       4       0       2
     246     238     249     250
 2     512       4       2       0
       4       0       2
     249     238     243     248
 2     513       4       2       0
       4       0       2
     239     766     765     242
 2     514       4       2       0
       4       0       2
     766     239     245     767
 2     515       4       2       0
       4       0       2
     245     239     255     256
 2     516       4       2       0
       4       0       2
     255     239     242     900
 2     517       4       2       0
       4       0       2
     240     777     776     241
 2     518       4       2       0
       4       0       2
     777     240     258     778
 2     519       4       2       0
       4       0       2
     258     240     260     261
 2     520       4       2       0
       4       0       2
     260     240     241     259
 2     521       4       2       0
       4       0       2
     259     241     939     263
 2     522       4       2       0
       4       0       2
     241     776     775     939
 2     523       4       2       0
       4       0       2
     900     242     269     264
 2     524       4       2       0
       4       0       2
     242     765     764     269
 2     525       4       2       0
       4       0       2
     248     243     268     265
 2     526       4       2       0
       4       0       2
     243     754     753     268
 2     527       4       2       0
       4       0       2
     899     244     267     266
 2     528       4       2       0
       4       0       2
     244     743     742     267
 2     529       4       2       0
       4       0       2
     245     256     257     321
 2     530       4       2       0
       4       0       2
     767     245     321     768
 2     531       4       2       0
       4       0       2
     246     250     251     319
 2     532       4       2       0
       4       0       2
     756     246     319     757
 2     533       4       2       0
       4       0       2
     247     253     254     317
 2     534       4       2       0
       4       0       2
     745     247     317     746
 2     535       4       2       0
       4       0       2
     248     265     308     309
 2     536       4       2       0
       4       0       2
     249     248     309     310
 2     537       4       2       0
       4       0       2
     250     249     310     311
 2     538       4       2       0
       4       0       2
     251     250     311     312
 2     539       4       2       0
       4       0       2
     319     251     320     355
 2     540       4       2       0
       4       0       2
     320     251     312     313
 2     541       4       2       0
       4       0       2
     899     266     298     299
 2     542       4       2       0
       4       0       2
     252     899     299     300
 2     543       4       2       0
       4       0       2
     253     252     300     301
 2     544       4       2       0
       4       0       2
     254     253     301     302
 2     545       4       2       0
       4       0       2
     317     254     318     356
 2     546       4       2       0
       4       0       2
     318     254     302     303
 2     547       4       2       0
       4       0       2
     900     264     278     279
 2     548       4       2       0
       4       0       2
     255     900     279     280
 2     549       4       2       0
       4       0       2
     256     255     280     281
 2     550       4       2       0
       4       0       2
     257     256     281     282
 2     551       4       2       0
       4       0       2
     321     257     322     354
 2     552       4       2       0
       4       0       2
     322     257     282     283
 2     553       4       2       0
       4       0       2
     258     261     262     274
 2     554       4       2       0
       4       0       2
     778     258     274     782
 2     555       4       2       0
       4       0       2
     259     263     288     289
 2     556       4       2       0
       4       0       2
     260     259     289     290
 2     557       4       2       0
       4       0       2
     261     260     290     291
 2     558       4       2       0
       4       0       2
     262     261     291     292
 2     559       4       2       0
       4       0       2
     262     292     293     275
 2     560       4       2       0
       4       0       2
     274     262     275     433
 2     561       4       2       0
       4       0       2
     288     263     326     287
 2     562       4       2       0
       4       0       2
     326     263     939     350
 2     563       4       2       0
       4       0       2
     278     264     325     277
 2     564       4       2       0
       4       0       2
     325     264     269     351
 2     565       4       2       0
       4       0       2
     308     265     324     307
 2     566       4       2       0
       4       0       2
     324     265     268     352
 2     567       4       2       0
       4       0       2
     298     266     323     297
 2     568       4       2       0
       4       0       2
     323     266     267     353
 2     569       4       2       0
       4       0       2
     267     742     741     353
 2     570       4       2       0
       4       0       2
     268     753     752     352
 2     571       4       2       0
       4       0       2
     269     764     763     351
 2     572       4       2       0
       4       0       2
     939     775     774     350
 2     573       4       2       0
       4       0       2
     270     296     329     445
 2     574       4       2       0
       4       0       2
     296     270     294     295
 2     575       4       2       0
       4       0       2
     294     270     448     328
 2     576       4       2       0
       4       0       2
     448     270     445     462
 2     577       4       2       0
       4       0       2
     333     441     271     306
 2     578       4       2       0
       4       0       2
     306     271     304     305
 2     579       4       2       0
       4       0       2
     304     271     444     332
 2     580       4       2       0
       4       0       2
     444     271     441     552
 2     581       4       2       0
       4       0       2
     335     315     272     440
 2     582       4       2       0
       4       0       2
     272     315     316     276
 2     583       4       2       0
       4       0       2
     272     276     336     437
 2     584       4       2       0
       4       0       2
     440     272     437     554
 2     585       4       2       0
       4       0       2
     340     434     273     286
 2     586       4       2       0
       4       0       2
     286     273     284     285
 2     587       4       2       0
       4       0       2
     284     273     436     339
 2     588       4       2       0
       4       0       2
     436     273     434     555
 2     589       4       2       0
       4       0       2
     782     274     433     781
 2     590       4       2       0
       4       0       2
     275     293     327     447
 2     591       4       2       0
       4       0       2
     433     275     447     463
 2     592       4       2       0
       4       0       2
     276     316     357     358
 2     593       4       2       0
       4       0       2
     336     276     358     359
 2     594       4       2       0
       4       0       2
     336     359     360     344
 2     595       4       2       0
       4       0       2
     344     360     361     343
 2     596       4       2       0
       4       0       2
     343     361     362     337
 2     597       4       2       0
       4       0       2
     277     325     438     337
 2     598       4       2       0
       4       0       2
     277     337     362     363
 2     599       4       2       0
       4       0       2
     278     277     363     364
 2     600       4       2       0
       4       0       2
     279     278     364     365
 2     601       4       2       0
       4       0       2
     280     279     365     366
 2     602       4       2       0
       4       0       2
     281     280     366     367
 2     603       4       2       0
       4       0       2
     282     281     367     368
 2     604       4       2       0
       4       0       2
     283     282     368     369
 2     605       4       2       0
       4       0       2
     322     283     338     435
 2     606       4       2       0
       4       0       2
     338     283     369     370
 2     607       4       2       0
       4       0       2
     338     370     371     942
 2     608       4       2       0
       4       0       2
     942     371     372     918
 2     609       4       2       0
       4       0       2
     918     372     373     339
 2     610       4       2       0
       4       0       2
     284     339     373     374
 2     611       4       2       0
       4       0       2
     285     284     374     375
 2     612       4       2       0
       4       0       2
     285     375     376     377
 2     613       4       2       0
       4       0       2
     286     285     377     925
 2     614       4       2       0
       4       0       2
     340     286     925     378
 2     615       4       2       0
       4       0       2
     340     378     379     342
 2     616       4       2       0
       4       0       2
     342     379     380     926
 2     617       4       2       0
       4       0       2
     926     380     381     341
 2     618       4       2       0
       4       0       2
     287     326     917     341
 2     619       4       2       0
       4       0       2
     287     341     381     382
 2     620       4       2       0
       4       0       2
     288     287     382     383
 2     621       4       2       0
       4       0       2
     289     288     383     384
 2     622       4       2       0
       4       0       2
     290     289     384     385
 2     623       4       2       0
       4       0       2
     291     290     385     386
 2     624       4       2       0
       4       0       2
     292     291     386     387
 2     625       4       2       0
       4       0       2
     293     292     387     388
 2     626       4       2       0
       4       0       2
     327     293     388     389
 2     627       4       2       0
       4       0       2
     327     389     390     349
 2     628       4       2       0
       4       0       2
     349     390     391     348
 2     629       4       2       0
       4       0       2
     348     391     392     328
 2     630       4       2       0
       4       0       2
     294     328     392     393
 2     631       4       2       0
       4       0       2
     295     294     393     394
 2     632       4       2       0
       4       0       2
     295     394     395     396
 2     633       4       2       0
       4       0       2
     296     295     396     397
 2     634       4       2       0
       4       0       2
     329     296     397     398
 2     635       4       2       0
       4       0       2
     329     398     399     347
 2     636       4       2       0
       4       0       2
     347     399     400     346
 2     637       4       2       0
       4       0       2
     346     400     401     330
 2     638       4       2       0
       4       0       2
     297     323     446     330
 2     639       4       2       0
       4       0       2
     297     330     401     402
 2     640       4       2       0
       4       0       2
     298     297     402     403
 2     641       4       2       0
       4       0       2
     299     298     403     404
 2     642       4       2       0
       4       0       2
     300     299     404     955
 2     643       4       2       0
       4       0       2
     301     300     955     405
 2     644       4       2       0
       4       0       2
     302     301     405     406
 2     645       4       2       0
       4       0       2
     303     302     406     407
 2     646       4       2       0
       4       0       2
     318     303     331     443
 2     647       4       2       0
       4       0       2
     331     303     407     408
 2     648       4       2       0
       4       0       2
     331     408     409     943
 2     649       4       2       0
       4       0       2
     943     409     410     919
 2     650       4       2       0
       4       0       2
     919     410     411     332
 2     651       4       2       0
       4       0       2
     304     332     411     412
 2     652       4       2       0
       4       0       2
     305     304     412     413
 2     653       4       2       0
       4       0       2
     305     413     414     415
 2     654       4       2       0
       4       0       2
     306     305     415     924
 2     655       4       2       0
       4       0       2
     333     306     924     416
 2     656       4       2       0
       4       0       2
     333     416     417     345
 2     657       4       2       0
       4       0       2
     345     417     418     936
 2     658       4       2       0
       4       0       2
     936     418     894     945
 2     659       4       2       0
       4       0       2
     307     324     442     945
 2     660       4       2       0
       4       0       2
     307     945     894     419
 2     661       4       2       0
       4       0       2
     308     307     419     420
 2     662       4       2       0
       4       0       2
     309     308     420     421
 2     663       4       2       0
       4       0       2
     310     309     421     422
 2     664       4       2       0
       4       0       2
     311     310     422     423
 2     665       4       2       0
       4       0       2
     312     311     423     424
 2     666       4       2       0
       4       0       2
     313     312     424     425
 2     667       4       2       0
       4       0       2
     320     313     334     439
 2     668       4       2       0
       4       0       2
     334     313     425     426
 2     669       4       2       0
       4       0       2
     314     334     426     427
 2     670       4       2       0
       4       0       2
     315     335     429     430
 2     671       4       2       0
       4       0       2
     316     315     430     431
 2     672       4       2       0
       4       0       2
     357     316     431     432
 2     673       4       2       0
       4       0       2
     746     317     356     747
 2     674       4       2       0
       4       0       2
     356     318     443     551
 2     675       4       2       0
       4       0       2
     757     319     355     758
 2     676       4       2       0
       4       0       2
     355     320     439     553
 2     677       4       2       0
       4       0       2
     768     321     354     769
 2     678       4       2       0
       4       0       2
     354     322     435     897
 2     679       4       2       0
       4       0       2
     446     323     353     458
 2     680       4       2       0
       4       0       2
     442     324     352     459
 2     681       4       2       0
       4       0       2
     438     325     351     460
 2     682       4       2       0
       4       0       2
     917     326     350     461
 2     683       4       2       0
       4       0       2
     447     327     349     449
 2     684       4       2       0
       4       0       2
     348     328     448     954
 2     685       4       2       0
       4       0       2
     445     329     347     450
 2     686       4       2       0
       4       0       2
     346     330     446     949
 2     687       4       2       0
       4       0       2
     443     331     943     452
 2     688       4       2       0
       4       0       2
     919     332     444     451
 2     689       4       2       0
       4       0       2
     441     333     345     453
 2     690       4       2       0
       4       0       2
     936     945     442     904
 2     691       4       2       0
       4       0       2
     439     334     314     454
 2     692       4       2       0
       4       0       2
     437     336     344     455
 2     693       4       2       0
       4       0       2
     343     337     438     948
 2     694       4       2       0
       4       0       2
     435     338     942     456
 2     695       4       2       0
       4       0       2
     918     339     436     927
 2     696       4       2       0
       4       0       2
     434     340     342     457
 2     697       4       2       0
       4       0       2
     926     341     917     944
 2     698       4       2       0
       4       0       2
     342     926     944     457
 2     699       4       2       0
       4       0       2
     942     918     927     456
 2     700       4       2       0
       4       0       2
     344     343     948     455
 2     701       4       2       0
       4       0       2
     345     936     904     453
 2     702       4       2       0
       4       0       2
     943     919     451     452
 2     703       4       2       0
       4       0       2
     347     346     949     450
 2     704       4       2       0
       4       0       2
     349     348     954     449
 2     705       4       2       0
       4       0       2
     350     774     773     461
 2     706       4       2       0
       4       0       2
     351     763     762     460
 2     707       4       2       0
       4       0       2
     352     752     751     459
 2     708       4       2       0
       4       0       2
     353     741     740     458
 2     709       4       2       0
       4       0       2
     769     354     897     771
 2     710       4       2       0
       4       0       2
     758     355     553     760
 2     711       4       2       0
       4       0       2
     747     356     551     749
 2     712       4       2       0
       4       0       2
     357     432     464     465
 2     713       4       2       0
       4       0       2
     358     357     465     466
 2     714       4       2       0
       4       0       2
     359     358     466     467
 2     715       4       2       0
       4       0       2
     360     359     467     468
 2     716       4       2       0
       4       0       2
     361     360     468     469
 2     717       4       2       0
       4       0       2
     362     361     469     470
 2     718       4       2       0
       4       0       2
     363     362     470     471
 2     719       4       2       0
       4       0       2
     364     363     471     472
 2     720       4       2       0
       4       0       2
     365     364     472     473
 2     721       4       2       0
       4       0       2
     366     365     473     474
 2     722       4       2       0
       4       0       2
     367     366     474     946
 2     723       4       2       0
       4       0       2
     368     367     946     475
 2     724       4       2       0
       4       0       2
     369     368     475     476
 2     725       4       2       0
       4       0       2
     370     369     476     477
 2     726       4       2       0
       4       0       2
     371     370     477     478
 2     727       4       2       0
       4       0       2
     372     371     478     479
 2     728       4       2       0
       4       0       2
     373     372     479     480
 2     729       4       2       0
       4       0       2
     374     373     480     481
 2     730       4       2       0
       4       0       2
     375     374     481     482
 2     731       4       2       0
       4       0       2
     376     375     482     483
 2     732       4       2       0
       4       0       2
     376     483     484     485
 2     733       4       2       0
       4       0       2
     377     376     485     486
 2     734       4       2       0
       4       0       2
     925     377     486     487
 2     735       4       2       0
       4       0       2
     378     925     487     488
 2     736       4       2       0
       4       0       2
     379     378     488     489
 2     737       4       2       0
       4       0       2
     380     379     489     490
 2     738       4       2       0
       4       0       2
     381     380     490     491
 2     739       4       2       0
       4       0       2
     382     381     491     492
 2     740       4       2       0
       4       0       2
     383     382     492     493
 2     741       4       2       0
       4       0       2
     384     383     493     494
 2     742       4       2       0
       4       0       2
     385     384     494     495
 2     743       4       2       0
       4       0       2
     386     385     495     496
 2     744       4       2       0
       4       0       2
     387     386     496     497
 2     745       4       2       0
       4       0       2
     388     387     497     498
 2     746       4       2       0
       4       0       2
     389     388     498     499
 2     747       4       2       0
       4       0       2
     390     389     499     500
 2     748       4       2       0
       4       0       2
     391     390     500     501
 2     749       4       2       0
       4       0       2
     392     391     501     502
 2     750       4       2       0
       4       0       2
     393     392     502     503
 2     751       4       2       0
       4       0       2
     394     393     503     504
 2     752       4       2       0
       4       0       2
     395     394     504     505
 2     753       4       2       0
       4       0       2
     395     505     506     507
 2     754       4       2       0
       4       0       2
     396     395     507     508
 2     755       4       2       0
       4       0       2
     397     396     508     509
 2     756       4       2       0
       4       0       2
     398     397     509     510
 2     757       4       2       0
       4       0       2
     399     398     510     511
 2     758       4       2       0
       4       0       2
     400     399     511     512
 2     759       4       2       0
       4       0       2
     401     400     512     513
 2     760       4       2       0
       4       0       2
     402     401     513     514
 2     761       4       2       0
       4       0       2
     403     402     514     515
 2     762       4       2       0
       4       0       2
     404     403     515     516
 2     763       4       2       0
       4       0       2
     955     404     516     517
 2     764       4       2       0
       4       0       2
     405     955     517     518
 2     765       4       2       0
       4       0       2
     406     405     518     519
 2     766       4       2       0
       4       0       2
     407     406     519     520
 2     767       4       2       0
       4       0       2
     408     407     520     521
 2     768       4       2       0
       4       0       2
     409     408     521     522
 2     769       4       2       0
       4       0       2
     410     409     522     523
 2     770       4       2       0
       4       0       2
     411     410     523     524
 2     771       4       2       0
       4       0       2
     412     411     524     525
 2     772       4       2       0
       4       0       2
     413     412     525     526
 2     773       4       2       0
       4       0       2
     414     413     526     527
 2     774       4       2       0
       4       0       2
     414     527     528     529
 2     775       4       2       0
       4       0       2
     415     414     529     530
 2     776       4       2       0
       4       0       2
     924     415     530     531
 2     777       4       2       0
       4       0       2
     416     924     531     532
 2     778       4       2       0
       4       0       2
     417     416     532     533
 2     779       4       2       0
       4       0       2
     418     417     533     534
 2     780       4       2       0
       4       0       2
     894     418     534     535
 2     781       4       2       0
       4       0       2
     419     894     535     536
 2     782       4       2       0
       4       0       2
     420     419     536     537
 2     783       4       2       0
       4       0       2
     421     420     537     538
 2     784       4       2       0
       4       0       2
     422     421     538     539
 2     785       4       2       0
       4       0       2
     423     422     539     540
 2     786       4       2       0
       4       0       2
     424     423     540     541
 2     787       4       2       0
       4       0       2
     425     424     541     542
 2     788       4       2       0
       4       0       2
     426     425     542     543
 2     789       4       2       0
       4       0       2
     427     426     543     544
 2     790       4       2       0
       4       0       2
     428     427     544     545
 2     791       4       2       0
       4       0       2
     429     428     545     546
 2     792       4       2       0
       4       0       2
     430     429     546     547
 2     793       4       2       0
       4       0       2
     431     430     547     548
 2     794       4       2       0
       4       0       2
     432     431     548     549
 2     795       4       2       0
       4       0       2
     464     432     549     550
 2     796       4       2       0
       4       0       2
     781     433     463     780
 2     797       4       2       0
       4       0       2
     555     434     457     557
 2     798       4       2       0
       4       0       2
     944     917     461     556
 2     799       4       2       0
       4       0       2
     897     435     456     559
 2     800       4       2       0
       4       0       2
     927     436     555     558
 2     801       4       2       0
       4       0       2
     554     437     455     561
 2     802       4       2       0
       4       0       2
     948     438     460     560
 2     803       4       2       0
       4       0       2
     553     439     454     563
 2     804       4       2       0
       4       0       2
     951     440     554     562
 2     805       4       2       0
       4       0       2
     552     441     453     564
 2     806       4       2       0
       4       0       2
     904     442     459     907
 2     807       4       2       0
       4       0       2
     551     443     452     566
 2     808       4       2       0
       4       0       2
     451     444     552     565
 2     809       4       2       0
       4       0       2
     462     445     450     568
 2     810       4       2       0
       4       0       2
     949     446     458     567
 2     811       4       2       0
       4       0       2
     463     447     449     569
 2     812       4       2       0
       4       0       2
     954     448     462     912
 2     813       4       2       0
       4       0       2
     449     954     912     569
 2     814       4       2       0
       4       0       2
     450     949     567     568
 2     815       4       2       0
       4       0       2
     452     451     565     566
 2     816       4       2       0
       4       0       2
     453     904     907     564
 2     817       4       2       0
       4       0       2
     454     951     562     563
 2     818       4       2       0
       4       0       2
     455     948     560     561
 2     819       4       2       0
       4       0       2
     456     927     558     559
 2     820       4       2       0
       4       0       2
     457     944     556     557
 2     821       4       2       0
       4       0       2
     458     740     739     567
 2     822       4       2       0
       4       0       2
     459     751     750     907
 2     823       4       2       0
       4       0       2
     460     762     761     560
 2     824       4       2       0
       4       0       2
     461     773     772     556
 2     825       4       2       0
       4       0       2
     912     462     568     731
 2     826       4       2       0
       4       0       2
     780     463     569     779
 2     827       4       2       0
       4       0       2
     464     550     593     589
 2     828       4       2       0
       4       0       2
     465     464     589     590
 2     829       4       2       0
       4       0       2
     466     465     590     587
 2     830       4       2       0
       4       0       2
     467     466     587     588
 2     831       4       2       0
       4       0       2
     468     467     588     585
 2     832       4       2       0
       4       0       2
     469     468     585     586
 2     833       4       2       0
       4       0       2
     470     469     586     583
 2     834       4       2       0
       4       0       2
     471     470     583     584
 2     835       4       2       0
       4       0       2
     472     471     584     581
 2     836       4       2       0
       4       0       2
     473     472     581     582
 2     837       4       2       0
       4       0       2
     474     473     582     579
 2     838       4       2       0
       4       0       2
     946     474     579     580
 2     839       4       2       0
       4       0       2
     475     946     580     577
 2     840       4       2       0
       4       0       2
     476     475     577     578
 2     841       4       2       0
       4       0       2
     477     476     578     895
 2     842       4       2       0
       4       0       2
     478     477     895     576
 2     843       4       2       0
       4       0       2
     479     478     576     574
 2     844       4       2       0
       4       0       2
     480     479     574     575
 2     845       4       2       0
       4       0       2
     481     480     575     572
 2     846       4       2       0
       4       0       2
     482     481     572     573
 2     847       4       2       0
       4       0       2
     483     482     573     929
 2     848       4       2       0
       4       0       2
     484     483     929     571
 2     849       4       2       0
       4       0       2
     484     571     654     570
 2     850       4       2       0
       4       0       2
     485     484     570     652
 2     851       4       2       0
       4       0       2
     486     485     652     653
 2     852       4       2       0
       4       0       2
     487     486     653     952
 2     853       4       2       0
       4       0       2
     488     487     952     651
 2     854       4       2       0
       4       0       2
     489     488     651     649
 2     855       4       2       0
       4       0       2
     490     489     649     650
 2     856       4       2       0
       4       0       2
     491     490     650     647
 2     857       4       2       0
       4       0       2
     492     491     647     648
 2     858       4       2       0
       4       0       2
     493     492     648     645
 2     859       4       2       0
       4       0       2
     494     493     645     646
 2     860       4       2       0
       4       0       2
     495     494     646     643
 2     861       4       2       0
       4       0       2
     496     495     643     644
 2     862       4       2       0
       4       0       2
     497     496     644     641
 2     863       4       2       0
       4       0       2
     498     497     641     642
 2     864       4       2       0
       4       0       2
     499     498     642     639
 2     865       4       2       0
       4       0       2
     500     499     639     640
 2     866       4       2       0
       4       0       2
     501     500     640     950
 2     867       4       2       0
       4       0       2
     502     501     950     638
 2     868       4       2       0
       4       0       2
     503     502     638     636
 2     869       4       2       0
       4       0       2
     504     503     636     637
 2     870       4       2       0
       4       0       2
     505     504     637     634
 2     871       4       2       0
       4       0       2
     506     505     634     635
 2     872       4       2       0
       4       0       2
     506     635     655     591
 2     873       4       2       0
       4       0       2
     507     506     591     632
 2     874       4       2       0
       4       0       2
     508     507     632     633
 2     875       4       2       0
       4       0       2
     509     508     633     630
 2     876       4       2       0
       4       0       2
     510     509     630     631
 2     877       4       2       0
       4       0       2
     511     510     631     628
 2     878       4       2       0
       4       0       2
     512     511     628     629
 2     879       4       2       0
       4       0       2
     513     512     629     626
 2     880       4       2       0
       4       0       2
     514     513     626     627
 2     881       4       2       0
       4       0       2
     515     514     627     624
 2     882       4       2       0
       4       0       2
     516     515     624     625
 2     883       4       2       0
       4       0       2
     517     516     625     622
 2     884       4       2       0
       4       0       2
     518     517     622     623
 2     885       4       2       0
       4       0       2
     519     518     623     620
 2     886       4       2       0
       4       0       2
     520     519     620     621
 2     887       4       2       0
       4       0       2
     521     520     621     896
 2     888       4       2       0
       4       0       2
     522     521     896     619
 2     889       4       2       0
       4       0       2
     523     522     619     617
 2     890       4       2       0
       4       0       2
     524     523     617     618
 2     891       4       2       0
       4       0       2
     525     524     618     615
 2     892       4       2       0
       4       0       2
     526     525     615     616
 2     893       4       2       0
       4       0       2
     527     526     616     928
 2     894       4       2       0
       4       0       2
     528     527     928     614
 2     895       4       2       0
       4       0       2
     528     614     656     592
 2     896       4       2       0
       4       0       2
     529     528     592     612
 2     897       4       2       0
       4       0       2
     530     529     612     613
 2     898       4       2       0
       4       0       2
     531     530     613     610
 2     899       4       2       0
       4       0       2
     532     531     610     611
 2     900       4       2       0
       4       0       2
     533     532     611     608
 2     901       4       2       0
       4       0       2
     534     533     608     609
 2     902       4       2       0
       4       0       2
     535     534     609     606
 2     903       4       2       0
       4       0       2
     536     535     606     607
 2     904       4       2       0
       4       0       2
     537     536     607     604
 2     905       4       2       0
       4       0       2
     538     537     604     605
 2     906       4       2       0
       4       0       2
     539     538     605     602
 2     907       4       2       0
       4       0       2
     540     539     602     603
 2     908       4       2       0
       4       0       2
     541     540     603     933
 2     909       4       2       0
       4       0       2
     542     541     933     601
 2     910       4       2       0
       4       0       2
     543     542     601     599
 2     911       4       2       0
       4       0       2
     544     543     599     600
 2     912       4       2       0
       4       0       2
     545     544     600     597
 2     913       4       2       0
       4       0       2
     546     545     597     598
 2     914       4       2       0
       4       0       2
     547     546     598     953
 2     915       4       2       0
       4       0       2
     548     547     953     596
 2     916       4       2       0
       4       0       2
     549     548     596     594
 2     917       4       2       0
       4       0       2
     550     549     594     595
 2     918       4       2       0
       4       0       2
     593     550     595     657
 2     919       4       2       0
       4       0       2
     749     551     566     748
 2     920       4       2       0
       4       0       2
     565     552     564     732
 2     921       4       2       0
       4       0       2
     760     553     563     759
 2     922       4       2       0
       4       0       2
     562     554     561     733
 2     923       4       2       0
       4       0       2
     771     897     559     770
 2     924       4       2       0
       4       0       2
     558     555     557     734
 2     925       4       2       0
       4       0       2
     557     556     772     734
 2     926       4       2       0
       4       0       2
     559     558     734     770
 2     927       4       2       0
       4       0       2
     561     560     761     733
 2     928       4       2       0
       4       0       2
     563     562     733     759
 2     929       4       2       0
       4       0       2
     564     907     750     732
 2     930       4       2       0
       4       0       2
     566     565     732     748
 2     931       4       2       0
       4       0       2
     568     567     739     731
 2     932       4       2       0
       4       0       2
     569     912     731     779
 2     933       4       2       0
       4       0       2
     652     570     913     658
 2     934       4       2       0
       4       0       2
     570     654     947     913
 2     935       4       2       0
       4       0       2
     929     573     906     728
 2     936       4       2       0
       4       0       2
     654     571     729     730
 2     937       4       2       0
       4       0       2
     571     929     728     729
 2     938       4       2       0
       4       0       2
     572     575     932     727
 2     939       4       2       0
       4       0       2
     573     572     727     906
 2     940       4       2       0
       4       0       2
     574     576     911     726
 2     941       4       2       0
       4       0       2
     575     574     726     932
 2     942       4       2       0
       4       0       2
     895     578     941     725
 2     943       4       2       0
       4       0       2
     576     895     725     911
 2     944       4       2       0
       4       0       2
     577     580     935     724
 2     945       4       2       0
       4       0       2
     578     577     724     941
 2     946       4       2       0
       4       0       2
     579     582     723     901
 2     947       4       2       0
       4       0       2
     580     579     901     935
 2     948       4       2       0
       4       0       2
     581     584     721     722
 2     949       4       2       0
       4       0       2
     582     581     722     723
 2     950       4       2       0
       4       0       2
     583     586     916     720
 2     951       4       2       0
       4       0       2
     584     583     720     721
 2     952       4       2       0
       4       0       2
     585     588     718     719
 2     953       4       2       0
       4       0       2
     586     585     719     916
 2     954       4       2       0
       4       0       2
     587     590     920     717
 2     955       4       2       0
       4       0       2
     588     587     717     718
 2     956       4       2       0
       4       0       2
     589     593     715     716
 2     957       4       2       0
       4       0       2
     590     589     716     920
 2     958       4       2       0
       4       0       2
     632     591     677     678
 2     959       4       2       0
       4       0       2
     591     655     674     677
 2     960       4       2       0
       4       0       2
     612     592     694     695
 2     961       4       2       0
       4       0       2
     592     656     691     694
 2     962       4       2       0
       4       0       2
     593     657     712     715
 2     963       4       2       0
       4       0       2
     594     596     710     711
 2     964       4       2       0
       4       0       2
     657     595     713     714
 2     965       4       2       0
       4       0       2
     595     594     711     713
 2     966       4       2       0
       4       0       2
     953     598     708     709
 2     967       4       2       0
       4       0       2
     596     953     709     710
 2     968       4       2       0
       4       0       2
     597     600     706     707
 2     969       4       2       0
       4       0       2
     598     597     707     708
 2     970       4       2       0
       4       0       2
     599     601     909     705
 2     971       4       2       0
       4       0       2
     600     599     705     706
 2     972       4       2       0
       4       0       2
     933     603     922     704
 2     973       4       2       0
       4       0       2
     601     933     704     909
 2     974       4       2       0
       4       0       2
     602     605     934     703
 2     975       4       2       0
       4       0       2
     603     602     703     922
 2     976       4       2       0
       4       0       2
     604     607     908     702
 2     977       4       2       0
       4       0       2
     605     604     702     934
 2     978       4       2       0
       4       0       2
     606     609     700     701
 2     979       4       2       0
       4       0       2
     607     606     701     908
 2     980       4       2       0
       4       0       2
     608     611     698     699
 2     981       4       2       0
       4       0       2
     609     608     699     700
 2     982       4       2       0
       4       0       2
     610     613     696     697
 2     983       4       2       0
       4       0       2
     611     610     697     698
 2     984       4       2       0
       4       0       2
     613     612     695     696
 2     985       4       2       0
       4       0       2
     928     616     905     690
 2     986       4       2       0
       4       0       2
     656     614     692     693
 2     987       4       2       0
       4       0       2
     614     928     690     692
 2     988       4       2       0
       4       0       2
     615     618     931     689
 2     989       4       2       0
       4       0       2
     616     615     689     905
 2     990       4       2       0
       4       0       2
     617     619     910     688
 2     991       4       2       0
       4       0       2
     618     617     688     931
 2     992       4       2       0
       4       0       2
     896     621     940     687
 2     993       4       2       0
       4       0       2
     619     896     687     910
 2     994       4       2       0
       4       0       2
     620     623     903     686
 2     995       4       2       0
       4       0       2
     621     620     686     940
 2     996       4       2       0
       4       0       2
     622     625     902     685
 2     997       4       2       0
       4       0       2
     623     622     685     903
 2     998       4       2       0
       4       0       2
     624     627     683     684
 2     999       4       2       0
       4       0       2
     625     624     684     902
 2    1000       4       2       0
       4       0       2
     626     629     915     682
 2    1001       4       2       0
       4       0       2
     627     626     682     683
 2    1002       4       2       0
       4       0       2
     628     631     680     681
 2    1003       4       2       0
       4       0       2
     629     628     681     915
 2    1004       4       2       0
       4       0       2
     630     633     921     679
 2    1005       4       2       0
       4       0       2
     631     630     679     680
 2    1006       4       2       0
       4       0       2
     633     632     678     921
 2    1007       4       2       0
       4       0       2
     634     637     672     673
 2    1008       4       2       0
       4       0       2
     655     635     675     676
 2    1009       4       2       0
       4       0       2
     635     634     673     675
 2    1010       4       2       0
       4       0       2
     636     638     670     671
 2    1011       4       2       0
       4       0       2
     637     636     671     672
 2    1012       4       2       0
       4       0       2
     950     640     938     669
 2    1013       4       2       0
       4       0       2
     638     950     669     670
 2    1014       4       2       0
       4       0       2
     639     642     914     668
 2    1015       4       2       0
       4       0       2
     640     639     668     938
 2    1016       4       2       0
       4       0       2
     641     644     666     667
 2    1017       4       2       0
       4       0       2
     642     641     667     914
 2    1018       4       2       0
       4       0       2
     643     646     923     665
 2    1019       4       2       0
       4       0       2
     644     643     665     666
 2    1020       4       2       0
       4       0       2
     645     648     663     664
 2    1021       4       2       0
       4       0       2
     646     645     664     923
 2    1022       4       2       0
       4       0       2
     647     650     898     930
 2    1023       4       2       0
       4       0       2
     648     647     930     663
 2    1024       4       2       0
       4       0       2
     649     651     661     662
 2    1025       4       2       0
       4       0       2
     650     649     662     898
 2    1026       4       2       0
       4       0       2
     952     653     659     660
 2    1027       4       2       0
       4       0       2
     651     952     660     661
 2    1028       4       2       0
       4       0       2
     653     652     658     659
 2    1029       4       2       0
       4       0       2
     947     654     730     735
 2    1030       4       2       0
       4       0       2
     674     655     676     736
 2    1031       4       2       0
       4       0       2
     691     656     693     737
 2    1032       4       2       0
       4       0       2
     712     657     714     738
 2    1033       4       2       0
       4       0       2
     913     947     784     785
 2    1034       4       2       0
       4       0       2
     659     658     786     787
 2    1035       4       2       0
       4       0       2
     658     913     785     786
 2    1036       4       2       0
       4       0       2
     661     660     788     789
 2    1037       4       2       0
       4       0       2
     660     659     787     788
 2    1038       4       2       0
       4       0       2
     898     662     790     791
 2    1039       4       2       0
       4       0       2
     662     661     789     790
 2    1040       4       2       0
       4       0       2
     663     930     792     793
 2    1041       4       2       0
       4       0       2
     930     898     791     792
 2    1042       4       2       0
       4       0       2
     923     664     794     795
 2    1043       4       2       0
       4       0       2
     664     663     793     794
 2    1044       4       2       0
       4       0       2
     666     665     796     797
 2    1045       4       2       0
       4       0       2
     665     923     795     796
 2    1046       4       2       0
       4       0       2
     914     667     798     799
 2    1047       4       2       0
       4       0       2
     667     666     797     798
 2    1048       4       2       0
       4       0       2
     938     668     800     801
 2    1049       4       2       0
       4       0       2
     668     914     799     800
 2    1050       4       2       0
       4       0       2
     670     669     802     803
 2    1051       4       2       0
       4       0       2
     669     938     801     802
 2    1052       4       2       0
       4       0       2
     672     671     804     805
 2    1053       4       2       0
       4       0       2
     671     670     803     804
 2    1054       4       2       0
       4       0       2
     675     673     806     807
 2    1055       4       2       0
       4       0       2
     673     672     805     806
 2    1056       4       2       0
       4       0       2
     947     735     783     784
 2    1057       4       2       0
       4       0       2
     677     674     812     813
 2    1058       4       2       0
       4       0       2
     674     736     811     812
 2    1059       4       2       0
       4       0       2
     736     676     808     809
 2    1060       4       2       0
       4       0       2
     676     675     807     808
 2    1061       4       2       0
       4       0       2
     921     678     814     815
 2    1062       4       2       0
       4       0       2
     678     677     813     814
 2    1063       4       2       0
       4       0       2
     680     679     816     817
 2    1064       4       2       0
       4       0       2
     679     921     815     816
 2    1065       4       2       0
       4       0       2
     915     681     818     819
 2    1066       4       2       0
       4       0       2
     681     680     817     818
 2    1067       4       2       0
       4       0       2
     683     682     937     820
 2    1068       4       2       0
       4       0       2
     682     915     819     937
 2    1069       4       2       0
       4       0       2
     902     684     821     822
 2    1070       4       2       0
       4       0       2
     684     683     820     821
 2    1071       4       2       0
       4       0       2
     903     685     823     824
 2    1072       4       2       0
       4       0       2
     685     902     822     823
 2    1073       4       2       0
       4       0       2
     940     686     825     826
 2    1074       4       2       0
       4       0       2
     686     903     824     825
 2    1075       4       2       0
       4       0       2
     910     687     827     828
 2    1076       4       2       0
       4       0       2
     687     940     826     827
 2    1077       4       2       0
       4       0       2
     931     688     829     830
 2    1078       4       2       0
       4       0       2
     688     910     828     829
 2    1079       4       2       0
       4       0       2
     905     689     831     832
 2    1080       4       2       0
       4       0       2
     689     931     830     831
 2    1081       4       2       0
       4       0       2
     692     690     833     834
 2    1082       4       2       0
       4       0       2
     690     905     832     833
 2    1083       4       2       0
       4       0       2
     694     691     839     840
 2    1084       4       2       0
       4       0       2
     691     737     838     839
 2    1085       4       2       0
       4       0       2
     737     693     835     836
 2    1086       4       2       0
       4       0       2
     693     692     834     835
 2    1087       4       2       0
       4       0       2
     696     695     841     842
 2    1088       4       2       0
       4       0       2
     695     694     840     841
 2    1089       4       2       0
       4       0       2
     698     697     843     844
 2    1090       4       2       0
       4       0       2
     697     696     842     843
 2    1091       4       2       0
       4       0       2
     700     699     845     846
 2    1092       4       2       0
       4       0       2
     699     698     844     845
 2    1093       4       2       0
       4       0       2
     908     701     847     848
 2    1094       4       2       0
       4       0       2
     701     700     846     847
 2    1095       4       2       0
       4       0       2
     934     702     849     850
 2    1096       4       2       0
       4       0       2
     702     908     848     849
 2    1097       4       2       0
       4       0       2
     922     703     851     852
 2    1098       4       2       0
       4       0       2
     703     934     850     851
 2    1099       4       2       0
       4       0       2
     909     704     853     854
 2    1100       4       2       0
       4       0       2
     704     922     852     853
 2    1101       4       2       0
       4       0       2
     706     705     855     856
 2    1102       4       2       0
       4       0       2
     705     909     854     855
 2    1103       4       2       0
       4       0       2
     708     707     857     858
 2    1104       4       2       0
       4       0       2
     707     706     856     857
 2    1105       4       2       0
       4       0       2
     710     709     859     860
 2    1106       4       2       0
       4       0       2
     709     708     858     859
 2    1107       4       2       0
       4       0       2
     713     711     861     862
 2    1108       4       2       0
       4       0       2
     711     710     860     861
 2    1109       4       2       0
       4       0       2
     715     712     867     868
 2    1110       4       2       0
       4       0       2
     712     738     866     867
 2    1111       4       2       0
       4       0       2
     738     714     863     864
 2    1112       4       2       0
       4       0       2
     714     713     862     863
 2    1113       4       2       0
       4       0       2
     920     716     869     870
 2    1114       4       2       0
       4       0       2
     716     715     868     869
 2    1115       4       2       0
       4       0       2
     718     717     871     872
 2    1116       4       2       0
       4       0       2
     717     920     870     871
 2    1117       4       2       0
       4       0       2
     916     719     873     874
 2    1118       4       2       0
       4       0       2
     719     718     872     873
 2    1119       4       2       0
       4       0       2
     721     720     875     876
 2    1120       4       2       0
       4       0       2
     720     916     874     875
 2    1121       4       2       0
       4       0       2
     723     722     877     878
 2    1122       4       2       0
       4       0       2
     722     721     876     877
 2    1123       4       2       0
       4       0       2
     935     901     879     880
 2    1124       4       2       0
       4       0       2
     901     723     878     879
 2    1125       4       2       0
       4       0       2
     941     724     881     882
 2    1126       4       2       0
       4       0       2
     724     935     880     881
 2    1127       4       2       0
       4       0       2
     911     725     883     884
 2    1128       4       2       0
       4       0       2
     725     941     882     883
 2    1129       4       2       0
       4       0       2
     932     726     885     886
 2    1130       4       2       0
       4       0       2
     726     911     884     885
 2    1131       4       2       0
       4       0       2
     906     727     887     888
 2    1132       4       2       0
       4       0       2
     727     932     886     887
 2    1133       4       2       0
       4       0       2
     729     728     889     890
 2    1134       4       2       0
       4       0       2
     728     906     888     889
 2    1135       4       2       0
       4       0       2
     735     730     891     892
 2    1136       4       2       0
       4       0       2
     730     729     890     891
 2    1137       4       2       0
       4       0       2
     779     731     739       3
 2    1138       4       2       0
       4       0       2
     748     732     750       8
 2    1139       4       2       0
       4       0       2
     759     733     761       6
 2    1140       4       2       0
       4       0       2
     770     734     772       4
 2    1141       4       2       0
       4       0       2
     783     735     892     893
 2    1142       4       2       0
       4       0       2
     811     736     809     810
 2    1143       4       2       0
       4       0       2
     838     737     836     837
 2    1144       4       2       0
       4       0       2
     866     738     864     865
 2    1145       4       2       0
       4       0       2
     739     740     103       3
 2    1146       4       2       0
       4       0       2
     740     741     104     103
 2    1147       4       2       0
       4       0       2
     741     742     105     104
 2    1148       4       2       0
       4       0       2
     742     743     106     105
 2    1149       4       2       0
       4       0       2
     743     744     107     106
 2    1150       4       2       0
       4       0       2
     744     745     108     107
 2    1151       4       2       0
       4       0       2
     745     746     109     108
 2    1152       4       2       0
       4       0       2
     746     747     110     109
 2    1153       4       2       0
       4       0       2
     747     749     111     110
 2    1154       4       2       0
       4       0       2
     749     748       8     111
 2    1155       4       2       0
       4       0       2
     750     751     112       8
 2    1156       4       2       0
       4       0       2
     751     752     113     112
 2    1157       4       2       0
       4       0       2
     752     753     114     113
 2    1158       4       2       0
       4       0       2
     753     754     115     114
 2    1159       4       2       0
       4       0       2
     754     755     116     115
 2    1160       4       2       0
       4       0       2
     755     756     117     116
 2    1161       4       2       0
       4       0       2
     756     757     118     117
 2    1162       4       2       0
       4       0       2
     757     758     119     118
 2    1163       4       2       0
       4       0       2
     758     760     120     119
 2    1164       4       2       0
       4       0       2
     760     759       6     120
 2    1165       4       2       0
       4       0       2
     761     762      67       6
 2    1166       4       2       0
       4       0       2
     762     763      68      67
 2    1167       4       2       0
       4       0       2
     763     764      69      68
 2    1168       4       2       0
       4       0       2
     764     765      70      69
 2    1169       4       2       0
       4       0       2
     765     766      71      70
 2    1170       4       2       0
       4       0       2
     766     767      72      71
 2    1171       4       2       0
       4       0       2
     767     768      73      72
 2    1172       4       2       0
       4       0       2
     768     769      74      73
 2    1173       4       2       0
       4       0       2
     769     771      75      74
 2    1174       4       2       0
       4       0       2
     771     770       4      75
 2    1175       4       2       0
       4       0       2
     772     773      48       4
 2    1176       4       2       0
       4       0       2
     773     774      47      48
 2    1177       4       2       0
       4       0       2
     774     775      46      47
 2    1178       4       2       0
       4       0       2
     775     776      45      46
 2    1179       4       2       0
       4       0       2
     776     777      44      45
 2    1180       4       2       0
       4       0       2
     777     778      43      44
 2    1181       4       2       0
       4       0       2
     778     782      42      43
 2    1182       4       2       0
       4       0       2
     780     779       3      40
 2    1183       4       2       0
       4       0       2
     781     780      40      41
 2    1184       4       2       0
       4       0       2
     782     781      41      42
 2    1185       4       2       0
       4       0       2
     783     893     150     151
 2    1186       4       2       0
       4       0       2
     784     783     151     152
 2    1187       4       2       0
       4       0       2
     785     784     152     153
 2    1188       4       2       0
       4       0       2
     786     785     153     154
 2    1189       4       2       0
       4       0       2
     787     786     154     155
 2    1190       4       2       0
       4       0       2
     788     787     155     156
 2    1191       4       2       0
       4       0       2
     789     788     156     157
 2    1192       4       2       0
       4       0       2
     790     789     157     158
 2    1193       4       2       0
       4       0       2
     791     790     158     159
 2    1194       4       2       0
       4       0       2
     792     791     159     160
 2    1195       4       2       0
       4       0       2
     793     792     160     161
 2    1196       4       2       0
       4       0       2
     794     793     161     162
 2    1197       4       2       0
       4       0       2
     795     794     162     163
 2    1198       4       2       0
       4       0       2
     796     795     163     164
 2    1199       4       2       0
       4       0       2
     797     796     164     165
 2    1200       4       2       0
       4       0       2
     798     797     165     166
 2    1201       4       2       0
       4       0       2
     799     798     166     167
 2    1202       4       2       0
       4       0       2
     800     799     167     168
 2    1203       4       2       0
       4       0       2
     801     800     168     169
 2    1204       4       2       0
       4       0       2
     802     801     169     170
 2    1205       4       2       0
       4       0       2
     803     802     170     171
 2    1206       4       2       0
       4       0       2
     804     803     171     172
 2    1207       4       2       0
       4       0       2
     805     804     172     173
 2    1208       4       2       0
       4       0       2
     806     805     173     174
 2    1209       4       2       0
       4       0       2
     807     806     174     175
 2    1210       4       2       0
       4       0       2
     808     807     175     176
 2    1211       4       2       0
       4       0       2
     809     808     176     177
 2    1212       4       2       0
       4       0       2
     810     809     177     178
 2    1213       4       2       0
       4       0       2
     810     178      11     236
 2    1214       4       2       0
       4       0       2
     811     810     236     235
 2    1215       4       2       0
       4       0       2
     812     811     235     234
 2    1216       4       2       0
       4       0       2
     813     812     234     233
 2    1217       4       2       0
       4       0       2
     814     813     233     232
 2    1218       4       2       0
       4       0       2
     815     814     232     231
 2    1219       4       2       0
       4       0       2
     816     815     231     230
 2    1220       4       2       0
       4       0       2
     817     816     230     229
 2    1221       4       2       0
       4       0       2
     818     817     229     228
 2    1222       4       2       0
       4       0       2
     819     818     228     227
 2    1223       4       2       0
       4       0       2
     937     819     227     226
 2    1224       4       2       0
       4       0       2
     820     937     226     225
 2    1225       4       2       0
       4       0       2
     821     820     225     224
 2    1226       4       2       0
       4       0       2
     822     821     224     223
 2    1227       4       2       0
       4       0       2
     823     822     223     222
 2    1228       4       2       0
       4       0       2
     824     823     222     221
 2    1229       4       2       0
       4       0       2
     825     824     221     220
 2    1230       4       2       0
       4       0       2
     826     825     220     219
 2    1231       4       2       0
       4       0       2
     827     826     219     218
 2    1232       4       2       0
       4       0       2
     828     827     218     217
 2    1233       4       2       0
       4       0       2
     829     828     217     216
 2    1234       4       2       0
       4       0       2
     830     829     216     215
 2    1235       4       2       0
       4       0       2
     831     830     215     214
 2    1236       4       2       0
       4       0       2
     832     831     214     213
 2    1237       4       2       0
       4       0       2
     833     832     213     212
 2    1238       4       2       0
       4       0       2
     834     833     212     211
 2    1239       4       2       0
       4       0       2
     835     834     211     210
 2    1240       4       2       0
       4       0       2
     836     835     210     209
 2    1241       4       2       0
       4       0       2
     837     836     209     208
 2    1242       4       2       0
       4       0       2
     837     208      12     207
 2    1243       4       2       0
       4       0       2
     838     837     207     206
 2    1244       4       2       0
       4       0       2
     839     838     206     205
 2    1245       4       2       0
       4       0       2
     840     839     205     204
 2    1246       4       2       0
       4       0       2
     841     840     204     203
 2    1247       4       2       0
       4       0       2
     842     841     203     202
 2    1248       4       2       0
       4       0       2
     843     842     202     201
 2    1249       4       2       0
       4       0       2
     844     843     201     200
 2    1250       4       2       0
       4       0       2
     845     844     200     199
 2    1251       4       2       0
       4       0       2
     846     845     199     198
 2    1252       4       2       0
       4       0       2
     847     846     198     197
 2    1253       4       2       0
       4       0       2
     848     847     197     196
 2    1254       4       2       0
       4       0       2
     849     848     196     195
 2    1255       4       2       0
       4       0       2
     850     849     195     194
 2    1256       4       2       0
       4       0       2
     851     850     194     193
 2    1257       4       2       0
       4       0       2
     852     851     193     192
 2    1258       4       2       0
       4       0       2
     853     852     192     191
 2    1259       4       2       0
       4       0       2
     854     853     191     190
 2    1260       4       2       0
       4       0       2
     855     854     190     189
 2    1261       4       2       0
       4       0       2
     856     855     189     188
 2    1262       4       2       0
       4       0       2
     857     856     188     187
 2    1263       4       2       0
       4       0       2
     858     857     187     186
 2    1264       4       2       0
       4       0       2
     859     858     186     185
 2    1265       4       2       0
       4       0       2
     860     859     185     184
 2    1266       4       2       0
       4       0       2
     861     860     184     183
 2    1267       4       2       0
       4       0       2
     862     861     183     182
 2    1268       4       2       0
       4       0       2
     863     862     182     181
 2    1269       4       2       0
       4       0       2
     864     863     181     180
 2    1270       4       2       0
       4       0       2
     865     864     180     179
 2    1271       4       2       0
       4       0       2
     865     179      10     149
 2    1272       4       2       0
       4       0       2
     866     865     149     148
 2    1273       4       2       0
       4       0       2
     867     866     148     147
 2    1274       4       2       0
       4       0       2
     868     867     147     146
 2    1275       4       2       0
       4       0       2
     869     868     146     145
 2    1276       4       2       0
       4       0       2
     870     869     145     144
 2    1277       4       2       0
       4       0       2
     871     870     144     143
 2    1278       4       2       0
       4       0       2
     872     871     143     142
 2    1279       4       2       0
       4       0       2
     873     872     142     141
 2    1280       4       2       0
       4       0       2
     874     873     141     140
 2    1281       4       2       0
       4       0       2
     875     874     140     139
 2    1282       4       2       0
       4       0       2
     876     875     139     138
 2    1283       4       2       0
       4       0       2
     877     876     138     137
 2    1284       4       2       0
       4       0       2
     878     877     137     136
 2    1285       4       2       0
       4       0       2
     879     878     136     135
 2    1286       4       2       0
       4       0       2
     880     879     135     134
 2    1287       4       2       0
       4       0       2
     881     880     134     133
 2    1288       4       2       0
       4       0       2
     882     881     133     132
 2    1289       4       2       0
       4       0       2
     883     882     132     131
 2    1290       4       2       0
       4       0       2
     884     883     131     130
 2    1291       4       2       0
       4       0       2
     885     884     130     129
 2    1292       4       2       0
       4       0       2
     886     885     129     128
 2    1293       4       2       0
       4       0       2
     887     886     128     127
 2    1294       4       2       0
       4       0       2
     888     887     127     126
 2    1295       4       2       0
       4       0       2
     889     888     126     125
 2    1296       4       2       0
       4       0       2
     890     889     125     124
 2    1297       4       2       0
       4       0       2
     891     890     124     123
 2    1298       4       2       0
       4       0       2
     892     891     123     122
 2    1299       4       2       0
       4       0       2
     893     892     122     121
 2    1300       4       2       0
       4       0       2
     150     893     121       9
 2    1301       2       2       0
       2       0       4
      14      13
 2    1302       2       2       0
       2       0       4
      15      14
 2    1303       2       2       0
       2       0       4
      16      15
 2    1304       2       2       0
       2       0       4
      17      16
 2    1305       2       2       0
       2       0       4
      18      17
 2    1306       2       2       0
       2       0       4
      19      18
 2    1307       2       2       0
       2       0       4
      20      19
 2    1308       2       2       0
       2       0       4
      21      20
 2    1309       2       2       0
       2       0       4
       2      21
 2    1310       2       2       0
       2       0       4
      13       1
 2    1311       2       2       0
       2       0       4
      84       7
 2    1312       2       2       0
       2       0       4
      83      84
 2    1313       2       2       0
       2       0       4
      82      83
 2    1314       2       2       0
       2       0       4
      81      82
 2    1315       2       2       0
       2       0       4
      80      81
 2    1316       2       2       0
       2       0       4
      79      80
 2    1317       2       2       0
       2       0       4
      78      79
 2    1318       2       2       0
       2       0       4
      77      78
 2    1319       2       2       0
       2       0       4
      76      77
 2    1320       2       2       0
       2       0       4
       1      76
 2    1321       2       2       0
       2       0       4
      93       5
 2    1322       2       2       0
       2       0       4
      92      93
 2    1323       2       2       0
       2       0       4
      91      92
 2    1324       2       2       0
       2       0       4
      90      91
 2    1325       2       2       0
       2       0       4
      89      90
 2    1326       2       2       0
       2       0       4
      88      89
 2    1327       2       2       0
       2       0       4
      87      88
 2    1328       2       2       0
       2       0       4
      86      87
 2    1329       2       2       0
       2       0       4
      85      86
 2    1330       2       2       0
       2       0       4
       7      85
 2    1331       2       2       0
       2       0       4
      49       2
 2    1332       2       2       0
       2       0       4
      50      49
 2    1333       2       2       0
       2       0       4
      51      50
 2    1334       2       2       0
       2       0       4
      52      51
 2    1335       2       2       0
       2       0       4
      53      52
 2    1336       2       2       0
       2       0       4
      54      53
 2    1337       2       2       0
       2       0       4
      55      54
 2    1338       2       2       0
       2       0       4
      56      55
 2    1339       2       2       0
       2       0       4
      57      56
 2    1340       2       2       0
       2       0       4
       5      57
 2    1341       2       2       0
       2       0       6
      29      30
 2    1342       2       2       0
       2       0       6
      28      29
 2    1343       2       2       0
       2       0       6
      27      28
 2    1344       2       2       0
       2       0       6
      26      27
 2    1345       2       2       0
       2       0       6
      25      26
 2    1346       2       2       0
       2       0       6
      24      25
 2    1347       2       2       0
       2       0       6
      23      24
 2    1348       2       2       0
       2       0       6
      22      23
 2    1349       2       2       0
       2       0       6
       1      22
 2    1350       2       2       0
       2       0       6
      30       3
 2    1351       2       2       0
       2       0       6
     111       8
 2    1352       2       2       0
       2       0       6
     110     111
 2    1353       2       2       0
       2       0       6
     109     110
 2    1354       2       2       0
       2       0       6
     108     109
 2    1355       2       2       0
       2       0       6
     107     108
 2    1356       2       2       0
       2       0       6
     106     107
 2    1357       2       2       0
       2       0       6
     105     106
 2    1358       2       2       0
       2       0       6
     104     105
 2    1359       2       2       0
       2       0       6
     103     104
 2    1360       2       2       0
       2       0       6
       3     103
 2    1361       2       2       0
       2       0       6
      94       7
 2    1362       2       2       0
       2       0       6
      95      94
 2    1363       2       2       0
       2       0       6
      96      95
 2    1364       2       2       0
       2       0       6
      97      96
 2    1365       2       2       0
       2       0       6
      98      97
 2    1366       2       2       0
       2       0       6
      99      98
 2    1367       2       2       0
       2       0       6
     100      99
 2    1368       2       2       0
       2       0       6
     101     100
 2    1369       2       2       0
       2       0       6
     102     101
 2    1370       2       2       0
       2       0       6
       8     102
 2    1371       2       2       0
       2       0       8
     120       6
 2    1372       2       2       0
       2       0       8
     119     120
 2    1373       2       2       0
       2       0       8
     118     119
 2    1374       2       2       0
       2       0       8
     117     118
 2    1375       2       2       0
       2       0       8
     116     117
 2    1376       2       2       0
       2       0       8
     115     116
 2    1377       2       2       0
       2       0       8
     114     115
 2    1378       2       2       0
       2       0       8
     113     114
 2    1379       2       2       0
       2       0       8
     112     113
 2    1380       2       2       0
       2       0       8
       8     112
 2    1381       2       2       0
       2       0       8
      58       5
 2    1382       2       2       0
       2       0       8
      59      58
 2    1383       2       2       0
       2       0       8
      60      59
 2    1384       2       2       0
       2       0       8
      61      60
 2    1385       2       2       0
       2       0       8
      62      61
 2    1386       2       2       0
       2       0       8
      63      62
 2    1387       2       2       0
       2       0       8
      64      63
 2    1388       2       2       0
       2       0       8
      65      64
 2    1389       2       2       0
       2       0       8
      66      65
 2    1390       2       2       0
       2       0       8
       6      66
 2    1391       2       2       0
       2       0      10
      75       4
 2    1392       2       2       0
       2       0      10
      74      75
 2    1393       2       2       0
       2       0      10
      73      74
 2    1394       2       2       0
       2       0      10
      72      73
 2    1395       2       2       0
       2       0      10
      71      72
 2    1396       2       2       0
       2       0      10
      70      71
 2    1397       2       2       0
       2       0      10
      69      70
 2    1398       2       2       0
       2       0      10
      68      69
 2    1399       2       2       0
       2       0      10
      67      68
 2    1400       2       2       0
       2       0      10
       6      67
 2    1401       2       2       0
       2       0      10
      31       2
 2    1402       2       2       0
       2       0      10
      32      31
 2    1403       2       2       0
       2       0      10
      33      32
 2    1404       2       2       0
       2       0      10
      34      33
 2    1405       2       2       0
       2       0      10
      35      34
 2    1406       2       2       0
       2       0      10
      36      35
 2    1407       2       2       0
       2       0      10
      37      36
 2    1408       2       2       0
       2       0      10
      38      37
 2    1409       2       2       0
       2       0      10
      39      38
 2    1410       2       2       0
       2       0      10
       4      39
 2    1411       2       2       0
       2       0      12
      41      40
 2    1412       2       2       0
       2       0      12
      42      41
 2    1413       2       2       0
       2       0      12
      43      42
 2    1414       2       2       0
       2       0      12
      44      43
 2    1415       2       2       0
       2       0      12
      45      44
 2    1416       2       2       0
       2       0      12
      46      45
 2    1417       2       2       0
       2       0      12
      47      46
 2    1418       2       2       0
       2       0      12
      48      47
 2    1419       2       2       0
       2       0      12
       4      48
 2    1420       2       2       0
       2       0      12
      40       3
 2    1421       2       2       0
       2       0      14
     149      10
 2    1422       2       2       0
       2       0      14
     148     149
 2    1423       2       2       0
       2       0      14
     147     148
 2    1424       2       2       0
       2       0      14
     146     147
 2    1425       2       2       0
       2       0      14
     145     146
 2    1426       2       2       0
       2       0      14
     144     145
 2    1427       2       2       0
       2       0      14
     143     144
 2    1428       2       2       0
       2       0      14
     142     143
 2    1429       2       2       0
       2       0      14
     141     142
 2    1430       2       2       0
       2       0      14
     140     141
 2    1431       2       2       0
       2       0      14
     139     140
 2    1432       2       2       0
       2       0      14
     138     139
 2    1433       2       2       0
       2       0      14
     137     138
 2    1434       2       2       0
       2       0      14
     136     137
 2    1435       2       2       0
       2       0      14
     135     136
 2    1436       2       2       0
       2       0      14
     134     135
 2    1437       2       2       0
       2       0      14
     133     134
 2    1438       2       2       0
       2       0      14
     132     133
 2    1439       2       2       0
       2       0      14
     131     132
 2    1440       2       2       0
       2       0      14
     130     131
 2    1441       2       2       0
       2       0      14
     129     130
 2    1442       2       2       0
       2       0      14
     128     129
 2    1443       2       2       0
       2       0      14
     127     128
 2    1444       2       2       0
       2       0      14
     126     127
 2    1445       2       2       0
       2       0      14
     125     126
 2    1446       2       2       0
       2       0      14
     124     125
 2    1447       2       2       0
       2       0      14
     123     124
 2    1448       2       2       0
       2       0      14
     122     123
 2    1449       2       2       0
       2       0      14
     121     122
 2    1450       2       2       0
       2       0      14
       9     121
 2    1451       2       2       0
       2       0      14
     207      12
 2    1452       2       2       0
       2       0      14
     206     207
 2    1453       2       2       0
       2       0      14
     205     206
 2    1454       2       2       0
       2       0      14
     204     205
 2    1455       2       2       0
       2       0      14
     203     204
 2    1456       2       2       0
       2       0      14
     202     203
 2    1457       2       2       0
       2       0      14
     201     202
 2    1458       2       2       0
       2       0      14
     200     201
 2    1459       2       2       0
       2       0      14
     199     200
 2    1460       2       2       0
       2       0      14
     198     199
 2    1461       2       2       0
       2       0      14
     197     198
 2    1462       2       2       0
       2       0      14
     196     197
 2    1463       2       2       0
       2       0      14
     195     196
 2    1464       2       2       0
       2       0      14
     194     195
 2    1465       2       2       0
       2       0      14
     193     194
 2    1466       2       2       0
       2       0      14
     192     193
 2    1467       2       2       0
       2       0      14
     191     192
 2    1468       2       2       0
       2       0      14
     190     191
 2    1469       2       2       0
       2       0      14
     189     190
 2    1470       2       2       0
       2       0      14
     188     189
 2    1471       2       2       0
       2       0      14
     187     188
 2    1472       2       2       0
       2       0      14
     186     187
 2    1473       2       2       0
       2       0      14
     185     186
 2    1474       2       2       0
       2       0      14
     184     185
 2    1475       2       2       0
       2       0      14
     183     184
 2    1476       2       2       0
       2       0      14
     182     183
 2    1477       2       2       0
       2       0      14
     181     182
 2    1478       2       2       0
       2       0      14
     180     181
 2    1479       2       2       0
       2       0      14
     179     180
 2    1480       2       2       0
       2       0      14
      10     179
 2    1481       2       2       0
       2       0      14
     236      11
 2    1482       2       2       0
       2       0      14
     235     236
 2    1483       2       2       0
       2       0      14
     234     235
 2    1484       2       2       0
       2       0      14
     233     234
 2    1485       2       2       0
       2       0      14
     232     233
 2    1486       2       2       0
       2       0      14
     231     232
 2    1487       2       2       0
       2       0      14
     230     231
 2    1488       2       2       0
       2       0      14
     229     230
 2    1489       2       2       0
       2       0      14
     228     229
 2    1490       2       2       0
       2       0      14
     227     228
 2    1491       2       2       0
       2       0      14
     226     227
 2    1492       2       2       0
       2       0      14
     225     226
 2    1493       2       2       0
       2       0      14
     224     225
 2    1494       2       2       0
       2       0      14
     223     224
 2    1495       2       2       0
       2       0      14
     222     223
 2    1496       2       2       0
       2       0      14
     221     222
 2    1497       2       2       0
       2       0      14
     220     221
 2    1498       2       2       0
       2       0      14
     219     220
 2    1499       2       2       0
       2       0      14
     218     219
 2    1500       2       2       0
       2       0      14
     217     218
 2    1501       2       2       0
       2       0      14
     216     217
 2    1502       2       2       0
       2       0      14
     215     216
 2    1503       2       2       0
       2       0      14
     214     215
 2    1504       2       2       0
       2       0      14
     213     214
 2    1505       2       2       0
       2       0      14
     212     213
 2    1506       2       2       0
       2       0      14
     211     212
 2    1507       2       2       0
       2       0      14
     210     211
 2    1508       2       2       0
       2       0      14
     209     210
 2    1509       2       2       0
       2       0      14
     208     209
 2    1510       2       2       0
       2       0      14
      12     208
 2    1511       2       2       0
       2       0      14
     151     150
 2    1512       2       2       0
       2       0      14
     152     151
 2    1513       2       2       0
       2       0      14
     153     152
 2    1514       2       2       0
       2       0      14
     154     153
 2    1515       2       2       0
       2       0      14
     155     154
 2    1516       2       2       0
       2       0      14
     156     155
 2    1517       2       2       0
       2       0      14
     157     156
 2    1518       2       2       0
       2       0      14
     158     157
 2    1519       2       2       0
       2       0      14
     159     158
 2    1520       2       2       0
       2       0      14
     160     159
 2    1521       2       2       0
       2       0      14
     161     160
 2    1522       2       2       0
       2       0      14
     162     161
 2    1523       2       2       0
       2       0      14
     163     162
 2    1524       2       2       0
       2       0      14
     164     163
 2    1525       2       2       0
       2       0      14
     165     164
 2    1526       2       2       0
       2       0      14
     166     165
 2    1527       2       2       0
       2       0      14
     167     166
 2    1528       2       2       0
       2       0      14
     168     167
 2    1529       2       2       0
       2       0      14
     169     168
 2    1530       2       2       0
       2       0      14
     170     169
 2    1531       2       2       0
       2       0      14
     171     170
 2    1532       2       2       0
       2       0      14
     172     171
 2    1533       2       2       0
       2       0      14
     173     172
 2    1534       2       2       0
       2       0      14
     174     173
 2    1535       2       2       0
       2       0      14
     175     174
 2    1536       2       2       0
       2       0      14
     176     175
 2    1537       2       2       0
       2       0      14
     177     176
 2    1538       2       2       0
       2       0      14
     178     177
 2    1539       2       2       0
       2       0      14
      11     178
 2    1540       2       2       0
       2       0      14
     150       9
21       1    1000     101
BOX         
       8       1       8       2       8       3       8       4       8       5
       8       6       8       7       8       8       8       9       8      10
       8      11       8      12       8      13       8      14       8      15
       8      16       8      17       8      18       8      19       8      20
       8      21       8      22       8      23       8      24       8      25
       8      26       8      27       8      28       8      29       8      30
       8      31       8      32       8      33       8      34       8      35
       8      36       8      37       8      38       8      39       8      40
       8      41       8      42       8      43       8      44       8      45
       8      46       8      47       8      48       8      49       8      50
       8      51       8      52       8      53       8      54       8      55
       8      56       8      57       8      58       8      59       8      60
       8      61       8      62       8      63       8      64       8      65
       8      66       8      67       8      68       8      69       8      70
       8      71       8      72       8      73       8      74       8      75
       8      76       8      77       8      78       8      79       8      80
       8      81       8      82       8      83       8      84       8      85
       8      86       8      87       8      88       8      89       8      90
       8      91       8      92       8      93       8      94       8      95
       8      96       8      97       8      98       8      99       8     100
       8     101       8     102       8     103       8     104       8     105
       8     106       8     107       8     108       8     109       8     110
       8     111       8     112       8     113       8     114       8     115
       8     116       8     117       8     118       8     119       8     120
       8     121       8     122       8     123       8     124       8     125
       8     126       8     127       8     128       8     129       8     130
       8     131       8     132       8     133       8     134       8     135
       8     136       8     137       8     138       8     139       8     140
       8     141       8     142       8     143       8     144       8     145
       8     146       8     147       8     148       8     149       8     150
       8     151       8     152       8     153       8     154       8     155
       8     156       8     157       8     158       8     159       8     160
       8     161       8     162       8     163       8     164       8     165
       8     166       8     167       8     168       8     169       8     170
       8     171       8     172       8     173       8     174       8     175
       8     176       8     177       8     178       8     179       8     180
       8     181       8     182       8     183       8     184       8     185
       8     186       8     187       8     188       8     189       8     190
       8     191       8     192       8     193       8     194       8     195
       8     196       8     197       8     198       8     199       8     200
       8     201       8     202       8     203       8     204       8     205
       8     206       8     207       8     208       8     209       8     210
       8     211       8     212       8     213       8     214       8     215
       8     216       8     217       8     218       8     219       8     220
       8     221       8     222       8     223       8     224       8     225
       8     226       8     227       8     228       8     229       8     230
       8     231       8     232       8     233       8     234       8     235
       8     236       8     237       8     238       8     239       8     240
       8     241       8     242       8     243       8     244       8     245
       8     246       8     247       8     248       8     249       8     250
       8     251       8     252       8     253       8     254       8     255
       8     256       8     257       8     258       8     259       8     260
       8     261       8     262       8     263       8     264       8     265
       8     266       8     267       8     268       8     269       8     270
       8     271       8     272       8     273       8     274       8     275
       8     276       8     277       8     278       8     279       8     280
       8     281       8     282       8     283       8     284       8     285
       8     286       8     287       8     288       8     289       8     290
       8     291       8     292       8     293       8     294       8     295
       8     296       8     297       8     298       8     299       8     300
       8     301       8     302       8     303       8     304       8     305
       8     306       8     307       8     308       8     309       8     310
       8     311       8     312       8     313       8     314       8     315
       8     316       8     317       8     318       8     319       8     320
       8     321       8     322       8     323       8     324       8     325
       8     326       8     327       8     328       8     329       8     330
       8     331       8     332       8     333       8     334       8     335
       8     336       8     337       8     338       8     339       8     340
       8     341       8     342       8     343       8     344       8     345
       8     346       8     347       8     348       8     349       8     350
       8     351       8     352       8     353       8     354       8     355
       8     356       8     357       8     358       8     359       8     360
       8     361       8     362       8     363       8     364       8     365
       8     366       8     367       8     368       8     369       8     370
       8     371       8     372       8     373       8     374       8     375
       8     376       8     377       8     378       8     379       8     380
       8     381       8     382       8     383       8     384       8     385
       8     386       8     387       8     388       8     389       8     390
       8     391       8     392       8     393       8     394       8     395
       8     396       8     397       8     398       8     399       8     400
       8     401       8     402       8     403       8     404       8     405
       8     406       8     407       8     408       8     409       8     410
       8     411       8     412       8     413       8     414       8     415
       8     416       8     417       8     418       8     419       8     420
       8     421       8     422       8     423       8     424       8     425
       8     426       8     427       8     428       8     429       8     430
       8     431       8     432       8     433       8     434       8     435
       8     436       8     437       8     438       8     439       8     440
       8     441       8     442       8     443       8     444       8     445
       8     446       8     447       8     448       8     449       8     450
       8     451       8     452       8     453       8     454       8     455
       8     456       8     457       8     458       8     459       8     460
       8     461       8     462       8     463       8     464       8     465
       8     466       8     467       8     468       8     469       8     470
       8     471       8     472       8     473       8     474       8     475
       8     476       8     477       8     478       8     479       8     480
       8     481       8     482       8     483       8     484       8     485
       8     486       8     487       8     488       8     489       8     490
       8     491       8     492       8     493       8     494       8     495
       8     496       8     497       8     498       8     499       8     500
21       2    1600     161
BOX_EXT_LID 
       8     501       8     502       8     503       8     504       8     505
       8     506       8     507       8     508       8     509       8     510
       8     511       8     512       8     513       8     514       8     515
       8     516       8     517       8     518       8     519       8     520
       8     521       8     522       8     523       8     524       8     525
       8     526       8     527       8     528       8     529       8     530
       8     531       8     532       8     533       8     534       8     535
       8     536       8     537       8     538       8     539       8     540
       8     541       8     542       8     543       8     544       8     545
       8     546       8     547       8     548       8     549       8     550
       8     551       8     552       8     553       8     554       8     555
       8     556       8     557       8     558       8     559       8     560
       8     561       8     562       8     563       8     564       8     565
       8     566       8     567       8     568       8     569       8     570
       8     571       8     572       8     573       8     574       8     575
       8     576       8     577       8     578       8     579       8     580
       8     581       8     582       8     583       8     584       8     585
       8     586       8     587       8     588       8     589       8     590
       8     591       8     592       8     593       8     594       8     595
       8     596       8     597       8     598       8     599       8     600
       8     601       8     602       8     603       8     604       8     605
       8     606       8     607       8     608       8     609       8     610
       8     611       8     612       8     613       8     614       8     615
       8     616       8     617       8     618       8     619       8     620
       8     621       8     622       8     623       8     624       8     625
       8     626       8     627       8     628       8     629       8     630
       8     631       8     632       8     633       8     634       8     635
       8     636       8     637       8     638       8     639       8     640
       8     641       8     642       8     643       8     644       8     645
       8     646       8     647       8     648       8     649       8     650
       8     651       8     652       8     653       8     654       8     655
       8     656       8     657       8     658       8     659       8     660
       8     661       8     662       8     663       8     664       8     665
       8     666       8     667       8     668       8     669       8     670
       8     671       8     672       8     673       8     674       8     675
       8     676       8     677       8     678       8     679       8     680
       8     681       8     682       8     683       8     684       8     685
       8     686       8     687       8     688       8     689       8     690
       8     691       8     692       8     693       8     694       8     695
       8     696       8     697       8     698       8     699       8     700
       8     701       8     702       8     703       8     704       8     705
       8     706       8     707       8     708       8     709       8     710
       8     711       8     712       8     713       8     714       8     715
       8     716       8     717       8     718       8     719       8     720
       8     721       8     722       8     723       8     724       8     725
       8     726       8     727       8     728       8     729       8     730
       8     731       8     732       8     733       8     734       8     735
       8     736       8     737       8     738       8     739       8     740
       8     741       8     742       8     743       8     744       8     745
       8     746       8     747       8     748       8     749       8     750
       8     751       8     752       8     753       8     754       8     755
       8     756       8     757       8     758       8     759       8     760
       8     761       8     762       8     763       8     764       8     765
       8     766       8     767       8     768       8     769       8     770
       8     771       8     772       8     773       8     774       8     775
       8     776       8     777       8     778       8     779       8     780
       8     781       8     782       8     783       8     784       8     785
       8     786       8     787       8     788       8     789       8     790
       8     791       8     792       8     793       8     794       8     795
       8     796       8     797       8     798       8     799       8     800
       8     801       8     802       8     803       8     804       8     805
       8     806       8     807       8     808       8     809       8     810
       8     811       8     812       8     813       8     814       8     815
       8     816       8     817       8     818       8     819       8     820
       8     821       8     822       8     823       8     824       8     825
       8     826       8     827       8     828       8     829       8     830
       8     831       8     832       8     833       8     834       8     835
       8     836       8     837       8     838       8     839       8     840
       8     841       8     842       8     843       8     844       8     845
       8     846       8     847       8     848       8     849       8     850
       8     851       8     852       8     853       8     854       8     855
       8     856       8     857       8     858       8     859       8     860
       8     861       8     862       8     863       8     864       8     865
       8     866       8     867       8     868       8     869       8     870
       8     871       8     872       8     873       8     874       8     875
       8     876       8     877       8     878       8     879       8     880
       8     881       8     882       8     883       8     884       8     885
       8     886       8     887       8     888       8     889       8     890
       8     891       8     892       8     893       8     894       8     895
       8     896       8     897       8     898       8     899       8     900
       8     901       8     902       8     903       8     904       8     905
       8     906       8     907       8     908       8     909       8     910
       8     911       8     912       8     913       8     914       8     915
       8     916       8     917       8     918       8     919       8     920
       8     921       8     922       8     923       8     924       8     925
       8     926       8     927       8     928       8     929       8     930
       8     931       8     932       8     933       8     934       8     935
       8     936       8     937       8     938       8     939       8     940
       8     941       8     942       8     943       8     944       8     945
       8     946       8     947       8     948       8     949       8     950
       8     951       8     952       8     953       8     954       8     955
       8     956       8     957       8     958       8     959       8     960
       8     961       8     962       8     963       8     964       8     965
       8     966       8     967       8     968       8     969       8     970
       8     971       8     972       8     973       8     974       8     975
       8     976       8     977       8     978       8     979       8     980
       8     981       8     982       8     983       8     984       8     985
       8     986       8     987       8     988       8     989       8     990
       8     991       8     992       8     993       8     994       8     995
       8     996       8     997       8     998       8     999       8    1000
       8    1001       8    1002       8    1003       8    1004       8    1005
       8    1006       8    1007       8    1008       8    1009       8    1010
       8    1011       8    1012       8    1013       8    1014       8    1015
       8    1016       8    1017       8    1018       8    1019       8    1020
       8    1021       8    1022       8    1023       8    1024       8    1025
       8    1026       8    1027       8    1028       8    1029       8    1030
       8    1031       8    1032       8    1033       8    1034       8    1035
       8    1036       8    1037       8    1038       8    1039       8    1040
       8    1041       8    1042       8    1043       8    1044       8    1045
       8    1046       8    1047       8    1048       8    1049       8    1050
       8    1051       8    1052       8    1053       8    1054       8    1055
       8    1056       8    1057       8    1058       8    1059       8    1060
       8    1061       8    1062       8    1063       8    1064       8    1065
       8    1066       8    1067       8    1068       8    1069       8    1070
       8    1071       8    1072       8    1073       8    1074       8    1075
       8    1076       8    1077       8    1078       8    1079       8    1080
       8    1081       8    1082       8    1083       8    1084       8    1085
       8    1086       8    1087       8    1088       8    1089       8    1090
       8    1091       8    1092       8    1093       8    1094       8    1095
       8    1096       8    1097       8    1098       8    1099       8    1100
       8    1101       8    1102       8    1103       8    1104       8    1105
       8    1106       8    1107       8    1108       8    1109       8    1110
       8    1111       8    1112       8    1113       8    1114       8    1115
       8    1116       8    1117       8    1118       8    1119       8    1120
       8    1121       8    1122       8    1123       8    1124       8    1125
       8    1126       8    1127       8    1128       8    1129       8    1130
       8    1131       8    1132       8    1133       8    1134       8    1135
       8    1136       8    1137       8    1138       8    1139       8    1140
       8    1141       8    1142       8    1143       8    1144       8    1145
       8    1146       8    1147       8    1148       8    1149       8    1150
       8    1151       8    1152       8    1153       8    1154       8    1155
       8    1156       8    1157       8    1158       8    1159       8    1160
       8    1161       8    1162       8    1163       8    1164       8    1165
       8    1166       8    1167       8    1168       8    1169       8    1170
       8    1171       8    1172       8    1173       8    1174       8    1175
       8    1176       8    1177       8    1178       8    1179       8    1180
       8    1181       8    1182       8    1183       8    1184       8    1185
       8    1186       8    1187       8    1188       8    1189       8    1190
       8    1191       8    1192       8    1193       8    1194       8    1195
       8    1196       8    1197       8    1198       8    1199       8    1200
       8    1201       8    1202       8    1203       8    1204       8    1205
       8    1206       8    1207       8    1208       8    1209       8    1210
       8    1211       8    1212       8    1213       8    1214       8    1215
       8    1216       8    1217       8    1218       8    1219       8    1220
       8    1221       8    1222       8    1223       8    1224       8    1225
       8    1226       8    1227       8    1228       8    1229       8    1230
       8    1231       8    1232       8    1233       8    1234       8    1235
       8    1236       8    1237       8    1238       8    1239       8    1240
       8    1241       8    1242       8    1243       8    1244       8    1245
       8    1246       8    1247       8    1248       8    1249       8    1250
       8    1251       8    1252       8    1253       8    1254       8    1255
       8    1256       8    1257       8    1258       8    1259       8    1260
       8    1261       8    1262       8    1263       8    1264       8    1265
       8    1266       8    1267       8    1268       8    1269       8    1270
       8    1271       8    1272       8    1273       8    1274       8    1275
       8    1276       8    1277       8    1278       8    1279       8    1280
       8    1281       8    1282       8    1283       8    1284       8    1285
       8    1286       8    1287       8    1288       8    1289       8    1290
       8    1291       8    1292       8    1293       8    1294       8    1295
       8    1296       8    1297       8    1298       8    1299       8    1300
21       3     240      25
FLOATER_1_6 
       6    1421       6    1422       6    1423       6    1424       6    1425
       6    1426       6    1427       6    1428       6    1429       6    1430
       6    1431       6    1432       6    1433       6    1434       6    1435
       6    1436       6    1437       6    1438       6    1439       6    1440
       6    1441       6    1442       6    1443       6    1444       6    1445
       6    1446       6    1447       6    1448       6    1449       6    1450
       6    1451       6    1452       6    1453       6    1454       6    1455
       6    1456       6    1457       6    1458       6    1459       6    1460
       6    1461       6    1462       6    1463       6    1464       6    1465
       6    1466       6    1467       6    1468       6    1469       6    1470
       6    1471       6    1472       6    1473       6    1474       6    1475
       6    1476       6    1477       6    1478       6    1479       6    1480
       6    1481       6    1482       6    1483       6    1484       6    1485
       6    1486       6    1487       6    1488       6    1489       6    1490
       6    1491       6    1492       6    1493       6    1494       6    1495
       6    1496       6    1497       6    1498       6    1499       6    1500
       6    1501       6    1502       6    1503       6    1504       6    1505
       6    1506       6    1507       6    1508       6    1509       6    1510
       6    1511       6    1512       6    1513       6    1514       6    1515
       6    1516       6    1517       6    1518       6    1519       6    1520
       6    1521       6    1522       6    1523       6    1524       6    1525
       6    1526       6    1527       6    1528       6    1529       6    1530
       6    1531       6    1532       6    1533       6    1534       6    1535
       6    1536       6    1537       6    1538       6    1539       6    1540
99       0       0       1
