25       0       0       1
ICEM - POLYFLOW INTERFACE - Version 15.0.3 - "LengthUnitForPfl=_meter_"
26       0       0       1     538    1154
 7-Aug-25   12:20:56     2.4
 1       1       0       2
-0.500000000E+01-0.500000000E+01-0.100000000E+02
 
 1       2       0       2
 0.500000000E+01-0.500000000E+01-0.100000000E+02
 
 1       3       0       2
-0.400000000E+01-0.500000000E+01-0.100000000E+02
 
 1       4       0       2
-0.300000000E+01-0.500000000E+01-0.100000000E+02
 
 1       5       0       2
-0.200000000E+01-0.500000000E+01-0.100000000E+02
 
 1       6       0       2
-0.100000000E+01-0.500000000E+01-0.100000000E+02
 
 1       7       0       2
 0.159872116E-13-0.500000000E+01-0.100000000E+02
 
 1       8       0       2
 0.100000000E+01-0.500000000E+01-0.100000000E+02
 
 1       9       0       2
 0.200000000E+01-0.500000000E+01-0.100000000E+02
 
 1      10       0       2
 0.300000000E+01-0.500000000E+01-0.100000000E+02
 
 1      11       0       2
 0.400000000E+01-0.500000000E+01-0.100000000E+02
 
 1      12       0       2
-0.500000000E+01 0.500000000E+01-0.100000000E+02
 
 1      13       0       2
-0.500000000E+01 0.400000000E+01-0.100000000E+02
 
 1      14       0       2
-0.500000000E+01 0.300000000E+01-0.100000000E+02
 
 1      15       0       2
-0.500000000E+01 0.200000000E+01-0.100000000E+02
 
 1      16       0       2
-0.500000000E+01 0.100000000E+01-0.100000000E+02
 
 1      17       0       2
-0.500000000E+01-0.159872116E-13-0.100000000E+02
 
 1      18       0       2
-0.500000000E+01-0.100000000E+01-0.100000000E+02
 
 1      19       0       2
-0.500000000E+01-0.200000000E+01-0.100000000E+02
 
 1      20       0       2
-0.500000000E+01-0.300000000E+01-0.100000000E+02
 
 1      21       0       2
-0.500000000E+01-0.400000000E+01-0.100000000E+02
 
 1      22       0       2
 0.500000000E+01 0.500000000E+01-0.100000000E+02
 
 1      23       0       2
 0.400000000E+01 0.500000000E+01-0.100000000E+02
 
 1      24       0       2
 0.300000000E+01 0.500000000E+01-0.100000000E+02
 
 1      25       0       2
 0.200000000E+01 0.500000000E+01-0.100000000E+02
 
 1      26       0       2
 0.100000000E+01 0.500000000E+01-0.100000000E+02
 
 1      27       0       2
-0.159872116E-13 0.500000000E+01-0.100000000E+02
 
 1      28       0       2
-0.100000000E+01 0.500000000E+01-0.100000000E+02
 
 1      29       0       2
-0.200000000E+01 0.500000000E+01-0.100000000E+02
 
 1      30       0       2
-0.300000000E+01 0.500000000E+01-0.100000000E+02
 
 1      31       0       2
-0.400000000E+01 0.500000000E+01-0.100000000E+02
 
 1      32       0       2
 0.500000000E+01-0.400000000E+01-0.100000000E+02
 
 1      33       0       2
 0.500000000E+01-0.300000000E+01-0.100000000E+02
 
 1      34       0       2
 0.500000000E+01-0.200000000E+01-0.100000000E+02
 
 1      35       0       2
 0.500000000E+01-0.100000000E+01-0.100000000E+02
 
 1      36       0       2
 0.500000000E+01 0.159872116E-13-0.100000000E+02
 
 1      37       0       2
 0.500000000E+01 0.100000000E+01-0.100000000E+02
 
 1      38       0       2
 0.500000000E+01 0.200000000E+01-0.100000000E+02
 
 1      39       0       2
 0.500000000E+01 0.300000000E+01-0.100000000E+02
 
 1      40       0       2
 0.500000000E+01 0.400000000E+01-0.100000000E+02
 
 1      41       0       2
-0.500000000E+01-0.500000000E+01 0.000000000E+00
 
 1      42       0       2
-0.500000000E+01-0.500000000E+01-0.100000000E+01
 
 1      43       0       2
-0.500000000E+01-0.500000000E+01-0.200000000E+01
 
 1      44       0       2
-0.500000000E+01-0.500000000E+01-0.300000000E+01
 
 1      45       0       2
-0.500000000E+01-0.500000000E+01-0.400000000E+01
 
 1      46       0       2
-0.500000000E+01-0.500000000E+01-0.500000000E+01
 
 1      47       0       2
-0.500000000E+01-0.500000000E+01-0.600000000E+01
 
 1      48       0       2
-0.500000000E+01-0.500000000E+01-0.700000000E+01
 
 1      49       0       2
-0.500000000E+01-0.500000000E+01-0.800000000E+01
 
 1      50       0       2
-0.500000000E+01-0.500000000E+01-0.900000000E+01
 
 1      51       0       2
-0.500000000E+01 0.500000000E+01 0.000000000E+00
 
 1      52       0       2
-0.500000000E+01 0.400000000E+01 0.000000000E+00
 
 1      53       0       2
-0.500000000E+01 0.300000000E+01 0.000000000E+00
 
 1      54       0       2
-0.500000000E+01 0.200000000E+01 0.000000000E+00
 
 1      55       0       2
-0.500000000E+01 0.100000000E+01 0.000000000E+00
 
 1      56       0       2
-0.500000000E+01-0.159872116E-13 0.000000000E+00
 
 1      57       0       2
-0.500000000E+01-0.100000000E+01 0.000000000E+00
 
 1      58       0       2
-0.500000000E+01-0.200000000E+01 0.000000000E+00
 
 1      59       0       2
-0.500000000E+01-0.300000000E+01 0.000000000E+00
 
 1      60       0       2
-0.500000000E+01-0.400000000E+01 0.000000000E+00
 
 1      61       0       2
-0.500000000E+01 0.500000000E+01-0.100000000E+01
 
 1      62       0       2
-0.500000000E+01 0.500000000E+01-0.200000000E+01
 
 1      63       0       2
-0.500000000E+01 0.500000000E+01-0.300000000E+01
 
 1      64       0       2
-0.500000000E+01 0.500000000E+01-0.400000000E+01
 
 1      65       0       2
-0.500000000E+01 0.500000000E+01-0.500000000E+01
 
 1      66       0       2
-0.500000000E+01 0.500000000E+01-0.600000000E+01
 
 1      67       0       2
-0.500000000E+01 0.500000000E+01-0.700000000E+01
 
 1      68       0       2
-0.500000000E+01 0.500000000E+01-0.800000000E+01
 
 1      69       0       2
-0.500000000E+01 0.500000000E+01-0.900000000E+01
 
 1      70       0       2
 0.500000000E+01 0.500000000E+01 0.000000000E+00
 
 1      71       0       2
 0.400000000E+01 0.500000000E+01 0.000000000E+00
 
 1      72       0       2
 0.300000000E+01 0.500000000E+01 0.000000000E+00
 
 1      73       0       2
 0.200000000E+01 0.500000000E+01 0.000000000E+00
 
 1      74       0       2
 0.100000000E+01 0.500000000E+01 0.000000000E+00
 
 1      75       0       2
-0.159872116E-13 0.500000000E+01 0.000000000E+00
 
 1      76       0       2
-0.100000000E+01 0.500000000E+01 0.000000000E+00
 
 1      77       0       2
-0.200000000E+01 0.500000000E+01 0.000000000E+00
 
 1      78       0       2
-0.300000000E+01 0.500000000E+01 0.000000000E+00
 
 1      79       0       2
-0.400000000E+01 0.500000000E+01 0.000000000E+00
 
 1      80       0       2
 0.500000000E+01 0.500000000E+01-0.100000000E+01
 
 1      81       0       2
 0.500000000E+01 0.500000000E+01-0.200000000E+01
 
 1      82       0       2
 0.500000000E+01 0.500000000E+01-0.300000000E+01
 
 1      83       0       2
 0.500000000E+01 0.500000000E+01-0.400000000E+01
 
 1      84       0       2
 0.500000000E+01 0.500000000E+01-0.500000000E+01
 
 1      85       0       2
 0.500000000E+01 0.500000000E+01-0.600000000E+01
 
 1      86       0       2
 0.500000000E+01 0.500000000E+01-0.700000000E+01
 
 1      87       0       2
 0.500000000E+01 0.500000000E+01-0.800000000E+01
 
 1      88       0       2
 0.500000000E+01 0.500000000E+01-0.900000000E+01
 
 1      89       0       2
 0.500000000E+01-0.500000000E+01 0.000000000E+00
 
 1      90       0       2
 0.500000000E+01-0.400000000E+01 0.000000000E+00
 
 1      91       0       2
 0.500000000E+01-0.300000000E+01 0.000000000E+00
 
 1      92       0       2
 0.500000000E+01-0.200000000E+01 0.000000000E+00
 
 1      93       0       2
 0.500000000E+01-0.100000000E+01 0.000000000E+00
 
 1      94       0       2
 0.500000000E+01 0.159872116E-13 0.000000000E+00
 
 1      95       0       2
 0.500000000E+01 0.100000000E+01 0.000000000E+00
 
 1      96       0       2
 0.500000000E+01 0.200000000E+01 0.000000000E+00
 
 1      97       0       2
 0.500000000E+01 0.300000000E+01 0.000000000E+00
 
 1      98       0       2
 0.500000000E+01 0.400000000E+01 0.000000000E+00
 
 1      99       0       2
 0.500000000E+01-0.500000000E+01-0.100000000E+01
 
 1     100       0       2
 0.500000000E+01-0.500000000E+01-0.200000000E+01
 
 1     101       0       2
 0.500000000E+01-0.500000000E+01-0.300000000E+01
 
 1     102       0       2
 0.500000000E+01-0.500000000E+01-0.400000000E+01
 
 1     103       0       2
 0.500000000E+01-0.500000000E+01-0.500000000E+01
 
 1     104       0       2
 0.500000000E+01-0.500000000E+01-0.600000000E+01
 
 1     105       0       2
 0.500000000E+01-0.500000000E+01-0.700000000E+01
 
 1     106       0       2
 0.500000000E+01-0.500000000E+01-0.800000000E+01
 
 1     107       0       2
 0.500000000E+01-0.500000000E+01-0.900000000E+01
 
 1     108       0       2
-0.400000000E+01-0.500000000E+01 0.000000000E+00
 
 1     109       0       2
-0.300000000E+01-0.500000000E+01 0.000000000E+00
 
 1     110       0       2
-0.200000000E+01-0.500000000E+01 0.000000000E+00
 
 1     111       0       2
-0.100000000E+01-0.500000000E+01 0.000000000E+00
 
 1     112       0       2
 0.159872116E-13-0.500000000E+01 0.000000000E+00
 
 1     113       0       2
 0.100000000E+01-0.500000000E+01 0.000000000E+00
 
 1     114       0       2
 0.200000000E+01-0.500000000E+01 0.000000000E+00
 
 1     115       0       2
 0.300000000E+01-0.500000000E+01 0.000000000E+00
 
 1     116       0       2
 0.400000000E+01-0.500000000E+01 0.000000000E+00
 
 1     117       0       2
 0.000000000E+00-0.500000000E+01-0.500000000E+01
 
 1     118       0       2
 0.780797839E+00-0.500000000E+01-0.739229441E+01
 
 1     119       0       2
-0.968413532E+00-0.500000000E+01-0.764915848E+01
 
 1     120       0       2
 0.246006942E+01-0.500000000E+01-0.412413216E+01
 
 1     121       0       2
 0.138896906E+01-0.500000000E+01-0.186632907E+01
 
 1     122       0       2
 0.305692673E+01-0.500000000E+01-0.644092941E+01
 
 1     123       0       2
-0.300000000E+01-0.500000000E+01-0.239285707E+01
 
 1     124       0       2
-0.281662703E+01-0.500000000E+01-0.778687668E+01
 
 1     125       0       2
 0.923611104E+00-0.500000000E+01-0.551041651E+01
 
 1     126       0       2
 0.454861104E+00-0.500000000E+01-0.393750000E+01
 
 1     127       0       2
 0.248402524E+01-0.500000000E+01-0.898636150E+01
 
 1     128       0       2
 0.395203590E+01-0.500000000E+01-0.250649405E+01
 
 1     129       0       2
-0.179032159E+01-0.500000000E+01-0.383123946E+01
 
 1     130       0       2
-0.162121439E+01-0.500000000E+01-0.615849447E+01
 
 1     131       0       2
 0.333261943E+01-0.500000000E+01-0.143308747E+01
 
 1     132       0       2
 0.356391215E+01-0.500000000E+01-0.833443642E+01
 
 1     133       0       2
-0.260331011E+01-0.500000000E+01-0.643872643E+01
 
 1     134       0       2
-0.283772826E+01-0.500000000E+01-0.355932713E+01
 
 1     135       0       2
 0.285759950E+01-0.500000000E+01-0.523105764E+01
 
 1     136       0       2
 0.360181898E+00-0.500000000E+01-0.197553241E+01
 
 1     137       0       2
 0.000000000E+00-0.500000000E+01-0.654166651E+01
 
 1     138       0       2
-0.139404655E+01-0.500000000E+01-0.110608625E+01
 
 1     139       0       2
-0.500000000E+00-0.500000000E+01-0.875000000E+01
 
 1     140       0       2
-0.165897822E+01-0.500000000E+01-0.828839588E+01
 
 1     141       0       2
 0.387500000E+01-0.500000000E+01-0.468750000E+01
 
 1     142       0       2
-0.376111674E+01-0.500000000E+01-0.446921730E+01
 
 1     143       0       2
-0.140369344E+01-0.500000000E+01-0.494429111E+01
 
 1     144       0       2
-0.340922618E+01-0.500000000E+01-0.896502972E+01
 
 1     145       0       2
-0.350000000E+01-0.500000000E+01-0.112500000E+01
 
 1     146       0       2
-0.317091084E+01-0.500000000E+01-0.548836994E+01
 
 1     147       0       2
-0.696333170E+00-0.500000000E+01-0.396988177E+01
 
 1     148       0       2
 0.700546026E+00-0.500000000E+01-0.100891590E+01
 
 1     149       0       2
 0.387500000E+01-0.500000000E+01-0.568750000E+01
 
 1     150       0       2
-0.387500000E+01-0.500000000E+01-0.331250000E+01
 
 1     151       0       2
-0.387500000E+01-0.500000000E+01-0.668750000E+01
 
 1     152       0       2
 0.116666663E+01-0.500000000E+01-0.300000000E+01
 
 1     153       0       2
 0.200000000E+01-0.500000000E+01-0.616666651E+01
 
 1     154       0       2
 0.287556767E+01-0.500000000E+01-0.243524289E+01
 
 1     155       0       2
 0.253576732E+01-0.500000000E+01-0.786943865E+01
 
 1     156       0       2
-0.338109612E+00-0.500000000E+01-0.105477667E+01
 
 1     157       0       2
 0.174854672E+01-0.500000000E+01-0.495329523E+01
 
 1     158       0       2
 0.403921413E+01-0.500000000E+01-0.360289598E+01
 
 1     159       0       2
-0.400000000E+01-0.500000000E+01-0.787500000E+01
 
 1     160       0       2
-0.184868324E+01-0.500000000E+01-0.212613487E+01
 
 1     161       0       2
-0.400000000E+01-0.500000000E+01-0.212500000E+01
 
 1     162       0       2
 0.401041079E+01-0.500000000E+01-0.672089958E+01
 
 1     163       0       2
 0.172089982E+01-0.500000000E+01-0.989589155E+00
 
 1     164       0       2
-0.250000000E+01-0.500000000E+01-0.118750000E+01
 
 1     165       0       2
-0.179916418E+01-0.500000000E+01-0.712741613E+01
 
 1     166       0       2
-0.130152255E+00-0.500000000E+01-0.753354025E+01
 
 1     167       0       2
-0.625000000E+00-0.500000000E+01-0.577083349E+01
 
 1     168       0       2
 0.931712985E+00-0.500000000E+01-0.645659733E+01
 
 1     169       0       2
-0.148093474E+01-0.500000000E+01-0.922612000E+01
 
 1     170       0       2
 0.158039367E+01-0.500000000E+01-0.816025734E+01
 
 1     171       0       2
-0.112102360E+00-0.500000000E+01-0.298770809E+01
 
 1     172       0       2
 0.147863507E+01-0.500000000E+01-0.402332115E+01
 
 1     173       0       2
-0.419076014E+01-0.500000000E+01-0.553128004E+01
 
 1     174       0       2
 0.245996904E+01-0.500000000E+01-0.703314304E+01
 
 1     175       0       2
 0.201520967E+01-0.500000000E+01-0.246697474E+01
 
 1     176       0       2
-0.851945639E+00-0.500000000E+01-0.677748108E+01
 
 1     177       0       2
 0.319416976E+01-0.500000000E+01-0.326481676E+01
 
 1     178       0       2
 0.344292068E+01-0.500000000E+01-0.928707600E+01
 
 1     179       0       2
 0.416666651E+01-0.500000000E+01-0.911458302E+01
 
 1     180       0       2
 0.427984762E+01-0.500000000E+01-0.155458295E+01
 
 1     181       0       2
 0.411458349E+01-0.500000000E+01-0.833333313E+00
 
 1     182       0       2
 0.237031054E+01-0.500000000E+01-0.175696194E+01
 
 1     183       0       2
 0.323763561E+01-0.500000000E+01-0.736960697E+01
 
 1     184       0       2
 0.895095527E+00-0.500000000E+01-0.470637608E+01
 
 1     185       0       2
 0.259586906E+01-0.500000000E+01-0.103793979E+01
 
 1     186       0       2
 0.396215320E+01-0.500000000E+01-0.759554338E+01
 
 1     187       0       2
 0.545829117E+00-0.500000000E+01-0.833593273E+01
 
 1     188       0       2
 0.502080142E+00-0.500000000E+01-0.924664307E+01
 
 1     189       0       2
 0.135205472E+01-0.500000000E+01-0.912153244E+01
 
 1     190       0       2
-0.237071013E+01-0.500000000E+01-0.912607002E+01
 
 1     191       0       2
 0.121442206E+00-0.500000000E+01-0.581281853E+01
 
 1     192       0       2
 0.326330948E+01-0.500000000E+01-0.422095251E+01
 
 1     193       0       2
-0.425000000E+01-0.500000000E+01-0.106250000E+01
 
 1     194       0       2
-0.425000000E+01-0.500000000E+01-0.893750000E+01
 
 1     195       0       2
-0.216228223E+01-0.500000000E+01-0.299066377E+01
 
 1     196       0       2
-0.225531793E+01-0.500000000E+01-0.557914352E+01
 
 1     197       0       2
-0.250963664E+01-0.500000000E+01-0.462067699E+01
 
 1     198       0       2
-0.125655556E+01-0.500000000E+01-0.301630330E+01
 
 1     199       0       2
-0.721258223E+00-0.500000000E+01-0.201418114E+01
 
 1     200       0       2
 0.221585274E+01-0.500000000E+01-0.321054173E+01
 
 1     201       0       2
 0.177199328E+01-0.500000000E+01-0.721538639E+01
 
 1     202       0       2
 0.500000000E+01 0.000000000E+00-0.500000000E+01
 
 1     203       0       2
 0.500000000E+01 0.246006942E+01-0.412413216E+01
 
 1     204       0       2
 0.500000000E+01-0.104833102E+01-0.764689541E+01
 
 1     205       0       2
 0.500000000E+01 0.843121469E+00-0.747198582E+01
 
 1     206       0       2
 0.500000000E+01-0.231973982E+01-0.470264673E+01
 
 1     207       0       2
 0.500000000E+01 0.305640984E+01-0.644094515E+01
 
 1     208       0       2
 0.500000000E+01 0.138896823E+01-0.186632967E+01
 
 1     209       0       2
 0.500000000E+01-0.300000000E+01-0.760714293E+01
 
 1     210       0       2
 0.500000000E+01-0.300000000E+01-0.239285707E+01
 
 1     211       0       2
 0.500000000E+01 0.454861104E+00-0.393750000E+01
 
 1     212       0       2
 0.500000000E+01 0.923611104E+00-0.551041651E+01
 
 1     213       0       2
 0.500000000E+01 0.395203590E+01-0.250649405E+01
 
 1     214       0       2
 0.500000000E+01 0.249668622E+01-0.896771431E+01
 
 1     215       0       2
 0.500000000E+01-0.161607146E+01-0.618303585E+01
 
 1     216       0       2
 0.500000000E+01-0.181686902E+01-0.389449883E+01
 
 1     217       0       2
 0.500000000E+01 0.356618834E+01-0.833310795E+01
 
 1     218       0       2
 0.500000000E+01 0.333261943E+01-0.143308747E+01
 
 1     219       0       2
 0.500000000E+01-0.293325162E+01-0.369136429E+01
 
 1     220       0       2
 0.500000000E+01-0.279486871E+01-0.642846870E+01
 
 1     221       0       2
 0.500000000E+01 0.360176742E+00-0.197553611E+01
 
 1     222       0       2
 0.500000000E+01 0.285759950E+01-0.523105764E+01
 
 1     223       0       2
 0.500000000E+01 0.000000000E+00-0.654166651E+01
 
 1     224       0       2
 0.500000000E+01 0.500000000E+00-0.875000000E+01
 
 1     225       0       2
 0.500000000E+01-0.151394749E+01-0.885284042E+01
 
 1     226       0       2
 0.500000000E+01-0.139404690E+01-0.110608625E+01
 
 1     227       0       2
 0.500000000E+01 0.387500000E+01-0.468750000E+01
 
 1     228       0       2
 0.500000000E+01-0.371143413E+01-0.552759457E+01
 
 1     229       0       2
 0.500000000E+01-0.131988156E+01-0.504107237E+01
 
 1     230       0       2
 0.500000000E+01-0.350000000E+01-0.112500000E+01
 
 1     231       0       2
 0.500000000E+01-0.350000000E+01-0.887500000E+01
 
 1     232       0       2
 0.500000000E+01-0.308503985E+01-0.473063231E+01
 
 1     233       0       2
 0.500000000E+01-0.696226001E+00-0.397039318E+01
 
 1     234       0       2
 0.500000000E+01 0.387500000E+01-0.568750000E+01
 
 1     235       0       2
 0.500000000E+01 0.700546026E+00-0.100891590E+01
 
 1     236       0       2
 0.500000000E+01-0.387500000E+01-0.668750000E+01
 
 1     237       0       2
 0.500000000E+01-0.401491690E+01-0.325622439E+01
 
 1     238       0       2
 0.500000000E+01 0.200000000E+01-0.616666651E+01
 
 1     239       0       2
 0.500000000E+01 0.116666663E+01-0.300000000E+01
 
 1     240       0       2
 0.500000000E+01 0.251476550E+01-0.785170221E+01
 
 1     241       0       2
 0.500000000E+01 0.287556767E+01-0.243524289E+01
 
 1     242       0       2
 0.500000000E+01-0.338109612E+00-0.105477667E+01
 
 1     243       0       2
 0.500000000E+01 0.174854672E+01-0.495329523E+01
 
 1     244       0       2
 0.500000000E+01 0.403921413E+01-0.360289598E+01
 
 1     245       0       2
 0.500000000E+01-0.400000000E+01-0.212500000E+01
 
 1     246       0       2
 0.500000000E+01-0.184872711E+01-0.212489247E+01
 
 1     247       0       2
 0.500000000E+01-0.203535414E+01-0.790764618E+01
 
 1     248       0       2
 0.500000000E+01-0.400000000E+01-0.787500000E+01
 
 1     249       0       2
 0.500000000E+01 0.172089982E+01-0.989589155E+00
 
 1     250       0       2
 0.500000000E+01 0.401041079E+01-0.672089958E+01
 
 1     251       0       2
 0.500000000E+01-0.250000000E+01-0.881250000E+01
 
 1     252       0       2
 0.500000000E+01-0.250000000E+01-0.118750000E+01
 
 1     253       0       2
 0.500000000E+01-0.500000000E+00-0.875000000E+01
 
 1     254       0       2
 0.500000000E+01-0.138785765E+00-0.759292698E+01
 
 1     255       0       2
 0.500000000E+01-0.625000000E+00-0.577083349E+01
 
 1     256       0       2
 0.500000000E+01 0.155909550E+01-0.823259449E+01
 
 1     257       0       2
 0.500000000E+01 0.905566514E+00-0.645192814E+01
 
 1     258       0       2
 0.500000000E+01 0.146974254E+01-0.917005730E+01
 
 1     259       0       2
 0.500000000E+01-0.112085722E+00-0.298779464E+01
 
 1     260       0       2
 0.500000000E+01 0.147863507E+01-0.402332115E+01
 
 1     261       0       2
 0.500000000E+01-0.400556946E+01-0.434551191E+01
 
 1     262       0       2
 0.500000000E+01 0.201520967E+01-0.246697474E+01
 
 1     263       0       2
 0.500000000E+01 0.245975828E+01-0.703131056E+01
 
 1     264       0       2
 0.500000000E+01-0.945947111E+00-0.678078175E+01
 
 1     265       0       2
 0.500000000E+01 0.319416976E+01-0.326481676E+01
 
 1     266       0       2
 0.500000000E+01 0.427984762E+01-0.155458295E+01
 
 1     267       0       2
 0.500000000E+01 0.411458349E+01-0.833333313E+00
 
 1     268       0       2
 0.500000000E+01 0.344590831E+01-0.928308105E+01
 
 1     269       0       2
 0.500000000E+01 0.416666651E+01-0.911458302E+01
 
 1     270       0       2
 0.500000000E+01 0.323447943E+01-0.736612415E+01
 
 1     271       0       2
 0.500000000E+01 0.237031054E+01-0.175696194E+01
 
 1     272       0       2
 0.500000000E+01 0.895095527E+00-0.470637608E+01
 
 1     273       0       2
 0.500000000E+01 0.396203780E+01-0.759519243E+01
 
 1     274       0       2
 0.500000000E+01 0.259586906E+01-0.103793979E+01
 
 1     275       0       2
 0.500000000E+01 0.120632574E+00-0.581297636E+01
 
 1     276       0       2
 0.500000000E+01 0.326330948E+01-0.422095251E+01
 
 1     277       0       2
 0.500000000E+01-0.425000000E+01-0.893750000E+01
 
 1     278       0       2
 0.500000000E+01-0.425000000E+01-0.106250000E+01
 
 1     279       0       2
 0.500000000E+01-0.209928608E+01-0.701153183E+01
 
 1     280       0       2
 0.500000000E+01-0.224032259E+01-0.301957345E+01
 
 1     281       0       2
 0.500000000E+01-0.124968278E+01-0.301523829E+01
 
 1     282       0       2
 0.500000000E+01-0.241122627E+01-0.547339773E+01
 
 1     283       0       2
 0.500000000E+01-0.721016765E+00-0.201433563E+01
 
 1     284       0       2
 0.500000000E+01 0.166666663E+01-0.725000000E+01
 
 1     285       0       2
 0.500000000E+01 0.221585274E+01-0.321054173E+01
 
 1     286       0       2
 0.000000000E+00 0.500000000E+01-0.500000000E+01
 
 1     287       0       2
-0.104826343E+01 0.500000000E+01-0.235310125E+01
 
 1     288       0       2
 0.246006942E+01 0.500000000E+01-0.587586784E+01
 
 1     289       0       2
 0.843121469E+00 0.500000000E+01-0.252801394E+01
 
 1     290       0       2
 0.305640984E+01 0.500000000E+01-0.355905485E+01
 
 1     291       0       2
 0.138896823E+01 0.500000000E+01-0.813367081E+01
 
 1     292       0       2
-0.300000000E+01 0.500000000E+01-0.760714293E+01
 
 1     293       0       2
-0.300000000E+01 0.500000000E+01-0.239285707E+01
 
 1     294       0       2
 0.454861104E+00 0.500000000E+01-0.606250000E+01
 
 1     295       0       2
 0.923611104E+00 0.500000000E+01-0.448958349E+01
 
 1     296       0       2
 0.395203590E+01 0.500000000E+01-0.749350595E+01
 
 1     297       0       2
 0.249668622E+01 0.500000000E+01-0.103228557E+01
 
 1     298       0       2
-0.179097569E+01 0.500000000E+01-0.617178774E+01
 
 1     299       0       2
-0.161607146E+01 0.500000000E+01-0.381696439E+01
 
 1     300       0       2
 0.356618834E+01 0.500000000E+01-0.166689157E+01
 
 1     301       0       2
 0.333261943E+01 0.500000000E+01-0.856691265E+01
 
 1     302       0       2
-0.291455746E+01 0.500000000E+01-0.370970011E+01
 
 1     303       0       2
-0.283772945E+01 0.500000000E+01-0.644059515E+01
 
 1     304       0       2
 0.360176742E+00 0.500000000E+01-0.802446365E+01
 
 1     305       0       2
 0.285759950E+01 0.500000000E+01-0.476894236E+01
 
 1     306       0       2
 0.000000000E+00 0.500000000E+01-0.345833325E+01
 
 1     307       0       2
-0.139404690E+01 0.500000000E+01-0.889391327E+01
 
 1     308       0       2
 0.500000000E+00 0.500000000E+01-0.125000000E+01
 
 1     309       0       2
-0.151383805E+01 0.500000000E+01-0.114715862E+01
 
 1     310       0       2
 0.387500000E+01 0.500000000E+01-0.531250000E+01
 
 1     311       0       2
-0.372341681E+01 0.500000000E+01-0.554858303E+01
 
 1     312       0       2
-0.140305054E+01 0.500000000E+01-0.505264139E+01
 
 1     313       0       2
-0.350000000E+01 0.500000000E+01-0.112500000E+01
 
 1     314       0       2
-0.350000000E+01 0.500000000E+01-0.887500000E+01
 
 1     315       0       2
-0.310604382E+01 0.500000000E+01-0.473529816E+01
 
 1     316       0       2
-0.696226001E+00 0.500000000E+01-0.602960682E+01
 
 1     317       0       2
 0.387500000E+01 0.500000000E+01-0.431250000E+01
 
 1     318       0       2
 0.700546026E+00 0.500000000E+01-0.899108410E+01
 
 1     319       0       2
-0.387500000E+01 0.500000000E+01-0.668750000E+01
 
 1     320       0       2
-0.401180124E+01 0.500000000E+01-0.325928044E+01
 
 1     321       0       2
 0.200000000E+01 0.500000000E+01-0.383333325E+01
 
 1     322       0       2
 0.116666663E+01 0.500000000E+01-0.700000000E+01
 
 1     323       0       2
 0.251476550E+01 0.500000000E+01-0.214829779E+01
 
 1     324       0       2
 0.287556767E+01 0.500000000E+01-0.756475735E+01
 
 1     325       0       2
-0.338109612E+00 0.500000000E+01-0.894522381E+01
 
 1     326       0       2
 0.174854672E+01 0.500000000E+01-0.504670477E+01
 
 1     327       0       2
 0.403921413E+01 0.500000000E+01-0.639710426E+01
 
 1     328       0       2
-0.203476477E+01 0.500000000E+01-0.209235048E+01
 
 1     329       0       2
-0.400000000E+01 0.500000000E+01-0.212500000E+01
 
 1     330       0       2
-0.400000000E+01 0.500000000E+01-0.787500000E+01
 
 1     331       0       2
-0.184868360E+01 0.500000000E+01-0.787386465E+01
 
 1     332       0       2
 0.172089982E+01 0.500000000E+01-0.901041126E+01
 
 1     333       0       2
 0.401041079E+01 0.500000000E+01-0.327910018E+01
 
 1     334       0       2
-0.250000000E+01 0.500000000E+01-0.881250000E+01
 
 1     335       0       2
-0.250000000E+01 0.500000000E+01-0.118750000E+01
 
 1     336       0       2
-0.500000000E+00 0.500000000E+01-0.125000000E+01
 
 1     337       0       2
-0.138785765E+00 0.500000000E+01-0.240707278E+01
 
 1     338       0       2
-0.625000000E+00 0.500000000E+01-0.422916651E+01
 
 1     339       0       2
 0.155909550E+01 0.500000000E+01-0.176740515E+01
 
 1     340       0       2
 0.905566514E+00 0.500000000E+01-0.354807186E+01
 
 1     341       0       2
 0.146974254E+01 0.500000000E+01-0.829942584E+00
 
 1     342       0       2
-0.112085722E+00 0.500000000E+01-0.701220512E+01
 
 1     343       0       2
 0.147863507E+01 0.500000000E+01-0.597667885E+01
 
 1     344       0       2
-0.399172020E+01 0.500000000E+01-0.437019730E+01
 
 1     345       0       2
 0.201520967E+01 0.500000000E+01-0.753302526E+01
 
 1     346       0       2
 0.245975828E+01 0.500000000E+01-0.296868968E+01
 
 1     347       0       2
-0.945803881E+00 0.500000000E+01-0.321812558E+01
 
 1     348       0       2
 0.319416976E+01 0.500000000E+01-0.673518324E+01
 
 1     349       0       2
 0.427984762E+01 0.500000000E+01-0.844541740E+01
 
 1     350       0       2
 0.411458349E+01 0.500000000E+01-0.916666698E+01
 
 1     351       0       2
 0.344590831E+01 0.500000000E+01-0.716918766E+00
 
 1     352       0       2
 0.416666651E+01 0.500000000E+01-0.885416687E+00
 
 1     353       0       2
 0.323447943E+01 0.500000000E+01-0.263387609E+01
 
 1     354       0       2
 0.237031054E+01 0.500000000E+01-0.824303818E+01
 
 1     355       0       2
 0.895095527E+00 0.500000000E+01-0.529362392E+01
 
 1     356       0       2
 0.396203780E+01 0.500000000E+01-0.240480757E+01
 
 1     357       0       2
 0.259586906E+01 0.500000000E+01-0.896205997E+01
 
 1     358       0       2
 0.120632574E+00 0.500000000E+01-0.418702364E+01
 
 1     359       0       2
 0.326330948E+01 0.500000000E+01-0.577904749E+01
 
 1     360       0       2
-0.425000000E+01 0.500000000E+01-0.893750000E+01
 
 1     361       0       2
-0.425000000E+01 0.500000000E+01-0.106250000E+01
 
 1     362       0       2
-0.216228271E+01 0.500000000E+01-0.700932074E+01
 
 1     363       0       2
-0.209103537E+01 0.500000000E+01-0.298887515E+01
 
 1     364       0       2
-0.225862789E+01 0.500000000E+01-0.456724167E+01
 
 1     365       0       2
-0.251807213E+01 0.500000000E+01-0.542075682E+01
 
 1     366       0       2
-0.125650775E+01 0.500000000E+01-0.698366165E+01
 
 1     367       0       2
-0.721253097E+00 0.500000000E+01-0.798580074E+01
 
 1     368       0       2
 0.166666663E+01 0.500000000E+01-0.275000000E+01
 
 1     369       0       2
 0.221585274E+01 0.500000000E+01-0.678945827E+01
 
 1     370       0       2
-0.500000000E+01 0.000000000E+00-0.500000000E+01
 
 1     371       0       2
-0.500000000E+01-0.104826343E+01-0.235310125E+01
 
 1     372       0       2
-0.500000000E+01 0.843121469E+00-0.252801394E+01
 
 1     373       0       2
-0.500000000E+01 0.246006942E+01-0.587586784E+01
 
 1     374       0       2
-0.500000000E+01 0.138896823E+01-0.813367081E+01
 
 1     375       0       2
-0.500000000E+01 0.305640984E+01-0.355905485E+01
 
 1     376       0       2
-0.500000000E+01-0.300000000E+01-0.760714293E+01
 
 1     377       0       2
-0.500000000E+01-0.300000000E+01-0.239285707E+01
 
 1     378       0       2
-0.500000000E+01 0.923611104E+00-0.448958349E+01
 
 1     379       0       2
-0.500000000E+01 0.454861104E+00-0.606250000E+01
 
 1     380       0       2
-0.500000000E+01 0.249668622E+01-0.103228557E+01
 
 1     381       0       2
-0.500000000E+01 0.395203590E+01-0.749350595E+01
 
 1     382       0       2
-0.500000000E+01-0.179097569E+01-0.617178774E+01
 
 1     383       0       2
-0.500000000E+01-0.161607146E+01-0.381696439E+01
 
 1     384       0       2
-0.500000000E+01 0.333261943E+01-0.856691265E+01
 
 1     385       0       2
-0.500000000E+01 0.356618834E+01-0.166689157E+01
 
 1     386       0       2
-0.500000000E+01-0.291455746E+01-0.370970011E+01
 
 1     387       0       2
-0.500000000E+01-0.283772945E+01-0.644059515E+01
 
 1     388       0       2
-0.500000000E+01 0.285759950E+01-0.476894236E+01
 
 1     389       0       2
-0.500000000E+01 0.360176742E+00-0.802446365E+01
 
 1     390       0       2
-0.500000000E+01 0.000000000E+00-0.345833325E+01
 
 1     391       0       2
-0.500000000E+01-0.139404690E+01-0.889391327E+01
 
 1     392       0       2
-0.500000000E+01 0.500000000E+00-0.125000000E+01
 
 1     393       0       2
-0.500000000E+01-0.151383805E+01-0.114715862E+01
 
 1     394       0       2
-0.500000000E+01 0.387500000E+01-0.531250000E+01
 
 1     395       0       2
-0.500000000E+01-0.372341681E+01-0.554858303E+01
 
 1     396       0       2
-0.500000000E+01-0.140305054E+01-0.505264139E+01
 
 1     397       0       2
-0.500000000E+01-0.350000000E+01-0.112500000E+01
 
 1     398       0       2
-0.500000000E+01-0.350000000E+01-0.887500000E+01
 
 1     399       0       2
-0.500000000E+01-0.310604382E+01-0.473529816E+01
 
 1     400       0       2
-0.500000000E+01-0.696226001E+00-0.602960682E+01
 
 1     401       0       2
-0.500000000E+01 0.700546026E+00-0.899108410E+01
 
 1     402       0       2
-0.500000000E+01 0.387500000E+01-0.431250000E+01
 
 1     403       0       2
-0.500000000E+01-0.387500000E+01-0.668750000E+01
 
 1     404       0       2
-0.500000000E+01-0.401180124E+01-0.325928044E+01
 
 1     405       0       2
-0.500000000E+01 0.116666663E+01-0.700000000E+01
 
 1     406       0       2
-0.500000000E+01 0.200000000E+01-0.383333325E+01
 
 1     407       0       2
-0.500000000E+01 0.287556767E+01-0.756475735E+01
 
 1     408       0       2
-0.500000000E+01 0.251476550E+01-0.214829779E+01
 
 1     409       0       2
-0.500000000E+01-0.338109612E+00-0.894522381E+01
 
 1     410       0       2
-0.500000000E+01 0.174854672E+01-0.504670477E+01
 
 1     411       0       2
-0.500000000E+01 0.403921413E+01-0.639710426E+01
 
 1     412       0       2
-0.500000000E+01-0.203476477E+01-0.209235048E+01
 
 1     413       0       2
-0.500000000E+01-0.400000000E+01-0.212500000E+01
 
 1     414       0       2
-0.500000000E+01-0.400000000E+01-0.787500000E+01
 
 1     415       0       2
-0.500000000E+01-0.184868360E+01-0.787386465E+01
 
 1     416       0       2
-0.500000000E+01 0.401041079E+01-0.327910018E+01
 
 1     417       0       2
-0.500000000E+01 0.172089982E+01-0.901041126E+01
 
 1     418       0       2
-0.500000000E+01-0.250000000E+01-0.881250000E+01
 
 1     419       0       2
-0.500000000E+01-0.250000000E+01-0.118750000E+01
 
 1     420       0       2
-0.500000000E+01-0.500000000E+00-0.125000000E+01
 
 1     421       0       2
-0.500000000E+01-0.138785765E+00-0.240707278E+01
 
 1     422       0       2
-0.500000000E+01-0.625000000E+00-0.422916651E+01
 
 1     423       0       2
-0.500000000E+01 0.155909550E+01-0.176740515E+01
 
 1     424       0       2
-0.500000000E+01 0.905566514E+00-0.354807186E+01
 
 1     425       0       2
-0.500000000E+01 0.146974254E+01-0.829942584E+00
 
 1     426       0       2
-0.500000000E+01-0.112085722E+00-0.701220512E+01
 
 1     427       0       2
-0.500000000E+01 0.147863507E+01-0.597667885E+01
 
 1     428       0       2
-0.500000000E+01-0.399172020E+01-0.437019730E+01
 
 1     429       0       2
-0.500000000E+01 0.245975828E+01-0.296868968E+01
 
 1     430       0       2
-0.500000000E+01 0.201520967E+01-0.753302526E+01
 
 1     431       0       2
-0.500000000E+01-0.945803881E+00-0.321812558E+01
 
 1     432       0       2
-0.500000000E+01 0.319416976E+01-0.673518324E+01
 
 1     433       0       2
-0.500000000E+01 0.344590831E+01-0.716918766E+00
 
 1     434       0       2
-0.500000000E+01 0.416666651E+01-0.885416687E+00
 
 1     435       0       2
-0.500000000E+01 0.427984762E+01-0.844541740E+01
 
 1     436       0       2
-0.500000000E+01 0.411458349E+01-0.916666698E+01
 
 1     437       0       2
-0.500000000E+01 0.237031054E+01-0.824303818E+01
 
 1     438       0       2
-0.500000000E+01 0.323447943E+01-0.263387609E+01
 
 1     439       0       2
-0.500000000E+01 0.895095527E+00-0.529362392E+01
 
 1     440       0       2
-0.500000000E+01 0.259586906E+01-0.896205997E+01
 
 1     441       0       2
-0.500000000E+01 0.396203780E+01-0.240480757E+01
 
 1     442       0       2
-0.500000000E+01 0.120632574E+00-0.418702364E+01
 
 1     443       0       2
-0.500000000E+01 0.326330948E+01-0.577904749E+01
 
 1     444       0       2
-0.500000000E+01-0.425000000E+01-0.893750000E+01
 
 1     445       0       2
-0.500000000E+01-0.425000000E+01-0.106250000E+01
 
 1     446       0       2
-0.500000000E+01-0.216228271E+01-0.700932074E+01
 
 1     447       0       2
-0.500000000E+01-0.209103537E+01-0.298887515E+01
 
 1     448       0       2
-0.500000000E+01-0.225862789E+01-0.456724167E+01
 
 1     449       0       2
-0.500000000E+01-0.251807213E+01-0.542075682E+01
 
 1     450       0       2
-0.500000000E+01-0.125650775E+01-0.698366165E+01
 
 1     451       0       2
-0.500000000E+01-0.721253097E+00-0.798580074E+01
 
 1     452       0       2
-0.500000000E+01 0.221585274E+01-0.678945827E+01
 
 1     453       0       2
-0.500000000E+01 0.166666663E+01-0.275000000E+01
 
 1     454       0       2
 0.000000000E+00 0.000000000E+00-0.100000000E+02
 
 1     455       0       2
 0.780797839E+00-0.239229417E+01-0.100000000E+02
 
 1     456       0       2
 0.246006942E+01 0.875868082E+00-0.100000000E+02
 
 1     457       0       2
-0.968413532E+00-0.264915824E+01-0.100000000E+02
 
 1     458       0       2
-0.245318294E+01 0.313848913E+00-0.100000000E+02
 
 1     459       0       2
 0.138896906E+01 0.313367105E+01-0.100000000E+02
 
 1     460       0       2
 0.305692673E+01-0.144092929E+01-0.100000000E+02
 
 1     461       0       2
-0.289285707E+01-0.269642854E+01-0.100000000E+02
 
 1     462       0       2
-0.300000000E+01 0.260714293E+01-0.100000000E+02
 
 1     463       0       2
 0.923611104E+00-0.510416687E+00-0.100000000E+02
 
 1     464       0       2
 0.454861104E+00 0.106250000E+01-0.100000000E+02
 
 1     465       0       2
 0.248402524E+01-0.398636174E+01-0.100000000E+02
 
 1     466       0       2
 0.395203590E+01 0.249350595E+01-0.100000000E+02
 
 1     467       0       2
-0.174862194E+01-0.106533003E+01-0.100000000E+02
 
 1     468       0       2
-0.182700348E+01 0.110936475E+01-0.100000000E+02
 
 1     469       0       2
 0.333261943E+01 0.356691241E+01-0.100000000E+02
 
 1     470       0       2
 0.356391215E+01-0.333443689E+01-0.100000000E+02
 
 1     471       0       2
-0.295223260E+01 0.130161035E+01-0.100000000E+02
 
 1     472       0       2
-0.287542868E+01-0.144352221E+01-0.100000000E+02
 
 1     473       0       2
 0.285759950E+01-0.231057420E+00-0.100000000E+02
 
 1     474       0       2
 0.360181898E+00 0.302446747E+01-0.100000000E+02
 
 1     475       0       2
 0.000000000E+00-0.154166663E+01-0.100000000E+02
 
 1     476       0       2
-0.500000000E+00-0.375000000E+01-0.100000000E+02
 
 1     477       0       2
-0.165897822E+01-0.328839540E+01-0.100000000E+02
 
 1     478       0       2
-0.139404655E+01 0.389391375E+01-0.100000000E+02
 
 1     479       0       2
 0.387500000E+01 0.312500000E+00-0.100000000E+02
 
 1     480       0       2
-0.388267589E+01-0.517723083E+00-0.100000000E+02
 
 1     481       0       2
-0.140369344E+01 0.557090342E-01-0.100000000E+02
 
 1     482       0       2
-0.350000000E+01 0.387500000E+01-0.100000000E+02
 
 1     483       0       2
-0.340922618E+01-0.396502972E+01-0.100000000E+02
 
 1     484       0       2
-0.331250000E+01 0.343750000E+00-0.100000000E+02
 
 1     485       0       2
-0.696333170E+00 0.103011823E+01-0.100000000E+02
 
 1     486       0       2
 0.700546026E+00 0.399108410E+01-0.100000000E+02
 
 1     487       0       2
 0.387500000E+01-0.687500000E+00-0.100000000E+02
 
 1     488       0       2
-0.394054770E+01-0.178374183E+01-0.100000000E+02
 
 1     489       0       2
-0.401808023E+01 0.174260473E+01-0.100000000E+02
 
 1     490       0       2
 0.116666663E+01 0.200000000E+01-0.100000000E+02
 
 1     491       0       2
 0.200000000E+01-0.116666663E+01-0.100000000E+02
 
 1     492       0       2
 0.287556767E+01 0.256475711E+01-0.100000000E+02
 
 1     493       0       2
 0.253576732E+01-0.286943865E+01-0.100000000E+02
 
 1     494       0       2
-0.338109612E+00 0.394522333E+01-0.100000000E+02
 
 1     495       0       2
 0.174854672E+01 0.467045493E-01-0.100000000E+02
 
 1     496       0       2
 0.403921413E+01 0.139710414E+01-0.100000000E+02
 
 1     497       0       2
-0.184872663E+01 0.287510800E+01-0.100000000E+02
 
 1     498       0       2
-0.400000000E+01 0.287500000E+01-0.100000000E+02
 
 1     499       0       2
-0.400000000E+01-0.287500000E+01-0.100000000E+02
 
 1     500       0       2
 0.401041079E+01-0.172089982E+01-0.100000000E+02
 
 1     501       0       2
 0.172089982E+01 0.401041079E+01-0.100000000E+02
 
 1     502       0       2
-0.250000000E+01 0.381250000E+01-0.100000000E+02
 
 1     503       0       2
-0.179916418E+01-0.212741637E+01-0.100000000E+02
 
 1     504       0       2
-0.130152255E+00-0.253354025E+01-0.100000000E+02
 
 1     505       0       2
-0.625000000E+00-0.770833313E+00-0.100000000E+02
 
 1     506       0       2
 0.931712985E+00-0.145659721E+01-0.100000000E+02
 
 1     507       0       2
-0.148093474E+01-0.422611952E+01-0.100000000E+02
 
 1     508       0       2
 0.158039367E+01-0.316025758E+01-0.100000000E+02
 
 1     509       0       2
-0.112102360E+00 0.201229191E+01-0.100000000E+02
 
 1     510       0       2
 0.147863507E+01 0.976678789E+00-0.100000000E+02
 
 1     511       0       2
-0.415625000E+01 0.671875000E+00-0.100000000E+02
 
 1     512       0       2
 0.245996904E+01-0.203314304E+01-0.100000000E+02
 
 1     513       0       2
 0.201520967E+01 0.253302526E+01-0.100000000E+02
 
 1     514       0       2
-0.851945639E+00-0.177748108E+01-0.100000000E+02
 
 1     515       0       2
 0.319416976E+01 0.173518312E+01-0.100000000E+02
 
 1     516       0       2
 0.344292068E+01-0.428707647E+01-0.100000000E+02
 
 1     517       0       2
 0.416666651E+01-0.411458349E+01-0.100000000E+02
 
 1     518       0       2
 0.427984762E+01 0.344541693E+01-0.100000000E+02
 
 1     519       0       2
 0.411458349E+01 0.416666651E+01-0.100000000E+02
 
 1     520       0       2
 0.237031054E+01 0.324303794E+01-0.100000000E+02
 
 1     521       0       2
 0.323763561E+01-0.236960697E+01-0.100000000E+02
 
 1     522       0       2
 0.895095527E+00 0.293623865E+00-0.100000000E+02
 
 1     523       0       2
 0.259586906E+01 0.396206021E+01-0.100000000E+02
 
 1     524       0       2
 0.396215320E+01-0.259554338E+01-0.100000000E+02
 
 1     525       0       2
 0.545829117E+00-0.333593273E+01-0.100000000E+02
 
 1     526       0       2
 0.502080142E+00-0.424664259E+01-0.100000000E+02
 
 1     527       0       2
 0.135205472E+01-0.412153244E+01-0.100000000E+02
 
 1     528       0       2
-0.237071013E+01-0.412607050E+01-0.100000000E+02
 
 1     529       0       2
 0.121442206E+00-0.812818289E+00-0.100000000E+02
 
 1     530       0       2
-0.272925806E+01-0.396682411E+00-0.100000000E+02
 
 1     531       0       2
 0.326330948E+01 0.779047489E+00-0.100000000E+02
 
 1     532       0       2
-0.425000000E+01-0.393750000E+01-0.100000000E+02
 
 1     533       0       2
-0.425000000E+01 0.393750000E+01-0.100000000E+02
 
 1     534       0       2
-0.224032259E+01 0.198042667E+01-0.100000000E+02
 
 1     535       0       2
-0.125054264E+01 0.198578429E+01-0.100000000E+02
 
 1     536       0       2
-0.721105814E+00 0.298582172E+01-0.100000000E+02
 
 1     537       0       2
 0.221585274E+01 0.178945827E+01-0.100000000E+02
 
 1     538       0       2
 0.177199328E+01-0.221538639E+01-0.100000000E+02
 
 2       1       3       2       0
       3       0       1
     468     534     535
 2       2       3       2       0
       3       0       1
     457     514     504
 2       3       3       2       0
       3       0       1
     467     530     481
 2       4       3       2       0
       3       0       1
     491     538     506
 2       5       3       2       0
       3       0       1
     464     510     522
 2       6       3       2       0
       3       0       1
     463     495     491
 2       7       3       2       0
       3       0       1
     463     506     529
 2       8       3       2       0
       3       0       1
     464     509     490
 2       9       3       2       0
       3       0       1
     496     531     515
 2      10       3       2       0
       3       0       1
     461     503     477
 2      11       3       2       0
       3       0       1
     497     535     534
 2      12       3       2       0
       3       0       1
     459     486     501
 2      13       3       2       0
       3       0       1
     475     505     529
 2      14       3       2       0
       3       0       1
     476     507     477
 2      15       3       2       0
       3       0       1
     454     481     485
 2      16       3       2       0
       3       0       1
     525     508     527
 2      17       3       2       0
       3       0       1
     466     492     469
 2      18       3       2       0
       3       0       1
     467     514     503
 2      19       3       2       0
       3       0       1
     492     537     513
 2      20       3       2       0
       3       0       1
     465     493     470
 2      21       3       2       0
       3       0       1
     456     473     495
 2      22       3       2       0
       3       0       1
     474     490     509
 2      23       3       2       0
       3       0       1
     478     497     502
 2      24       3       2       0
       3       0       1
     480     511     484
 2      25       3       2       0
       3       0       1
     475     529     506
 2      26       3       2       0
       3       0       1
     457     477     503
 2      27       3       2       0
       3       0       1
     468     485     481
 2      28       3       2       0
       3       0       1
     460     500     521
 2      29       3       2       0
       3       0       1
     477     507     528
 2      30       3       2       0
       3       0       1
     495     522     510
 2      31       3       2       0
       3       0       1
     474     494     486
 2      32       3       2       0
       3       0       1
     461     472     503
 2      33       3       2       0
       3       0       1
     462     502     497
 2      34       3       2       0
       3       0       1
     463     491     506
 2      35       3       2       0
       3       0       1
     461     483     499
 2      36       3       2       0
       3       0       1
     474     509     536
 2      37       3       2       0
       3       0       1
     461     488     472
 2      38       3       2       0
       3       0       1
     470     517     516
 2      39       3       2       0
       3       0       1
     465     508     493
 2      40       3       2       0
       3       0       1
     460     487     500
 2      41       3       2       0
       3       0       1
     466     515     492
 2      42       3       2       0
       3       0       1
     472     488     480
 2      43       3       2       0
       3       0       1
     476     525     526
 2      44       3       2       0
       3       0       1
     457     504     476
 2      45       3       2       0
       3       0       1
     482     498     533
 2      46       3       2       0
       3       0       1
       9     465      10
 2      47       3       2       0
       3       0       1
     457     476     477
 2      48       3       2       0
       3       0       1
     462     497     534
 2      49       3       2       0
       3       0       1
     471     458     484
 2      50       3       2       0
       3       0       1
     458     530     484
 2      51       3       2       0
       3       0       1
     468     535     485
 2      52       3       2       0
       3       0       1
     483     461     528
 2      53       3       2       0
       3       0       1
     525     527     526
 2      54       3       2       0
       3       0       1
     461     499     488
 2      55       3       2       0
       3       0       1
     456     531     473
 2      56       3       2       0
       3       0       1
     454     485     464
 2      57       3       2       0
       3       0       1
     456     495     510
 2      58       3       2       0
       3       0       1
     459     474     486
 2      59       3       2       0
       3       0       1
     460     473     487
 2      60       3       2       0
       3       0       1
     473     479     487
 2      61       3       2       0
       3       0       1
     454     464     522
 2      62       3       2       0
       3       0       1
     489     471     511
 2      63       3       2       0
       3       0       1
     462     471     489
 2      64       3       2       0
       3       0       1
     459     513     490
 2      65       3       2       0
       3       0       1
     459     490     474
 2      66       3       2       0
       3       0       1
     460     512     491
 2      67       3       2       0
       3       0       1
     460     491     473
 2      68       3       2       0
       3       0       1
     475     504     514
 2      69       3       2       0
       3       0       1
     490     537     510
 2      70       3       2       0
       3       0       1
     490     513     537
 2      71       3       2       0
       3       0       1
     473     491     495
 2      72       3       2       0
       3       0       1
     467     472     530
 2      73       3       2       0
       3       0       1
     536     497     478
 2      74       3       2       0
       3       0       1
     462     498     482
 2      75       3       2       0
       3       0       1
     462     489     498
 2      76       3       2       0
       3       0       1
     500     524     521
 2      77       3       2       0
       3       0       1
     501     523     520
 2      78       3       2       0
       3       0       1
     462     482     502
 2      79       3       2       0
       3       0       1
     457     503     514
 2      80       3       2       0
       3       0       1
     467     503     472
 2      81       3       2       0
       3       0       1
     455     504     475
 2      82       3       2       0
       3       0       1
     454     505     481
 2      83       3       2       0
       3       0       1
     467     481     505
 2      84       3       2       0
       3       0       1
     455     475     506
 2      85       3       2       0
       3       0       1
     493     508     538
 2      86       3       2       0
       3       0       1
     455     508     525
 2      87       3       2       0
       3       0       1
     465     527     508
 2      88       3       2       0
       3       0       1
     536     509     535
 2      89       3       2       0
       3       0       1
     464     485     509
 2      90       3       2       0
       3       0       1
     492     515     537
 2      91       3       2       0
       3       0       1
     464     490     510
 2      92       3       2       0
       3       0       1
     477     528     461
 2      93       3       2       0
       3       0       1
     493     538     512
 2      94       3       2       0
       3       0       1
     460     521     512
 2      95       3       2       0
       3       0       1
     491     512     538
 2      96       3       2       0
       3       0       1
     459     520     513
 2      97       3       2       0
       3       0       1
     475     514     505
 2      98       3       2       0
       3       0       1
     467     505     514
 2      99       3       2       0
       3       0       1
     456     515     531
 2     100       3       2       0
       3       0       1
     466     496     515
 2     101       3       2       0
       3       0       1
     465     470     516
 2     102       3       2       0
       3       0       1
     459     501     520
 2     103       3       2       0
       3       0       1
     466     469     518
 2     104       3       2       0
       3       0       1
     469     519     518
 2     105       3       2       0
       3       0       1
     492     513     520
 2     106       3       2       0
       3       0       1
     469     492     520
 2     107       3       2       0
       3       0       1
     493     512     521
 2     108       3       2       0
       3       0       1
     470     493     521
 2     109       3       2       0
       3       0       1
     454     522     463
 2     110       3       2       0
       3       0       1
     463     522     495
 2     111       3       2       0
       3       0       1
     469     520     523
 2     112       3       2       0
       3       0       1
     470     521     524
 2     113       3       2       0
       3       0       1
     455     525     504
 2     114       3       2       0
       3       0       1
     476     504     525
 2     115       3       2       0
       3       0       1
     454     463     529
 2     116       3       2       0
       3       0       1
     454     529     505
 2     117       3       2       0
       3       0       1
     472     480     530
 2     118       3       2       0
       3       0       1
     480     484     530
 2     119       3       2       0
       3       0       1
     473     531     479
 2     120       3       2       0
       3       0       1
     479     531     496
 2     121       3       2       0
       3       0       1
     483     532     499
 2     122       3       2       0
       3       0       1
     462     534     471
 2     123       3       2       0
       3       0       1
     468     471     534
 2     124       3       2       0
       3       0       1
     468     458     471
 2     125       3       2       0
       3       0       1
     468     481     458
 2     126       3       2       0
       3       0       1
     485     535     509
 2     127       3       2       0
       3       0       1
     536     535     497
 2     128       3       2       0
       3       0       1
     458     481     530
 2     129       3       2       0
       3       0       1
     484     511     471
 2     130       3       2       0
       3       0       1
     474     536     494
 2     131       3       2       0
       3       0       1
     478     494     536
 2     132       3       2       0
       3       0       1
     456     510     537
 2     133       3       2       0
       3       0       1
     456     537     515
 2     134       3       2       0
       3       0       1
     455     506     538
 2     135       3       2       0
       3       0       1
     455     538     508
 2     136       3       2       0
       3       0       1
      38     466      39
 2     137       3       2       0
       3       0       1
       6     476       7
 2     138       3       2       0
       3       0       1
      28     478      29
 2     139       3       2       0
       3       0       1
      36     479      37
 2     140       3       2       0
       3       0       1
      17     480      18
 2     141       3       2       0
       3       0       1
      30     482      31
 2     142       3       2       0
       3       0       1
       3     483       4
 2     143       3       2       0
       3       0       1
      26     486      27
 2     144       3       2       0
       3       0       1
      35     487      36
 2     145       3       2       0
       3       0       1
      36     487     479
 2     146       3       2       0
       3       0       1
      18     488      19
 2     147       3       2       0
       3       0       1
      18     480     488
 2     148       3       2       0
       3       0       1
      15     489      16
 2     149       3       2       0
       3       0       1
      27     486     494
 2     150       3       2       0
       3       0       1
      27     494      28
 2     151       3       2       0
       3       0       1
      28     494     478
 2     152       3       2       0
       3       0       1
      37     479     496
 2     153       3       2       0
       3       0       1
      37     496      38
 2     154       3       2       0
       3       0       1
      38     496     466
 2     155       3       2       0
       3       0       1
      14     498      15
 2     156       3       2       0
       3       0       1
      15     498     489
 2     157       3       2       0
       3       0       1
      19     499      20
 2     158       3       2       0
       3       0       1
      19     488     499
 2     159       3       2       0
       3       0       1
      34     500      35
 2     160       3       2       0
       3       0       1
      35     500     487
 2     161       3       2       0
       3       0       1
      25     501      26
 2     162       3       2       0
       3       0       1
      26     501     486
 2     163       3       2       0
       3       0       1
      29     478     502
 2     164       3       2       0
       3       0       1
      29     502      30
 2     165       3       2       0
       3       0       1
      30     502     482
 2     166       3       2       0
       3       0       1
       5     507       6
 2     167       3       2       0
       3       0       1
       6     507     476
 2     168       3       2       0
       3       0       1
      16     511      17
 2     169       3       2       0
       3       0       1
      16     489     511
 2     170       3       2       0
       3       0       1
      17     511     480
 2     171       3       2       0
       3       0       1
      10     516      11
 2     172       3       2       0
       3       0       1
      10     465     516
 2     173       3       2       0
       3       0       1
      11     516     517
 2     174       3       2       0
       3       0       1
       2     517      32
 2     175       3       2       0
       3       0       1
       2      11     517
 2     176       3       2       0
       3       0       1
      32     517      33
 2     177       3       2       0
       3       0       1
      33     517     470
 2     178       3       2       0
       3       0       1
      39     518      40
 2     179       3       2       0
       3       0       1
      39     466     518
 2     180       3       2       0
       3       0       1
      40     518     519
 2     181       3       2       0
       3       0       1
      23     519      24
 2     182       3       2       0
       3       0       1
      24     519     469
 2     183       3       2       0
       3       0       1
      22     519      23
 2     184       3       2       0
       3       0       1
      22      40     519
 2     185       3       2       0
       3       0       1
      24     469     523
 2     186       3       2       0
       3       0       1
      24     523      25
 2     187       3       2       0
       3       0       1
      25     523     501
 2     188       3       2       0
       3       0       1
      33     470     524
 2     189       3       2       0
       3       0       1
      33     524      34
 2     190       3       2       0
       3       0       1
      34     524     500
 2     191       3       2       0
       3       0       1
       7     526       8
 2     192       3       2       0
       3       0       1
       7     476     526
 2     193       3       2       0
       3       0       1
       8     527       9
 2     194       3       2       0
       3       0       1
       9     527     465
 2     195       3       2       0
       3       0       1
       8     526     527
 2     196       3       2       0
       3       0       1
       4     528       5
 2     197       3       2       0
       3       0       1
       5     528     507
 2     198       3       2       0
       3       0       1
       4     483     528
 2     199       3       2       0
       3       0       1
       3     532     483
 2     200       3       2       0
       3       0       1
       1     532       3
 2     201       3       2       0
       3       0       1
       1      21     532
 2     202       3       2       0
       3       0       1
      20     532      21
 2     203       3       2       0
       3       0       1
      20     499     532
 2     204       3       2       0
       3       0       1
      31     482     533
 2     205       3       2       0
       3       0       1
      12     533      13
 2     206       3       2       0
       3       0       1
      12      31     533
 2     207       3       2       0
       3       0       1
      13     533      14
 2     208       3       2       0
       3       0       1
      14     533     498
 2     209       3       2       0
       3       0       1
     371     412     393
 2     210       3       2       0
       3       0       1
     378     406     410
 2     211       3       2       0
       3       0       1
     389     426     405
 2     212       3       2       0
       3       0       1
     411     432     443
 2     213       3       2       0
       3       0       1
     373     388     443
 2     214       3       2       0
       3       0       1
     371     421     431
 2     215       3       2       0
       3       0       1
     415     446     450
 2     216       3       2       0
       3       0       1
     383     448     386
 2     217       3       2       0
       3       0       1
     389     451     426
 2     218       3       2       0
       3       0       1
     382     396     400
 2     219       3       2       0
       3       0       1
     374     417     401
 2     220       3       2       0
       3       0       1
     373     410     388
 2     221       3       2       0
       3       0       1
     382     450     446
 2     222       3       2       0
       3       0       1
     381     384     407
 2     223       3       2       0
       3       0       1
     383     396     448
 2     224       3       2       0
       3       0       1
     378     424     406
 2     225       3       2       0
       3       0       1
     390     442     422
 2     226       3       2       0
       3       0       1
     377     404     413
 2     227       3       2       0
       3       0       1
     383     386     447
 2     228       3       2       0
       3       0       1
     410     427     439
 2     229       3       2       0
       3       0       1
     371     393     420
 2     230       3       2       0
       3       0       1
     391     418     415
 2     231       3       2       0
       3       0       1
     376     446     415
 2     232       3       2       0
       3       0       1
     376     415     418
 2     233       3       2       0
       3       0       1
     377     413     397
 2     234       3       2       0
       3       0       1
     379     439     427
 2     235       3       2       0
       3       0       1
     375     438     416
 2     236       3       2       0
       3       0       1
     380     385     408
 2     237       3       2       0
       3       0       1
     370     439     379
 2     238       3       2       0
       3       0       1
     378     442     424
 2     239       3       2       0
       3       0       1
     389     401     409
 2     240       3       2       0
       3       0       1
     382     400     450
 2     241       3       2       0
       3       0       1
     448     396     449
 2     242       3       2       0
       3       0       1
     377     447     386
 2     243       3       2       0
       3       0       1
     379     405     426
 2     244       3       2       0
       3       0       1
     407     430     452
 2     245       3       2       0
       3       0       1
     375     416     402
 2     246       3       2       0
       3       0       1
     385     433     434
 2     247       3       2       0
       3       0       1
     381     407     432
 2     248       3       2       0
       3       0       1
     392     421     420
 2     249       3       2       0
       3       0       1
     377     397     419
 2     250       3       2       0
       3       0       1
      53     380      54
 2     251       3       2       0
       3       0       1
     387     395     449
 2     252       3       2       0
       3       0       1
     371     431     447
 2     253       3       2       0
       3       0       1
     395     399     449
 2     254       3       2       0
       3       0       1
     370     400     396
 2     255       3       2       0
       3       0       1
     372     392     423
 2     256       3       2       0
       3       0       1
     397     413     445
 2     257       3       2       0
       3       0       1
     406     424     453
 2     258       3       2       0
       3       0       1
     370     379     400
 2     259       3       2       0
       3       0       1
     373     427     410
 2     260       3       2       0
       3       0       1
     395     428     399
 2     261       3       2       0
       3       0       1
     374     401     389
 2     262       3       2       0
       3       0       1
     375     402     388
 2     263       3       2       0
       3       0       1
     388     402     394
 2     264       3       2       0
       3       0       1
     376     403     387
 2     265       3       2       0
       3       0       1
     387     403     395
 2     266       3       2       0
       3       0       1
     377     386     404
 2     267       3       2       0
       3       0       1
     399     428     386
 2     268       3       2       0
       3       0       1
     374     405     430
 2     269       3       2       0
       3       0       1
     374     389     405
 2     270       3       2       0
       3       0       1
     375     406     429
 2     271       3       2       0
       3       0       1
     375     388     406
 2     272       3       2       0
       3       0       1
     390     431     421
 2     273       3       2       0
       3       0       1
     405     427     452
 2     274       3       2       0
       3       0       1
     390     424     442
 2     275       3       2       0
       3       0       1
     405     452     430
 2     276       3       2       0
       3       0       1
     388     410     406
 2     277       3       2       0
       3       0       1
     371     447     412
 2     278       3       2       0
       3       0       1
     377     419     412
 2     279       3       2       0
       3       0       1
     376     398     414
 2     280       3       2       0
       3       0       1
     376     414     403
 2     281       3       2       0
       3       0       1
     451     391     415
 2     282       3       2       0
       3       0       1
     416     438     441
 2     283       3       2       0
       3       0       1
     417     437     440
 2     284       3       2       0
       3       0       1
     376     418     398
 2     285       3       2       0
       3       0       1
     393     412     419
 2     286       3       2       0
       3       0       1
     371     420     421
 2     287       3       2       0
       3       0       1
     372     390     421
 2     288       3       2       0
       3       0       1
     372     421     392
 2     289       3       2       0
       3       0       1
     370     396     422
 2     290       3       2       0
       3       0       1
     383     422     396
 2     291       3       2       0
       3       0       1
     380     408     423
 2     292       3       2       0
       3       0       1
     372     424     390
 2     293       3       2       0
       3       0       1
     408     453     423
 2     294       3       2       0
       3       0       1
     380     423     425
 2     295       3       2       0
       3       0       1
     392     425     423
 2     296       3       2       0
       3       0       1
     451     450     426
 2     297       3       2       0
       3       0       1
     379     426     400
 2     298       3       2       0
       3       0       1
     407     452     432
 2     299       3       2       0
       3       0       1
     379     427     405
 2     300       3       2       0
       3       0       1
     408     429     453
 2     301       3       2       0
       3       0       1
     375     429     438
 2     302       3       2       0
       3       0       1
     406     453     429
 2     303       3       2       0
       3       0       1
     374     430     437
 2     304       3       2       0
       3       0       1
     390     422     431
 2     305       3       2       0
       3       0       1
     383     431     422
 2     306       3       2       0
       3       0       1
     373     443     432
 2     307       3       2       0
       3       0       1
     381     432     411
 2     308       3       2       0
       3       0       1
     380     433     385
 2     309       3       2       0
       3       0       1
     374     437     417
 2     310       3       2       0
       3       0       1
     381     435     384
 2     311       3       2       0
       3       0       1
     384     435     436
 2     312       3       2       0
       3       0       1
     407     437     430
 2     313       3       2       0
       3       0       1
     384     437     407
 2     314       3       2       0
       3       0       1
     408     438     429
 2     315       3       2       0
       3       0       1
     385     438     408
 2     316       3       2       0
       3       0       1
     370     378     439
 2     317       3       2       0
       3       0       1
     378     410     439
 2     318       3       2       0
       3       0       1
     384     440     437
 2     319       3       2       0
       3       0       1
     385     441     438
 2     320       3       2       0
       3       0       1
     370     442     378
 2     321       3       2       0
       3       0       1
     370     422     442
 2     322       3       2       0
       3       0       1
     448     449     399
 2     323       3       2       0
       3       0       1
     388     394     443
 2     324       3       2       0
       3       0       1
     394     411     443
 2     325       3       2       0
       3       0       1
     398     444     414
 2     326       3       2       0
       3       0       1
     376     387     446
 2     327       3       2       0
       3       0       1
     382     446     387
 2     328       3       2       0
       3       0       1
     377     412     447
 2     329       3       2       0
       3       0       1
     383     447     431
 2     330       3       2       0
       3       0       1
     386     448     399
 2     331       3       2       0
       3       0       1
     382     387     449
 2     332       3       2       0
       3       0       1
     382     449     396
 2     333       3       2       0
       3       0       1
     400     426     450
 2     334       3       2       0
       3       0       1
     451     415     450
 2     335       3       2       0
       3       0       1
     404     386     428
 2     336       3       2       0
       3       0       1
     389     409     451
 2     337       3       2       0
       3       0       1
     391     451     409
 2     338       3       2       0
       3       0       1
     373     452     427
 2     339       3       2       0
       3       0       1
     373     432     452
 2     340       3       2       0
       3       0       1
     372     453     424
 2     341       3       2       0
       3       0       1
     372     423     453
 2     342       3       2       0
       3       0       1
      67      68     381
 2     343       3       2       0
       3       0       1
      18      19     391
 2     344       3       2       0
       3       0       1
      55     392      56
 2     345       3       2       0
       3       0       1
      57     393      58
 2     346       3       2       0
       3       0       1
      65      66     394
 2     347       3       2       0
       3       0       1
      46     395      47
 2     348       3       2       0
       3       0       1
      59     397      60
 2     349       3       2       0
       3       0       1
      20      21     398
 2     350       3       2       0
       3       0       1
      16      17     401
 2     351       3       2       0
       3       0       1
      64      65     402
 2     352       3       2       0
       3       0       1
      65     394     402
 2     353       3       2       0
       3       0       1
      47     395     403
 2     354       3       2       0
       3       0       1
      47     403      48
 2     355       3       2       0
       3       0       1
      44     404      45
 2     356       3       2       0
       3       0       1
      17     409     401
 2     357       3       2       0
       3       0       1
      17      18     409
 2     358       3       2       0
       3       0       1
      18     391     409
 2     359       3       2       0
       3       0       1
      66     411     394
 2     360       3       2       0
       3       0       1
      66      67     411
 2     361       3       2       0
       3       0       1
      67     381     411
 2     362       3       2       0
       3       0       1
      43     413      44
 2     363       3       2       0
       3       0       1
      44     413     404
 2     364       3       2       0
       3       0       1
      48     403     414
 2     365       3       2       0
       3       0       1
      48     414      49
 2     366       3       2       0
       3       0       1
      63      64     416
 2     367       3       2       0
       3       0       1
      64     402     416
 2     368       3       2       0
       3       0       1
      15      16     417
 2     369       3       2       0
       3       0       1
      16     401     417
 2     370       3       2       0
       3       0       1
      19     418     391
 2     371       3       2       0
       3       0       1
      19      20     418
 2     372       3       2       0
       3       0       1
      20     398     418
 2     373       3       2       0
       3       0       1
      58     393     419
 2     374       3       2       0
       3       0       1
      58     419      59
 2     375       3       2       0
       3       0       1
      59     419     397
 2     376       3       2       0
       3       0       1
      56     392     420
 2     377       3       2       0
       3       0       1
      56     420      57
 2     378       3       2       0
       3       0       1
      57     420     393
 2     379       3       2       0
       3       0       1
      55     425     392
 2     380       3       2       0
       3       0       1
      54     380     425
 2     381       3       2       0
       3       0       1
      54     425      55
 2     382       3       2       0
       3       0       1
      45     428      46
 2     383       3       2       0
       3       0       1
      45     404     428
 2     384       3       2       0
       3       0       1
      46     428     395
 2     385       3       2       0
       3       0       1
      52     433      53
 2     386       3       2       0
       3       0       1
      53     433     380
 2     387       3       2       0
       3       0       1
      52     434     433
 2     388       3       2       0
       3       0       1
      51      61     434
 2     389       3       2       0
       3       0       1
      51     434      52
 2     390       3       2       0
       3       0       1
      61      62     434
 2     391       3       2       0
       3       0       1
      62     385     434
 2     392       3       2       0
       3       0       1
      68      69     435
 2     393       3       2       0
       3       0       1
      68     435     381
 2     394       3       2       0
       3       0       1
      69     436     435
 2     395       3       2       0
       3       0       1
      12      13     436
 2     396       3       2       0
       3       0       1
      12     436      69
 2     397       3       2       0
       3       0       1
      13      14     436
 2     398       3       2       0
       3       0       1
      14     384     436
 2     399       3       2       0
       3       0       1
      14     440     384
 2     400       3       2       0
       3       0       1
      14      15     440
 2     401       3       2       0
       3       0       1
      15     417     440
 2     402       3       2       0
       3       0       1
      62     441     385
 2     403       3       2       0
       3       0       1
      62      63     441
 2     404       3       2       0
       3       0       1
      63     416     441
 2     405       3       2       0
       3       0       1
      21     444     398
 2     406       3       2       0
       3       0       1
       1      50     444
 2     407       3       2       0
       3       0       1
       1     444      21
 2     408       3       2       0
       3       0       1
      49     414     444
 2     409       3       2       0
       3       0       1
      49     444      50
 2     410       3       2       0
       3       0       1
      60     397     445
 2     411       3       2       0
       3       0       1
      41      60     445
 2     412       3       2       0
       3       0       1
      41     445      42
 2     413       3       2       0
       3       0       1
      42     445      43
 2     414       3       2       0
       3       0       1
      43     445     413
 2     415       3       2       0
       3       0       1
     304     367     342
 2     416       3       2       0
       3       0       1
     293     320     329
 2     417       3       2       0
       3       0       1
     291     354     332
 2     418       3       2       0
       3       0       1
     287     337     347
 2     419       3       2       0
       3       0       1
     300     351     352
 2     420       3       2       0
       3       0       1
     292     331     334
 2     421       3       2       0
       3       0       1
     295     340     321
 2     422       3       2       0
       3       0       1
     298     316     366
 2     423       3       2       0
       3       0       1
     293     363     302
 2     424       3       2       0
       3       0       1
     299     302     363
 2     425       3       2       0
       3       0       1
     291     332     318
 2     426       3       2       0
       3       0       1
     299     312     364
 2     427       3       2       0
       3       0       1
     306     358     338
 2     428       3       2       0
       3       0       1
     294     355     343
 2     429       3       2       0
       3       0       1
     293     329     313
 2     430       3       2       0
       3       0       1
     292     362     331
 2     431       3       2       0
       3       0       1
     288     305     359
 2     432       3       2       0
       3       0       1
     299     364     302
 2     433       3       2       0
       3       0       1
     307     334     331
 2     434       3       2       0
       3       0       1
     327     348     359
 2     435       3       2       0
       3       0       1
     294     322     342
 2     436       3       2       0
       3       0       1
     298     366     362
 2     437       3       2       0
       3       0       1
     297     300     323
 2     438       3       2       0
       3       0       1
     331     362     366
 2     439       3       2       0
       3       0       1
     296     324     348
 2     440       3       2       0
       3       0       1
     324     345     369
 2     441       3       2       0
       3       0       1
     298     312     316
 2     442       3       2       0
       3       0       1
     364     312     365
 2     443       3       2       0
       3       0       1
     288     326     305
 2     444       3       2       0
       3       0       1
     286     355     294
 2     445       3       2       0
       3       0       1
     304     342     322
 2     446       3       2       0
       3       0       1
     287     309     336
 2     447       3       2       0
       3       0       1
     295     321     326
 2     448       3       2       0
       3       0       1
     326     343     355
 2     449       3       2       0
       3       0       1
     304     318     325
 2     450       3       2       0
       3       0       1
     290     333     317
 2     451       3       2       0
       3       0       1
     296     301     324
 2     452       3       2       0
       3       0       1
     295     358     340
 2     453       3       2       0
       3       0       1
     287     328     309
 2     454       3       2       0
       3       0       1
     308     337     336
 2     455       3       2       0
       3       0       1
     293     313     335
 2     456       3       2       0
       3       0       1
     322     369     345
 2     457       3       2       0
       3       0       1
     303     311     365
 2     458       3       2       0
       3       0       1
     287     347     363
 2     459       3       2       0
       3       0       1
     311     315     365
 2     460       3       2       0
       3       0       1
     286     316     312
 2     461       3       2       0
       3       0       1
     289     308     339
 2     462       3       2       0
       3       0       1
     313     329     361
 2     463       3       2       0
       3       0       1
     322     343     369
 2     464       3       2       0
       3       0       1
     286     294     316
 2     465       3       2       0
       3       0       1
     288     343     326
 2     466       3       2       0
       3       0       1
     290     317     305
 2     467       3       2       0
       3       0       1
     305     317     310
 2     468       3       2       0
       3       0       1
     311     344     315
 2     469       3       2       0
       3       0       1
     291     318     304
 2     470       3       2       0
       3       0       1
     292     319     303
 2     471       3       2       0
       3       0       1
     303     319     311
 2     472       3       2       0
       3       0       1
     293     302     320
 2     473       3       2       0
       3       0       1
     315     344     302
 2     474       3       2       0
       3       0       1
     290     321     346
 2     475       3       2       0
       3       0       1
     290     305     321
 2     476       3       2       0
       3       0       1
     291     322     345
 2     477       3       2       0
       3       0       1
     291     304     322
 2     478       3       2       0
       3       0       1
     306     347     337
 2     479       3       2       0
       3       0       1
     321     340     368
 2     480       3       2       0
       3       0       1
     306     340     358
 2     481       3       2       0
       3       0       1
     321     368     346
 2     482       3       2       0
       3       0       1
     305     326     321
 2     483       3       2       0
       3       0       1
     287     363     328
 2     484       3       2       0
       3       0       1
     293     335     328
 2     485       3       2       0
       3       0       1
     292     314     330
 2     486       3       2       0
       3       0       1
     292     330     319
 2     487       3       2       0
       3       0       1
     367     307     331
 2     488       3       2       0
       3       0       1
     332     354     357
 2     489       3       2       0
       3       0       1
     333     353     356
 2     490       3       2       0
       3       0       1
     292     334     314
 2     491       3       2       0
       3       0       1
     309     328     335
 2     492       3       2       0
       3       0       1
     287     336     337
 2     493       3       2       0
       3       0       1
     289     306     337
 2     494       3       2       0
       3       0       1
     289     337     308
 2     495       3       2       0
       3       0       1
     286     312     338
 2     496       3       2       0
       3       0       1
     299     338     312
 2     497       3       2       0
       3       0       1
     297     323     339
 2     498       3       2       0
       3       0       1
     289     340     306
 2     499       3       2       0
       3       0       1
     323     368     339
 2     500       3       2       0
       3       0       1
     297     339     341
 2     501       3       2       0
       3       0       1
     308     341     339
 2     502       3       2       0
       3       0       1
     367     366     342
 2     503       3       2       0
       3       0       1
     294     342     316
 2     504       3       2       0
       3       0       1
     324     369     348
 2     505       3       2       0
       3       0       1
     294     343     322
 2     506       3       2       0
       3       0       1
      86      87     296
 2     507       3       2       0
       3       0       1
     291     345     354
 2     508       3       2       0
       3       0       1
     323     346     368
 2     509       3       2       0
       3       0       1
     290     346     353
 2     510       3       2       0
       3       0       1
     306     338     347
 2     511       3       2       0
       3       0       1
     299     347     338
 2     512       3       2       0
       3       0       1
     288     359     348
 2     513       3       2       0
       3       0       1
     296     348     327
 2     514       3       2       0
       3       0       1
     296     349     301
 2     515       3       2       0
       3       0       1
     301     349     350
 2     516       3       2       0
       3       0       1
     290     353     333
 2     517       3       2       0
       3       0       1
     297     351     300
 2     518       3       2       0
       3       0       1
     323     353     346
 2     519       3       2       0
       3       0       1
     300     353     323
 2     520       3       2       0
       3       0       1
     324     354     345
 2     521       3       2       0
       3       0       1
     301     354     324
 2     522       3       2       0
       3       0       1
     286     295     355
 2     523       3       2       0
       3       0       1
     295     326     355
 2     524       3       2       0
       3       0       1
     300     356     353
 2     525       3       2       0
       3       0       1
     301     357     354
 2     526       3       2       0
       3       0       1
     286     358     295
 2     527       3       2       0
       3       0       1
     286     338     358
 2     528       3       2       0
       3       0       1
     364     365     315
 2     529       3       2       0
       3       0       1
     305     310     359
 2     530       3       2       0
       3       0       1
     310     327     359
 2     531       3       2       0
       3       0       1
     314     360     330
 2     532       3       2       0
       3       0       1
     292     303     362
 2     533       3       2       0
       3       0       1
     298     362     303
 2     534       3       2       0
       3       0       1
     293     328     363
 2     535       3       2       0
       3       0       1
     299     363     347
 2     536       3       2       0
       3       0       1
     302     364     315
 2     537       3       2       0
       3       0       1
     298     303     365
 2     538       3       2       0
       3       0       1
     298     365     312
 2     539       3       2       0
       3       0       1
     316     342     366
 2     540       3       2       0
       3       0       1
     367     331     366
 2     541       3       2       0
       3       0       1
     320     302     344
 2     542       3       2       0
       3       0       1
     304     325     367
 2     543       3       2       0
       3       0       1
     307     367     325
 2     544       3       2       0
       3       0       1
     289     368     340
 2     545       3       2       0
       3       0       1
     289     339     368
 2     546       3       2       0
       3       0       1
     288     369     343
 2     547       3       2       0
       3       0       1
     288     348     369
 2     548       3       2       0
       3       0       1
      72     297      73
 2     549       3       2       0
       3       0       1
      28      29     307
 2     550       3       2       0
       3       0       1
      74     308      75
 2     551       3       2       0
       3       0       1
      76     309      77
 2     552       3       2       0
       3       0       1
      84      85     310
 2     553       3       2       0
       3       0       1
      65     311      66
 2     554       3       2       0
       3       0       1
      78     313      79
 2     555       3       2       0
       3       0       1
      30      31     314
 2     556       3       2       0
       3       0       1
      83      84     317
 2     557       3       2       0
       3       0       1
      84     310     317
 2     558       3       2       0
       3       0       1
      26      27     318
 2     559       3       2       0
       3       0       1
      66     311     319
 2     560       3       2       0
       3       0       1
      66     319      67
 2     561       3       2       0
       3       0       1
      63     320      64
 2     562       3       2       0
       3       0       1
      27     325     318
 2     563       3       2       0
       3       0       1
      27      28     325
 2     564       3       2       0
       3       0       1
      28     307     325
 2     565       3       2       0
       3       0       1
      85     327     310
 2     566       3       2       0
       3       0       1
      85      86     327
 2     567       3       2       0
       3       0       1
      86     296     327
 2     568       3       2       0
       3       0       1
      62     329      63
 2     569       3       2       0
       3       0       1
      63     329     320
 2     570       3       2       0
       3       0       1
      67     319     330
 2     571       3       2       0
       3       0       1
      67     330      68
 2     572       3       2       0
       3       0       1
      25      26     332
 2     573       3       2       0
       3       0       1
      26     318     332
 2     574       3       2       0
       3       0       1
      82      83     333
 2     575       3       2       0
       3       0       1
      83     317     333
 2     576       3       2       0
       3       0       1
      29     334     307
 2     577       3       2       0
       3       0       1
      29      30     334
 2     578       3       2       0
       3       0       1
      30     314     334
 2     579       3       2       0
       3       0       1
      77     309     335
 2     580       3       2       0
       3       0       1
      77     335      78
 2     581       3       2       0
       3       0       1
      78     335     313
 2     582       3       2       0
       3       0       1
      75     308     336
 2     583       3       2       0
       3       0       1
      75     336      76
 2     584       3       2       0
       3       0       1
      76     336     309
 2     585       3       2       0
       3       0       1
      74     341     308
 2     586       3       2       0
       3       0       1
      73     297     341
 2     587       3       2       0
       3       0       1
      73     341      74
 2     588       3       2       0
       3       0       1
      64     344      65
 2     589       3       2       0
       3       0       1
      64     320     344
 2     590       3       2       0
       3       0       1
      65     344     311
 2     591       3       2       0
       3       0       1
      87      88     349
 2     592       3       2       0
       3       0       1
      87     349     296
 2     593       3       2       0
       3       0       1
      88     350     349
 2     594       3       2       0
       3       0       1
      22      23     350
 2     595       3       2       0
       3       0       1
      22     350      88
 2     596       3       2       0
       3       0       1
      23      24     350
 2     597       3       2       0
       3       0       1
      24     301     350
 2     598       3       2       0
       3       0       1
      71     351      72
 2     599       3       2       0
       3       0       1
      72     351     297
 2     600       3       2       0
       3       0       1
      71     352     351
 2     601       3       2       0
       3       0       1
      70      80     352
 2     602       3       2       0
       3       0       1
      70     352      71
 2     603       3       2       0
       3       0       1
      80      81     352
 2     604       3       2       0
       3       0       1
      81     300     352
 2     605       3       2       0
       3       0       1
      81     356     300
 2     606       3       2       0
       3       0       1
      81      82     356
 2     607       3       2       0
       3       0       1
      82     333     356
 2     608       3       2       0
       3       0       1
      24     357     301
 2     609       3       2       0
       3       0       1
      24      25     357
 2     610       3       2       0
       3       0       1
      25     332     357
 2     611       3       2       0
       3       0       1
      31     360     314
 2     612       3       2       0
       3       0       1
      12      69     360
 2     613       3       2       0
       3       0       1
      12     360      31
 2     614       3       2       0
       3       0       1
      68     330     360
 2     615       3       2       0
       3       0       1
      68     360      69
 2     616       3       2       0
       3       0       1
      79     313     361
 2     617       3       2       0
       3       0       1
      51      79     361
 2     618       3       2       0
       3       0       1
      51     361      61
 2     619       3       2       0
       3       0       1
      61     361      62
 2     620       3       2       0
       3       0       1
      62     361     329
 2     621       3       2       0
       3       0       1
     216     281     280
 2     622       3       2       0
       3       0       1
     221     283     259
 2     623       3       2       0
       3       0       1
     230     278     245
 2     624       3       2       0
       3       0       1
     212     275     257
 2     625       3       2       0
       3       0       1
     211     239     259
 2     626       3       2       0
       3       0       1
     205     224     256
 2     627       3       2       0
       3       0       1
     215     282     220
 2     628       3       2       0
       3       0       1
     209     279     220
 2     629       3       2       0
       3       0       1
     216     229     233
 2     630       3       2       0
       3       0       1
     246     280     281
 2     631       3       2       0
       3       0       1
     224     254     253
 2     632       3       2       0
       3       0       1
     243     260     272
 2     633       3       2       0
       3       0       1
     239     285     262
 2     634       3       2       0
       3       0       1
     211     272     260
 2     635       3       2       0
       3       0       1
     203     243     222
 2     636       3       2       0
       3       0       1
     209     231     251
 2     637       3       2       0
       3       0       1
     202     233     229
 2     638       3       2       0
       3       0       1
     218     266     267
 2     639       3       2       0
       3       0       1
     215     229     282
 2     640       3       2       0
       3       0       1
     213     218     241
 2     641       3       2       0
       3       0       1
     204     225     253
 2     642       3       2       0
       3       0       1
     239     260     285
 2     643       3       2       0
       3       0       1
     209     220     236
 2     644       3       2       0
       3       0       1
     210     246     252
 2     645       3       2       0
       3       0       1
     215     220     279
 2     646       3       2       0
       3       0       1
     217     273     270
 2     647       3       2       0
       3       0       1
     221     235     242
 2     648       3       2       0
       3       0       1
     221     259     239
 2     649       3       2       0
       3       0       1
     226     252     246
 2     650       3       2       0
       3       0       1
     213     241     265
 2     651       3       2       0
       3       0       1
     219     232     206
 2     652       3       2       0
       3       0       1
     212     238     243
 2     653       3       2       0
       3       0       1
     223     275     255
 2     654       3       2       0
       3       0       1
     212     257     238
 2     655       3       2       0
       3       0       1
     217     268     269
 2     656       3       2       0
       3       0       1
     241     262     285
 2     657       3       2       0
       3       0       1
     204     247     225
 2     658       3       2       0
       3       0       1
     214     217     240
 2     659       3       2       0
       3       0       1
     220     228     236
 2     660       3       2       0
       3       0       1
     205     223     254
 2     661       3       2       0
       3       0       1
     209     248     231
 2     662       3       2       0
       3       0       1
     204     264     279
 2     663       3       2       0
       3       0       1
     227     244     276
 2     664       3       2       0
       3       0       1
     206     232     282
 2     665       3       2       0
       3       0       1
     216     233     281
 2     666       3       2       0
       3       0       1
     209     236     248
 2     667       3       2       0
       3       0       1
     222     227     276
 2     668       3       2       0
       3       0       1
     202     211     233
 2     669       3       2       0
       3       0       1
     203     260     243
 2     670       3       2       0
       3       0       1
     207     234     222
 2     671       3       2       0
       3       0       1
     222     234     227
 2     672       3       2       0
       3       0       1
     228     232     261
 2     673       3       2       0
       3       0       1
     208     235     221
 2     674       3       2       0
       3       0       1
     218     274     271
 2     675       3       2       0
       3       0       1
     237     261     219
 2     676       3       2       0
       3       0       1
     210     237     219
 2     677       3       2       0
       3       0       1
     207     238     263
 2     678       3       2       0
       3       0       1
     207     222     238
 2     679       3       2       0
       3       0       1
     208     239     262
 2     680       3       2       0
       3       0       1
     208     221     239
 2     681       3       2       0
       3       0       1
     223     264     254
 2     682       3       2       0
       3       0       1
     238     257     284
 2     683       3       2       0
       3       0       1
     223     257     275
 2     684       3       2       0
       3       0       1
     238     284     263
 2     685       3       2       0
       3       0       1
     222     243     238
 2     686       3       2       0
       3       0       1
     210     230     245
 2     687       3       2       0
       3       0       1
     210     245     237
 2     688       3       2       0
       3       0       1
     204     279     247
 2     689       3       2       0
       3       0       1
     283     226     246
 2     690       3       2       0
       3       0       1
     210     280     246
 2     691       3       2       0
       3       0       1
     209     251     247
 2     692       3       2       0
       3       0       1
     202     272     211
 2     693       3       2       0
       3       0       1
     208     249     235
 2     694       3       2       0
       3       0       1
     208     271     249
 2     695       3       2       0
       3       0       1
     207     250     234
 2     696       3       2       0
       3       0       1
     225     247     251
 2     697       3       2       0
       3       0       1
     210     252     230
 2     698       3       2       0
       3       0       1
     205     254     224
 2     699       3       2       0
       3       0       1
     204     254     264
 2     700       3       2       0
       3       0       1
     204     253     254
 2     701       3       2       0
       3       0       1
     202     229     255
 2     702       3       2       0
       3       0       1
     215     255     229
 2     703       3       2       0
       3       0       1
     214     240     256
 2     704       3       2       0
       3       0       1
     205     257     223
 2     705       3       2       0
       3       0       1
     240     284     256
 2     706       3       2       0
       3       0       1
     214     256     258
 2     707       3       2       0
       3       0       1
     224     258     256
 2     708       3       2       0
       3       0       1
     283     281     259
 2     709       3       2       0
       3       0       1
     211     259     233
 2     710       3       2       0
       3       0       1
     241     285     265
 2     711       3       2       0
       3       0       1
     211     260     239
 2     712       3       2       0
       3       0       1
      81     213      82
 2     713       3       2       0
       3       0       1
     208     262     271
 2     714       3       2       0
       3       0       1
     240     263     284
 2     715       3       2       0
       3       0       1
     207     263     270
 2     716       3       2       0
       3       0       1
     223     255     264
 2     717       3       2       0
       3       0       1
     215     264     255
 2     718       3       2       0
       3       0       1
     203     276     265
 2     719       3       2       0
       3       0       1
     213     265     244
 2     720       3       2       0
       3       0       1
     213     266     218
 2     721       3       2       0
       3       0       1
     207     270     250
 2     722       3       2       0
       3       0       1
     214     268     217
 2     723       3       2       0
       3       0       1
     240     270     263
 2     724       3       2       0
       3       0       1
     217     270     240
 2     725       3       2       0
       3       0       1
     241     271     262
 2     726       3       2       0
       3       0       1
     218     271     241
 2     727       3       2       0
       3       0       1
     202     212     272
 2     728       3       2       0
       3       0       1
     212     243     272
 2     729       3       2       0
       3       0       1
     250     270     273
 2     730       3       2       0
       3       0       1
     249     271     274
 2     731       3       2       0
       3       0       1
     202     275     212
 2     732       3       2       0
       3       0       1
     202     255     275
 2     733       3       2       0
       3       0       1
     220     282     228
 2     734       3       2       0
       3       0       1
     228     282     232
 2     735       3       2       0
       3       0       1
     203     222     276
 2     736       3       2       0
       3       0       1
     244     265     276
 2     737       3       2       0
       3       0       1
     231     248     277
 2     738       3       2       0
       3       0       1
     209     247     279
 2     739       3       2       0
       3       0       1
     210     219     280
 2     740       3       2       0
       3       0       1
     216     280     219
 2     741       3       2       0
       3       0       1
     216     219     206
 2     742       3       2       0
       3       0       1
     216     206     229
 2     743       3       2       0
       3       0       1
     233     259     281
 2     744       3       2       0
       3       0       1
     283     246     281
 2     745       3       2       0
       3       0       1
     215     279     264
 2     746       3       2       0
       3       0       1
     206     282     229
 2     747       3       2       0
       3       0       1
     232     219     261
 2     748       3       2       0
       3       0       1
     221     242     283
 2     749       3       2       0
       3       0       1
     226     283     242
 2     750       3       2       0
       3       0       1
     205     284     257
 2     751       3       2       0
       3       0       1
     205     256     284
 2     752       3       2       0
       3       0       1
     203     285     260
 2     753       3       2       0
       3       0       1
     203     265     285
 2     754       3       2       0
       3       0       1
      38      39     214
 2     755       3       2       0
       3       0       1
      36      37     224
 2     756       3       2       0
       3       0       1
      34      35     225
 2     757       3       2       0
       3       0       1
      92     226      93
 2     758       3       2       0
       3       0       1
      83     227      84
 2     759       3       2       0
       3       0       1
     103     104     228
 2     760       3       2       0
       3       0       1
      90     230      91
 2     761       3       2       0
       3       0       1
      32      33     231
 2     762       3       2       0
       3       0       1
      84     227     234
 2     763       3       2       0
       3       0       1
      84     234      85
 2     764       3       2       0
       3       0       1
      94     235      95
 2     765       3       2       0
       3       0       1
     104     105     236
 2     766       3       2       0
       3       0       1
     104     236     228
 2     767       3       2       0
       3       0       1
     101     102     237
 2     768       3       2       0
       3       0       1
      94     242     235
 2     769       3       2       0
       3       0       1
      93     226     242
 2     770       3       2       0
       3       0       1
      93     242      94
 2     771       3       2       0
       3       0       1
      83     244     227
 2     772       3       2       0
       3       0       1
      82     213     244
 2     773       3       2       0
       3       0       1
      82     244      83
 2     774       3       2       0
       3       0       1
     100     101     245
 2     775       3       2       0
       3       0       1
     101     237     245
 2     776       3       2       0
       3       0       1
     105     106     248
 2     777       3       2       0
       3       0       1
     105     248     236
 2     778       3       2       0
       3       0       1
      95     235     249
 2     779       3       2       0
       3       0       1
      95     249      96
 2     780       3       2       0
       3       0       1
      85     234     250
 2     781       3       2       0
       3       0       1
      85     250      86
 2     782       3       2       0
       3       0       1
      34     225     251
 2     783       3       2       0
       3       0       1
      33      34     251
 2     784       3       2       0
       3       0       1
      33     251     231
 2     785       3       2       0
       3       0       1
      92     252     226
 2     786       3       2       0
       3       0       1
      91     230     252
 2     787       3       2       0
       3       0       1
      91     252      92
 2     788       3       2       0
       3       0       1
      35     253     225
 2     789       3       2       0
       3       0       1
      35      36     253
 2     790       3       2       0
       3       0       1
      36     224     253
 2     791       3       2       0
       3       0       1
      37     258     224
 2     792       3       2       0
       3       0       1
      37      38     258
 2     793       3       2       0
       3       0       1
      38     214     258
 2     794       3       2       0
       3       0       1
     102     103     261
 2     795       3       2       0
       3       0       1
     102     261     237
 2     796       3       2       0
       3       0       1
     103     228     261
 2     797       3       2       0
       3       0       1
      80     266      81
 2     798       3       2       0
       3       0       1
      81     266     213
 2     799       3       2       0
       3       0       1
      80     267     266
 2     800       3       2       0
       3       0       1
      70      98     267
 2     801       3       2       0
       3       0       1
      70     267      80
 2     802       3       2       0
       3       0       1
      97     218     267
 2     803       3       2       0
       3       0       1
      97     267      98
 2     804       3       2       0
       3       0       1
      39      40     268
 2     805       3       2       0
       3       0       1
      39     268     214
 2     806       3       2       0
       3       0       1
      40     269     268
 2     807       3       2       0
       3       0       1
      22      88     269
 2     808       3       2       0
       3       0       1
      22     269      40
 2     809       3       2       0
       3       0       1
      87     217     269
 2     810       3       2       0
       3       0       1
      87     269      88
 2     811       3       2       0
       3       0       1
      87     273     217
 2     812       3       2       0
       3       0       1
      86     250     273
 2     813       3       2       0
       3       0       1
      86     273      87
 2     814       3       2       0
       3       0       1
      97     274     218
 2     815       3       2       0
       3       0       1
      96     249     274
 2     816       3       2       0
       3       0       1
      96     274      97
 2     817       3       2       0
       3       0       1
      32     231     277
 2     818       3       2       0
       3       0       1
       2      32     277
 2     819       3       2       0
       3       0       1
       2     277     107
 2     820       3       2       0
       3       0       1
     106     107     277
 2     821       3       2       0
       3       0       1
     106     277     248
 2     822       3       2       0
       3       0       1
      90     278     230
 2     823       3       2       0
       3       0       1
      89      99     278
 2     824       3       2       0
       3       0       1
      89     278      90
 2     825       3       2       0
       3       0       1
      99     100     278
 2     826       3       2       0
       3       0       1
     100     245     278
 2     827       3       2       0
       3       0       1
     127     132     155
 2     828       3       2       0
       3       0       1
     124     140     165
 2     829       3       2       0
       3       0       1
     154     175     200
 2     830       3       2       0
       3       0       1
     129     147     198
 2     831       3       2       0
       3       0       1
     139     188     187
 2     832       3       2       0
       3       0       1
     196     143     197
 2     833       3       2       0
       3       0       1
     124     165     133
 2     834       3       2       0
       3       0       1
     126     184     172
 2     835       3       2       0
       3       0       1
     139     140     169
 2     836       3       2       0
       3       0       1
     140     190     169
 2     837       3       2       0
       3       0       1
     128     131     154
 2     838       3       2       0
       3       0       1
     160     195     198
 2     839       3       2       0
       3       0       1
     132     178     179
 2     840       3       2       0
       3       0       1
     145     193     161
 2     841       3       2       0
       3       0       1
     157     172     184
 2     842       3       2       0
       3       0       1
     129     143     147
 2     843       3       2       0
       3       0       1
     142     173     146
 2     844       3       2       0
       3       0       1
     137     191     167
 2     845       3       2       0
       3       0       1
     131     185     182
 2     846       3       2       0
       3       0       1
     124     133     151
 2     847       3       2       0
       3       0       1
     128     154     177
 2     848       3       2       0
       3       0       1
     126     152     171
 2     849       3       2       0
       3       0       1
     125     153     157
 2     850       3       2       0
       3       0       1
     119     165     140
 2     851       3       2       0
       3       0       1
     119     166     176
 2     852       3       2       0
       3       0       1
     196     197     146
 2     853       3       2       0
       3       0       1
     137     168     191
 2     854       3       2       0
       3       0       1
     124     159     144
 2     855       3       2       0
       3       0       1
     127     155     170
 2     856       3       2       0
       3       0       1
     120     157     135
 2     857       3       2       0
       3       0       1
     135     141     192
 2     858       3       2       0
       3       0       1
     131     180     181
 2     859       3       2       0
       3       0       1
     123     160     164
 2     860       3       2       0
       3       0       1
     138     164     160
 2     861       3       2       0
       3       0       1
     125     168     153
 2     862       3       2       0
       3       0       1
     129     198     195
 2     863       3       2       0
       3       0       1
     130     143     196
 2     864       3       2       0
       3       0       1
     187     189     170
 2     865       3       2       0
       3       0       1
     136     148     156
 2     866       3       2       0
       3       0       1
     136     199     171
 2     867       3       2       0
       3       0       1
     136     171     152
 2     868       3       2       0
       3       0       1
     130     165     176
 2     869       3       2       0
       3       0       1
     119     139     166
 2     870       3       2       0
       3       0       1
       9      10     127
 2     871       3       2       0
       3       0       1
     119     140     139
 2     872       3       2       0
       3       0       1
     141     158     192
 2     873       3       2       0
       3       0       1
     132     186     183
 2     874       3       2       0
       3       0       1
     117     147     143
 2     875       3       2       0
       3       0       1
     125     191     168
 2     876       3       2       0
       3       0       1
     144     190     124
 2     877       3       2       0
       3       0       1
     187     188     189
 2     878       3       2       0
       3       0       1
     124     151     159
 2     879       3       2       0
       3       0       1
     153     168     201
 2     880       3       2       0
       3       0       1
     117     126     147
 2     881       3       2       0
       3       0       1
     120     172     157
 2     882       3       2       0
       3       0       1
     121     148     136
 2     883       3       2       0
       3       0       1
     122     149     135
 2     884       3       2       0
       3       0       1
     135     149     141
 2     885       3       2       0
       3       0       1
     123     150     134
 2     886       3       2       0
       3       0       1
     134     150     142
 2     887       3       2       0
       3       0       1
     130     196     133
 2     888       3       2       0
       3       0       1
     121     152     175
 2     889       3       2       0
       3       0       1
     121     136     152
 2     890       3       2       0
       3       0       1
     122     153     174
 2     891       3       2       0
       3       0       1
     122     135     153
 2     892       3       2       0
       3       0       1
     137     176     166
 2     893       3       2       0
       3       0       1
     152     172     200
 2     894       3       2       0
       3       0       1
     152     200     175
 2     895       3       2       0
       3       0       1
     135     157     153
 2     896       3       2       0
       3       0       1
     123     195     160
 2     897       3       2       0
       3       0       1
     199     138     160
 2     898       3       2       0
       3       0       1
     123     145     161
 2     899       3       2       0
       3       0       1
     123     161     150
 2     900       3       2       0
       3       0       1
     117     184     126
 2     901       3       2       0
       3       0       1
     122     162     149
 2     902       3       2       0
       3       0       1
     122     183     162
 2     903       3       2       0
       3       0       1
     121     163     148
 2     904       3       2       0
       3       0       1
     123     164     145
 2     905       3       2       0
       3       0       1
     119     176     165
 2     906       3       2       0
       3       0       1
     130     133     165
 2     907       3       2       0
       3       0       1
     118     137     166
 2     908       3       2       0
       3       0       1
     117     143     167
 2     909       3       2       0
       3       0       1
     130     167     143
 2     910       3       2       0
       3       0       1
     118     168     137
 2     911       3       2       0
       3       0       1
     155     201     170
 2     912       3       2       0
       3       0       1
     118     187     170
 2     913       3       2       0
       3       0       1
     127     170     189
 2     914       3       2       0
       3       0       1
     199     198     171
 2     915       3       2       0
       3       0       1
     126     171     147
 2     916       3       2       0
       3       0       1
     154     200     177
 2     917       3       2       0
       3       0       1
     126     172     152
 2     918       3       2       0
       3       0       1
     140     124     190
 2     919       3       2       0
       3       0       1
     155     174     201
 2     920       3       2       0
       3       0       1
     122     174     183
 2     921       3       2       0
       3       0       1
     153     201     174
 2     922       3       2       0
       3       0       1
     121     175     182
 2     923       3       2       0
       3       0       1
     137     167     176
 2     924       3       2       0
       3       0       1
     130     176     167
 2     925       3       2       0
       3       0       1
     120     192     177
 2     926       3       2       0
       3       0       1
     128     177     158
 2     927       3       2       0
       3       0       1
     127     178     132
 2     928       3       2       0
       3       0       1
     121     182     163
 2     929       3       2       0
       3       0       1
     128     180     131
 2     930       3       2       0
       3       0       1
     154     182     175
 2     931       3       2       0
       3       0       1
     131     182     154
 2     932       3       2       0
       3       0       1
     155     183     174
 2     933       3       2       0
       3       0       1
     132     183     155
 2     934       3       2       0
       3       0       1
     117     125     184
 2     935       3       2       0
       3       0       1
     125     157     184
 2     936       3       2       0
       3       0       1
     163     182     185
 2     937       3       2       0
       3       0       1
     162     183     186
 2     938       3       2       0
       3       0       1
     118     166     187
 2     939       3       2       0
       3       0       1
     139     187     166
 2     940       3       2       0
       3       0       1
     117     191     125
 2     941       3       2       0
       3       0       1
     117     167     191
 2     942       3       2       0
       3       0       1
     134     142     197
 2     943       3       2       0
       3       0       1
     142     146     197
 2     944       3       2       0
       3       0       1
     120     135     192
 2     945       3       2       0
       3       0       1
     158     177     192
 2     946       3       2       0
       3       0       1
     144     159     194
 2     947       3       2       0
       3       0       1
     123     134     195
 2     948       3       2       0
       3       0       1
     129     195     134
 2     949       3       2       0
       3       0       1
     133     196     146
 2     950       3       2       0
       3       0       1
     129     134     197
 2     951       3       2       0
       3       0       1
     129     197     143
 2     952       3       2       0
       3       0       1
     147     171     198
 2     953       3       2       0
       3       0       1
     199     160     198
 2     954       3       2       0
       3       0       1
     133     146     151
 2     955       3       2       0
       3       0       1
     151     146     173
 2     956       3       2       0
       3       0       1
     136     156     199
 2     957       3       2       0
       3       0       1
     138     199     156
 2     958       3       2       0
       3       0       1
     120     200     172
 2     959       3       2       0
       3       0       1
     120     177     200
 2     960       3       2       0
       3       0       1
     118     201     168
 2     961       3       2       0
       3       0       1
     118     170     201
 2     962       3       2       0
       3       0       1
     100     128     101
 2     963       3       2       0
       3       0       1
     110     138     111
 2     964       3       2       0
       3       0       1
       6       7     139
 2     965       3       2       0
       3       0       1
     102     141     103
 2     966       3       2       0
       3       0       1
      45      46     142
 2     967       3       2       0
       3       0       1
       3       4     144
 2     968       3       2       0
       3       0       1
     108     145     109
 2     969       3       2       0
       3       0       1
     112     148     113
 2     970       3       2       0
       3       0       1
     103     141     149
 2     971       3       2       0
       3       0       1
     103     149     104
 2     972       3       2       0
       3       0       1
      44      45     150
 2     973       3       2       0
       3       0       1
      45     142     150
 2     974       3       2       0
       3       0       1
      47      48     151
 2     975       3       2       0
       3       0       1
     112     156     148
 2     976       3       2       0
       3       0       1
     111     138     156
 2     977       3       2       0
       3       0       1
     111     156     112
 2     978       3       2       0
       3       0       1
     102     158     141
 2     979       3       2       0
       3       0       1
     101     128     158
 2     980       3       2       0
       3       0       1
     101     158     102
 2     981       3       2       0
       3       0       1
      48      49     159
 2     982       3       2       0
       3       0       1
      48     159     151
 2     983       3       2       0
       3       0       1
      43      44     161
 2     984       3       2       0
       3       0       1
      44     150     161
 2     985       3       2       0
       3       0       1
     104     149     162
 2     986       3       2       0
       3       0       1
     104     162     105
 2     987       3       2       0
       3       0       1
     113     148     163
 2     988       3       2       0
       3       0       1
     113     163     114
 2     989       3       2       0
       3       0       1
     110     164     138
 2     990       3       2       0
       3       0       1
     109     145     164
 2     991       3       2       0
       3       0       1
     109     164     110
 2     992       3       2       0
       3       0       1
       5       6     169
 2     993       3       2       0
       3       0       1
       6     139     169
 2     994       3       2       0
       3       0       1
      46      47     173
 2     995       3       2       0
       3       0       1
      47     151     173
 2     996       3       2       0
       3       0       1
      46     173     142
 2     997       3       2       0
       3       0       1
      10      11     178
 2     998       3       2       0
       3       0       1
      10     178     127
 2     999       3       2       0
       3       0       1
      11     179     178
 2    1000       3       2       0
       3       0       1
       2     107     179
 2    1001       3       2       0
       3       0       1
       2     179      11
 2    1002       3       2       0
       3       0       1
     106     132     179
 2    1003       3       2       0
       3       0       1
     106     179     107
 2    1004       3       2       0
       3       0       1
      99     180     100
 2    1005       3       2       0
       3       0       1
     100     180     128
 2    1006       3       2       0
       3       0       1
      99     181     180
 2    1007       3       2       0
       3       0       1
      89     116     181
 2    1008       3       2       0
       3       0       1
      89     181      99
 2    1009       3       2       0
       3       0       1
     115     131     181
 2    1010       3       2       0
       3       0       1
     115     181     116
 2    1011       3       2       0
       3       0       1
     115     185     131
 2    1012       3       2       0
       3       0       1
     114     163     185
 2    1013       3       2       0
       3       0       1
     114     185     115
 2    1014       3       2       0
       3       0       1
     106     186     132
 2    1015       3       2       0
       3       0       1
     105     162     186
 2    1016       3       2       0
       3       0       1
     105     186     106
 2    1017       3       2       0
       3       0       1
       7       8     188
 2    1018       3       2       0
       3       0       1
       7     188     139
 2    1019       3       2       0
       3       0       1
       8       9     189
 2    1020       3       2       0
       3       0       1
       9     127     189
 2    1021       3       2       0
       3       0       1
       8     189     188
 2    1022       3       2       0
       3       0       1
       4       5     190
 2    1023       3       2       0
       3       0       1
       5     169     190
 2    1024       3       2       0
       3       0       1
       4     190     144
 2    1025       3       2       0
       3       0       1
     108     193     145
 2    1026       3       2       0
       3       0       1
      41      42     193
 2    1027       3       2       0
       3       0       1
      41     193     108
 2    1028       3       2       0
       3       0       1
      42      43     193
 2    1029       3       2       0
       3       0       1
      43     161     193
 2    1030       3       2       0
       3       0       1
       3     144     194
 2    1031       3       2       0
       3       0       1
      49      50     194
 2    1032       3       2       0
       3       0       1
      49     194     159
 2    1033       3       2       0
       3       0       1
       1       3     194
 2    1034       3       2       0
       3       0       1
       1     194      50
 2    1035       2       2       0
       2       0       3
      10       9
 2    1036       2       2       0
       2       0       3
       7       6
 2    1037       2       2       0
       2       0       3
       4       3
 2    1038       2       2       0
       2       0       3
       6       5
 2    1039       2       2       0
       2       0       3
      11      10
 2    1040       2       2       0
       2       0       3
       2      11
 2    1041       2       2       0
       2       0       3
       8       7
 2    1042       2       2       0
       2       0       3
       9       8
 2    1043       2       2       0
       2       0       3
       5       4
 2    1044       2       2       0
       2       0       3
       3       1
 2    1045       2       2       0
       2       0       3
      18      17
 2    1046       2       2       0
       2       0       3
      19      18
 2    1047       2       2       0
       2       0       3
      16      15
 2    1048       2       2       0
       2       0       3
      15      14
 2    1049       2       2       0
       2       0       3
      20      19
 2    1050       2       2       0
       2       0       3
      17      16
 2    1051       2       2       0
       2       0       3
       1      21
 2    1052       2       2       0
       2       0       3
      21      20
 2    1053       2       2       0
       2       0       3
      13      12
 2    1054       2       2       0
       2       0       3
      14      13
 2    1055       2       2       0
       2       0       3
      29      28
 2    1056       2       2       0
       2       0       3
      31      30
 2    1057       2       2       0
       2       0       3
      27      26
 2    1058       2       2       0
       2       0       3
      28      27
 2    1059       2       2       0
       2       0       3
      26      25
 2    1060       2       2       0
       2       0       3
      30      29
 2    1061       2       2       0
       2       0       3
      24      23
 2    1062       2       2       0
       2       0       3
      23      22
 2    1063       2       2       0
       2       0       3
      25      24
 2    1064       2       2       0
       2       0       3
      12      31
 2    1065       2       2       0
       2       0       3
      39      38
 2    1066       2       2       0
       2       0       3
      37      36
 2    1067       2       2       0
       2       0       3
      36      35
 2    1068       2       2       0
       2       0       3
      38      37
 2    1069       2       2       0
       2       0       3
      35      34
 2    1070       2       2       0
       2       0       3
      32       2
 2    1071       2       2       0
       2       0       3
      33      32
 2    1072       2       2       0
       2       0       3
      40      39
 2    1073       2       2       0
       2       0       3
      22      40
 2    1074       2       2       0
       2       0       3
      34      33
 2    1075       2       2       0
       2       0       5
      47      46
 2    1076       2       2       0
       2       0       5
      48      47
 2    1077       2       2       0
       2       0       5
      45      44
 2    1078       2       2       0
       2       0       5
      44      43
 2    1079       2       2       0
       2       0       5
      49      48
 2    1080       2       2       0
       2       0       5
      46      45
 2    1081       2       2       0
       2       0       5
       1      50
 2    1082       2       2       0
       2       0       5
      50      49
 2    1083       2       2       0
       2       0       5
      42      41
 2    1084       2       2       0
       2       0       5
      43      42
 2    1085       2       2       0
       2       0       5
      54      53
 2    1086       2       2       0
       2       0       5
      56      55
 2    1087       2       2       0
       2       0       5
      58      57
 2    1088       2       2       0
       2       0       5
      60      59
 2    1089       2       2       0
       2       0       5
      59      58
 2    1090       2       2       0
       2       0       5
      57      56
 2    1091       2       2       0
       2       0       5
      55      54
 2    1092       2       2       0
       2       0       5
      53      52
 2    1093       2       2       0
       2       0       5
      52      51
 2    1094       2       2       0
       2       0       5
      41      60
 2    1095       2       2       0
       2       0       5
      67      68
 2    1096       2       2       0
       2       0       5
      65      66
 2    1097       2       2       0
       2       0       5
      64      65
 2    1098       2       2       0
       2       0       5
      66      67
 2    1099       2       2       0
       2       0       5
      63      64
 2    1100       2       2       0
       2       0       5
      51      61
 2    1101       2       2       0
       2       0       5
      61      62
 2    1102       2       2       0
       2       0       5
      68      69
 2    1103       2       2       0
       2       0       5
      69      12
 2    1104       2       2       0
       2       0       5
      62      63
 2    1105       2       2       0
       2       0       7
      73      72
 2    1106       2       2       0
       2       0       7
      75      74
 2    1107       2       2       0
       2       0       7
      77      76
 2    1108       2       2       0
       2       0       7
      79      78
 2    1109       2       2       0
       2       0       7
      78      77
 2    1110       2       2       0
       2       0       7
      76      75
 2    1111       2       2       0
       2       0       7
      74      73
 2    1112       2       2       0
       2       0       7
      72      71
 2    1113       2       2       0
       2       0       7
      71      70
 2    1114       2       2       0
       2       0       7
      51      79
 2    1115       2       2       0
       2       0       7
      86      87
 2    1116       2       2       0
       2       0       7
      84      85
 2    1117       2       2       0
       2       0       7
      83      84
 2    1118       2       2       0
       2       0       7
      85      86
 2    1119       2       2       0
       2       0       7
      82      83
 2    1120       2       2       0
       2       0       7
      87      88
 2    1121       2       2       0
       2       0       7
      88      22
 2    1122       2       2       0
       2       0       7
      70      80
 2    1123       2       2       0
       2       0       7
      80      81
 2    1124       2       2       0
       2       0       7
      81      82
 2    1125       2       2       0
       2       0       9
      93      92
 2    1126       2       2       0
       2       0       9
      91      90
 2    1127       2       2       0
       2       0       9
      95      94
 2    1128       2       2       0
       2       0       9
      94      93
 2    1129       2       2       0
       2       0       9
      96      95
 2    1130       2       2       0
       2       0       9
      92      91
 2    1131       2       2       0
       2       0       9
      70      98
 2    1132       2       2       0
       2       0       9
      98      97
 2    1133       2       2       0
       2       0       9
      97      96
 2    1134       2       2       0
       2       0       9
      90      89
 2    1135       2       2       0
       2       0       9
     103     104
 2    1136       2       2       0
       2       0       9
     104     105
 2    1137       2       2       0
       2       0       9
     101     102
 2    1138       2       2       0
       2       0       9
     100     101
 2    1139       2       2       0
       2       0       9
     105     106
 2    1140       2       2       0
       2       0       9
     102     103
 2    1141       2       2       0
       2       0       9
     107       2
 2    1142       2       2       0
       2       0       9
     106     107
 2    1143       2       2       0
       2       0       9
      89      99
 2    1144       2       2       0
       2       0       9
      99     100
 2    1145       2       2       0
       2       0      11
     111     110
 2    1146       2       2       0
       2       0      11
     109     108
 2    1147       2       2       0
       2       0      11
     113     112
 2    1148       2       2       0
       2       0      11
     112     111
 2    1149       2       2       0
       2       0      11
     114     113
 2    1150       2       2       0
       2       0      11
     110     109
 2    1151       2       2       0
       2       0      11
      89     116
 2    1152       2       2       0
       2       0      11
     116     115
 2    1153       2       2       0
       2       0      11
     115     114
 2    1154       2       2       0
       2       0      11
     108      41
21       1    2068     208
FLOATER     
       7       1       7       2       7       3       7       4       7       5
       7       6       7       7       7       8       7       9       7      10
       7      11       7      12       7      13       7      14       7      15
       7      16       7      17       7      18       7      19       7      20
       7      21       7      22       7      23       7      24       7      25
       7      26       7      27       7      28       7      29       7      30
       7      31       7      32       7      33       7      34       7      35
       7      36       7      37       7      38       7      39       7      40
       7      41       7      42       7      43       7      44       7      45
       7      46       7      47       7      48       7      49       7      50
       7      51       7      52       7      53       7      54       7      55
       7      56       7      57       7      58       7      59       7      60
       7      61       7      62       7      63       7      64       7      65
       7      66       7      67       7      68       7      69       7      70
       7      71       7      72       7      73       7      74       7      75
       7      76       7      77       7      78       7      79       7      80
       7      81       7      82       7      83       7      84       7      85
       7      86       7      87       7      88       7      89       7      90
       7      91       7      92       7      93       7      94       7      95
       7      96       7      97       7      98       7      99       7     100
       7     101       7     102       7     103       7     104       7     105
       7     106       7     107       7     108       7     109       7     110
       7     111       7     112       7     113       7     114       7     115
       7     116       7     117       7     118       7     119       7     120
       7     121       7     122       7     123       7     124       7     125
       7     126       7     127       7     128       7     129       7     130
       7     131       7     132       7     133       7     134       7     135
       7     136       7     137       7     138       7     139       7     140
       7     141       7     142       7     143       7     144       7     145
       7     146       7     147       7     148       7     149       7     150
       7     151       7     152       7     153       7     154       7     155
       7     156       7     157       7     158       7     159       7     160
       7     161       7     162       7     163       7     164       7     165
       7     166       7     167       7     168       7     169       7     170
       7     171       7     172       7     173       7     174       7     175
       7     176       7     177       7     178       7     179       7     180
       7     181       7     182       7     183       7     184       7     185
       7     186       7     187       7     188       7     189       7     190
       7     191       7     192       7     193       7     194       7     195
       7     196       7     197       7     198       7     199       7     200
       7     201       7     202       7     203       7     204       7     205
       7     206       7     207       7     208       7     209       7     210
       7     211       7     212       7     213       7     214       7     215
       7     216       7     217       7     218       7     219       7     220
       7     221       7     222       7     223       7     224       7     225
       7     226       7     227       7     228       7     229       7     230
       7     231       7     232       7     233       7     234       7     235
       7     236       7     237       7     238       7     239       7     240
       7     241       7     242       7     243       7     244       7     245
       7     246       7     247       7     248       7     249       7     250
       7     251       7     252       7     253       7     254       7     255
       7     256       7     257       7     258       7     259       7     260
       7     261       7     262       7     263       7     264       7     265
       7     266       7     267       7     268       7     269       7     270
       7     271       7     272       7     273       7     274       7     275
       7     276       7     277       7     278       7     279       7     280
       7     281       7     282       7     283       7     284       7     285
       7     286       7     287       7     288       7     289       7     290
       7     291       7     292       7     293       7     294       7     295
       7     296       7     297       7     298       7     299       7     300
       7     301       7     302       7     303       7     304       7     305
       7     306       7     307       7     308       7     309       7     310
       7     311       7     312       7     313       7     314       7     315
       7     316       7     317       7     318       7     319       7     320
       7     321       7     322       7     323       7     324       7     325
       7     326       7     327       7     328       7     329       7     330
       7     331       7     332       7     333       7     334       7     335
       7     336       7     337       7     338       7     339       7     340
       7     341       7     342       7     343       7     344       7     345
       7     346       7     347       7     348       7     349       7     350
       7     351       7     352       7     353       7     354       7     355
       7     356       7     357       7     358       7     359       7     360
       7     361       7     362       7     363       7     364       7     365
       7     366       7     367       7     368       7     369       7     370
       7     371       7     372       7     373       7     374       7     375
       7     376       7     377       7     378       7     379       7     380
       7     381       7     382       7     383       7     384       7     385
       7     386       7     387       7     388       7     389       7     390
       7     391       7     392       7     393       7     394       7     395
       7     396       7     397       7     398       7     399       7     400
       7     401       7     402       7     403       7     404       7     405
       7     406       7     407       7     408       7     409       7     410
       7     411       7     412       7     413       7     414       7     415
       7     416       7     417       7     418       7     419       7     420
       7     421       7     422       7     423       7     424       7     425
       7     426       7     427       7     428       7     429       7     430
       7     431       7     432       7     433       7     434       7     435
       7     436       7     437       7     438       7     439       7     440
       7     441       7     442       7     443       7     444       7     445
       7     446       7     447       7     448       7     449       7     450
       7     451       7     452       7     453       7     454       7     455
       7     456       7     457       7     458       7     459       7     460
       7     461       7     462       7     463       7     464       7     465
       7     466       7     467       7     468       7     469       7     470
       7     471       7     472       7     473       7     474       7     475
       7     476       7     477       7     478       7     479       7     480
       7     481       7     482       7     483       7     484       7     485
       7     486       7     487       7     488       7     489       7     490
       7     491       7     492       7     493       7     494       7     495
       7     496       7     497       7     498       7     499       7     500
       7     501       7     502       7     503       7     504       7     505
       7     506       7     507       7     508       7     509       7     510
       7     511       7     512       7     513       7     514       7     515
       7     516       7     517       7     518       7     519       7     520
       7     521       7     522       7     523       7     524       7     525
       7     526       7     527       7     528       7     529       7     530
       7     531       7     532       7     533       7     534       7     535
       7     536       7     537       7     538       7     539       7     540
       7     541       7     542       7     543       7     544       7     545
       7     546       7     547       7     548       7     549       7     550
       7     551       7     552       7     553       7     554       7     555
       7     556       7     557       7     558       7     559       7     560
       7     561       7     562       7     563       7     564       7     565
       7     566       7     567       7     568       7     569       7     570
       7     571       7     572       7     573       7     574       7     575
       7     576       7     577       7     578       7     579       7     580
       7     581       7     582       7     583       7     584       7     585
       7     586       7     587       7     588       7     589       7     590
       7     591       7     592       7     593       7     594       7     595
       7     596       7     597       7     598       7     599       7     600
       7     601       7     602       7     603       7     604       7     605
       7     606       7     607       7     608       7     609       7     610
       7     611       7     612       7     613       7     614       7     615
       7     616       7     617       7     618       7     619       7     620
       7     621       7     622       7     623       7     624       7     625
       7     626       7     627       7     628       7     629       7     630
       7     631       7     632       7     633       7     634       7     635
       7     636       7     637       7     638       7     639       7     640
       7     641       7     642       7     643       7     644       7     645
       7     646       7     647       7     648       7     649       7     650
       7     651       7     652       7     653       7     654       7     655
       7     656       7     657       7     658       7     659       7     660
       7     661       7     662       7     663       7     664       7     665
       7     666       7     667       7     668       7     669       7     670
       7     671       7     672       7     673       7     674       7     675
       7     676       7     677       7     678       7     679       7     680
       7     681       7     682       7     683       7     684       7     685
       7     686       7     687       7     688       7     689       7     690
       7     691       7     692       7     693       7     694       7     695
       7     696       7     697       7     698       7     699       7     700
       7     701       7     702       7     703       7     704       7     705
       7     706       7     707       7     708       7     709       7     710
       7     711       7     712       7     713       7     714       7     715
       7     716       7     717       7     718       7     719       7     720
       7     721       7     722       7     723       7     724       7     725
       7     726       7     727       7     728       7     729       7     730
       7     731       7     732       7     733       7     734       7     735
       7     736       7     737       7     738       7     739       7     740
       7     741       7     742       7     743       7     744       7     745
       7     746       7     747       7     748       7     749       7     750
       7     751       7     752       7     753       7     754       7     755
       7     756       7     757       7     758       7     759       7     760
       7     761       7     762       7     763       7     764       7     765
       7     766       7     767       7     768       7     769       7     770
       7     771       7     772       7     773       7     774       7     775
       7     776       7     777       7     778       7     779       7     780
       7     781       7     782       7     783       7     784       7     785
       7     786       7     787       7     788       7     789       7     790
       7     791       7     792       7     793       7     794       7     795
       7     796       7     797       7     798       7     799       7     800
       7     801       7     802       7     803       7     804       7     805
       7     806       7     807       7     808       7     809       7     810
       7     811       7     812       7     813       7     814       7     815
       7     816       7     817       7     818       7     819       7     820
       7     821       7     822       7     823       7     824       7     825
       7     826       7     827       7     828       7     829       7     830
       7     831       7     832       7     833       7     834       7     835
       7     836       7     837       7     838       7     839       7     840
       7     841       7     842       7     843       7     844       7     845
       7     846       7     847       7     848       7     849       7     850
       7     851       7     852       7     853       7     854       7     855
       7     856       7     857       7     858       7     859       7     860
       7     861       7     862       7     863       7     864       7     865
       7     866       7     867       7     868       7     869       7     870
       7     871       7     872       7     873       7     874       7     875
       7     876       7     877       7     878       7     879       7     880
       7     881       7     882       7     883       7     884       7     885
       7     886       7     887       7     888       7     889       7     890
       7     891       7     892       7     893       7     894       7     895
       7     896       7     897       7     898       7     899       7     900
       7     901       7     902       7     903       7     904       7     905
       7     906       7     907       7     908       7     909       7     910
       7     911       7     912       7     913       7     914       7     915
       7     916       7     917       7     918       7     919       7     920
       7     921       7     922       7     923       7     924       7     925
       7     926       7     927       7     928       7     929       7     930
       7     931       7     932       7     933       7     934       7     935
       7     936       7     937       7     938       7     939       7     940
       7     941       7     942       7     943       7     944       7     945
       7     946       7     947       7     948       7     949       7     950
       7     951       7     952       7     953       7     954       7     955
       7     956       7     957       7     958       7     959       7     960
       7     961       7     962       7     963       7     964       7     965
       7     966       7     967       7     968       7     969       7     970
       7     971       7     972       7     973       7     974       7     975
       7     976       7     977       7     978       7     979       7     980
       7     981       7     982       7     983       7     984       7     985
       7     986       7     987       7     988       7     989       7     990
       7     991       7     992       7     993       7     994       7     995
       7     996       7     997       7     998       7     999       7    1000
       7    1001       7    1002       7    1003       7    1004       7    1005
       7    1006       7    1007       7    1008       7    1009       7    1010
       7    1011       7    1012       7    1013       7    1014       7    1015
       7    1016       7    1017       7    1018       7    1019       7    1020
       7    1021       7    1022       7    1023       7    1024       7    1025
       7    1026       7    1027       7    1028       7    1029       7    1030
       7    1031       7    1032       7    1033       7    1034
21       2      20       3
FLOATER_1_2 
       6    1085       6    1086       6    1087       6    1088       6    1089
       6    1090       6    1091       6    1092       6    1093       6    1094
21       3      20       3
FLOATER_1_3 
       6    1105       6    1106       6    1107       6    1108       6    1109
       6    1110       6    1111       6    1112       6    1113       6    1114
21       4      20       3
FLOATER_1_4 
       6    1125       6    1126       6    1127       6    1128       6    1129
       6    1130       6    1131       6    1132       6    1133       6    1134
21       5      20       3
FLOATER_1_5 
       6    1145       6    1146       6    1147       6    1148       6    1149
       6    1150       6    1151       6    1152       6    1153       6    1154
99       0       0       1
