25       0       0       1
ICEM - POLYFLOW INTERFACE - Version 15.0.3 - "LengthUnitForPfl=_meter_"
26       0       0       1     545    1078
 1-Dec-25   15:25:09     2.4
 1       1       0       2
 0.000000000E+00 0.000000000E+00 0.000000000E+00
 
 1       2       0       2
 0.000000000E+00 0.000000000E+00 0.100000000E+02
 
 1       3       0       2
 0.000000000E+00 0.000000000E+00 0.125000000E+01
 
 1       4       0       2
 0.000000000E+00 0.000000000E+00 0.250000000E+01
 
 1       5       0       2
 0.000000000E+00 0.000000000E+00 0.375000000E+01
 
 1       6       0       2
 0.000000000E+00 0.000000000E+00 0.500000000E+01
 
 1       7       0       2
 0.000000000E+00 0.000000000E+00 0.625000000E+01
 
 1       8       0       2
 0.000000000E+00 0.000000000E+00 0.750000000E+01
 
 1       9       0       2
 0.000000000E+00 0.000000000E+00 0.875000000E+01
 
 1      10       0       2
 0.000000000E+00 0.100000000E+02 0.100000000E+02
 
 1      11       0       2
 0.000000000E+00 0.875000000E+01 0.100000000E+02
 
 1      12       0       2
 0.000000000E+00 0.750000000E+01 0.100000000E+02
 
 1      13       0       2
 0.000000000E+00 0.625000000E+01 0.100000000E+02
 
 1      14       0       2
 0.000000000E+00 0.500000000E+01 0.100000000E+02
 
 1      15       0       2
 0.000000000E+00 0.375000000E+01 0.100000000E+02
 
 1      16       0       2
 0.000000000E+00 0.250000000E+01 0.100000000E+02
 
 1      17       0       2
 0.000000000E+00 0.125000000E+01 0.100000000E+02
 
 1      18       0       2
 0.000000000E+00 0.100000000E+02 0.000000000E+00
 
 1      19       0       2
 0.000000000E+00 0.100000000E+02 0.125000000E+01
 
 1      20       0       2
 0.000000000E+00 0.100000000E+02 0.250000000E+01
 
 1      21       0       2
 0.000000000E+00 0.100000000E+02 0.375000000E+01
 
 1      22       0       2
 0.000000000E+00 0.100000000E+02 0.500000000E+01
 
 1      23       0       2
 0.000000000E+00 0.100000000E+02 0.625000000E+01
 
 1      24       0       2
 0.000000000E+00 0.100000000E+02 0.750000000E+01
 
 1      25       0       2
 0.000000000E+00 0.100000000E+02 0.875000000E+01
 
 1      26       0       2
 0.000000000E+00 0.875000000E+01 0.000000000E+00
 
 1      27       0       2
 0.000000000E+00 0.750000000E+01 0.000000000E+00
 
 1      28       0       2
 0.000000000E+00 0.625000000E+01 0.000000000E+00
 
 1      29       0       2
 0.000000000E+00 0.500000000E+01 0.000000000E+00
 
 1      30       0       2
 0.000000000E+00 0.375000000E+01 0.000000000E+00
 
 1      31       0       2
 0.000000000E+00 0.250000000E+01 0.000000000E+00
 
 1      32       0       2
 0.000000000E+00 0.125000000E+01 0.000000000E+00
 
 1      33       0       2
 0.000000000E+00 0.500000000E+01 0.500000000E+01
 
 1      34       0       2
 0.000000000E+00 0.619088936E+01 0.751798105E+01
 
 1      35       0       2
 0.000000000E+00 0.375000000E+01 0.750000000E+01
 
 1      36       0       2
 0.000000000E+00 0.376644969E+01 0.278189373E+01
 
 1      37       0       2
 0.000000000E+00 0.750000000E+01 0.375000000E+01
 
 1      38       0       2
 0.000000000E+00 0.250000000E+01 0.500000000E+01
 
 1      39       0       2
 0.000000000E+00 0.679571104E+01 0.632934809E+01
 
 1      40       0       2
 0.000000000E+00 0.644097233E+01 0.333333325E+01
 
 1      41       0       2
 0.000000000E+00 0.250000000E+01 0.274305558E+01
 
 1      42       0       2
 0.000000000E+00 0.114583337E+01 0.672743034E+01
 
 1      43       0       2
 0.000000000E+00 0.760995388E+01 0.253472233E+01
 
 1      44       0       2
 0.000000000E+00 0.745783710E+01 0.760788679E+01
 
 1      45       0       2
 0.000000000E+00 0.549339151E+01 0.156511855E+01
 
 1      46       0       2
 0.000000000E+00 0.846741581E+01 0.554030180E+01
 
 1      47       0       2
 0.000000000E+00 0.187500000E+01 0.145833337E+01
 
 1      48       0       2
 0.000000000E+00 0.629220533E+01 0.482938719E+01
 
 1      49       0       2
 0.000000000E+00 0.812500000E+01 0.875000000E+01
 
 1      50       0       2
 0.000000000E+00 0.875000000E+01 0.187500000E+01
 
 1      51       0       2
 0.000000000E+00 0.125000000E+01 0.437500000E+01
 
 1      52       0       2
 0.000000000E+00 0.317708325E+01 0.384259248E+01
 
 1      53       0       2
 0.000000000E+00 0.317708325E+01 0.615451384E+01
 
 1      54       0       2
 0.000000000E+00 0.440208435E+01 0.389666009E+01
 
 1      55       0       2
 0.000000000E+00 0.437500000E+01 0.875000000E+01
 
 1      56       0       2
 0.000000000E+00 0.437500000E+01 0.625000000E+01
 
 1      57       0       2
 0.000000000E+00 0.296057749E+01 0.867531490E+01
 
 1      58       0       2
 0.000000000E+00 0.125000000E+01 0.289186502E+01
 
 1      59       0       2
 0.000000000E+00 0.901041698E+01 0.653645849E+01
 
 1      60       0       2
 0.000000000E+00 0.921380520E+01 0.487853336E+01
 
 1      61       0       2
 0.000000000E+00 0.653645849E+01 0.989583313E+00
 
 1      62       0       2
 0.000000000E+00 0.481980705E+01 0.868533254E+00
 
 1      63       0       2
 0.000000000E+00 0.375000000E+01 0.500000000E+01
 
 1      64       0       2
 0.000000000E+00 0.500000000E+01 0.750000000E+01
 
 1      65       0       2
 0.000000000E+00 0.519784117E+01 0.274143171E+01
 
 1      66       0       2
 0.000000000E+00 0.227134728E+01 0.743271399E+01
 
 1      67       0       2
 0.000000000E+00 0.765625000E+01 0.135416663E+01
 
 1      68       0       2
 0.000000000E+00 0.864583302E+01 0.765625000E+01
 
 1      69       0       2
 0.000000000E+00 0.552083349E+01 0.625000000E+01
 
 1      70       0       2
 0.000000000E+00 0.125000000E+01 0.552083349E+01
 
 1      71       0       2
 0.000000000E+00 0.311623335E+01 0.147701621E+01
 
 1      72       0       2
 0.000000000E+00 0.552113056E+01 0.401404238E+01
 
 1      73       0       2
 0.000000000E+00 0.739583349E+01 0.520833349E+01
 
 1      74       0       2
 0.000000000E+00 0.791666651E+01 0.656250000E+01
 
 1      75       0       2
 0.000000000E+00 0.656250000E+01 0.208333325E+01
 
 1      76       0       2
 0.000000000E+00 0.100808799E+01 0.787949896E+01
 
 1      77       0       2
 0.000000000E+00 0.206885290E+01 0.616709852E+01
 
 1      78       0       2
 0.000000000E+00 0.849106407E+01 0.438839483E+01
 
 1      79       0       2
 0.000000000E+00 0.215670443E+01 0.388984919E+01
 
 1      80       0       2
 0.000000000E+00 0.435728693E+01 0.157233226E+01
 
 1      81       0       2
 0.000000000E+00 0.937500000E+00 0.135416663E+01
 
 1      82       0       2
 0.000000000E+00 0.552411842E+01 0.875178814E+01
 
 1      83       0       2
 0.000000000E+00 0.698263216E+01 0.876259041E+01
 
 1      84       0       2
 0.000000000E+00 0.871785450E+01 0.301610374E+01
 
 1      85       0       2
 0.000000000E+00 0.561979151E+01 0.722222209E+00
 
 1      86       0       2
 0.000000000E+00 0.927951431E+01 0.562326384E+01
 
 1      87       0       2
 0.000000000E+00 0.875000000E+01 0.937500000E+00
 
 1      88       0       2
 0.000000000E+00 0.906250000E+01 0.875000000E+01
 
 1      89       0       2
 0.000000000E+00 0.166500211E+01 0.878958797E+01
 
 1      90       0       2
 0.100000000E+02 0.000000000E+00 0.100000000E+02
 
 1      91       0       2
 0.100000000E+02 0.100000000E+02 0.100000000E+02
 
 1      92       0       2
 0.100000000E+02 0.125000000E+01 0.100000000E+02
 
 1      93       0       2
 0.100000000E+02 0.250000000E+01 0.100000000E+02
 
 1      94       0       2
 0.100000000E+02 0.375000000E+01 0.100000000E+02
 
 1      95       0       2
 0.100000000E+02 0.500000000E+01 0.100000000E+02
 
 1      96       0       2
 0.100000000E+02 0.625000000E+01 0.100000000E+02
 
 1      97       0       2
 0.100000000E+02 0.750000000E+01 0.100000000E+02
 
 1      98       0       2
 0.100000000E+02 0.875000000E+01 0.100000000E+02
 
 1      99       0       2
 0.100000000E+02 0.000000000E+00 0.000000000E+00
 
 1     100       0       2
 0.100000000E+02 0.000000000E+00 0.125000000E+01
 
 1     101       0       2
 0.100000000E+02 0.000000000E+00 0.250000000E+01
 
 1     102       0       2
 0.100000000E+02 0.000000000E+00 0.375000000E+01
 
 1     103       0       2
 0.100000000E+02 0.000000000E+00 0.500000000E+01
 
 1     104       0       2
 0.100000000E+02 0.000000000E+00 0.625000000E+01
 
 1     105       0       2
 0.100000000E+02 0.000000000E+00 0.750000000E+01
 
 1     106       0       2
 0.100000000E+02 0.000000000E+00 0.875000000E+01
 
 1     107       0       2
 0.100000000E+02 0.100000000E+02 0.000000000E+00
 
 1     108       0       2
 0.100000000E+02 0.125000000E+01 0.000000000E+00
 
 1     109       0       2
 0.100000000E+02 0.250000000E+01 0.000000000E+00
 
 1     110       0       2
 0.100000000E+02 0.375000000E+01 0.000000000E+00
 
 1     111       0       2
 0.100000000E+02 0.500000000E+01 0.000000000E+00
 
 1     112       0       2
 0.100000000E+02 0.625000000E+01 0.000000000E+00
 
 1     113       0       2
 0.100000000E+02 0.750000000E+01 0.000000000E+00
 
 1     114       0       2
 0.100000000E+02 0.875000000E+01 0.000000000E+00
 
 1     115       0       2
 0.100000000E+02 0.100000000E+02 0.125000000E+01
 
 1     116       0       2
 0.100000000E+02 0.100000000E+02 0.250000000E+01
 
 1     117       0       2
 0.100000000E+02 0.100000000E+02 0.375000000E+01
 
 1     118       0       2
 0.100000000E+02 0.100000000E+02 0.500000000E+01
 
 1     119       0       2
 0.100000000E+02 0.100000000E+02 0.625000000E+01
 
 1     120       0       2
 0.100000000E+02 0.100000000E+02 0.750000000E+01
 
 1     121       0       2
 0.100000000E+02 0.100000000E+02 0.875000000E+01
 
 1     122       0       2
 0.100000000E+02 0.486979151E+01 0.489583349E+01
 
 1     123       0       2
 0.100000000E+02 0.620680380E+01 0.247767854E+01
 
 1     124       0       2
 0.100000000E+02 0.375000000E+01 0.731895447E+01
 
 1     125       0       2
 0.100000000E+02 0.375000000E+01 0.250000000E+01
 
 1     126       0       2
 0.100000000E+02 0.739755297E+01 0.625299883E+01
 
 1     127       0       2
 0.100000000E+02 0.250000000E+01 0.500000000E+01
 
 1     128       0       2
 0.100000000E+02 0.635416651E+01 0.675347233E+01
 
 1     129       0       2
 0.100000000E+02 0.671999025E+01 0.361607146E+01
 
 1     130       0       2
 0.100000000E+02 0.109375000E+01 0.336805558E+01
 
 1     131       0       2
 0.100000000E+02 0.109375000E+01 0.663194466E+01
 
 1     132       0       2
 0.100000000E+02 0.750000000E+01 0.750000000E+01
 
 1     133       0       2
 0.100000000E+02 0.882440472E+01 0.267857146E+01
 
 1     134       0       2
 0.100000000E+02 0.198080957E+01 0.841689205E+01
 
 1     135       0       2
 0.100000000E+02 0.828938198E+01 0.468966961E+01
 
 1     136       0       2
 0.100000000E+02 0.551770115E+01 0.846731377E+01
 
 1     137       0       2
 0.100000000E+02 0.812500000E+01 0.125000000E+01
 
 1     138       0       2
 0.100000000E+02 0.875000000E+01 0.812500000E+01
 
 1     139       0       2
 0.100000000E+02 0.312500000E+01 0.375000000E+01
 
 1     140       0       2
 0.100000000E+02 0.312500000E+01 0.611565924E+01
 
 1     141       0       2
 0.100000000E+02 0.640641499E+01 0.569700050E+01
 
 1     142       0       2
 0.100000000E+02 0.437500000E+01 0.125000000E+01
 
 1     143       0       2
 0.100000000E+02 0.437500000E+01 0.375000000E+01
 
 1     144       0       2
 0.100000000E+02 0.430121517E+01 0.609326887E+01
 
 1     145       0       2
 0.100000000E+02 0.296057749E+01 0.132468462E+01
 
 1     146       0       2
 0.100000000E+02 0.653645849E+01 0.901041698E+01
 
 1     147       0       2
 0.100000000E+02 0.484375000E+01 0.916666698E+01
 
 1     148       0       2
 0.100000000E+02 0.908170128E+01 0.513073349E+01
 
 1     149       0       2
 0.100000000E+02 0.264435625E+01 0.916666698E+01
 
 1     150       0       2
 0.100000000E+02 0.750000000E+01 0.250000000E+01
 
 1     151       0       2
 0.100000000E+02 0.375000000E+01 0.500000000E+01
 
 1     152       0       2
 0.100000000E+02 0.105468750E+01 0.500000000E+01
 
 1     153       0       2
 0.100000000E+02 0.500000000E+01 0.250000000E+01
 
 1     154       0       2
 0.100000000E+02 0.516059017E+01 0.724093294E+01
 
 1     155       0       2
 0.100000000E+02 0.726588964E+01 0.486832523E+01
 
 1     156       0       2
 0.100000000E+02 0.229979420E+01 0.722011232E+01
 
 1     157       0       2
 0.100000000E+02 0.223692346E+01 0.257731509E+01
 
 1     158       0       2
 0.100000000E+02 0.765625000E+01 0.864583302E+01
 
 1     159       0       2
 0.100000000E+02 0.552083349E+01 0.375000000E+01
 
 1     160       0       2
 0.100000000E+02 0.199445701E+01 0.597038078E+01
 
 1     161       0       2
 0.100000000E+02 0.197921348E+01 0.401395464E+01
 
 1     162       0       2
 0.100000000E+02 0.793719006E+01 0.375011897E+01
 
 1     163       0       2
 0.100000000E+02 0.656250000E+01 0.791666651E+01
 
 1     164       0       2
 0.100000000E+02 0.990773976E+00 0.214166713E+01
 
 1     165       0       2
 0.100000000E+02 0.107648194E+01 0.791780233E+01
 
 1     166       0       2
 0.100000000E+02 0.588541651E+01 0.468750000E+01
 
 1     167       0       2
 0.100000000E+02 0.548988533E+01 0.589615536E+01
 
 1     168       0       2
 0.100000000E+02 0.827498150E+01 0.561372900E+01
 
 1     169       0       2
 0.100000000E+02 0.103705513E+01 0.906244278E+01
 
 1     170       0       2
 0.100000000E+02 0.328125000E+01 0.833333302E+01
 
 1     171       0       2
 0.100000000E+02 0.421875000E+01 0.833333302E+01
 
 1     172       0       2
 0.100000000E+02 0.552425909E+01 0.124779570E+01
 
 1     173       0       2
 0.100000000E+02 0.697972822E+01 0.124747598E+01
 
 1     174       0       2
 0.100000000E+02 0.868869591E+01 0.698756933E+01
 
 1     175       0       2
 0.100000000E+02 0.565104151E+01 0.930208302E+01
 
 1     176       0       2
 0.100000000E+02 0.875000000E+01 0.906250000E+01
 
 1     177       0       2
 0.100000000E+02 0.906250000E+01 0.125000000E+01
 
 1     178       0       2
 0.100000000E+02 0.902347374E+01 0.414807653E+01
 
 1     179       0       2
 0.100000000E+02 0.165637922E+01 0.121561110E+01
 
 1     180       0       2
 0.100000000E+02 0.191503930E+01 0.928996181E+01
 
 1     181       0       2
 0.100000000E+02 0.100000000E+02 0.100000000E+02
 
 1     182       0       2
 0.000000000E+00 0.100000000E+02 0.100000000E+02
 
 1     183       0       2
 0.875000000E+01 0.100000000E+02 0.100000000E+02
 
 1     184       0       2
 0.750000000E+01 0.100000000E+02 0.100000000E+02
 
 1     185       0       2
 0.625000000E+01 0.100000000E+02 0.100000000E+02
 
 1     186       0       2
 0.500000000E+01 0.100000000E+02 0.100000000E+02
 
 1     187       0       2
 0.375000000E+01 0.100000000E+02 0.100000000E+02
 
 1     188       0       2
 0.250000000E+01 0.100000000E+02 0.100000000E+02
 
 1     189       0       2
 0.125000000E+01 0.100000000E+02 0.100000000E+02
 
 1     190       0       2
 0.000000000E+00 0.000000000E+00 0.100000000E+02
 
 1     191       0       2
 0.000000000E+00 0.875000000E+01 0.100000000E+02
 
 1     192       0       2
 0.000000000E+00 0.750000000E+01 0.100000000E+02
 
 1     193       0       2
 0.000000000E+00 0.625000000E+01 0.100000000E+02
 
 1     194       0       2
 0.000000000E+00 0.500000000E+01 0.100000000E+02
 
 1     195       0       2
 0.000000000E+00 0.375000000E+01 0.100000000E+02
 
 1     196       0       2
 0.000000000E+00 0.250000000E+01 0.100000000E+02
 
 1     197       0       2
 0.000000000E+00 0.125000000E+01 0.100000000E+02
 
 1     198       0       2
 0.100000000E+02 0.000000000E+00 0.100000000E+02
 
 1     199       0       2
 0.125000000E+01 0.000000000E+00 0.100000000E+02
 
 1     200       0       2
 0.250000000E+01 0.000000000E+00 0.100000000E+02
 
 1     201       0       2
 0.375000000E+01 0.000000000E+00 0.100000000E+02
 
 1     202       0       2
 0.500000000E+01 0.000000000E+00 0.100000000E+02
 
 1     203       0       2
 0.625000000E+01 0.000000000E+00 0.100000000E+02
 
 1     204       0       2
 0.750000000E+01 0.000000000E+00 0.100000000E+02
 
 1     205       0       2
 0.875000000E+01 0.000000000E+00 0.100000000E+02
 
 1     206       0       2
 0.100000000E+02 0.125000000E+01 0.100000000E+02
 
 1     207       0       2
 0.100000000E+02 0.250000000E+01 0.100000000E+02
 
 1     208       0       2
 0.100000000E+02 0.375000000E+01 0.100000000E+02
 
 1     209       0       2
 0.100000000E+02 0.500000000E+01 0.100000000E+02
 
 1     210       0       2
 0.100000000E+02 0.625000000E+01 0.100000000E+02
 
 1     211       0       2
 0.100000000E+02 0.750000000E+01 0.100000000E+02
 
 1     212       0       2
 0.100000000E+02 0.875000000E+01 0.100000000E+02
 
 1     213       0       2
 0.486979151E+01 0.489583349E+01 0.100000000E+02
 
 1     214       0       2
 0.620680380E+01 0.247767854E+01 0.100000000E+02
 
 1     215       0       2
 0.375284004E+01 0.719881964E+01 0.100000000E+02
 
 1     216       0       2
 0.375000000E+01 0.250000000E+01 0.100000000E+02
 
 1     217       0       2
 0.739755297E+01 0.625299883E+01 0.100000000E+02
 
 1     218       0       2
 0.250000000E+01 0.500000000E+01 0.100000000E+02
 
 1     219       0       2
 0.635416651E+01 0.675347233E+01 0.100000000E+02
 
 1     220       0       2
 0.671999025E+01 0.361607146E+01 0.100000000E+02
 
 1     221       0       2
 0.114583337E+01 0.327256942E+01 0.100000000E+02
 
 1     222       0       2
 0.250000000E+01 0.725694466E+01 0.100000000E+02
 
 1     223       0       2
 0.750000000E+01 0.750000000E+01 0.100000000E+02
 
 1     224       0       2
 0.882440472E+01 0.267857146E+01 0.100000000E+02
 
 1     225       0       2
 0.828938198E+01 0.468966961E+01 0.100000000E+02
 
 1     226       0       2
 0.549003315E+01 0.842565155E+01 0.100000000E+02
 
 1     227       0       2
 0.187500000E+01 0.854166698E+01 0.100000000E+02
 
 1     228       0       2
 0.812500000E+01 0.125000000E+01 0.100000000E+02
 
 1     229       0       2
 0.875000000E+01 0.812500000E+01 0.100000000E+02
 
 1     230       0       2
 0.125000000E+01 0.562500000E+01 0.100000000E+02
 
 1     231       0       2
 0.317708325E+01 0.384548616E+01 0.100000000E+02
 
 1     232       0       2
 0.317708325E+01 0.615740728E+01 0.100000000E+02
 
 1     233       0       2
 0.640641499E+01 0.569700050E+01 0.100000000E+02
 
 1     234       0       2
 0.437500000E+01 0.125000000E+01 0.100000000E+02
 
 1     235       0       2
 0.437500000E+01 0.375000000E+01 0.100000000E+02
 
 1     236       0       2
 0.430989599E+01 0.613040113E+01 0.100000000E+02
 
 1     237       0       2
 0.296057749E+01 0.132468462E+01 0.100000000E+02
 
 1     238       0       2
 0.125000000E+01 0.710813475E+01 0.100000000E+02
 
 1     239       0       2
 0.653645849E+01 0.901041698E+01 0.100000000E+02
 
 1     240       0       2
 0.482034540E+01 0.913079834E+01 0.100000000E+02
 
 1     241       0       2
 0.908170128E+01 0.513073349E+01 0.100000000E+02
 
 1     242       0       2
 0.750000000E+01 0.250000000E+01 0.100000000E+02
 
 1     243       0       2
 0.375000000E+01 0.500000000E+01 0.100000000E+02
 
 1     244       0       2
 0.500000000E+01 0.250000000E+01 0.100000000E+02
 
 1     245       0       2
 0.518340302E+01 0.723448372E+01 0.100000000E+02
 
 1     246       0       2
 0.726588964E+01 0.486832523E+01 0.100000000E+02
 
 1     247       0       2
 0.227134728E+01 0.256728625E+01 0.100000000E+02
 
 1     248       0       2
 0.765625000E+01 0.864583302E+01 0.100000000E+02
 
 1     249       0       2
 0.552083349E+01 0.375000000E+01 0.100000000E+02
 
 1     250       0       2
 0.125000000E+01 0.447916651E+01 0.100000000E+02
 
 1     251       0       2
 0.311559463E+01 0.852357483E+01 0.100000000E+02
 
 1     252       0       2
 0.793719006E+01 0.375011897E+01 0.100000000E+02
 
 1     253       0       2
 0.644531250E+01 0.792245388E+01 0.100000000E+02
 
 1     254       0       2
 0.100808799E+01 0.212050128E+01 0.100000000E+02
 
 1     255       0       2
 0.206885290E+01 0.383290172E+01 0.100000000E+02
 
 1     256       0       2
 0.588541651E+01 0.468750000E+01 0.100000000E+02
 
 1     257       0       2
 0.547094774E+01 0.590931225E+01 0.100000000E+02
 
 1     258       0       2
 0.215670443E+01 0.611015081E+01 0.100000000E+02
 
 1     259       0       2
 0.844463158E+01 0.569227219E+01 0.100000000E+02
 
 1     260       0       2
 0.435203600E+01 0.841888809E+01 0.100000000E+02
 
 1     261       0       2
 0.937500000E+00 0.864583302E+01 0.100000000E+02
 
 1     262       0       2
 0.552425909E+01 0.124779570E+01 0.100000000E+02
 
 1     263       0       2
 0.697972822E+01 0.124747598E+01 0.100000000E+02
 
 1     264       0       2
 0.868869591E+01 0.698756933E+01 0.100000000E+02
 
 1     265       0       2
 0.561979151E+01 0.927777767E+01 0.100000000E+02
 
 1     266       0       2
 0.875000000E+01 0.906250000E+01 0.100000000E+02
 
 1     267       0       2
 0.906250000E+01 0.125000000E+01 0.100000000E+02
 
 1     268       0       2
 0.902347374E+01 0.414807653E+01 0.100000000E+02
 
 1     269       0       2
 0.166500211E+01 0.121041203E+01 0.100000000E+02
 
 1     270       0       2
 0.100000000E+02 0.100000000E+02 0.000000000E+00
 
 1     271       0       2
 0.000000000E+00 0.100000000E+02 0.000000000E+00
 
 1     272       0       2
 0.875000000E+01 0.100000000E+02 0.000000000E+00
 
 1     273       0       2
 0.750000000E+01 0.100000000E+02 0.000000000E+00
 
 1     274       0       2
 0.625000000E+01 0.100000000E+02 0.000000000E+00
 
 1     275       0       2
 0.500000000E+01 0.100000000E+02 0.000000000E+00
 
 1     276       0       2
 0.375000000E+01 0.100000000E+02 0.000000000E+00
 
 1     277       0       2
 0.250000000E+01 0.100000000E+02 0.000000000E+00
 
 1     278       0       2
 0.125000000E+01 0.100000000E+02 0.000000000E+00
 
 1     279       0       2
 0.100000000E+02 0.000000000E+00 0.000000000E+00
 
 1     280       0       2
 0.100000000E+02 0.125000000E+01 0.000000000E+00
 
 1     281       0       2
 0.100000000E+02 0.250000000E+01 0.000000000E+00
 
 1     282       0       2
 0.100000000E+02 0.375000000E+01 0.000000000E+00
 
 1     283       0       2
 0.100000000E+02 0.500000000E+01 0.000000000E+00
 
 1     284       0       2
 0.100000000E+02 0.625000000E+01 0.000000000E+00
 
 1     285       0       2
 0.100000000E+02 0.750000000E+01 0.000000000E+00
 
 1     286       0       2
 0.100000000E+02 0.875000000E+01 0.000000000E+00
 
 1     287       0       2
 0.000000000E+00 0.000000000E+00 0.000000000E+00
 
 1     288       0       2
 0.125000000E+01 0.000000000E+00 0.000000000E+00
 
 1     289       0       2
 0.250000000E+01 0.000000000E+00 0.000000000E+00
 
 1     290       0       2
 0.375000000E+01 0.000000000E+00 0.000000000E+00
 
 1     291       0       2
 0.500000000E+01 0.000000000E+00 0.000000000E+00
 
 1     292       0       2
 0.625000000E+01 0.000000000E+00 0.000000000E+00
 
 1     293       0       2
 0.750000000E+01 0.000000000E+00 0.000000000E+00
 
 1     294       0       2
 0.875000000E+01 0.000000000E+00 0.000000000E+00
 
 1     295       0       2
 0.000000000E+00 0.875000000E+01 0.000000000E+00
 
 1     296       0       2
 0.000000000E+00 0.750000000E+01 0.000000000E+00
 
 1     297       0       2
 0.000000000E+00 0.625000000E+01 0.000000000E+00
 
 1     298       0       2
 0.000000000E+00 0.500000000E+01 0.000000000E+00
 
 1     299       0       2
 0.000000000E+00 0.375000000E+01 0.000000000E+00
 
 1     300       0       2
 0.000000000E+00 0.250000000E+01 0.000000000E+00
 
 1     301       0       2
 0.000000000E+00 0.125000000E+01 0.000000000E+00
 
 1     302       0       2
 0.500000000E+01 0.500000000E+01 0.000000000E+00
 
 1     303       0       2
 0.373867369E+01 0.265378833E+01 0.000000000E+00
 
 1     304       0       2
 0.739132214E+01 0.621874666E+01 0.000000000E+00
 
 1     305       0       2
 0.625000000E+01 0.250000000E+01 0.000000000E+00
 
 1     306       0       2
 0.375549603E+01 0.720170021E+01 0.000000000E+00
 
 1     307       0       2
 0.250000000E+01 0.500000000E+01 0.000000000E+00
 
 1     308       0       2
 0.635416651E+01 0.675347233E+01 0.000000000E+00
 
 1     309       0       2
 0.250000000E+01 0.725694466E+01 0.000000000E+00
 
 1     310       0       2
 0.675347233E+01 0.364583325E+01 0.000000000E+00
 
 1     311       0       2
 0.114583337E+01 0.327256942E+01 0.000000000E+00
 
 1     312       0       2
 0.742766190E+01 0.240451384E+01 0.000000000E+00
 
 1     313       0       2
 0.750000000E+01 0.750000000E+01 0.000000000E+00
 
 1     314       0       2
 0.197916663E+01 0.164930558E+01 0.000000000E+00
 
 1     315       0       2
 0.843422222E+01 0.450708342E+01 0.000000000E+00
 
 1     316       0       2
 0.549003315E+01 0.842565155E+01 0.000000000E+00
 
 1     317       0       2
 0.187500000E+01 0.854166698E+01 0.000000000E+00
 
 1     318       0       2
 0.875000000E+01 0.812500000E+01 0.000000000E+00
 
 1     319       0       2
 0.812500000E+01 0.125000000E+01 0.000000000E+00
 
 1     320       0       2
 0.125000000E+01 0.562500000E+01 0.000000000E+00
 
 1     321       0       2
 0.317708325E+01 0.615740728E+01 0.000000000E+00
 
 1     322       0       2
 0.317708325E+01 0.384548616E+01 0.000000000E+00
 
 1     323       0       2
 0.433159733E+01 0.614776230E+01 0.000000000E+00
 
 1     324       0       2
 0.562500000E+01 0.125000000E+01 0.000000000E+00
 
 1     325       0       2
 0.555266190E+01 0.368055558E+01 0.000000000E+00
 
 1     326       0       2
 0.625000000E+01 0.562500000E+01 0.000000000E+00
 
 1     327       0       2
 0.125000000E+01 0.710813475E+01 0.000000000E+00
 
 1     328       0       2
 0.653645849E+01 0.901041698E+01 0.000000000E+00
 
 1     329       0       2
 0.482034540E+01 0.913079834E+01 0.000000000E+00
 
 1     330       0       2
 0.901041698E+01 0.346354175E+01 0.000000000E+00
 
 1     331       0       2
 0.921081352E+01 0.514017868E+01 0.000000000E+00
 
 1     332       0       2
 0.263955879E+01 0.876532555E+00 0.000000000E+00
 
 1     333       0       2
 0.437500000E+01 0.375000000E+01 0.000000000E+00
 
 1     334       0       2
 0.687500000E+01 0.125000000E+01 0.000000000E+00
 
 1     335       0       2
 0.375000000E+01 0.500000000E+01 0.000000000E+00
 
 1     336       0       2
 0.500000000E+01 0.250000000E+01 0.000000000E+00
 
 1     337       0       2
 0.730692101E+01 0.480759192E+01 0.000000000E+00
 
 1     338       0       2
 0.517196035E+01 0.726451159E+01 0.000000000E+00
 
 1     339       0       2
 0.230621552E+01 0.274145365E+01 0.000000000E+00
 
 1     340       0       2
 0.864583302E+01 0.234375000E+01 0.000000000E+00
 
 1     341       0       2
 0.765625000E+01 0.864583302E+01 0.000000000E+00
 
 1     342       0       2
 0.125000000E+01 0.447916651E+01 0.000000000E+00
 
 1     343       0       2
 0.311586976E+01 0.852341461E+01 0.000000000E+00
 
 1     344       0       2
 0.644531250E+01 0.792245388E+01 0.000000000E+00
 
 1     345       0       2
 0.792721224E+01 0.356078696E+01 0.000000000E+00
 
 1     346       0       2
 0.107237482E+01 0.206927490E+01 0.000000000E+00
 
 1     347       0       2
 0.213980794E+01 0.394879675E+01 0.000000000E+00
 
 1     348       0       2
 0.617261124E+01 0.455179596E+01 0.000000000E+00
 
 1     349       0       2
 0.536604786E+01 0.609966516E+01 0.000000000E+00
 
 1     350       0       2
 0.215670443E+01 0.611015081E+01 0.000000000E+00
 
 1     351       0       2
 0.314907622E+01 0.153934753E+01 0.000000000E+00
 
 1     352       0       2
 0.435061741E+01 0.842434597E+01 0.000000000E+00
 
 1     353       0       2
 0.850663757E+01 0.565125036E+01 0.000000000E+00
 
 1     354       0       2
 0.100303352E+01 0.100232029E+01 0.000000000E+00
 
 1     355       0       2
 0.937500000E+00 0.864583302E+01 0.000000000E+00
 
 1     356       0       2
 0.448418617E+01 0.131087136E+01 0.000000000E+00
 
 1     357       0       2
 0.869654465E+01 0.698390102E+01 0.000000000E+00
 
 1     358       0       2
 0.927777767E+01 0.438020849E+01 0.000000000E+00
 
 1     359       0       2
 0.561979151E+01 0.927777767E+01 0.000000000E+00
 
 1     360       0       2
 0.906250000E+01 0.125000000E+01 0.000000000E+00
 
 1     361       0       2
 0.875000000E+01 0.906250000E+01 0.000000000E+00
 
 1     362       0       2
 0.184956527E+01 0.770502329E+00 0.000000000E+00
 
 1     363       0       2
 0.100000000E+02 0.000000000E+00 0.000000000E+00
 
 1     364       0       2
 0.100000000E+02 0.000000000E+00 0.100000000E+02
 
 1     365       0       2
 0.100000000E+02 0.000000000E+00 0.125000000E+01
 
 1     366       0       2
 0.100000000E+02 0.000000000E+00 0.250000000E+01
 
 1     367       0       2
 0.100000000E+02 0.000000000E+00 0.375000000E+01
 
 1     368       0       2
 0.100000000E+02 0.000000000E+00 0.500000000E+01
 
 1     369       0       2
 0.100000000E+02 0.000000000E+00 0.625000000E+01
 
 1     370       0       2
 0.100000000E+02 0.000000000E+00 0.750000000E+01
 
 1     371       0       2
 0.100000000E+02 0.000000000E+00 0.875000000E+01
 
 1     372       0       2
 0.000000000E+00 0.000000000E+00 0.100000000E+02
 
 1     373       0       2
 0.125000000E+01 0.000000000E+00 0.100000000E+02
 
 1     374       0       2
 0.250000000E+01 0.000000000E+00 0.100000000E+02
 
 1     375       0       2
 0.375000000E+01 0.000000000E+00 0.100000000E+02
 
 1     376       0       2
 0.500000000E+01 0.000000000E+00 0.100000000E+02
 
 1     377       0       2
 0.625000000E+01 0.000000000E+00 0.100000000E+02
 
 1     378       0       2
 0.750000000E+01 0.000000000E+00 0.100000000E+02
 
 1     379       0       2
 0.875000000E+01 0.000000000E+00 0.100000000E+02
 
 1     380       0       2
 0.000000000E+00 0.000000000E+00 0.000000000E+00
 
 1     381       0       2
 0.000000000E+00 0.000000000E+00 0.125000000E+01
 
 1     382       0       2
 0.000000000E+00 0.000000000E+00 0.250000000E+01
 
 1     383       0       2
 0.000000000E+00 0.000000000E+00 0.375000000E+01
 
 1     384       0       2
 0.000000000E+00 0.000000000E+00 0.500000000E+01
 
 1     385       0       2
 0.000000000E+00 0.000000000E+00 0.625000000E+01
 
 1     386       0       2
 0.000000000E+00 0.000000000E+00 0.750000000E+01
 
 1     387       0       2
 0.000000000E+00 0.000000000E+00 0.875000000E+01
 
 1     388       0       2
 0.125000000E+01 0.000000000E+00 0.000000000E+00
 
 1     389       0       2
 0.250000000E+01 0.000000000E+00 0.000000000E+00
 
 1     390       0       2
 0.375000000E+01 0.000000000E+00 0.000000000E+00
 
 1     391       0       2
 0.500000000E+01 0.000000000E+00 0.000000000E+00
 
 1     392       0       2
 0.625000000E+01 0.000000000E+00 0.000000000E+00
 
 1     393       0       2
 0.750000000E+01 0.000000000E+00 0.000000000E+00
 
 1     394       0       2
 0.875000000E+01 0.000000000E+00 0.000000000E+00
 
 1     395       0       2
 0.511596203E+01 0.000000000E+00 0.497227287E+01
 
 1     396       0       2
 0.378319931E+01 0.000000000E+00 0.264158106E+01
 
 1     397       0       2
 0.739132214E+01 0.000000000E+00 0.621874666E+01
 
 1     398       0       2
 0.625000000E+01 0.000000000E+00 0.250000000E+01
 
 1     399       0       2
 0.375000000E+01 0.000000000E+00 0.731895447E+01
 
 1     400       0       2
 0.250000000E+01 0.000000000E+00 0.500000000E+01
 
 1     401       0       2
 0.635416651E+01 0.000000000E+00 0.675347233E+01
 
 1     402       0       2
 0.109375000E+01 0.000000000E+00 0.663194466E+01
 
 1     403       0       2
 0.675347233E+01 0.000000000E+00 0.364583325E+01
 
 1     404       0       2
 0.109375000E+01 0.000000000E+00 0.336805558E+01
 
 1     405       0       2
 0.742766190E+01 0.000000000E+00 0.240451384E+01
 
 1     406       0       2
 0.756021214E+01 0.000000000E+00 0.857853699E+01
 
 1     407       0       2
 0.218833613E+01 0.000000000E+00 0.171627879E+01
 
 1     408       0       2
 0.843422222E+01 0.000000000E+00 0.450708342E+01
 
 1     409       0       2
 0.198080957E+01 0.000000000E+00 0.841689205E+01
 
 1     410       0       2
 0.551310444E+01 0.000000000E+00 0.842077541E+01
 
 1     411       0       2
 0.875000000E+01 0.000000000E+00 0.812500000E+01
 
 1     412       0       2
 0.812500000E+01 0.000000000E+00 0.125000000E+01
 
 1     413       0       2
 0.312500000E+01 0.000000000E+00 0.611565924E+01
 
 1     414       0       2
 0.312351251E+01 0.000000000E+00 0.386639619E+01
 
 1     415       0       2
 0.432291651E+01 0.000000000E+00 0.611063004E+01
 
 1     416       0       2
 0.562500000E+01 0.000000000E+00 0.125000000E+01
 
 1     417       0       2
 0.555266190E+01 0.000000000E+00 0.368055558E+01
 
 1     418       0       2
 0.625000000E+01 0.000000000E+00 0.562500000E+01
 
 1     419       0       2
 0.485564375E+01 0.000000000E+00 0.916666698E+01
 
 1     420       0       2
 0.264435625E+01 0.000000000E+00 0.916666698E+01
 
 1     421       0       2
 0.901041698E+01 0.000000000E+00 0.346354175E+01
 
 1     422       0       2
 0.921081352E+01 0.000000000E+00 0.514017868E+01
 
 1     423       0       2
 0.262863493E+01 0.000000000E+00 0.922877550E+00
 
 1     424       0       2
 0.437500000E+01 0.000000000E+00 0.375000000E+01
 
 1     425       0       2
 0.687500000E+01 0.000000000E+00 0.125000000E+01
 
 1     426       0       2
 0.750000000E+01 0.000000000E+00 0.750000000E+01
 
 1     427       0       2
 0.375000000E+01 0.000000000E+00 0.500000000E+01
 
 1     428       0       2
 0.105468750E+01 0.000000000E+00 0.500000000E+01
 
 1     429       0       2
 0.500000000E+01 0.000000000E+00 0.250000000E+01
 
 1     430       0       2
 0.730692101E+01 0.000000000E+00 0.480759192E+01
 
 1     431       0       2
 0.516369057E+01 0.000000000E+00 0.724341297E+01
 
 1     432       0       2
 0.233339715E+01 0.000000000E+00 0.277964211E+01
 
 1     433       0       2
 0.229979420E+01 0.000000000E+00 0.722011232E+01
 
 1     434       0       2
 0.864583302E+01 0.000000000E+00 0.234375000E+01
 
 1     435       0       2
 0.199947929E+01 0.000000000E+00 0.402715349E+01
 
 1     436       0       2
 0.199445701E+01 0.000000000E+00 0.597038078E+01
 
 1     437       0       2
 0.639832449E+01 0.000000000E+00 0.789387560E+01
 
 1     438       0       2
 0.107648194E+01 0.000000000E+00 0.791780233E+01
 
 1     439       0       2
 0.792721224E+01 0.000000000E+00 0.356078696E+01
 
 1     440       0       2
 0.113232088E+01 0.000000000E+00 0.206327248E+01
 
 1     441       0       2
 0.617261124E+01 0.000000000E+00 0.455179596E+01
 
 1     442       0       2
 0.538854504E+01 0.000000000E+00 0.608792973E+01
 
 1     443       0       2
 0.319540143E+01 0.000000000E+00 0.156276667E+01
 
 1     444       0       2
 0.850663757E+01 0.000000000E+00 0.565125036E+01
 
 1     445       0       2
 0.642068577E+01 0.000000000E+00 0.898526478E+01
 
 1     446       0       2
 0.103705513E+01 0.000000000E+00 0.906244278E+01
 
 1     447       0       2
 0.328125000E+01 0.000000000E+00 0.833333302E+01
 
 1     448       0       2
 0.421875000E+01 0.000000000E+00 0.833333302E+01
 
 1     449       0       2
 0.448884058E+01 0.000000000E+00 0.131622028E+01
 
 1     450       0       2
 0.869654465E+01 0.000000000E+00 0.698390102E+01
 
 1     451       0       2
 0.927777767E+01 0.000000000E+00 0.438020849E+01
 
 1     452       0       2
 0.906250000E+01 0.000000000E+00 0.125000000E+01
 
 1     453       0       2
 0.875000000E+01 0.000000000E+00 0.906250000E+01
 
 1     454       0       2
 0.558350468E+01 0.000000000E+00 0.929089928E+01
 
 1     455       0       2
 0.191503930E+01 0.000000000E+00 0.928996181E+01
 
 1     456       0       2
 0.161931169E+01 0.000000000E+00 0.991334856E+00
 
 1     457       0       2
 0.000000000E+00 0.100000000E+02 0.000000000E+00
 
 1     458       0       2
 0.000000000E+00 0.100000000E+02 0.100000000E+02
 
 1     459       0       2
 0.000000000E+00 0.100000000E+02 0.125000000E+01
 
 1     460       0       2
 0.000000000E+00 0.100000000E+02 0.250000000E+01
 
 1     461       0       2
 0.000000000E+00 0.100000000E+02 0.375000000E+01
 
 1     462       0       2
 0.000000000E+00 0.100000000E+02 0.500000000E+01
 
 1     463       0       2
 0.000000000E+00 0.100000000E+02 0.625000000E+01
 
 1     464       0       2
 0.000000000E+00 0.100000000E+02 0.750000000E+01
 
 1     465       0       2
 0.000000000E+00 0.100000000E+02 0.875000000E+01
 
 1     466       0       2
 0.100000000E+02 0.100000000E+02 0.100000000E+02
 
 1     467       0       2
 0.875000000E+01 0.100000000E+02 0.100000000E+02
 
 1     468       0       2
 0.750000000E+01 0.100000000E+02 0.100000000E+02
 
 1     469       0       2
 0.625000000E+01 0.100000000E+02 0.100000000E+02
 
 1     470       0       2
 0.500000000E+01 0.100000000E+02 0.100000000E+02
 
 1     471       0       2
 0.375000000E+01 0.100000000E+02 0.100000000E+02
 
 1     472       0       2
 0.250000000E+01 0.100000000E+02 0.100000000E+02
 
 1     473       0       2
 0.125000000E+01 0.100000000E+02 0.100000000E+02
 
 1     474       0       2
 0.100000000E+02 0.100000000E+02 0.000000000E+00
 
 1     475       0       2
 0.100000000E+02 0.100000000E+02 0.125000000E+01
 
 1     476       0       2
 0.100000000E+02 0.100000000E+02 0.250000000E+01
 
 1     477       0       2
 0.100000000E+02 0.100000000E+02 0.375000000E+01
 
 1     478       0       2
 0.100000000E+02 0.100000000E+02 0.500000000E+01
 
 1     479       0       2
 0.100000000E+02 0.100000000E+02 0.625000000E+01
 
 1     480       0       2
 0.100000000E+02 0.100000000E+02 0.750000000E+01
 
 1     481       0       2
 0.100000000E+02 0.100000000E+02 0.875000000E+01
 
 1     482       0       2
 0.875000000E+01 0.100000000E+02 0.000000000E+00
 
 1     483       0       2
 0.750000000E+01 0.100000000E+02 0.000000000E+00
 
 1     484       0       2
 0.625000000E+01 0.100000000E+02 0.000000000E+00
 
 1     485       0       2
 0.500000000E+01 0.100000000E+02 0.000000000E+00
 
 1     486       0       2
 0.375000000E+01 0.100000000E+02 0.000000000E+00
 
 1     487       0       2
 0.250000000E+01 0.100000000E+02 0.000000000E+00
 
 1     488       0       2
 0.125000000E+01 0.100000000E+02 0.000000000E+00
 
 1     489       0       2
 0.500000000E+01 0.100000000E+02 0.500000000E+01
 
 1     490       0       2
 0.619088936E+01 0.100000000E+02 0.751798105E+01
 
 1     491       0       2
 0.375000000E+01 0.100000000E+02 0.750000000E+01
 
 1     492       0       2
 0.376644969E+01 0.100000000E+02 0.278189373E+01
 
 1     493       0       2
 0.750000000E+01 0.100000000E+02 0.375000000E+01
 
 1     494       0       2
 0.250000000E+01 0.100000000E+02 0.500000000E+01
 
 1     495       0       2
 0.679571104E+01 0.100000000E+02 0.632934809E+01
 
 1     496       0       2
 0.644097233E+01 0.100000000E+02 0.333333325E+01
 
 1     497       0       2
 0.250000000E+01 0.100000000E+02 0.274305558E+01
 
 1     498       0       2
 0.114583337E+01 0.100000000E+02 0.672743034E+01
 
 1     499       0       2
 0.760995388E+01 0.100000000E+02 0.253472233E+01
 
 1     500       0       2
 0.745783710E+01 0.100000000E+02 0.760788679E+01
 
 1     501       0       2
 0.549339151E+01 0.100000000E+02 0.156511855E+01
 
 1     502       0       2
 0.846741581E+01 0.100000000E+02 0.554030180E+01
 
 1     503       0       2
 0.187500000E+01 0.100000000E+02 0.145833337E+01
 
 1     504       0       2
 0.629220533E+01 0.100000000E+02 0.482938719E+01
 
 1     505       0       2
 0.812500000E+01 0.100000000E+02 0.875000000E+01
 
 1     506       0       2
 0.875000000E+01 0.100000000E+02 0.187500000E+01
 
 1     507       0       2
 0.125000000E+01 0.100000000E+02 0.437500000E+01
 
 1     508       0       2
 0.317708325E+01 0.100000000E+02 0.384259248E+01
 
 1     509       0       2
 0.317708325E+01 0.100000000E+02 0.615451384E+01
 
 1     510       0       2
 0.440208435E+01 0.100000000E+02 0.389666009E+01
 
 1     511       0       2
 0.437500000E+01 0.100000000E+02 0.875000000E+01
 
 1     512       0       2
 0.437500000E+01 0.100000000E+02 0.625000000E+01
 
 1     513       0       2
 0.296057749E+01 0.100000000E+02 0.867531490E+01
 
 1     514       0       2
 0.125000000E+01 0.100000000E+02 0.289186502E+01
 
 1     515       0       2
 0.901041698E+01 0.100000000E+02 0.653645849E+01
 
 1     516       0       2
 0.921380520E+01 0.100000000E+02 0.487853336E+01
 
 1     517       0       2
 0.653645849E+01 0.100000000E+02 0.989583313E+00
 
 1     518       0       2
 0.481980705E+01 0.100000000E+02 0.868533254E+00
 
 1     519       0       2
 0.375000000E+01 0.100000000E+02 0.500000000E+01
 
 1     520       0       2
 0.500000000E+01 0.100000000E+02 0.750000000E+01
 
 1     521       0       2
 0.519784117E+01 0.100000000E+02 0.274143171E+01
 
 1     522       0       2
 0.227134728E+01 0.100000000E+02 0.743271399E+01
 
 1     523       0       2
 0.765625000E+01 0.100000000E+02 0.135416663E+01
 
 1     524       0       2
 0.864583302E+01 0.100000000E+02 0.765625000E+01
 
 1     525       0       2
 0.552083349E+01 0.100000000E+02 0.625000000E+01
 
 1     526       0       2
 0.125000000E+01 0.100000000E+02 0.552083349E+01
 
 1     527       0       2
 0.311623335E+01 0.100000000E+02 0.147701621E+01
 
 1     528       0       2
 0.552113056E+01 0.100000000E+02 0.401404238E+01
 
 1     529       0       2
 0.739583349E+01 0.100000000E+02 0.520833349E+01
 
 1     530       0       2
 0.791666651E+01 0.100000000E+02 0.656250000E+01
 
 1     531       0       2
 0.656250000E+01 0.100000000E+02 0.208333325E+01
 
 1     532       0       2
 0.100808799E+01 0.100000000E+02 0.787949896E+01
 
 1     533       0       2
 0.206885290E+01 0.100000000E+02 0.616709852E+01
 
 1     534       0       2
 0.849106407E+01 0.100000000E+02 0.438839483E+01
 
 1     535       0       2
 0.215670443E+01 0.100000000E+02 0.388984919E+01
 
 1     536       0       2
 0.435728693E+01 0.100000000E+02 0.157233226E+01
 
 1     537       0       2
 0.937500000E+00 0.100000000E+02 0.135416663E+01
 
 1     538       0       2
 0.552411842E+01 0.100000000E+02 0.875178814E+01
 
 1     539       0       2
 0.698263216E+01 0.100000000E+02 0.876259041E+01
 
 1     540       0       2
 0.871785450E+01 0.100000000E+02 0.301610374E+01
 
 1     541       0       2
 0.561979151E+01 0.100000000E+02 0.722222209E+00
 
 1     542       0       2
 0.927951431E+01 0.100000000E+02 0.562326384E+01
 
 1     543       0       2
 0.875000000E+01 0.100000000E+02 0.937500000E+00
 
 1     544       0       2
 0.906250000E+01 0.100000000E+02 0.875000000E+01
 
 1     545       0       2
 0.166500211E+01 0.100000000E+02 0.878958797E+01
 
 2       1       3       2       0
       3       0       1
      37      40      48
 2       2       3       2       0
       3       0       1
      31      32      47
 2       3       3       2       0
       3       0       1
      39      44      74
 2       4       3       2       0
       3       0       1
      33      69      48
 2       5       3       2       0
       3       0       1
      34      83      44
 2       6       3       2       0
       3       0       1
      36      80      71
 2       7       3       2       0
       3       0       1
      46      59      86
 2       8       3       2       0
       3       0       1
      41      58      79
 2       9       3       2       0
       3       0       1
      33      72      54
 2      10       3       2       0
       3       0       1
      59      74      68
 2      11       3       2       0
       3       0       1
      39      74      73
 2      12       3       2       0
       3       0       1
      38      63      52
 2      13       3       2       0
       3       0       1
      38      51      70
 2      14       3       2       0
       3       0       1
      44      49      68
 2      15       3       2       0
       3       0       1
      39      48      69
 2      16       3       2       0
       3       0       1
      33      63      56
 2      17       3       2       0
       3       0       1
      50      87      67
 2      18       3       2       0
       3       0       1
      45      62      80
 2      19       3       2       0
       3       0       1
      38      77      53
 2      20       3       2       0
       3       0       1
      40      75      65
 2      21       3       2       0
       3       0       1
      36      52      54
 2      22       3       2       0
       3       0       1
      49      88      68
 2      23       3       2       0
       3       0       1
      34      44      39
 2      24       3       2       0
       3       0       1
      47      81      58
 2      25       3       2       0
       3       0       1
      34      69      64
 2      26       3       2       0
       3       0       1
      66      89      57
 2      27       3       2       0
       3       0       1
      36      41      52
 2      28       3       2       0
       3       0       1
      53      77      66
 2      29       3       2       0
       3       0       1
      42      76      66
 2      30       3       2       0
       3       0       1
      41      47      58
 2      31       3       2       0
       3       0       1
      61      75      67
 2      32       3       2       0
       3       0       1
      37      84      43
 2      33       3       2       0
       3       0       1
      34      39      69
 2      34       3       2       0
       3       0       1
      66      76      89
 2      35       3       2       0
       3       0       1
      37      43      40
 2      36       3       2       0
       3       0       1
      34      82      83
 2      37       3       2       0
       3       0       1
      55      82      64
 2      38       3       2       0
       3       0       1
      43      50      67
 2      39       3       2       0
       3       0       1
      37      78      84
 2      40       3       2       0
       3       0       1
      36      71      41
 2      41       3       2       0
       3       0       1
      51      79      58
 2      42       3       2       0
       3       0       1
      38      53      63
 2      43       3       2       0
       3       0       1
      35      66      57
 2      44       3       2       0
       3       0       1
      46      60      78
 2      45       3       2       0
       3       0       1
      33      54      63
 2      46       3       2       0
       3       0       1
      35      64      56
 2      47       3       2       0
       3       0       1
      35      56      53
 2      48       3       2       0
       3       0       1
      35      57      55
 2      49       3       2       0
       3       0       1
      40      43      75
 2      50       3       2       0
       3       0       1
      38      79      51
 2      51       3       2       0
       3       0       1
      45      61      85
 2      52       3       2       0
       3       0       1
      35      55      64
 2      53       3       2       0
       3       0       1
      52      63      54
 2      54       3       2       0
       3       0       1
      53      56      63
 2      55       3       2       0
       3       0       1
      33      48      72
 2      56       3       2       0
       3       0       1
      34      64      82
 2      57       3       2       0
       3       0       1
      36      54      65
 2      58       3       2       0
       3       0       1
      40      65      72
 2      59       3       2       0
       3       0       1
      35      53      66
 2      60       3       2       0
       3       0       1
      42      66      77
 2      61       3       2       0
       3       0       1
      43      67      75
 2      62       3       2       0
       3       0       1
      44      68      74
 2      63       3       2       0
       3       0       1
      33      56      69
 2      64       3       2       0
       3       0       1
      56      64      69
 2      65       3       2       0
       3       0       1
      41      71      47
 2      66       3       2       0
       3       0       1
      40      72      48
 2      67       3       2       0
       3       0       1
      54      72      65
 2      68       3       2       0
       3       0       1
      37      48      73
 2      69       3       2       0
       3       0       1
      39      73      48
 2      70       3       2       0
       3       0       1
      46      73      74
 2      71       3       2       0
       3       0       1
      46      74      59
 2      72       3       2       0
       3       0       1
      45      65      75
 2      73       3       2       0
       3       0       1
      45      75      61
 2      74       3       2       0
       3       0       1
      38      70      77
 2      75       3       2       0
       3       0       1
      42      77      70
 2      76       3       2       0
       3       0       1
      37      73      78
 2      77       3       2       0
       3       0       1
      46      78      73
 2      78       3       2       0
       3       0       1
      38      52      79
 2      79       3       2       0
       3       0       1
      41      79      52
 2      80       3       2       0
       3       0       1
      36      65      80
 2      81       3       2       0
       3       0       1
      45      80      65
 2      82       3       2       0
       3       0       1
       7       8      42
 2      83       3       2       0
       3       0       1
      44      83      49
 2      84       3       2       0
       3       0       1
      43      84      50
 2      85       3       2       0
       3       0       1
      45      85      62
 2      86       3       2       0
       3       0       1
      46      86      60
 2      87       3       2       0
       3       0       1
       2      17       9
 2      88       3       2       0
       3       0       1
      11      49      12
 2      89       3       2       0
       3       0       1
      19      50      20
 2      90       3       2       0
       3       0       1
       5       6      51
 2      91       3       2       0
       3       0       1
      14      55      15
 2      92       3       2       0
       3       0       1
      15      55      57
 2      93       3       2       0
       3       0       1
      15      57      16
 2      94       3       2       0
       3       0       1
       4       5      58
 2      95       3       2       0
       3       0       1
       5      51      58
 2      96       3       2       0
       3       0       1
      23      59      24
 2      97       3       2       0
       3       0       1
      21      60      22
 2      98       3       2       0
       3       0       1
      27      28      61
 2      99       3       2       0
       3       0       1
      29      30      62
 2     100       3       2       0
       3       0       1
      21      78      60
 2     101       3       2       0
       3       0       1
      30      80      62
 2     102       3       2       0
       3       0       1
      27      61      67
 2     103       3       2       0
       3       0       1
      24      59      68
 2     104       3       2       0
       3       0       1
       6      70      51
 2     105       3       2       0
       3       0       1
       6       7      70
 2     106       3       2       0
       3       0       1
       7      42      70
 2     107       3       2       0
       3       0       1
       8       9      76
 2     108       3       2       0
       3       0       1
       8      76      42
 2     109       3       2       0
       3       0       1
      31      47      71
 2     110       3       2       0
       3       0       1
      30      31      71
 2     111       3       2       0
       3       0       1
      30      71      80
 2     112       3       2       0
       3       0       1
      32      81      47
 2     113       3       2       0
       3       0       1
       1       3      81
 2     114       3       2       0
       3       0       1
       1      81      32
 2     115       3       2       0
       3       0       1
       3       4      81
 2     116       3       2       0
       3       0       1
       4      58      81
 2     117       3       2       0
       3       0       1
      14      82      55
 2     118       3       2       0
       3       0       1
      13      82      14
 2     119       3       2       0
       3       0       1
      12      49      83
 2     120       3       2       0
       3       0       1
      12      83      13
 2     121       3       2       0
       3       0       1
      13      83      82
 2     122       3       2       0
       3       0       1
      20      50      84
 2     123       3       2       0
       3       0       1
      20      84      21
 2     124       3       2       0
       3       0       1
      21      84      78
 2     125       3       2       0
       3       0       1
      29      62      85
 2     126       3       2       0
       3       0       1
      28      29      85
 2     127       3       2       0
       3       0       1
      28      85      61
 2     128       3       2       0
       3       0       1
      22      60      86
 2     129       3       2       0
       3       0       1
      22      86      23
 2     130       3       2       0
       3       0       1
      23      86      59
 2     131       3       2       0
       3       0       1
      19      87      50
 2     132       3       2       0
       3       0       1
      18      26      87
 2     133       3       2       0
       3       0       1
      18      87      19
 2     134       3       2       0
       3       0       1
      26      27      87
 2     135       3       2       0
       3       0       1
      27      67      87
 2     136       3       2       0
       3       0       1
      11      88      49
 2     137       3       2       0
       3       0       1
      10      25      88
 2     138       3       2       0
       3       0       1
      10      88      11
 2     139       3       2       0
       3       0       1
      24      68      88
 2     140       3       2       0
       3       0       1
      24      88      25
 2     141       3       2       0
       3       0       1
      16      89      17
 2     142       3       2       0
       3       0       1
      16      57      89
 2     143       3       2       0
       3       0       1
       9      89      76
 2     144       3       2       0
       3       0       1
       9      17      89
 2     145       3       2       0
       3       0       1
     140     151     144
 2     146       3       2       0
       3       0       1
     122     166     167
 2     147       3       2       0
       3       0       1
     131     160     156
 2     148       3       2       0
       3       0       1
     146     163     158
 2     149       3       2       0
       3       0       1
     138     176     158
 2     150       3       2       0
       3       0       1
     135     178     148
 2     151       3       2       0
       3       0       1
     139     143     151
 2     152       3       2       0
       3       0       1
     128     163     154
 2     153       3       2       0
       3       0       1
     127     161     139
 2     154       3       2       0
       3       0       1
     126     132     128
 2     155       3       2       0
       3       0       1
     116     117     133
 2     156       3       2       0
       3       0       1
     157     164     179
 2     157       3       2       0
       3       0       1
     126     128     141
 2     158       3       2       0
       3       0       1
     123     172     173
 2     159       3       2       0
       3       0       1
     122     167     144
 2     160       3       2       0
       3       0       1
     122     151     143
 2     161       3       2       0
       3       0       1
     125     153     143
 2     162       3       2       0
       3       0       1
     133     137     177
 2     163       3       2       0
       3       0       1
     125     157     145
 2     164       3       2       0
       3       0       1
     134     180     169
 2     165       3       2       0
       3       0       1
     123     129     159
 2     166       3       2       0
       3       0       1
     101     130     102
 2     167       3       2       0
       3       0       1
     133     178     162
 2     168       3       2       0
       3       0       1
     123     150     129
 2     169       3       2       0
       3       0       1
     136     146     175
 2     170       3       2       0
       3       0       1
     124     140     144
 2     171       3       2       0
       3       0       1
     127     152     161
 2     172       3       2       0
       3       0       1
     132     138     158
 2     173       3       2       0
       3       0       1
     126     168     174
 2     174       3       2       0
       3       0       1
     123     159     153
 2     175       3       2       0
       3       0       1
     126     174     132
 2     176       3       2       0
       3       0       1
     124     156     140
 2     177       3       2       0
       3       0       1
     124     170     156
 2     178       3       2       0
       3       0       1
     135     162     178
 2     179       3       2       0
       3       0       1
     130     164     157
 2     180       3       2       0
       3       0       1
     134     169     165
 2     181       3       2       0
       3       0       1
     129     162     155
 2     182       3       2       0
       3       0       1
     135     148     168
 2     183       3       2       0
       3       0       1
     135     155     162
 2     184       3       2       0
       3       0       1
     131     152     160
 2     185       3       2       0
       3       0       1
     144     167     154
 2     186       3       2       0
       3       0       1
     141     166     155
 2     187       3       2       0
       3       0       1
     136     147     171
 2     188       3       2       0
       3       0       1
     125     143     139
 2     189       3       2       0
       3       0       1
     122     144     151
 2     190       3       2       0
       3       0       1
     125     145     142
 2     191       3       2       0
       3       0       1
     125     142     153
 2     192       3       2       0
       3       0       1
     136     171     154
 2     193       3       2       0
       3       0       1
     128     132     163
 2     194       3       2       0
       3       0       1
     133     150     137
 2     195       3       2       0
       3       0       1
     127     139     151
 2     196       3       2       0
       3       0       1
     127     151     140
 2     197       3       2       0
       3       0       1
     123     153     172
 2     198       3       2       0
       3       0       1
     140     156     160
 2     199       3       2       0
       3       0       1
     137     150     173
 2     200       3       2       0
       3       0       1
     124     144     154
 2     201       3       2       0
       3       0       1
     128     154     167
 2     202       3       2       0
       3       0       1
     126     141     155
 2     203       3       2       0
       3       0       1
     129     155     166
 2     204       3       2       0
       3       0       1
     134     156     170
 2     205       3       2       0
       3       0       1
     131     156     165
 2     206       3       2       0
       3       0       1
     125     139     157
 2     207       3       2       0
       3       0       1
     130     157     161
 2     208       3       2       0
       3       0       1
     132     158     163
 2     209       3       2       0
       3       0       1
     122     143     159
 2     210       3       2       0
       3       0       1
     143     153     159
 2     211       3       2       0
       3       0       1
     127     140     160
 2     212       3       2       0
       3       0       1
     127     160     152
 2     213       3       2       0
       3       0       1
     139     161     157
 2     214       3       2       0
       3       0       1
     130     161     152
 2     215       3       2       0
       3       0       1
     129     150     162
 2     216       3       2       0
       3       0       1
     133     162     150
 2     217       3       2       0
       3       0       1
     136     154     163
 2     218       3       2       0
       3       0       1
     136     163     146
 2     219       3       2       0
       3       0       1
     134     165     156
 2     220       3       2       0
       3       0       1
     122     159     166
 2     221       3       2       0
       3       0       1
     129     166     159
 2     222       3       2       0
       3       0       1
     141     167     166
 2     223       3       2       0
       3       0       1
     128     167     141
 2     224       3       2       0
       3       0       1
     126     155     168
 2     225       3       2       0
       3       0       1
     135     168     155
 2     226       3       2       0
       3       0       1
     157     179     145
 2     227       3       2       0
       3       0       1
      90     169      92
 2     228       3       2       0
       3       0       1
     134     149     180
 2     229       3       2       0
       3       0       1
     104     131     105
 2     230       3       2       0
       3       0       1
     134     170     149
 2     231       3       2       0
       3       0       1
     124     154     171
 2     232       3       2       0
       3       0       1
     124     171     170
 2     233       3       2       0
       3       0       1
     142     172     153
 2     234       3       2       0
       3       0       1
     123     173     150
 2     235       3       2       0
       3       0       1
     132     174     138
 2     236       3       2       0
       3       0       1
     136     175     147
 2     237       3       2       0
       3       0       1
      99     108     100
 2     238       3       2       0
       3       0       1
     113     114     137
 2     239       3       2       0
       3       0       1
     120     121     138
 2     240       3       2       0
       3       0       1
     110     111     142
 2     241       3       2       0
       3       0       1
     109     110     145
 2     242       3       2       0
       3       0       1
     110     142     145
 2     243       3       2       0
       3       0       1
      96     146      97
 2     244       3       2       0
       3       0       1
      94     147      95
 2     245       3       2       0
       3       0       1
     118     119     148
 2     246       3       2       0
       3       0       1
      93     149      94
 2     247       3       2       0
       3       0       1
     102     130     152
 2     248       3       2       0
       3       0       1
     102     152     103
 2     249       3       2       0
       3       0       1
     103     152     104
 2     250       3       2       0
       3       0       1
     104     152     131
 2     251       3       2       0
       3       0       1
     119     168     148
 2     252       3       2       0
       3       0       1
      97     146     158
 2     253       3       2       0
       3       0       1
     100     164     101
 2     254       3       2       0
       3       0       1
     101     164     130
 2     255       3       2       0
       3       0       1
     105     131     165
 2     256       3       2       0
       3       0       1
     105     165     106
 2     257       3       2       0
       3       0       1
     106     169      90
 2     258       3       2       0
       3       0       1
     106     165     169
 2     259       3       2       0
       3       0       1
      94     149     170
 2     260       3       2       0
       3       0       1
      94     170     171
 2     261       3       2       0
       3       0       1
      94     171     147
 2     262       3       2       0
       3       0       1
     111     172     142
 2     263       3       2       0
       3       0       1
     111     112     172
 2     264       3       2       0
       3       0       1
     113     137     173
 2     265       3       2       0
       3       0       1
     112     113     173
 2     266       3       2       0
       3       0       1
     112     173     172
 2     267       3       2       0
       3       0       1
     120     138     174
 2     268       3       2       0
       3       0       1
     119     120     174
 2     269       3       2       0
       3       0       1
     119     174     168
 2     270       3       2       0
       3       0       1
      95     147     175
 2     271       3       2       0
       3       0       1
      95     175      96
 2     272       3       2       0
       3       0       1
      96     175     146
 2     273       3       2       0
       3       0       1
     121     176     138
 2     274       3       2       0
       3       0       1
      91      98     176
 2     275       3       2       0
       3       0       1
      91     176     121
 2     276       3       2       0
       3       0       1
      97     158     176
 2     277       3       2       0
       3       0       1
      97     176      98
 2     278       3       2       0
       3       0       1
     114     177     137
 2     279       3       2       0
       3       0       1
     107     115     177
 2     280       3       2       0
       3       0       1
     107     177     114
 2     281       3       2       0
       3       0       1
     115     116     177
 2     282       3       2       0
       3       0       1
     116     133     177
 2     283       3       2       0
       3       0       1
     117     118     178
 2     284       3       2       0
       3       0       1
     118     148     178
 2     285       3       2       0
       3       0       1
     108     109     179
 2     286       3       2       0
       3       0       1
     109     145     179
 2     287       3       2       0
       3       0       1
      92     169     180
 2     288       3       2       0
       3       0       1
      92     180      93
 2     289       3       2       0
       3       0       1
      93     180     149
 2     290       3       2       0
       3       0       1
     100     108     179
 2     291       3       2       0
       3       0       1
     100     179     164
 2     292       3       2       0
       3       0       1
     117     178     133
 2     293       3       2       0
       3       0       1
     215     260     251
 2     294       3       2       0
       3       0       1
     222     227     238
 2     295       3       2       0
       3       0       1
     223     229     248
 2     296       3       2       0
       3       0       1
     229     266     248
 2     297       3       2       0
       3       0       1
     225     268     241
 2     298       3       2       0
       3       0       1
     231     235     243
 2     299       3       2       0
       3       0       1
     217     223     219
 2     300       3       2       0
       3       0       1
     218     230     250
 2     301       3       2       0
       3       0       1
     214     242     220
 2     302       3       2       0
       3       0       1
     232     243     236
 2     303       3       2       0
       3       0       1
     214     262     263
 2     304       3       2       0
       3       0       1
     213     243     235
 2     305       3       2       0
       3       0       1
     224     228     267
 2     306       3       2       0
       3       0       1
     216     247     237
 2     307       3       2       0
       3       0       1
     214     220     249
 2     308       3       2       0
       3       0       1
     218     255     231
 2     309       3       2       0
       3       0       1
     239     253     248
 2     310       3       2       0
       3       0       1
     221     254     247
 2     311       3       2       0
       3       0       1
     219     253     245
 2     312       3       2       0
       3       0       1
     213     236     243
 2     313       3       2       0
       3       0       1
     231     255     247
 2     314       3       2       0
       3       0       1
     214     249     244
 2     315       3       2       0
       3       0       1
     217     259     264
 2     316       3       2       0
       3       0       1
     215     222     232
 2     317       3       2       0
       3       0       1
     216     244     235
 2     318       3       2       0
       3       0       1
     217     219     233
 2     319       3       2       0
       3       0       1
     247     254     269
 2     320       3       2       0
       3       0       1
     224     268     252
 2     321       3       2       0
       3       0       1
     225     252     268
 2     322       3       2       0
       3       0       1
     222     238     258
 2     323       3       2       0
       3       0       1
     220     252     246
 2     324       3       2       0
       3       0       1
     215     251     222
 2     325       3       2       0
       3       0       1
     230     258     238
 2     326       3       2       0
       3       0       1
     218     258     230
 2     327       3       2       0
       3       0       1
     217     264     223
 2     328       3       2       0
       3       0       1
     236     257     245
 2     329       3       2       0
       3       0       1
     233     256     246
 2     330       3       2       0
       3       0       1
     226     240     260
 2     331       3       2       0
       3       0       1
     225     246     252
 2     332       3       2       0
       3       0       1
     216     235     231
 2     333       3       2       0
       3       0       1
     225     241     259
 2     334       3       2       0
       3       0       1
     215     232     236
 2     335       3       2       0
       3       0       1
     216     237     234
 2     336       3       2       0
       3       0       1
     226     239     265
 2     337       3       2       0
       3       0       1
     216     234     244
 2     338       3       2       0
       3       0       1
     219     223     253
 2     339       3       2       0
       3       0       1
     224     242     228
 2     340       3       2       0
       3       0       1
     218     231     243
 2     341       3       2       0
       3       0       1
     218     243     232
 2     342       3       2       0
       3       0       1
     214     244     262
 2     343       3       2       0
       3       0       1
     228     242     263
 2     344       3       2       0
       3       0       1
     215     236     245
 2     345       3       2       0
       3       0       1
     219     245     257
 2     346       3       2       0
       3       0       1
     217     233     246
 2     347       3       2       0
       3       0       1
     220     246     256
 2     348       3       2       0
       3       0       1
     216     231     247
 2     349       3       2       0
       3       0       1
     221     247     255
 2     350       3       2       0
       3       0       1
     223     248     253
 2     351       3       2       0
       3       0       1
     213     235     249
 2     352       3       2       0
       3       0       1
     235     244     249
 2     353       3       2       0
       3       0       1
     213     256     257
 2     354       3       2       0
       3       0       1
     222     251     227
 2     355       3       2       0
       3       0       1
     213     257     236
 2     356       3       2       0
       3       0       1
     220     242     252
 2     357       3       2       0
       3       0       1
     224     252     242
 2     358       3       2       0
       3       0       1
     226     245     253
 2     359       3       2       0
       3       0       1
     226     253     239
 2     360       3       2       0
       3       0       1
     218     250     255
 2     361       3       2       0
       3       0       1
     221     255     250
 2     362       3       2       0
       3       0       1
     213     249     256
 2     363       3       2       0
       3       0       1
     220     256     249
 2     364       3       2       0
       3       0       1
     233     257     256
 2     365       3       2       0
       3       0       1
     219     257     233
 2     366       3       2       0
       3       0       1
     218     232     258
 2     367       3       2       0
       3       0       1
     222     258     232
 2     368       3       2       0
       3       0       1
     217     246     259
 2     369       3       2       0
       3       0       1
     225     259     246
 2     370       3       2       0
       3       0       1
     215     245     260
 2     371       3       2       0
       3       0       1
     226     260     245
 2     372       3       2       0
       3       0       1
     247     269     237
 2     373       3       2       0
       3       0       1
     195     196     221
 2     374       3       2       0
       3       0       1
     204     205     228
 2     375       3       2       0
       3       0       1
     188     189     227
 2     376       3       2       0
       3       0       1
     227     261     238
 2     377       3       2       0
       3       0       1
     234     262     244
 2     378       3       2       0
       3       0       1
     214     263     242
 2     379       3       2       0
       3       0       1
     223     264     229
 2     380       3       2       0
       3       0       1
     226     265     240
 2     381       3       2       0
       3       0       1
     190     199     197
 2     382       3       2       0
       3       0       1
     207     208     224
 2     383       3       2       0
       3       0       1
     211     212     229
 2     384       3       2       0
       3       0       1
     193     194     230
 2     385       3       2       0
       3       0       1
     201     202     234
 2     386       3       2       0
       3       0       1
     200     201     237
 2     387       3       2       0
       3       0       1
     201     234     237
 2     388       3       2       0
       3       0       1
     192     193     238
 2     389       3       2       0
       3       0       1
     193     230     238
 2     390       3       2       0
       3       0       1
     184     185     239
 2     391       3       2       0
       3       0       1
     186     187     240
 2     392       3       2       0
       3       0       1
     209     210     241
 2     393       3       2       0
       3       0       1
     210     259     241
 2     394       3       2       0
       3       0       1
     187     260     240
 2     395       3       2       0
       3       0       1
     184     239     248
 2     396       3       2       0
       3       0       1
     194     250     230
 2     397       3       2       0
       3       0       1
     194     195     250
 2     398       3       2       0
       3       0       1
     195     221     250
 2     399       3       2       0
       3       0       1
     196     197     254
 2     400       3       2       0
       3       0       1
     196     254     221
 2     401       3       2       0
       3       0       1
     188     227     251
 2     402       3       2       0
       3       0       1
     187     188     251
 2     403       3       2       0
       3       0       1
     187     251     260
 2     404       3       2       0
       3       0       1
     189     261     227
 2     405       3       2       0
       3       0       1
     191     192     261
 2     406       3       2       0
       3       0       1
     192     238     261
 2     407       3       2       0
       3       0       1
     182     191     261
 2     408       3       2       0
       3       0       1
     182     261     189
 2     409       3       2       0
       3       0       1
     202     262     234
 2     410       3       2       0
       3       0       1
     202     203     262
 2     411       3       2       0
       3       0       1
     204     228     263
 2     412       3       2       0
       3       0       1
     203     204     263
 2     413       3       2       0
       3       0       1
     203     263     262
 2     414       3       2       0
       3       0       1
     211     229     264
 2     415       3       2       0
       3       0       1
     210     211     264
 2     416       3       2       0
       3       0       1
     210     264     259
 2     417       3       2       0
       3       0       1
     186     240     265
 2     418       3       2       0
       3       0       1
     185     186     265
 2     419       3       2       0
       3       0       1
     185     265     239
 2     420       3       2       0
       3       0       1
     212     266     229
 2     421       3       2       0
       3       0       1
     181     183     266
 2     422       3       2       0
       3       0       1
     181     266     212
 2     423       3       2       0
       3       0       1
     183     184     266
 2     424       3       2       0
       3       0       1
     184     248     266
 2     425       3       2       0
       3       0       1
     205     267     228
 2     426       3       2       0
       3       0       1
     198     206     267
 2     427       3       2       0
       3       0       1
     198     267     205
 2     428       3       2       0
       3       0       1
     206     207     267
 2     429       3       2       0
       3       0       1
     207     224     267
 2     430       3       2       0
       3       0       1
     208     209     268
 2     431       3       2       0
       3       0       1
     209     241     268
 2     432       3       2       0
       3       0       1
     199     200     269
 2     433       3       2       0
       3       0       1
     200     237     269
 2     434       3       2       0
       3       0       1
     197     269     254
 2     435       3       2       0
       3       0       1
     197     199     269
 2     436       3       2       0
       3       0       1
     208     268     224
 2     437       3       2       0
       3       0       1
     304     308     313
 2     438       3       2       0
       3       0       1
     307     322     347
 2     439       3       2       0
       3       0       1
     311     339     346
 2     440       3       2       0
       3       0       1
     312     340     319
 2     441       3       2       0
       3       0       1
     304     357     353
 2     442       3       2       0
       3       0       1
     313     341     318
 2     443       3       2       0
       3       0       1
     302     325     333
 2     444       3       2       0
       3       0       1
     330     340     345
 2     445       3       2       0
       3       0       1
     319     340     360
 2     446       3       2       0
       3       0       1
     328     341     344
 2     447       3       2       0
       3       0       1
     309     327     317
 2     448       3       2       0
       3       0       1
     322     339     347
 2     449       3       2       0
       3       0       1
     310     337     345
 2     450       3       2       0
       3       0       1
     323     338     349
 2     451       3       2       0
       3       0       1
     307     342     320
 2     452       3       2       0
       3       0       1
     305     312     334
 2     453       3       2       0
       3       0       1
     305     310     312
 2     454       3       2       0
       3       0       1
     306     343     352
 2     455       3       2       0
       3       0       1
     302     335     323
 2     456       3       2       0
       3       0       1
     306     321     309
 2     457       3       2       0
       3       0       1
     308     338     344
 2     458       3       2       0
       3       0       1
     305     325     310
 2     459       3       2       0
       3       0       1
     308     344     313
 2     460       3       2       0
       3       0       1
     304     326     308
 2     461       3       2       0
       3       0       1
     305     334     324
 2     462       3       2       0
       3       0       1
     316     352     329
 2     463       3       2       0
       3       0       1
     318     341     361
 2     464       3       2       0
       3       0       1
     304     313     357
 2     465       3       2       0
       3       0       1
     309     350     327
 2     466       3       2       0
       3       0       1
     306     309     343
 2     467       3       2       0
       3       0       1
     320     327     350
 2     468       3       2       0
       3       0       1
     307     335     322
 2     469       3       2       0
       3       0       1
     303     333     336
 2     470       3       2       0
       3       0       1
     314     351     332
 2     471       3       2       0
       3       0       1
     306     323     321
 2     472       3       2       0
       3       0       1
     307     321     335
 2     473       3       2       0
       3       0       1
     325     336     333
 2     474       3       2       0
       3       0       1
     326     337     348
 2     475       3       2       0
       3       0       1
     307     320     350
 2     476       3       2       0
       3       0       1
     302     323     349
 2     477       3       2       0
       3       0       1
     324     356     336
 2     478       3       2       0
       3       0       1
     316     359     328
 2     479       3       2       0
       3       0       1
     310     345     312
 2     480       3       2       0
       3       0       1
     303     356     351
 2     481       3       2       0
       3       0       1
     315     358     330
 2     482       3       2       0
       3       0       1
     315     353     331
 2     483       3       2       0
       3       0       1
     302     333     335
 2     484       3       2       0
       3       0       1
     303     322     333
 2     485       3       2       0
       3       0       1
     312     319     334
 2     486       3       2       0
       3       0       1
     321     323     335
 2     487       3       2       0
       3       0       1
     322     335     333
 2     488       3       2       0
       3       0       1
     305     324     336
 2     489       3       2       0
       3       0       1
     305     336     325
 2     490       3       2       0
       3       0       1
     304     337     326
 2     491       3       2       0
       3       0       1
     310     348     337
 2     492       3       2       0
       3       0       1
     306     338     323
 2     493       3       2       0
       3       0       1
     308     349     338
 2     494       3       2       0
       3       0       1
     303     339     322
 2     495       3       2       0
       3       0       1
     311     347     339
 2     496       3       2       0
       3       0       1
     312     345     340
 2     497       3       2       0
       3       0       1
     313     344     341
 2     498       3       2       0
       3       0       1
     309     317     343
 2     499       3       2       0
       3       0       1
     302     326     348
 2     500       3       2       0
       3       0       1
     316     344     338
 2     501       3       2       0
       3       0       1
     316     328     344
 2     502       3       2       0
       3       0       1
     315     345     337
 2     503       3       2       0
       3       0       1
     315     330     345
 2     504       3       2       0
       3       0       1
     314     346     339
 2     505       3       2       0
       3       0       1
     307     347     342
 2     506       3       2       0
       3       0       1
     311     342     347
 2     507       3       2       0
       3       0       1
     302     348     325
 2     508       3       2       0
       3       0       1
     310     325     348
 2     509       3       2       0
       3       0       1
     302     349     326
 2     510       3       2       0
       3       0       1
     308     326     349
 2     511       3       2       0
       3       0       1
     307     350     321
 2     512       3       2       0
       3       0       1
     309     321     350
 2     513       3       2       0
       3       0       1
     303     351     339
 2     514       3       2       0
       3       0       1
     314     339     351
 2     515       3       2       0
       3       0       1
     306     352     338
 2     516       3       2       0
       3       0       1
     316     338     352
 2     517       3       2       0
       3       0       1
     304     353     337
 2     518       3       2       0
       3       0       1
     315     337     353
 2     519       3       2       0
       3       0       1
     287     354     288
 2     520       3       2       0
       3       0       1
     314     354     346
 2     521       3       2       0
       3       0       1
     317     327     355
 2     522       3       2       0
       3       0       1
     303     336     356
 2     523       3       2       0
       3       0       1
     313     318     357
 2     524       3       2       0
       3       0       1
     315     331     358
 2     525       3       2       0
       3       0       1
     316     329     359
 2     526       3       2       0
       3       0       1
     314     332     362
 2     527       3       2       0
       3       0       1
     314     362     354
 2     528       3       2       0
       3       0       1
     299     311     300
 2     529       3       2       0
       3       0       1
     277     317     278
 2     530       3       2       0
       3       0       1
     285     318     286
 2     531       3       2       0
       3       0       1
     293     319     294
 2     532       3       2       0
       3       0       1
     297     320     298
 2     533       3       2       0
       3       0       1
     291     324     292
 2     534       3       2       0
       3       0       1
     296     327     297
 2     535       3       2       0
       3       0       1
     297     327     320
 2     536       3       2       0
       3       0       1
     273     328     274
 2     537       3       2       0
       3       0       1
     275     329     276
 2     538       3       2       0
       3       0       1
     281     330     282
 2     539       3       2       0
       3       0       1
     283     331     284
 2     540       3       2       0
       3       0       1
     289     332     290
 2     541       3       2       0
       3       0       1
     292     324     334
 2     542       3       2       0
       3       0       1
     292     334     293
 2     543       3       2       0
       3       0       1
     293     334     319
 2     544       3       2       0
       3       0       1
     276     329     352
 2     545       3       2       0
       3       0       1
     284     331     353
 2     546       3       2       0
       3       0       1
     290     332     351
 2     547       3       2       0
       3       0       1
     281     340     330
 2     548       3       2       0
       3       0       1
     273     341     328
 2     549       3       2       0
       3       0       1
     298     320     342
 2     550       3       2       0
       3       0       1
     298     342     299
 2     551       3       2       0
       3       0       1
     299     342     311
 2     552       3       2       0
       3       0       1
     300     346     301
 2     553       3       2       0
       3       0       1
     300     311     346
 2     554       3       2       0
       3       0       1
     277     343     317
 2     555       3       2       0
       3       0       1
     276     343     277
 2     556       3       2       0
       3       0       1
     276     352     343
 2     557       3       2       0
       3       0       1
     301     354     287
 2     558       3       2       0
       3       0       1
     301     346     354
 2     559       3       2       0
       3       0       1
     278     317     355
 2     560       3       2       0
       3       0       1
     295     355     296
 2     561       3       2       0
       3       0       1
     296     355     327
 2     562       3       2       0
       3       0       1
     271     355     295
 2     563       3       2       0
       3       0       1
     271     278     355
 2     564       3       2       0
       3       0       1
     291     356     324
 2     565       3       2       0
       3       0       1
     290     356     291
 2     566       3       2       0
       3       0       1
     290     351     356
 2     567       3       2       0
       3       0       1
     285     357     318
 2     568       3       2       0
       3       0       1
     284     357     285
 2     569       3       2       0
       3       0       1
     284     353     357
 2     570       3       2       0
       3       0       1
     283     358     331
 2     571       3       2       0
       3       0       1
     282     358     283
 2     572       3       2       0
       3       0       1
     282     330     358
 2     573       3       2       0
       3       0       1
     275     359     329
 2     574       3       2       0
       3       0       1
     274     359     275
 2     575       3       2       0
       3       0       1
     274     328     359
 2     576       3       2       0
       3       0       1
     294     319     360
 2     577       3       2       0
       3       0       1
     279     360     280
 2     578       3       2       0
       3       0       1
     279     294     360
 2     579       3       2       0
       3       0       1
     280     360     281
 2     580       3       2       0
       3       0       1
     281     360     340
 2     581       3       2       0
       3       0       1
     286     318     361
 2     582       3       2       0
       3       0       1
     270     361     272
 2     583       3       2       0
       3       0       1
     270     286     361
 2     584       3       2       0
       3       0       1
     272     361     273
 2     585       3       2       0
       3       0       1
     273     361     341
 2     586       3       2       0
       3       0       1
     288     354     362
 2     587       3       2       0
       3       0       1
     288     362     289
 2     588       3       2       0
       3       0       1
     289     362     332
 2     589       3       2       0
       3       0       1
     396     443     449
 2     590       3       2       0
       3       0       1
     395     424     417
 2     591       3       2       0
       3       0       1
     405     412     434
 2     592       3       2       0
       3       0       1
     407     456     423
 2     593       3       2       0
       3       0       1
     400     427     413
 2     594       3       2       0
       3       0       1
     400     435     414
 2     595       3       2       0
       3       0       1
     401     437     431
 2     596       3       2       0
       3       0       1
     403     405     439
 2     597       3       2       0
       3       0       1
     402     436     433
 2     598       3       2       0
       3       0       1
     421     439     434
 2     599       3       2       0
       3       0       1
     397     444     450
 2     600       3       2       0
       3       0       1
     400     428     435
 2     601       3       2       0
       3       0       1
     403     439     430
 2     602       3       2       0
       3       0       1
     407     423     443
 2     603       3       2       0
       3       0       1
     395     442     415
 2     604       3       2       0
       3       0       1
     395     441     418
 2     605       3       2       0
       3       0       1
     398     425     405
 2     606       3       2       0
       3       0       1
     409     455     446
 2     607       3       2       0
       3       0       1
     406     445     437
 2     608       3       2       0
       3       0       1
     399     413     415
 2     609       3       2       0
       3       0       1
     412     452     434
 2     610       3       2       0
       3       0       1
     406     411     453
 2     611       3       2       0
       3       0       1
     404     440     432
 2     612       3       2       0
       3       0       1
     398     405     403
 2     613       3       2       0
       3       0       1
     398     403     417
 2     614       3       2       0
       3       0       1
     399     447     433
 2     615       3       2       0
       3       0       1
     409     446     438
 2     616       3       2       0
       3       0       1
     398     416     425
 2     617       3       2       0
       3       0       1
     400     414     427
 2     618       3       2       0
       3       0       1
     402     428     436
 2     619       3       2       0
       3       0       1
     396     429     424
 2     620       3       2       0
       3       0       1
     399     433     413
 2     621       3       2       0
       3       0       1
     415     442     431
 2     622       3       2       0
       3       0       1
     395     415     427
 2     623       3       2       0
       3       0       1
     397     426     401
 2     624       3       2       0
       3       0       1
     417     424     429
 2     625       3       2       0
       3       0       1
     418     441     430
 2     626       3       2       0
       3       0       1
     397     401     418
 2     627       3       2       0
       3       0       1
     410     419     448
 2     628       3       2       0
       3       0       1
     410     448     431
 2     629       3       2       0
       3       0       1
     408     421     451
 2     630       3       2       0
       3       0       1
     396     449     429
 2     631       3       2       0
       3       0       1
     408     422     444
 2     632       3       2       0
       3       0       1
     395     427     424
 2     633       3       2       0
       3       0       1
     396     424     414
 2     634       3       2       0
       3       0       1
     405     425     412
 2     635       3       2       0
       3       0       1
     406     426     411
 2     636       3       2       0
       3       0       1
     413     427     415
 2     637       3       2       0
       3       0       1
     414     424     427
 2     638       3       2       0
       3       0       1
     410     431     437
 2     639       3       2       0
       3       0       1
     413     433     436
 2     640       3       2       0
       3       0       1
     398     429     416
 2     641       3       2       0
       3       0       1
     398     417     429
 2     642       3       2       0
       3       0       1
     411     426     450
 2     643       3       2       0
       3       0       1
     397     418     430
 2     644       3       2       0
       3       0       1
     403     430     441
 2     645       3       2       0
       3       0       1
     399     415     431
 2     646       3       2       0
       3       0       1
     401     431     442
 2     647       3       2       0
       3       0       1
     396     414     432
 2     648       3       2       0
       3       0       1
     404     432     435
 2     649       3       2       0
       3       0       1
     409     433     447
 2     650       3       2       0
       3       0       1
     402     433     438
 2     651       3       2       0
       3       0       1
     405     434     439
 2     652       3       2       0
       3       0       1
     414     435     432
 2     653       3       2       0
       3       0       1
     404     435     428
 2     654       3       2       0
       3       0       1
     400     413     436
 2     655       3       2       0
       3       0       1
     400     436     428
 2     656       3       2       0
       3       0       1
     401     426     437
 2     657       3       2       0
       3       0       1
     406     437     426
 2     658       3       2       0
       3       0       1
     409     438     433
 2     659       3       2       0
       3       0       1
     407     440     456
 2     660       3       2       0
       3       0       1
     408     430     439
 2     661       3       2       0
       3       0       1
     408     439     421
 2     662       3       2       0
       3       0       1
     407     432     440
 2     663       3       2       0
       3       0       1
     395     417     441
 2     664       3       2       0
       3       0       1
     403     441     417
 2     665       3       2       0
       3       0       1
     395     418     442
 2     666       3       2       0
       3       0       1
     401     442     418
 2     667       3       2       0
       3       0       1
     396     432     443
 2     668       3       2       0
       3       0       1
     407     443     432
 2     669       3       2       0
       3       0       1
     397     430     444
 2     670       3       2       0
       3       0       1
     408     444     430
 2     671       3       2       0
       3       0       1
     409     420     455
 2     672       3       2       0
       3       0       1
     410     437     445
 2     673       3       2       0
       3       0       1
     385     402     386
 2     674       3       2       0
       3       0       1
     372     446     373
 2     675       3       2       0
       3       0       1
     409     447     420
 2     676       3       2       0
       3       0       1
     399     431     448
 2     677       3       2       0
       3       0       1
     399     448     447
 2     678       3       2       0
       3       0       1
     416     429     449
 2     679       3       2       0
       3       0       1
     397     450     426
 2     680       3       2       0
       3       0       1
     408     451     422
 2     681       3       2       0
       3       0       1
     410     454     419
 2     682       3       2       0
       3       0       1
     410     445     454
 2     683       3       2       0
       3       0       1
     380     388     381
 2     684       3       2       0
       3       0       1
     382     404     383
 2     685       3       2       0
       3       0       1
     378     445     406
 2     686       3       2       0
       3       0       1
     370     371     411
 2     687       3       2       0
       3       0       1
     393     394     412
 2     688       3       2       0
       3       0       1
     391     392     416
 2     689       3       2       0
       3       0       1
     375     419     376
 2     690       3       2       0
       3       0       1
     374     420     375
 2     691       3       2       0
       3       0       1
     366     367     421
 2     692       3       2       0
       3       0       1
     368     369     422
 2     693       3       2       0
       3       0       1
     389     390     423
 2     694       3       2       0
       3       0       1
     392     425     416
 2     695       3       2       0
       3       0       1
     392     393     425
 2     696       3       2       0
       3       0       1
     393     412     425
 2     697       3       2       0
       3       0       1
     384     428     385
 2     698       3       2       0
       3       0       1
     385     428     402
 2     699       3       2       0
       3       0       1
     383     404     428
 2     700       3       2       0
       3       0       1
     383     428     384
 2     701       3       2       0
       3       0       1
     369     444     422
 2     702       3       2       0
       3       0       1
     390     443     423
 2     703       3       2       0
       3       0       1
     366     421     434
 2     704       3       2       0
       3       0       1
     386     402     438
 2     705       3       2       0
       3       0       1
     386     438     387
 2     706       3       2       0
       3       0       1
     381     440     382
 2     707       3       2       0
       3       0       1
     382     440     404
 2     708       3       2       0
       3       0       1
     377     445     378
 2     709       3       2       0
       3       0       1
     387     446     372
 2     710       3       2       0
       3       0       1
     387     438     446
 2     711       3       2       0
       3       0       1
     375     420     447
 2     712       3       2       0
       3       0       1
     375     447     448
 2     713       3       2       0
       3       0       1
     375     448     419
 2     714       3       2       0
       3       0       1
     391     416     449
 2     715       3       2       0
       3       0       1
     390     391     449
 2     716       3       2       0
       3       0       1
     390     449     443
 2     717       3       2       0
       3       0       1
     370     411     450
 2     718       3       2       0
       3       0       1
     369     370     450
 2     719       3       2       0
       3       0       1
     369     450     444
 2     720       3       2       0
       3       0       1
     368     422     451
 2     721       3       2       0
       3       0       1
     367     368     451
 2     722       3       2       0
       3       0       1
     367     451     421
 2     723       3       2       0
       3       0       1
     394     452     412
 2     724       3       2       0
       3       0       1
     363     365     452
 2     725       3       2       0
       3       0       1
     363     452     394
 2     726       3       2       0
       3       0       1
     365     366     452
 2     727       3       2       0
       3       0       1
     366     434     452
 2     728       3       2       0
       3       0       1
     371     453     411
 2     729       3       2       0
       3       0       1
     364     379     453
 2     730       3       2       0
       3       0       1
     364     453     371
 2     731       3       2       0
       3       0       1
     378     406     453
 2     732       3       2       0
       3       0       1
     378     453     379
 2     733       3       2       0
       3       0       1
     377     454     445
 2     734       3       2       0
       3       0       1
     376     419     454
 2     735       3       2       0
       3       0       1
     376     454     377
 2     736       3       2       0
       3       0       1
     373     446     455
 2     737       3       2       0
       3       0       1
     373     455     374
 2     738       3       2       0
       3       0       1
     374     455     420
 2     739       3       2       0
       3       0       1
     388     389     456
 2     740       3       2       0
       3       0       1
     389     423     456
 2     741       3       2       0
       3       0       1
     381     456     440
 2     742       3       2       0
       3       0       1
     381     388     456
 2     743       3       2       0
       3       0       1
     493     496     504
 2     744       3       2       0
       3       0       1
     487     488     503
 2     745       3       2       0
       3       0       1
     495     500     530
 2     746       3       2       0
       3       0       1
     489     525     504
 2     747       3       2       0
       3       0       1
     490     539     500
 2     748       3       2       0
       3       0       1
     492     536     527
 2     749       3       2       0
       3       0       1
     502     515     542
 2     750       3       2       0
       3       0       1
     497     514     535
 2     751       3       2       0
       3       0       1
     489     528     510
 2     752       3       2       0
       3       0       1
     515     530     524
 2     753       3       2       0
       3       0       1
     495     530     529
 2     754       3       2       0
       3       0       1
     494     519     508
 2     755       3       2       0
       3       0       1
     494     507     526
 2     756       3       2       0
       3       0       1
     500     505     524
 2     757       3       2       0
       3       0       1
     495     504     525
 2     758       3       2       0
       3       0       1
     489     519     512
 2     759       3       2       0
       3       0       1
     506     543     523
 2     760       3       2       0
       3       0       1
     501     518     536
 2     761       3       2       0
       3       0       1
     494     533     509
 2     762       3       2       0
       3       0       1
     496     531     521
 2     763       3       2       0
       3       0       1
     492     508     510
 2     764       3       2       0
       3       0       1
     505     544     524
 2     765       3       2       0
       3       0       1
     490     500     495
 2     766       3       2       0
       3       0       1
     503     537     514
 2     767       3       2       0
       3       0       1
     490     525     520
 2     768       3       2       0
       3       0       1
     522     545     513
 2     769       3       2       0
       3       0       1
     492     497     508
 2     770       3       2       0
       3       0       1
     509     533     522
 2     771       3       2       0
       3       0       1
     498     532     522
 2     772       3       2       0
       3       0       1
     497     503     514
 2     773       3       2       0
       3       0       1
     517     531     523
 2     774       3       2       0
       3       0       1
     493     540     499
 2     775       3       2       0
       3       0       1
     490     495     525
 2     776       3       2       0
       3       0       1
     522     532     545
 2     777       3       2       0
       3       0       1
     493     499     496
 2     778       3       2       0
       3       0       1
     490     538     539
 2     779       3       2       0
       3       0       1
     511     538     520
 2     780       3       2       0
       3       0       1
     499     506     523
 2     781       3       2       0
       3       0       1
     493     534     540
 2     782       3       2       0
       3       0       1
     492     527     497
 2     783       3       2       0
       3       0       1
     507     535     514
 2     784       3       2       0
       3       0       1
     494     509     519
 2     785       3       2       0
       3       0       1
     491     522     513
 2     786       3       2       0
       3       0       1
     502     516     534
 2     787       3       2       0
       3       0       1
     489     510     519
 2     788       3       2       0
       3       0       1
     491     520     512
 2     789       3       2       0
       3       0       1
     491     512     509
 2     790       3       2       0
       3       0       1
     491     513     511
 2     791       3       2       0
       3       0       1
     496     499     531
 2     792       3       2       0
       3       0       1
     494     535     507
 2     793       3       2       0
       3       0       1
     501     517     541
 2     794       3       2       0
       3       0       1
     491     511     520
 2     795       3       2       0
       3       0       1
     508     519     510
 2     796       3       2       0
       3       0       1
     509     512     519
 2     797       3       2       0
       3       0       1
     489     504     528
 2     798       3       2       0
       3       0       1
     490     520     538
 2     799       3       2       0
       3       0       1
     492     510     521
 2     800       3       2       0
       3       0       1
     496     521     528
 2     801       3       2       0
       3       0       1
     491     509     522
 2     802       3       2       0
       3       0       1
     498     522     533
 2     803       3       2       0
       3       0       1
     499     523     531
 2     804       3       2       0
       3       0       1
     500     524     530
 2     805       3       2       0
       3       0       1
     489     512     525
 2     806       3       2       0
       3       0       1
     512     520     525
 2     807       3       2       0
       3       0       1
     497     527     503
 2     808       3       2       0
       3       0       1
     496     528     504
 2     809       3       2       0
       3       0       1
     510     528     521
 2     810       3       2       0
       3       0       1
     493     504     529
 2     811       3       2       0
       3       0       1
     495     529     504
 2     812       3       2       0
       3       0       1
     502     529     530
 2     813       3       2       0
       3       0       1
     502     530     515
 2     814       3       2       0
       3       0       1
     501     521     531
 2     815       3       2       0
       3       0       1
     501     531     517
 2     816       3       2       0
       3       0       1
     494     526     533
 2     817       3       2       0
       3       0       1
     498     533     526
 2     818       3       2       0
       3       0       1
     493     529     534
 2     819       3       2       0
       3       0       1
     502     534     529
 2     820       3       2       0
       3       0       1
     494     508     535
 2     821       3       2       0
       3       0       1
     497     535     508
 2     822       3       2       0
       3       0       1
     492     521     536
 2     823       3       2       0
       3       0       1
     501     536     521
 2     824       3       2       0
       3       0       1
     463     464     498
 2     825       3       2       0
       3       0       1
     500     539     505
 2     826       3       2       0
       3       0       1
     499     540     506
 2     827       3       2       0
       3       0       1
     501     541     518
 2     828       3       2       0
       3       0       1
     502     542     516
 2     829       3       2       0
       3       0       1
     458     473     465
 2     830       3       2       0
       3       0       1
     467     505     468
 2     831       3       2       0
       3       0       1
     475     506     476
 2     832       3       2       0
       3       0       1
     461     462     507
 2     833       3       2       0
       3       0       1
     470     511     471
 2     834       3       2       0
       3       0       1
     471     511     513
 2     835       3       2       0
       3       0       1
     471     513     472
 2     836       3       2       0
       3       0       1
     460     461     514
 2     837       3       2       0
       3       0       1
     461     507     514
 2     838       3       2       0
       3       0       1
     479     515     480
 2     839       3       2       0
       3       0       1
     477     516     478
 2     840       3       2       0
       3       0       1
     483     484     517
 2     841       3       2       0
       3       0       1
     485     486     518
 2     842       3       2       0
       3       0       1
     477     534     516
 2     843       3       2       0
       3       0       1
     486     536     518
 2     844       3       2       0
       3       0       1
     483     517     523
 2     845       3       2       0
       3       0       1
     480     515     524
 2     846       3       2       0
       3       0       1
     462     526     507
 2     847       3       2       0
       3       0       1
     462     463     526
 2     848       3       2       0
       3       0       1
     463     498     526
 2     849       3       2       0
       3       0       1
     464     465     532
 2     850       3       2       0
       3       0       1
     464     532     498
 2     851       3       2       0
       3       0       1
     487     503     527
 2     852       3       2       0
       3       0       1
     486     487     527
 2     853       3       2       0
       3       0       1
     486     527     536
 2     854       3       2       0
       3       0       1
     488     537     503
 2     855       3       2       0
       3       0       1
     457     459     537
 2     856       3       2       0
       3       0       1
     457     537     488
 2     857       3       2       0
       3       0       1
     459     460     537
 2     858       3       2       0
       3       0       1
     460     514     537
 2     859       3       2       0
       3       0       1
     470     538     511
 2     860       3       2       0
       3       0       1
     469     538     470
 2     861       3       2       0
       3       0       1
     468     505     539
 2     862       3       2       0
       3       0       1
     468     539     469
 2     863       3       2       0
       3       0       1
     469     539     538
 2     864       3       2       0
       3       0       1
     476     506     540
 2     865       3       2       0
       3       0       1
     476     540     477
 2     866       3       2       0
       3       0       1
     477     540     534
 2     867       3       2       0
       3       0       1
     485     518     541
 2     868       3       2       0
       3       0       1
     484     485     541
 2     869       3       2       0
       3       0       1
     484     541     517
 2     870       3       2       0
       3       0       1
     478     516     542
 2     871       3       2       0
       3       0       1
     478     542     479
 2     872       3       2       0
       3       0       1
     479     542     515
 2     873       3       2       0
       3       0       1
     475     543     506
 2     874       3       2       0
       3       0       1
     474     482     543
 2     875       3       2       0
       3       0       1
     474     543     475
 2     876       3       2       0
       3       0       1
     482     483     543
 2     877       3       2       0
       3       0       1
     483     523     543
 2     878       3       2       0
       3       0       1
     467     544     505
 2     879       3       2       0
       3       0       1
     466     481     544
 2     880       3       2       0
       3       0       1
     466     544     467
 2     881       3       2       0
       3       0       1
     480     524     544
 2     882       3       2       0
       3       0       1
     480     544     481
 2     883       3       2       0
       3       0       1
     472     545     473
 2     884       3       2       0
       3       0       1
     472     513     545
 2     885       3       2       0
       3       0       1
     465     545     532
 2     886       3       2       0
       3       0       1
     465     473     545
 2     887       2       2       0
       2       0       5
     278     277
 2     888       2       2       0
       2       0       5
     274     273
 2     889       2       2       0
       2       0       5
     276     275
 2     890       2       2       0
       2       0       5
     277     276
 2     891       2       2       0
       2       0       5
     271     278
 2     892       2       2       0
       2       0       5
     275     274
 2     893       2       2       0
       2       0       5
     272     270
 2     894       2       2       0
       2       0       5
     273     272
 2     895       2       2       0
       2       0       5
     286     285
 2     896       2       2       0
       2       0       5
     282     281
 2     897       2       2       0
       2       0       5
     284     283
 2     898       2       2       0
       2       0       5
     285     284
 2     899       2       2       0
       2       0       5
     283     282
 2     900       2       2       0
       2       0       5
     280     279
 2     901       2       2       0
       2       0       5
     281     280
 2     902       2       2       0
       2       0       5
     270     286
 2     903       2       2       0
       2       0       5
     288     287
 2     904       2       2       0
       2       0       5
     294     293
 2     905       2       2       0
       2       0       5
     292     291
 2     906       2       2       0
       2       0       5
     290     289
 2     907       2       2       0
       2       0       5
     293     292
 2     908       2       2       0
       2       0       5
     291     290
 2     909       2       2       0
       2       0       5
     279     294
 2     910       2       2       0
       2       0       5
     289     288
 2     911       2       2       0
       2       0       5
     300     299
 2     912       2       2       0
       2       0       5
     298     297
 2     913       2       2       0
       2       0       5
     297     296
 2     914       2       2       0
       2       0       5
     299     298
 2     915       2       2       0
       2       0       5
     301     300
 2     916       2       2       0
       2       0       5
     287     301
 2     917       2       2       0
       2       0       5
     296     295
 2     918       2       2       0
       2       0       5
     295     271
 2     919       2       2       0
       2       0       7
      92      90
 2     920       2       2       0
       2       0       7
      97      96
 2     921       2       2       0
       2       0       7
      95      94
 2     922       2       2       0
       2       0       7
      94      93
 2     923       2       2       0
       2       0       7
      96      95
 2     924       2       2       0
       2       0       7
      91      98
 2     925       2       2       0
       2       0       7
      98      97
 2     926       2       2       0
       2       0       7
      93      92
 2     927       2       2       0
       2       0       7
     102     101
 2     928       2       2       0
       2       0       7
     105     104
 2     929       2       2       0
       2       0       7
     100      99
 2     930       2       2       0
       2       0       7
     103     102
 2     931       2       2       0
       2       0       7
     104     103
 2     932       2       2       0
       2       0       7
     101     100
 2     933       2       2       0
       2       0       7
     106     105
 2     934       2       2       0
       2       0       7
      90     106
 2     935       2       2       0
       2       0       7
      99     108
 2     936       2       2       0
       2       0       7
     113     114
 2     937       2       2       0
       2       0       7
     110     111
 2     938       2       2       0
       2       0       7
     109     110
 2     939       2       2       0
       2       0       7
     111     112
 2     940       2       2       0
       2       0       7
     112     113
 2     941       2       2       0
       2       0       7
     114     107
 2     942       2       2       0
       2       0       7
     108     109
 2     943       2       2       0
       2       0       7
     116     117
 2     944       2       2       0
       2       0       7
     120     121
 2     945       2       2       0
       2       0       7
     118     119
 2     946       2       2       0
       2       0       7
     119     120
 2     947       2       2       0
       2       0       7
     121      91
 2     948       2       2       0
       2       0       7
     107     115
 2     949       2       2       0
       2       0       7
     115     116
 2     950       2       2       0
       2       0       7
     117     118
 2     951       2       2       0
       2       0       9
     370     371
 2     952       2       2       0
       2       0       9
     366     367
 2     953       2       2       0
       2       0       9
     368     369
 2     954       2       2       0
       2       0       9
     369     370
 2     955       2       2       0
       2       0       9
     367     368
 2     956       2       2       0
       2       0       9
     363     365
 2     957       2       2       0
       2       0       9
     365     366
 2     958       2       2       0
       2       0       9
     371     364
 2     959       2       2       0
       2       0       9
     373     372
 2     960       2       2       0
       2       0       9
     376     375
 2     961       2       2       0
       2       0       9
     375     374
 2     962       2       2       0
       2       0       9
     378     377
 2     963       2       2       0
       2       0       9
     364     379
 2     964       2       2       0
       2       0       9
     379     378
 2     965       2       2       0
       2       0       9
     377     376
 2     966       2       2       0
       2       0       9
     374     373
 2     967       2       2       0
       2       0       9
     386     385
 2     968       2       2       0
       2       0       9
     381     380
 2     969       2       2       0
       2       0       9
     383     382
 2     970       2       2       0
       2       0       9
     385     384
 2     971       2       2       0
       2       0       9
     384     383
 2     972       2       2       0
       2       0       9
     387     386
 2     973       2       2       0
       2       0       9
     382     381
 2     974       2       2       0
       2       0       9
     372     387
 2     975       2       2       0
       2       0       9
     380     388
 2     976       2       2       0
       2       0       9
     393     394
 2     977       2       2       0
       2       0       9
     391     392
 2     978       2       2       0
       2       0       9
     389     390
 2     979       2       2       0
       2       0       9
     392     393
 2     980       2       2       0
       2       0       9
     390     391
 2     981       2       2       0
       2       0       9
     394     363
 2     982       2       2       0
       2       0       9
     388     389
 2     983       2       2       0
       2       0      11
       7       8
 2     984       2       2       0
       2       0      11
       9       2
 2     985       2       2       0
       2       0      11
       5       6
 2     986       2       2       0
       2       0      11
       4       5
 2     987       2       2       0
       2       0      11
       6       7
 2     988       2       2       0
       2       0      11
       8       9
 2     989       2       2       0
       2       0      11
       1       3
 2     990       2       2       0
       2       0      11
       3       4
 2     991       2       2       0
       2       0      11
       2      17
 2     992       2       2       0
       2       0      11
      12      11
 2     993       2       2       0
       2       0      11
      15      14
 2     994       2       2       0
       2       0      11
      16      15
 2     995       2       2       0
       2       0      11
      14      13
 2     996       2       2       0
       2       0      11
      13      12
 2     997       2       2       0
       2       0      11
      11      10
 2     998       2       2       0
       2       0      11
      17      16
 2     999       2       2       0
       2       0      11
      20      19
 2    1000       2       2       0
       2       0      11
      24      23
 2    1001       2       2       0
       2       0      11
      22      21
 2    1002       2       2       0
       2       0      11
      21      20
 2    1003       2       2       0
       2       0      11
      23      22
 2    1004       2       2       0
       2       0      11
      19      18
 2    1005       2       2       0
       2       0      11
      10      25
 2    1006       2       2       0
       2       0      11
      25      24
 2    1007       2       2       0
       2       0      11
      31      32
 2    1008       2       2       0
       2       0      11
      27      28
 2    1009       2       2       0
       2       0      11
      29      30
 2    1010       2       2       0
       2       0      11
      30      31
 2    1011       2       2       0
       2       0      11
      32       1
 2    1012       2       2       0
       2       0      11
      28      29
 2    1013       2       2       0
       2       0      11
      18      26
 2    1014       2       2       0
       2       0      11
      26      27
 2    1015       2       2       0
       2       0      13
     463     464
 2    1016       2       2       0
       2       0      13
     465     458
 2    1017       2       2       0
       2       0      13
     461     462
 2    1018       2       2       0
       2       0      13
     460     461
 2    1019       2       2       0
       2       0      13
     462     463
 2    1020       2       2       0
       2       0      13
     464     465
 2    1021       2       2       0
       2       0      13
     457     459
 2    1022       2       2       0
       2       0      13
     459     460
 2    1023       2       2       0
       2       0      13
     458     473
 2    1024       2       2       0
       2       0      13
     468     467
 2    1025       2       2       0
       2       0      13
     471     470
 2    1026       2       2       0
       2       0      13
     472     471
 2    1027       2       2       0
       2       0      13
     470     469
 2    1028       2       2       0
       2       0      13
     469     468
 2    1029       2       2       0
       2       0      13
     467     466
 2    1030       2       2       0
       2       0      13
     473     472
 2    1031       2       2       0
       2       0      13
     476     475
 2    1032       2       2       0
       2       0      13
     480     479
 2    1033       2       2       0
       2       0      13
     478     477
 2    1034       2       2       0
       2       0      13
     477     476
 2    1035       2       2       0
       2       0      13
     479     478
 2    1036       2       2       0
       2       0      13
     475     474
 2    1037       2       2       0
       2       0      13
     466     481
 2    1038       2       2       0
       2       0      13
     481     480
 2    1039       2       2       0
       2       0      13
     487     488
 2    1040       2       2       0
       2       0      13
     483     484
 2    1041       2       2       0
       2       0      13
     485     486
 2    1042       2       2       0
       2       0      13
     486     487
 2    1043       2       2       0
       2       0      13
     488     457
 2    1044       2       2       0
       2       0      13
     484     485
 2    1045       2       2       0
       2       0      13
     474     482
 2    1046       2       2       0
       2       0      13
     482     483
 2    1047       2       2       0
       2       0      14
     188     189
 2    1048       2       2       0
       2       0      14
     184     185
 2    1049       2       2       0
       2       0      14
     186     187
 2    1050       2       2       0
       2       0      14
     187     188
 2    1051       2       2       0
       2       0      14
     189     182
 2    1052       2       2       0
       2       0      14
     185     186
 2    1053       2       2       0
       2       0      14
     181     183
 2    1054       2       2       0
       2       0      14
     183     184
 2    1055       2       2       0
       2       0      14
     195     196
 2    1056       2       2       0
       2       0      14
     197     190
 2    1057       2       2       0
       2       0      14
     193     194
 2    1058       2       2       0
       2       0      14
     192     193
 2    1059       2       2       0
       2       0      14
     194     195
 2    1060       2       2       0
       2       0      14
     196     197
 2    1061       2       2       0
       2       0      14
     191     192
 2    1062       2       2       0
       2       0      14
     182     191
 2    1063       2       2       0
       2       0      14
     204     205
 2    1064       2       2       0
       2       0      14
     190     199
 2    1065       2       2       0
       2       0      14
     201     202
 2    1066       2       2       0
       2       0      14
     200     201
 2    1067       2       2       0
       2       0      14
     202     203
 2    1068       2       2       0
       2       0      14
     203     204
 2    1069       2       2       0
       2       0      14
     205     198
 2    1070       2       2       0
       2       0      14
     199     200
 2    1071       2       2       0
       2       0      14
     207     208
 2    1072       2       2       0
       2       0      14
     211     212
 2    1073       2       2       0
       2       0      14
     209     210
 2    1074       2       2       0
       2       0      14
     210     211
 2    1075       2       2       0
       2       0      14
     212     181
 2    1076       2       2       0
       2       0      14
     198     206
 2    1077       2       2       0
       2       0      14
     206     207
 2    1078       2       2       0
       2       0      14
     208     209
21       1    1772     179
BOX         
       7       1       7       2       7       3       7       4       7       5
       7       6       7       7       7       8       7       9       7      10
       7      11       7      12       7      13       7      14       7      15
       7      16       7      17       7      18       7      19       7      20
       7      21       7      22       7      23       7      24       7      25
       7      26       7      27       7      28       7      29       7      30
       7      31       7      32       7      33       7      34       7      35
       7      36       7      37       7      38       7      39       7      40
       7      41       7      42       7      43       7      44       7      45
       7      46       7      47       7      48       7      49       7      50
       7      51       7      52       7      53       7      54       7      55
       7      56       7      57       7      58       7      59       7      60
       7      61       7      62       7      63       7      64       7      65
       7      66       7      67       7      68       7      69       7      70
       7      71       7      72       7      73       7      74       7      75
       7      76       7      77       7      78       7      79       7      80
       7      81       7      82       7      83       7      84       7      85
       7      86       7      87       7      88       7      89       7      90
       7      91       7      92       7      93       7      94       7      95
       7      96       7      97       7      98       7      99       7     100
       7     101       7     102       7     103       7     104       7     105
       7     106       7     107       7     108       7     109       7     110
       7     111       7     112       7     113       7     114       7     115
       7     116       7     117       7     118       7     119       7     120
       7     121       7     122       7     123       7     124       7     125
       7     126       7     127       7     128       7     129       7     130
       7     131       7     132       7     133       7     134       7     135
       7     136       7     137       7     138       7     139       7     140
       7     141       7     142       7     143       7     144       7     145
       7     146       7     147       7     148       7     149       7     150
       7     151       7     152       7     153       7     154       7     155
       7     156       7     157       7     158       7     159       7     160
       7     161       7     162       7     163       7     164       7     165
       7     166       7     167       7     168       7     169       7     170
       7     171       7     172       7     173       7     174       7     175
       7     176       7     177       7     178       7     179       7     180
       7     181       7     182       7     183       7     184       7     185
       7     186       7     187       7     188       7     189       7     190
       7     191       7     192       7     193       7     194       7     195
       7     196       7     197       7     198       7     199       7     200
       7     201       7     202       7     203       7     204       7     205
       7     206       7     207       7     208       7     209       7     210
       7     211       7     212       7     213       7     214       7     215
       7     216       7     217       7     218       7     219       7     220
       7     221       7     222       7     223       7     224       7     225
       7     226       7     227       7     228       7     229       7     230
       7     231       7     232       7     233       7     234       7     235
       7     236       7     237       7     238       7     239       7     240
       7     241       7     242       7     243       7     244       7     245
       7     246       7     247       7     248       7     249       7     250
       7     251       7     252       7     253       7     254       7     255
       7     256       7     257       7     258       7     259       7     260
       7     261       7     262       7     263       7     264       7     265
       7     266       7     267       7     268       7     269       7     270
       7     271       7     272       7     273       7     274       7     275
       7     276       7     277       7     278       7     279       7     280
       7     281       7     282       7     283       7     284       7     285
       7     286       7     287       7     288       7     289       7     290
       7     291       7     292       7     293       7     294       7     295
       7     296       7     297       7     298       7     299       7     300
       7     301       7     302       7     303       7     304       7     305
       7     306       7     307       7     308       7     309       7     310
       7     311       7     312       7     313       7     314       7     315
       7     316       7     317       7     318       7     319       7     320
       7     321       7     322       7     323       7     324       7     325
       7     326       7     327       7     328       7     329       7     330
       7     331       7     332       7     333       7     334       7     335
       7     336       7     337       7     338       7     339       7     340
       7     341       7     342       7     343       7     344       7     345
       7     346       7     347       7     348       7     349       7     350
       7     351       7     352       7     353       7     354       7     355
       7     356       7     357       7     358       7     359       7     360
       7     361       7     362       7     363       7     364       7     365
       7     366       7     367       7     368       7     369       7     370
       7     371       7     372       7     373       7     374       7     375
       7     376       7     377       7     378       7     379       7     380
       7     381       7     382       7     383       7     384       7     385
       7     386       7     387       7     388       7     389       7     390
       7     391       7     392       7     393       7     394       7     395
       7     396       7     397       7     398       7     399       7     400
       7     401       7     402       7     403       7     404       7     405
       7     406       7     407       7     408       7     409       7     410
       7     411       7     412       7     413       7     414       7     415
       7     416       7     417       7     418       7     419       7     420
       7     421       7     422       7     423       7     424       7     425
       7     426       7     427       7     428       7     429       7     430
       7     431       7     432       7     433       7     434       7     435
       7     436       7     437       7     438       7     439       7     440
       7     441       7     442       7     443       7     444       7     445
       7     446       7     447       7     448       7     449       7     450
       7     451       7     452       7     453       7     454       7     455
       7     456       7     457       7     458       7     459       7     460
       7     461       7     462       7     463       7     464       7     465
       7     466       7     467       7     468       7     469       7     470
       7     471       7     472       7     473       7     474       7     475
       7     476       7     477       7     478       7     479       7     480
       7     481       7     482       7     483       7     484       7     485
       7     486       7     487       7     488       7     489       7     490
       7     491       7     492       7     493       7     494       7     495
       7     496       7     497       7     498       7     499       7     500
       7     501       7     502       7     503       7     504       7     505
       7     506       7     507       7     508       7     509       7     510
       7     511       7     512       7     513       7     514       7     515
       7     516       7     517       7     518       7     519       7     520
       7     521       7     522       7     523       7     524       7     525
       7     526       7     527       7     528       7     529       7     530
       7     531       7     532       7     533       7     534       7     535
       7     536       7     537       7     538       7     539       7     540
       7     541       7     542       7     543       7     544       7     545
       7     546       7     547       7     548       7     549       7     550
       7     551       7     552       7     553       7     554       7     555
       7     556       7     557       7     558       7     559       7     560
       7     561       7     562       7     563       7     564       7     565
       7     566       7     567       7     568       7     569       7     570
       7     571       7     572       7     573       7     574       7     575
       7     576       7     577       7     578       7     579       7     580
       7     581       7     582       7     583       7     584       7     585
       7     586       7     587       7     588       7     589       7     590
       7     591       7     592       7     593       7     594       7     595
       7     596       7     597       7     598       7     599       7     600
       7     601       7     602       7     603       7     604       7     605
       7     606       7     607       7     608       7     609       7     610
       7     611       7     612       7     613       7     614       7     615
       7     616       7     617       7     618       7     619       7     620
       7     621       7     622       7     623       7     624       7     625
       7     626       7     627       7     628       7     629       7     630
       7     631       7     632       7     633       7     634       7     635
       7     636       7     637       7     638       7     639       7     640
       7     641       7     642       7     643       7     644       7     645
       7     646       7     647       7     648       7     649       7     650
       7     651       7     652       7     653       7     654       7     655
       7     656       7     657       7     658       7     659       7     660
       7     661       7     662       7     663       7     664       7     665
       7     666       7     667       7     668       7     669       7     670
       7     671       7     672       7     673       7     674       7     675
       7     676       7     677       7     678       7     679       7     680
       7     681       7     682       7     683       7     684       7     685
       7     686       7     687       7     688       7     689       7     690
       7     691       7     692       7     693       7     694       7     695
       7     696       7     697       7     698       7     699       7     700
       7     701       7     702       7     703       7     704       7     705
       7     706       7     707       7     708       7     709       7     710
       7     711       7     712       7     713       7     714       7     715
       7     716       7     717       7     718       7     719       7     720
       7     721       7     722       7     723       7     724       7     725
       7     726       7     727       7     728       7     729       7     730
       7     731       7     732       7     733       7     734       7     735
       7     736       7     737       7     738       7     739       7     740
       7     741       7     742       7     743       7     744       7     745
       7     746       7     747       7     748       7     749       7     750
       7     751       7     752       7     753       7     754       7     755
       7     756       7     757       7     758       7     759       7     760
       7     761       7     762       7     763       7     764       7     765
       7     766       7     767       7     768       7     769       7     770
       7     771       7     772       7     773       7     774       7     775
       7     776       7     777       7     778       7     779       7     780
       7     781       7     782       7     783       7     784       7     785
       7     786       7     787       7     788       7     789       7     790
       7     791       7     792       7     793       7     794       7     795
       7     796       7     797       7     798       7     799       7     800
       7     801       7     802       7     803       7     804       7     805
       7     806       7     807       7     808       7     809       7     810
       7     811       7     812       7     813       7     814       7     815
       7     816       7     817       7     818       7     819       7     820
       7     821       7     822       7     823       7     824       7     825
       7     826       7     827       7     828       7     829       7     830
       7     831       7     832       7     833       7     834       7     835
       7     836       7     837       7     838       7     839       7     840
       7     841       7     842       7     843       7     844       7     845
       7     846       7     847       7     848       7     849       7     850
       7     851       7     852       7     853       7     854       7     855
       7     856       7     857       7     858       7     859       7     860
       7     861       7     862       7     863       7     864       7     865
       7     866       7     867       7     868       7     869       7     870
       7     871       7     872       7     873       7     874       7     875
       7     876       7     877       7     878       7     879       7     880
       7     881       7     882       7     883       7     884       7     885
       7     886
21       2      64       8
BOX_2_1     
       6     887       6     888       6     889       6     890       6     891
       6     892       6     893       6     894       6     895       6     896
       6     897       6     898       6     899       6     900       6     901
       6     902       6     903       6     904       6     905       6     906
       6     907       6     908       6     909       6     910       6     911
       6     912       6     913       6     914       6     915       6     916
       6     917       6     918
21       3      64       8
BOX_3_1     
       6     919       6     920       6     921       6     922       6     923
       6     924       6     925       6     926       6     927       6     928
       6     929       6     930       6     931       6     932       6     933
       6     934       6     935       6     936       6     937       6     938
       6     939       6     940       6     941       6     942       6     943
       6     944       6     945       6     946       6     947       6     948
       6     949       6     950
21       4      64       8
BOX_4_1     
       6     951       6     952       6     953       6     954       6     955
       6     956       6     957       6     958       6     959       6     960
       6     961       6     962       6     963       6     964       6     965
       6     966       6     967       6     968       6     969       6     970
       6     971       6     972       6     973       6     974       6     975
       6     976       6     977       6     978       6     979       6     980
       6     981       6     982
21       5      64       8
BOX_5_1     
       6     983       6     984       6     985       6     986       6     987
       6     988       6     989       6     990       6     991       6     992
       6     993       6     994       6     995       6     996       6     997
       6     998       6     999       6    1000       6    1001       6    1002
       6    1003       6    1004       6    1005       6    1006       6    1007
       6    1008       6    1009       6    1010       6    1011       6    1012
       6    1013       6    1014
21       6      64       8
BOX_6_1     
       6    1015       6    1016       6    1017       6    1018       6    1019
       6    1020       6    1021       6    1022       6    1023       6    1024
       6    1025       6    1026       6    1027       6    1028       6    1029
       6    1030       6    1031       6    1032       6    1033       6    1034
       6    1035       6    1036       6    1037       6    1038       6    1039
       6    1040       6    1041       6    1042       6    1043       6    1044
       6    1045       6    1046
21       7      64       8
BOX_7_1     
       6    1047       6    1048       6    1049       6    1050       6    1051
       6    1052       6    1053       6    1054       6    1055       6    1056
       6    1057       6    1058       6    1059       6    1060       6    1061
       6    1062       6    1063       6    1064       6    1065       6    1066
       6    1067       6    1068       6    1069       6    1070       6    1071
       6    1072       6    1073       6    1074       6    1075       6    1076
       6    1077       6    1078
99       0       0       1
