25       0       0       1
ICEM - POLYFLOW INTERFACE - Version 15.0.3 - "LengthUnitForPfl=_meter_"
26       0       0       1    1139    1312
31-Mar-26   14:39:15     2.4
 1       1       0       2
-0.500000000E+01-0.500000000E+01-0.100000000E+02
 
 1       2       0       2
-0.400000000E+01-0.500000000E+01-0.100000000E+02
 
 1       3       0       2
-0.300000000E+01-0.500000000E+01-0.100000000E+02
 
 1       4       0       2
-0.200000000E+01-0.500000000E+01-0.100000000E+02
 
 1       5       0       2
-0.100000000E+01-0.500000000E+01-0.100000000E+02
 
 1       6       0       2
 0.000000000E+00-0.500000000E+01-0.100000000E+02
 
 1       7       0       2
 0.100000000E+01-0.500000000E+01-0.100000000E+02
 
 1       8       0       2
 0.200000000E+01-0.500000000E+01-0.100000000E+02
 
 1       9       0       2
 0.300000000E+01-0.500000000E+01-0.100000000E+02
 
 1      10       0       2
 0.400000000E+01-0.500000000E+01-0.100000000E+02
 
 1      11       0       2
 0.500000000E+01-0.500000000E+01-0.100000000E+02
 
 1      12       0       2
-0.500000000E+01-0.400000000E+01-0.100000000E+02
 
 1      13       0       2
-0.500000000E+01-0.300000000E+01-0.100000000E+02
 
 1      14       0       2
-0.500000000E+01-0.200000000E+01-0.100000000E+02
 
 1      15       0       2
-0.500000000E+01-0.100000000E+01-0.100000000E+02
 
 1      16       0       2
-0.500000000E+01 0.000000000E+00-0.100000000E+02
 
 1      17       0       2
-0.500000000E+01 0.100000000E+01-0.100000000E+02
 
 1      18       0       2
-0.500000000E+01 0.200000000E+01-0.100000000E+02
 
 1      19       0       2
-0.500000000E+01 0.300000000E+01-0.100000000E+02
 
 1      20       0       2
-0.500000000E+01 0.400000000E+01-0.100000000E+02
 
 1      21       0       2
-0.500000000E+01 0.500000000E+01-0.100000000E+02
 
 1      22       0       2
 0.500000000E+01-0.400000000E+01-0.100000000E+02
 
 1      23       0       2
 0.500000000E+01-0.300000000E+01-0.100000000E+02
 
 1      24       0       2
 0.500000000E+01-0.200000000E+01-0.100000000E+02
 
 1      25       0       2
 0.500000000E+01-0.100000000E+01-0.100000000E+02
 
 1      26       0       2
 0.500000000E+01 0.000000000E+00-0.100000000E+02
 
 1      27       0       2
 0.500000000E+01 0.100000000E+01-0.100000000E+02
 
 1      28       0       2
 0.500000000E+01 0.200000000E+01-0.100000000E+02
 
 1      29       0       2
 0.500000000E+01 0.300000000E+01-0.100000000E+02
 
 1      30       0       2
 0.500000000E+01 0.400000000E+01-0.100000000E+02
 
 1      31       0       2
 0.500000000E+01 0.500000000E+01-0.100000000E+02
 
 1      32       0       2
-0.400000000E+01 0.500000000E+01-0.100000000E+02
 
 1      33       0       2
-0.300000000E+01 0.500000000E+01-0.100000000E+02
 
 1      34       0       2
-0.200000000E+01 0.500000000E+01-0.100000000E+02
 
 1      35       0       2
-0.100000000E+01 0.500000000E+01-0.100000000E+02
 
 1      36       0       2
 0.000000000E+00 0.500000000E+01-0.100000000E+02
 
 1      37       0       2
 0.100000000E+01 0.500000000E+01-0.100000000E+02
 
 1      38       0       2
 0.200000000E+01 0.500000000E+01-0.100000000E+02
 
 1      39       0       2
 0.300000000E+01 0.500000000E+01-0.100000000E+02
 
 1      40       0       2
 0.400000000E+01 0.500000000E+01-0.100000000E+02
 
 1      41       0       2
-0.100029004E+01-0.299927759E+01-0.100000000E+02
 
 1      42       0       2
-0.100013661E+01-0.199921453E+01-0.100000000E+02
 
 1      43       0       2
 0.999379814E+00-0.299962068E+01-0.100000000E+02
 
 1      44       0       2
-0.299947834E+01 0.100066960E+01-0.100000000E+02
 
 1      45       0       2
 0.300010443E+01 0.999430597E+00-0.100000000E+02
 
 1      46       0       2
 0.299968553E+01-0.100034428E+01-0.100000000E+02
 
 1      47       0       2
-0.999175310E+00 0.300000906E+01-0.100000000E+02
 
 1      48       0       2
-0.199994612E+01-0.199905515E+01-0.100000000E+02
 
 1      49       0       2
 0.199970782E+01-0.100015867E+01-0.100000000E+02
 
 1      50       0       2
-0.299957776E+01 0.300020003E+01-0.100000000E+02
 
 1      51       0       2
 0.399980950E+01-0.399998999E+01-0.100000000E+02
 
 1      52       0       2
 0.299965453E+01-0.399995732E+01-0.100000000E+02
 
 1      53       0       2
 0.199957323E+01-0.399987984E+01-0.100000000E+02
 
 1      54       0       2
 0.999597847E+00-0.399978280E+01-0.100000000E+02
 
 1      55       0       2
-0.313615048E-03-0.399969172E+01-0.100000000E+02
 
 1      56       0       2
-0.100011981E+01-0.399971724E+01-0.100000000E+02
 
 1      57       0       2
-0.200005364E+01-0.399967170E+01-0.100000000E+02
 
 1      58       0       2
-0.299998879E+01-0.399967718E+01-0.100000000E+02
 
 1      59       0       2
-0.399996829E+01-0.399975896E+01-0.100000000E+02
 
 1      60       0       2
-0.399993372E+01-0.299955058E+01-0.100000000E+02
 
 1      61       0       2
-0.399986553E+01-0.199942756E+01-0.100000000E+02
 
 1      62       0       2
-0.399979067E+01-0.999426544E+00-0.100000000E+02
 
 1      63       0       2
-0.399978709E+01 0.415432238E-03-0.100000000E+02
 
 1      64       0       2
-0.399977756E+01 0.100029922E+01-0.100000000E+02
 
 1      65       0       2
-0.399976993E+01 0.200020838E+01-0.100000000E+02
 
 1      66       0       2
-0.399980688E+01 0.300011563E+01-0.100000000E+02
 
 1      67       0       2
-0.399987435E+01 0.400004721E+01-0.100000000E+02
 
 1      68       0       2
-0.299970055E+01 0.400006628E+01-0.100000000E+02
 
 1      69       0       2
-0.199956787E+01 0.400004673E+01-0.100000000E+02
 
 1      70       0       2
-0.999508977E+00 0.399996042E+01-0.100000000E+02
 
 1      71       0       2
 0.444814767E-03 0.399984765E+01-0.100000000E+02
 
 1      72       0       2
 0.100033653E+01 0.399982524E+01-0.100000000E+02
 
 1      73       0       2
 0.200022697E+01 0.399984050E+01-0.100000000E+02
 
 1      74       0       2
 0.300013852E+01 0.399995089E+01-0.100000000E+02
 
 1      75       0       2
 0.400007725E+01 0.399999714E+01-0.100000000E+02
 
 1      76       0       2
 0.400010729E+01 0.299980140E+01-0.100000000E+02
 
 1      77       0       2
 0.400010204E+01 0.199966908E+01-0.100000000E+02
 
 1      78       0       2
 0.400002146E+01 0.999621332E+00-0.100000000E+02
 
 1      79       0       2
 0.399992061E+01-0.310965203E-03-0.100000000E+02
 
 1      80       0       2
 0.399985409E+01-0.100019789E+01-0.100000000E+02
 
 1      81       0       2
 0.399983978E+01-0.200011134E+01-0.100000000E+02
 
 1      82       0       2
 0.399978352E+01-0.300003433E+01-0.100000000E+02
 
 1      83       0       2
-0.299997044E+01-0.299934316E+01-0.100000000E+02
 
 1      84       0       2
 0.300024867E+01 0.299971938E+01-0.100000000E+02
 
 1      85       0       2
 0.299956369E+01-0.300001144E+01-0.100000000E+02
 
 1      86       0       2
 0.199946010E+01-0.299988031E+01-0.100000000E+02
 
 1      87       0       2
-0.370896334E-03-0.299953413E+01-0.100000000E+02
 
 1      88       0       2
-0.299985957E+01-0.199914479E+01-0.100000000E+02
 
 1      89       0       2
-0.299971056E+01-0.999102056E+00-0.100000000E+02
 
 1      90       0       2
-0.200005960E+01-0.299941611E+01-0.100000000E+02
 
 1      91       0       2
-0.299958563E+01 0.786607212E-03-0.100000000E+02
 
 1      92       0       2
-0.199936485E+01 0.300020194E+01-0.100000000E+02
 
 1      93       0       2
-0.299955964E+01 0.200034761E+01-0.100000000E+02
 
 1      94       0       2
 0.738936011E-03 0.299982333E+01-0.100000000E+02
 
 1      95       0       2
 0.100058126E+01 0.299969101E+01-0.100000000E+02
 
 1      96       0       2
 0.300024271E+01 0.199966288E+01-0.100000000E+02
 
 1      97       0       2
 0.200036550E+01 0.299973631E+01-0.100000000E+02
 
 1      98       0       2
 0.299971914E+01-0.200010204E+01-0.100000000E+02
 
 1      99       0       2
 0.299991584E+01-0.436573580E-03-0.100000000E+02
 
 1     100       0       2
-0.199945271E+01 0.200037074E+01-0.100000000E+02
 
 1     101       0       2
 0.200043035E+01 0.199961507E+01-0.100000000E+02
 
 1     102       0       2
 0.199966526E+01-0.199996591E+01-0.100000000E+02
 
 1     103       0       2
-0.332512252E-03-0.199939847E+01-0.100000000E+02
 
 1     104       0       2
-0.199979067E+01-0.999138236E+00-0.100000000E+02
 
 1     105       0       2
-0.199954391E+01 0.838434673E-03-0.100000000E+02
 
 1     106       0       2
-0.199940515E+01 0.100062549E+01-0.100000000E+02
 
 1     107       0       2
-0.999392450E+00 0.200023556E+01-0.100000000E+02
 
 1     108       0       2
 0.691247697E-03 0.199996281E+01-0.100000000E+02
 
 1     109       0       2
 0.100056922E+01 0.199973738E+01-0.100000000E+02
 
 1     110       0       2
 0.200023985E+01 0.999674082E+00-0.100000000E+02
 
 1     111       0       2
 0.200000191E+01-0.260127301E-03-0.100000000E+02
 
 1     112       0       2
 0.999609947E+00-0.199969518E+01-0.100000000E+02
 
 1     113       0       2
-0.999895453E+00-0.999193311E+00-0.100000000E+02
 
 1     114       0       2
-0.999424756E+00 0.100048435E+01-0.100000000E+02
 
 1     115       0       2
 0.100039732E+01 0.999879897E+00-0.100000000E+02
 
 1     116       0       2
 0.999867857E+00-0.999823272E+00-0.100000000E+02
 
 1     117       0       2
-0.234403487E-04-0.999477625E+00-0.100000000E+02
 
 1     118       0       2
-0.999629736E+00 0.653423718E-03-0.100000000E+02
 
 1     119       0       2
 0.416157942E-03 0.100019264E+01-0.100000000E+02
 
 1     120       0       2
 0.100013208E+01 0.419754761E-04-0.100000000E+02
 
 1     121       0       2
 0.243984730E-03 0.363687985E-03-0.100000000E+02
 
 1     122       0       2
-0.500000000E+01-0.500000000E+01 0.000000000E+00
 
 1     123       0       2
-0.500000000E+01-0.400000000E+01 0.000000000E+00
 
 1     124       0       2
-0.500000000E+01-0.300000000E+01 0.000000000E+00
 
 1     125       0       2
-0.500000000E+01-0.200000000E+01 0.000000000E+00
 
 1     126       0       2
-0.500000000E+01-0.100000000E+01 0.000000000E+00
 
 1     127       0       2
-0.500000000E+01 0.000000000E+00 0.000000000E+00
 
 1     128       0       2
-0.500000000E+01 0.100000000E+01 0.000000000E+00
 
 1     129       0       2
-0.500000000E+01 0.200000000E+01 0.000000000E+00
 
 1     130       0       2
-0.500000000E+01 0.300000000E+01 0.000000000E+00
 
 1     131       0       2
-0.500000000E+01 0.400000000E+01 0.000000000E+00
 
 1     132       0       2
-0.500000000E+01 0.500000000E+01 0.000000000E+00
 
 1     133       0       2
-0.400000000E+01-0.500000000E+01 0.000000000E+00
 
 1     134       0       2
-0.300000000E+01-0.500000000E+01 0.000000000E+00
 
 1     135       0       2
-0.200000000E+01-0.500000000E+01 0.000000000E+00
 
 1     136       0       2
-0.100000000E+01-0.500000000E+01 0.000000000E+00
 
 1     137       0       2
 0.000000000E+00-0.500000000E+01 0.000000000E+00
 
 1     138       0       2
 0.100000000E+01-0.500000000E+01 0.000000000E+00
 
 1     139       0       2
 0.200000000E+01-0.500000000E+01 0.000000000E+00
 
 1     140       0       2
 0.300000000E+01-0.500000000E+01 0.000000000E+00
 
 1     141       0       2
 0.400000000E+01-0.500000000E+01 0.000000000E+00
 
 1     142       0       2
 0.500000000E+01-0.500000000E+01 0.000000000E+00
 
 1     143       0       2
-0.400000000E+01 0.500000000E+01 0.000000000E+00
 
 1     144       0       2
-0.300000000E+01 0.500000000E+01 0.000000000E+00
 
 1     145       0       2
-0.200000000E+01 0.500000000E+01 0.000000000E+00
 
 1     146       0       2
-0.100000000E+01 0.500000000E+01 0.000000000E+00
 
 1     147       0       2
 0.000000000E+00 0.500000000E+01 0.000000000E+00
 
 1     148       0       2
 0.100000000E+01 0.500000000E+01 0.000000000E+00
 
 1     149       0       2
 0.200000000E+01 0.500000000E+01 0.000000000E+00
 
 1     150       0       2
 0.300000000E+01 0.500000000E+01 0.000000000E+00
 
 1     151       0       2
 0.400000000E+01 0.500000000E+01 0.000000000E+00
 
 1     152       0       2
 0.500000000E+01 0.500000000E+01 0.000000000E+00
 
 1     153       0       2
 0.500000000E+01 0.400000000E+01 0.000000000E+00
 
 1     154       0       2
 0.500000000E+01 0.300000000E+01 0.000000000E+00
 
 1     155       0       2
 0.500000000E+01 0.200000000E+01 0.000000000E+00
 
 1     156       0       2
 0.500000000E+01 0.100000000E+01 0.000000000E+00
 
 1     157       0       2
 0.500000000E+01 0.000000000E+00 0.000000000E+00
 
 1     158       0       2
 0.500000000E+01-0.100000000E+01 0.000000000E+00
 
 1     159       0       2
 0.500000000E+01-0.200000000E+01 0.000000000E+00
 
 1     160       0       2
 0.500000000E+01-0.300000000E+01 0.000000000E+00
 
 1     161       0       2
 0.500000000E+01-0.400000000E+01 0.000000000E+00
 
 1     162       0       2
-0.300000000E+02-0.168963517E-12 0.000000000E+00
 
 1     163       0       2
-0.298555412E+02 0.294051433E+01 0.000000000E+00
 
 1     164       0       2
-0.294235592E+02 0.585270977E+01 0.000000000E+00
 
 1     165       0       2
-0.287082100E+02 0.870853996E+01 0.000000000E+00
 
 1     166       0       2
-0.277163868E+02 0.114805031E+02 0.000000000E+00
 
 1     167       0       2
-0.264576378E+02 0.141419020E+02 0.000000000E+00
 
 1     168       0       2
-0.249440880E+02 0.166671066E+02 0.000000000E+00
 
 1     169       0       2
-0.231903133E+02 0.190317993E+02 0.000000000E+00
 
 1     170       0       2
-0.212132034E+02 0.212132034E+02 0.000000000E+00
 
 1     171       0       2
-0.190317993E+02 0.231903133E+02 0.000000000E+00
 
 1     172       0       2
-0.166671066E+02 0.249440880E+02 0.000000000E+00
 
 1     173       0       2
-0.141419020E+02 0.264576378E+02 0.000000000E+00
 
 1     174       0       2
-0.114805031E+02 0.277163868E+02 0.000000000E+00
 
 1     175       0       2
-0.870853996E+01 0.287082100E+02 0.000000000E+00
 
 1     176       0       2
-0.585270977E+01 0.294235592E+02 0.000000000E+00
 
 1     177       0       2
-0.294051433E+01 0.298555412E+02 0.000000000E+00
 
 1     178       0       2
-0.331895264E-12 0.300000000E+02 0.000000000E+00
 
 1     179       0       2
 0.294051433E+01 0.298555412E+02 0.000000000E+00
 
 1     180       0       2
 0.585270977E+01 0.294235592E+02 0.000000000E+00
 
 1     181       0       2
 0.870853996E+01 0.287082100E+02 0.000000000E+00
 
 1     182       0       2
 0.114805031E+02 0.277163868E+02 0.000000000E+00
 
 1     183       0       2
 0.141419020E+02 0.264576378E+02 0.000000000E+00
 
 1     184       0       2
 0.166671066E+02 0.249440880E+02 0.000000000E+00
 
 1     185       0       2
 0.190317993E+02 0.231903133E+02 0.000000000E+00
 
 1     186       0       2
 0.212132034E+02 0.212132034E+02 0.000000000E+00
 
 1     187       0       2
 0.231903133E+02 0.190317993E+02 0.000000000E+00
 
 1     188       0       2
 0.249440880E+02 0.166671066E+02 0.000000000E+00
 
 1     189       0       2
 0.264576378E+02 0.141419020E+02 0.000000000E+00
 
 1     190       0       2
 0.277163868E+02 0.114805031E+02 0.000000000E+00
 
 1     191       0       2
 0.287082100E+02 0.870853996E+01 0.000000000E+00
 
 1     192       0       2
 0.294235592E+02 0.585270977E+01 0.000000000E+00
 
 1     193       0       2
 0.298555412E+02 0.294051433E+01 0.000000000E+00
 
 1     194       0       2
 0.300000000E+02 0.917043676E-12 0.000000000E+00
 
 1     195       0       2
 0.298555412E+02-0.294051433E+01 0.000000000E+00
 
 1     196       0       2
 0.294235592E+02-0.585270977E+01 0.000000000E+00
 
 1     197       0       2
 0.287082100E+02-0.870853996E+01 0.000000000E+00
 
 1     198       0       2
 0.277163868E+02-0.114805031E+02 0.000000000E+00
 
 1     199       0       2
 0.264576378E+02-0.141419020E+02 0.000000000E+00
 
 1     200       0       2
 0.249440880E+02-0.166671066E+02 0.000000000E+00
 
 1     201       0       2
 0.231903133E+02-0.190317993E+02 0.000000000E+00
 
 1     202       0       2
 0.212132034E+02-0.212132034E+02 0.000000000E+00
 
 1     203       0       2
 0.190317993E+02-0.231903133E+02 0.000000000E+00
 
 1     204       0       2
 0.166671066E+02-0.249440880E+02 0.000000000E+00
 
 1     205       0       2
 0.141419020E+02-0.264576378E+02 0.000000000E+00
 
 1     206       0       2
 0.114805031E+02-0.277163868E+02 0.000000000E+00
 
 1     207       0       2
 0.870853996E+01-0.287082100E+02 0.000000000E+00
 
 1     208       0       2
 0.585270977E+01-0.294235592E+02 0.000000000E+00
 
 1     209       0       2
 0.294051433E+01-0.298555412E+02 0.000000000E+00
 
 1     210       0       2
 0.989616158E-12-0.300000000E+02 0.000000000E+00
 
 1     211       0       2
-0.294051433E+01-0.298555412E+02 0.000000000E+00
 
 1     212       0       2
-0.585270977E+01-0.294235592E+02 0.000000000E+00
 
 1     213       0       2
-0.870853996E+01-0.287082100E+02 0.000000000E+00
 
 1     214       0       2
-0.114805031E+02-0.277163868E+02 0.000000000E+00
 
 1     215       0       2
-0.141419020E+02-0.264576378E+02 0.000000000E+00
 
 1     216       0       2
-0.166671066E+02-0.249440880E+02 0.000000000E+00
 
 1     217       0       2
-0.190317993E+02-0.231903133E+02 0.000000000E+00
 
 1     218       0       2
-0.212132034E+02-0.212132034E+02 0.000000000E+00
 
 1     219       0       2
-0.231903133E+02-0.190317993E+02 0.000000000E+00
 
 1     220       0       2
-0.249440880E+02-0.166671066E+02 0.000000000E+00
 
 1     221       0       2
-0.264576378E+02-0.141419020E+02 0.000000000E+00
 
 1     222       0       2
-0.277163868E+02-0.114805031E+02 0.000000000E+00
 
 1     223       0       2
-0.287082100E+02-0.870853996E+01 0.000000000E+00
 
 1     224       0       2
-0.294235592E+02-0.585270977E+01 0.000000000E+00
 
 1     225       0       2
-0.298555412E+02-0.294051433E+01 0.000000000E+00
 
 1     226       0       2
-0.500000000E+01-0.500000000E+01-0.900000000E+01
 
 1     227       0       2
-0.500000000E+01-0.500000000E+01-0.800000000E+01
 
 1     228       0       2
-0.500000000E+01-0.500000000E+01-0.700000000E+01
 
 1     229       0       2
-0.500000000E+01-0.500000000E+01-0.600000000E+01
 
 1     230       0       2
-0.500000000E+01-0.500000000E+01-0.500000000E+01
 
 1     231       0       2
-0.500000000E+01-0.500000000E+01-0.400000000E+01
 
 1     232       0       2
-0.500000000E+01-0.500000000E+01-0.300000000E+01
 
 1     233       0       2
-0.500000000E+01-0.500000000E+01-0.200000000E+01
 
 1     234       0       2
-0.500000000E+01-0.500000000E+01-0.100000000E+01
 
 1     235       0       2
 0.500000000E+01-0.500000000E+01-0.900000000E+01
 
 1     236       0       2
 0.500000000E+01-0.500000000E+01-0.800000000E+01
 
 1     237       0       2
 0.500000000E+01-0.500000000E+01-0.700000000E+01
 
 1     238       0       2
 0.500000000E+01-0.500000000E+01-0.600000000E+01
 
 1     239       0       2
 0.500000000E+01-0.500000000E+01-0.500000000E+01
 
 1     240       0       2
 0.500000000E+01-0.500000000E+01-0.400000000E+01
 
 1     241       0       2
 0.500000000E+01-0.500000000E+01-0.300000000E+01
 
 1     242       0       2
 0.500000000E+01-0.500000000E+01-0.200000000E+01
 
 1     243       0       2
 0.500000000E+01-0.500000000E+01-0.100000000E+01
 
 1     244       0       2
 0.500000000E+01 0.500000000E+01-0.900000000E+01
 
 1     245       0       2
 0.500000000E+01 0.500000000E+01-0.800000000E+01
 
 1     246       0       2
 0.500000000E+01 0.500000000E+01-0.700000000E+01
 
 1     247       0       2
 0.500000000E+01 0.500000000E+01-0.600000000E+01
 
 1     248       0       2
 0.500000000E+01 0.500000000E+01-0.500000000E+01
 
 1     249       0       2
 0.500000000E+01 0.500000000E+01-0.400000000E+01
 
 1     250       0       2
 0.500000000E+01 0.500000000E+01-0.300000000E+01
 
 1     251       0       2
 0.500000000E+01 0.500000000E+01-0.200000000E+01
 
 1     252       0       2
 0.500000000E+01 0.500000000E+01-0.100000000E+01
 
 1     253       0       2
-0.500000000E+01 0.500000000E+01-0.900000000E+01
 
 1     254       0       2
-0.500000000E+01 0.500000000E+01-0.800000000E+01
 
 1     255       0       2
-0.500000000E+01 0.500000000E+01-0.700000000E+01
 
 1     256       0       2
-0.500000000E+01 0.500000000E+01-0.600000000E+01
 
 1     257       0       2
-0.500000000E+01 0.500000000E+01-0.500000000E+01
 
 1     258       0       2
-0.500000000E+01 0.500000000E+01-0.400000000E+01
 
 1     259       0       2
-0.500000000E+01 0.500000000E+01-0.300000000E+01
 
 1     260       0       2
-0.500000000E+01 0.500000000E+01-0.200000000E+01
 
 1     261       0       2
-0.500000000E+01 0.500000000E+01-0.100000000E+01
 
 1     262       0       2
-0.837853312E+00 0.113046932E+02 0.000000000E+00
 
 1     263       0       2
-0.301293820E+00-0.816068840E+01 0.000000000E+00
 
 1     264       0       2
-0.251458025E+01 0.112506819E+02 0.000000000E+00
 
 1     265       0       2
-0.287275863E+01 0.128898439E+02 0.000000000E+00
 
 1     266       0       2
-0.816355407E+00 0.130099697E+02 0.000000000E+00
 
 1     267       0       2
 0.340646029E+00 0.828361607E+01 0.000000000E+00
 
 1     268       0       2
 0.124879277E+01 0.128075600E+02 0.000000000E+00
 
 1     269       0       2
-0.128925598E+01-0.802050591E+01 0.000000000E+00
 
 1     270       0       2
-0.801757634E+00-0.137895374E+02 0.000000000E+00
 
 1     271       0       2
 0.420865679E+01-0.133094940E+02 0.000000000E+00
 
 1     272       0       2
-0.472091866E+01 0.123832855E+02 0.000000000E+00
 
 1     273       0       2
-0.401927614E+01 0.109560938E+02 0.000000000E+00
 
 1     274       0       2
 0.105050898E+01-0.124018898E+02 0.000000000E+00
 
 1     275       0       2
 0.234979653E+01-0.123602648E+02 0.000000000E+00
 
 1     276       0       2
-0.792899656E+01 0.125051918E+02 0.000000000E+00
 
 1     277       0       2
-0.572512960E+01 0.139365854E+02 0.000000000E+00
 
 1     278       0       2
-0.330208135E+01 0.147073011E+02 0.000000000E+00
 
 1     279       0       2
-0.851714015E+00 0.149298067E+02 0.000000000E+00
 
 1     280       0       2
 0.158200943E+01 0.147367859E+02 0.000000000E+00
 
 1     281       0       2
 0.414624119E+01 0.140343390E+02 0.000000000E+00
 
 1     282       0       2
 0.646959448E+01 0.139162531E+02 0.000000000E+00
 
 1     283       0       2
 0.673587465E+01-0.142659149E+02 0.000000000E+00
 
 1     284       0       2
 0.467610788E+01-0.151473932E+02 0.000000000E+00
 
 1     285       0       2
 0.605148613E+00-0.158009148E+02 0.000000000E+00
 
 1     286       0       2
-0.134954810E+01-0.156546822E+02 0.000000000E+00
 
 1     287       0       2
-0.150098848E+01-0.919010258E+01 0.000000000E+00
 
 1     288       0       2
 0.174225807E+01-0.111951208E+02 0.000000000E+00
 
 1     289       0       2
 0.879320741E+00 0.111981764E+02 0.000000000E+00
 
 1     290       0       2
 0.592859089E+00 0.966650963E+01 0.000000000E+00
 
 1     291       0       2
-0.925620365E+01-0.132258759E+02 0.000000000E+00
 
 1     292       0       2
-0.787790060E+01-0.120740623E+02 0.000000000E+00
 
 1     293       0       2
 0.638390422E+00-0.886667442E+01 0.000000000E+00
 
 1     294       0       2
-0.232103777E+01-0.778478241E+01 0.000000000E+00
 
 1     295       0       2
-0.834054470E+01 0.105837755E+02 0.000000000E+00
 
 1     296       0       2
-0.640448284E+01-0.107931738E+02 0.000000000E+00
 
 1     297       0       2
 0.599044323E+01-0.125408764E+02 0.000000000E+00
 
 1     298       0       2
 0.575820255E+01 0.124083710E+02 0.000000000E+00
 
 1     299       0       2
-0.757504988E+01-0.260560226E+01 0.000000000E+00
 
 1     300       0       2
-0.106932535E+02-0.119116316E+02 0.000000000E+00
 
 1     301       0       2
-0.119057932E+02-0.103775330E+02 0.000000000E+00
 
 1     302       0       2
-0.130115356E+02-0.870282555E+01 0.000000000E+00
 
 1     303       0       2
-0.514772701E+01-0.117245026E+02 0.000000000E+00
 
 1     304       0       2
 0.368521523E+01-0.117562723E+02 0.000000000E+00
 
 1     305       0       2
 0.162139010E+01 0.797917509E+01 0.000000000E+00
 
 1     306       0       2
 0.322881436E+01 0.122562141E+02 0.000000000E+00
 
 1     307       0       2
 0.855159664E+01 0.129512205E+02 0.000000000E+00
 
 1     308       0       2
 0.143184700E+02 0.104533215E+02 0.000000000E+00
 
 1     309       0       2
 0.931301498E+01 0.102166214E+02 0.000000000E+00
 
 1     310       0       2
 0.205913639E+01 0.931900406E+01 0.000000000E+00
 
 1     311       0       2
 0.286399531E+01-0.103291512E+02 0.000000000E+00
 
 1     312       0       2
-0.112087069E+02-0.790277386E+01 0.000000000E+00
 
 1     313       0       2
-0.103041496E+02-0.940599060E+01 0.000000000E+00
 
 1     314       0       2
-0.385539269E+01-0.102089310E+02 0.000000000E+00
 
 1     315       0       2
-0.296797848E+01-0.896779919E+01 0.000000000E+00
 
 1     316       0       2
-0.829566479E+01-0.150883436E+02 0.000000000E+00
 
 1     317       0       2
-0.106196651E+02-0.145959406E+02 0.000000000E+00
 
 1     318       0       2
-0.122865877E+02-0.131765556E+02 0.000000000E+00
 
 1     319       0       2
-0.149627504E+02-0.964095688E+01 0.000000000E+00
 
 1     320       0       2
-0.170524998E+02-0.332104349E+01 0.000000000E+00
 
 1     321       0       2
-0.173812904E+02-0.107036710E+01 0.000000000E+00
 
 1     322       0       2
-0.155382252E+02 0.828852272E+01 0.000000000E+00
 
 1     323       0       2
 0.509384966E+01-0.172078056E+02 0.000000000E+00
 
 1     324       0       2
 0.268934798E+01-0.176509914E+02 0.000000000E+00
 
 1     325       0       2
-0.902627468E+01-0.300943518E+01 0.000000000E+00
 
 1     326       0       2
-0.174587822E+02 0.123700976E+01 0.000000000E+00
 
 1     327       0       2
-0.165689354E+02 0.594845819E+01 0.000000000E+00
 
 1     328       0       2
-0.172407265E+02 0.361355400E+01 0.000000000E+00
 
 1     329       0       2
 0.766926289E+01-0.163414440E+02 0.000000000E+00
 
 1     330       0       2
 0.983265495E+01-0.145773315E+02 0.000000000E+00
 
 1     331       0       2
 0.117615271E+02-0.129125929E+02 0.000000000E+00
 
 1     332       0       2
-0.878410912E+01-0.408589888E+01 0.000000000E+00
 
 1     333       0       2
-0.243158269E+01 0.837889194E+01 0.000000000E+00
 
 1     334       0       2
 0.170974979E+02 0.314542222E+01 0.000000000E+00
 
 1     335       0       2
 0.112007399E+02 0.137332916E+02 0.000000000E+00
 
 1     336       0       2
 0.925031185E+01 0.148931637E+02 0.000000000E+00
 
 1     337       0       2
 0.448440647E+01 0.163743095E+02 0.000000000E+00
 
 1     338       0       2
 0.185462928E+01 0.169073143E+02 0.000000000E+00
 
 1     339       0       2
-0.941151083E+00 0.171096783E+02 0.000000000E+00
 
 1     340       0       2
-0.378208709E+01 0.168684177E+02 0.000000000E+00
 
 1     341       0       2
-0.655022764E+01 0.159376955E+02 0.000000000E+00
 
 1     342       0       2
-0.916798496E+01 0.145785742E+02 0.000000000E+00
 
 1     343       0       2
 0.761231995E+01 0.114310751E+02 0.000000000E+00
 
 1     344       0       2
 0.490633106E+01 0.111468973E+02 0.000000000E+00
 
 1     345       0       2
 0.748941374E+01-0.114390268E+02 0.000000000E+00
 
 1     346       0       2
-0.763110685E+01-0.971790504E+01 0.000000000E+00
 
 1     347       0       2
-0.101183147E+02-0.565941715E+01 0.000000000E+00
 
 1     348       0       2
-0.526886463E+01-0.960248947E+01 0.000000000E+00
 
 1     349       0       2
-0.700185728E+01 0.100991564E+02 0.000000000E+00
 
 1     350       0       2
-0.369786906E+01 0.950217628E+01 0.000000000E+00
 
 1     351       0       2
-0.989576817E+01 0.914620781E+01 0.000000000E+00
 
 1     352       0       2
-0.857934380E+01 0.918775272E+01 0.000000000E+00
 
 1     353       0       2
-0.140783253E+02 0.108277340E+02 0.000000000E+00
 
 1     354       0       2
 0.116674290E+02 0.677224302E+01 0.000000000E+00
 
 1     355       0       2
-0.790502548E+01-0.146138549E+01 0.000000000E+00
 
 1     356       0       2
-0.128588581E+02-0.266944194E+01 0.000000000E+00
 
 1     357       0       2
-0.153011675E+02-0.941644490E+00 0.000000000E+00
 
 1     358       0       2
 0.172825432E+02 0.521680295E+00 0.000000000E+00
 
 1     359       0       2
 0.158282595E+02-0.688373613E+01 0.000000000E+00
 
 1     360       0       2
 0.171306248E+02-0.199298167E+01 0.000000000E+00
 
 1     361       0       2
 0.972259331E+01-0.585664463E+01 0.000000000E+00
 
 1     362       0       2
-0.145636854E+02 0.539468479E+01 0.000000000E+00
 
 1     363       0       2
-0.153753452E+02 0.117872727E+01 0.000000000E+00
 
 1     364       0       2
-0.949732780E+01-0.183864427E+01 0.000000000E+00
 
 1     365       0       2
 0.245163512E+01-0.199235954E+02 0.000000000E+00
 
 1     366       0       2
 0.516660070E+01-0.196531696E+02 0.000000000E+00
 
 1     367       0       2
-0.151242561E+02 0.130261145E+02 0.000000000E+00
 
 1     368       0       2
-0.166231747E+02 0.110382071E+02 0.000000000E+00
 
 1     369       0       2
-0.177948856E+02 0.884810352E+01 0.000000000E+00
 
 1     370       0       2
-0.189235191E+02 0.647095966E+01 0.000000000E+00
 
 1     371       0       2
-0.195381451E+02 0.390230393E+01 0.000000000E+00
 
 1     372       0       2
-0.197437019E+02 0.131661820E+01 0.000000000E+00
 
 1     373       0       2
-0.196895733E+02-0.121050835E+01 0.000000000E+00
 
 1     374       0       2
-0.193275414E+02-0.367913270E+01 0.000000000E+00
 
 1     375       0       2
-0.188214989E+02-0.608016539E+01 0.000000000E+00
 
 1     376       0       2
-0.180655613E+02-0.841742611E+01 0.000000000E+00
 
 1     377       0       2
-0.170899887E+02-0.106838694E+02 0.000000000E+00
 
 1     378       0       2
-0.156261873E+02-0.126892366E+02 0.000000000E+00
 
 1     379       0       2
-0.139399538E+02-0.145637579E+02 0.000000000E+00
 
 1     380       0       2
-0.119619074E+02-0.164104424E+02 0.000000000E+00
 
 1     381       0       2
-0.710864735E+01-0.183465099E+02 0.000000000E+00
 
 1     382       0       2
-0.485678673E+01-0.191757469E+02 0.000000000E+00
 
 1     383       0       2
-0.251090741E+01-0.197760315E+02 0.000000000E+00
 
 1     384       0       2
-0.895880985E+01 0.798964643E+01 0.000000000E+00
 
 1     385       0       2
-0.486478806E+01 0.930045795E+01 0.000000000E+00
 
 1     386       0       2
-0.594305706E+01 0.949153996E+01 0.000000000E+00
 
 1     387       0       2
-0.420987701E+01-0.845426655E+01 0.000000000E+00
 
 1     388       0       2
-0.961317062E+01-0.717254782E+01 0.000000000E+00
 
 1     389       0       2
-0.879126549E+01-0.852309036E+01 0.000000000E+00
 
 1     390       0       2
 0.784006214E+01-0.885265923E+01 0.000000000E+00
 
 1     391       0       2
 0.892230511E+01-0.750848627E+01 0.000000000E+00
 
 1     392       0       2
 0.410411072E+01-0.948389149E+01 0.000000000E+00
 
 1     393       0       2
 0.407722235E+01 0.992642212E+01 0.000000000E+00
 
 1     394       0       2
 0.339630008E+01 0.869027710E+01 0.000000000E+00
 
 1     395       0       2
 0.802334309E+01 0.906457520E+01 0.000000000E+00
 
 1     396       0       2
 0.877331734E+01-0.349478269E+01 0.000000000E+00
 
 1     397       0       2
-0.370749927E+01 0.818350315E+01 0.000000000E+00
 
 1     398       0       2
-0.865409565E+01-0.531642675E+01 0.000000000E+00
 
 1     399       0       2
 0.513763046E+01 0.187301826E+02 0.000000000E+00
 
 1     400       0       2
-0.790463030E+00 0.194928284E+02 0.000000000E+00
 
 1     401       0       2
 0.196303520E+02 0.260695726E+00 0.000000000E+00
 
 1     402       0       2
 0.196569481E+02 0.330764532E+01 0.000000000E+00
 
 1     403       0       2
 0.759294701E+01-0.186608677E+02 0.000000000E+00
 
 1     404       0       2
 0.958585453E+01-0.175662479E+02 0.000000000E+00
 
 1     405       0       2
 0.114394550E+02-0.160973778E+02 0.000000000E+00
 
 1     406       0       2
 0.133703203E+02-0.144883766E+02 0.000000000E+00
 
 1     407       0       2
 0.149385805E+02 0.297456336E+01 0.000000000E+00
 
 1     408       0       2
 0.151921177E+02 0.656646371E+00 0.000000000E+00
 
 1     409       0       2
 0.138980570E+02-0.594565439E+01 0.000000000E+00
 
 1     410       0       2
-0.830240536E+01-0.312976897E+00 0.000000000E+00
 
 1     411       0       2
-0.133316364E+02-0.836551070E+00 0.000000000E+00
 
 1     412       0       2
 0.124177704E+02 0.479245996E+01 0.000000000E+00
 
 1     413       0       2
 0.193322582E+02-0.252206826E+01 0.000000000E+00
 
 1     414       0       2
 0.187416267E+02-0.523202467E+01 0.000000000E+00
 
 1     415       0       2
 0.179120770E+02-0.789711189E+01 0.000000000E+00
 
 1     416       0       2
 0.783237219E+01 0.180209332E+02 0.000000000E+00
 
 1     417       0       2
 0.102501287E+02 0.169160767E+02 0.000000000E+00
 
 1     418       0       2
 0.124372673E+02 0.154827785E+02 0.000000000E+00
 
 1     419       0       2
 0.144429531E+02 0.137834406E+02 0.000000000E+00
 
 1     420       0       2
 0.162590637E+02 0.117798128E+02 0.000000000E+00
 
 1     421       0       2
-0.130576820E+02 0.148437309E+02 0.000000000E+00
 
 1     422       0       2
-0.104898911E+02 0.168870716E+02 0.000000000E+00
 
 1     423       0       2
-0.736646414E+01 0.181763630E+02 0.000000000E+00
 
 1     424       0       2
-0.420490503E+01 0.194581299E+02 0.000000000E+00
 
 1     425       0       2
-0.735565805E+01 0.867482376E+01 0.000000000E+00
 
 1     426       0       2
-0.337192369E+01-0.736925793E+01 0.000000000E+00
 
 1     427       0       2
-0.642996931E+01-0.875042820E+01 0.000000000E+00
 
 1     428       0       2
 0.841921520E+01-0.521330929E+01 0.000000000E+00
 
 1     429       0       2
 0.649255276E+01-0.100863409E+02 0.000000000E+00
 
 1     430       0       2
 0.554667711E+01 0.907949066E+01 0.000000000E+00
 
 1     431       0       2
 0.777996111E+01 0.695205975E+01 0.000000000E+00
 
 1     432       0       2
 0.682672310E+01 0.814415550E+01 0.000000000E+00
 
 1     433       0       2
 0.467355108E+01 0.808921719E+01 0.000000000E+00
 
 1     434       0       2
 0.544585896E+01-0.873378372E+01 0.000000000E+00
 
 1     435       0       2
 0.772601032E+01-0.662885952E+01 0.000000000E+00
 
 1     436       0       2
-0.811422157E+01-0.655480480E+01 0.000000000E+00
 
 1     437       0       2
-0.749794102E+01-0.774174452E+01 0.000000000E+00
 
 1     438       0       2
-0.532897615E+01-0.780048084E+01 0.000000000E+00
 
 1     439       0       2
-0.424727440E+01-0.683852911E+01 0.000000000E+00
 
 1     440       0       2
-0.495108509E+01 0.799712706E+01 0.000000000E+00
 
 1     441       0       2
-0.617365408E+01 0.821756458E+01 0.000000000E+00
 
 1     442       0       2
-0.776201296E+01 0.739332247E+01 0.000000000E+00
 
 1     443       0       2
-0.514831305E+00-0.223966484E+02 0.000000000E+00
 
 1     444       0       2
-0.314176989E+01-0.220909195E+02 0.000000000E+00
 
 1     445       0       2
-0.565130091E+01-0.214559612E+02 0.000000000E+00
 
 1     446       0       2
-0.804159355E+01-0.206206436E+02 0.000000000E+00
 
 1     447       0       2
-0.102890358E+02-0.196293755E+02 0.000000000E+00
 
 1     448       0       2
-0.124006243E+02-0.187508678E+02 0.000000000E+00
 
 1     449       0       2
-0.141824617E+02-0.175773563E+02 0.000000000E+00
 
 1     450       0       2
-0.157749577E+02-0.159279232E+02 0.000000000E+00
 
 1     451       0       2
-0.175100670E+02-0.140302820E+02 0.000000000E+00
 
 1     452       0       2
-0.203329334E+02-0.919673634E+01 0.000000000E+00
 
 1     453       0       2
-0.216831608E+02-0.411132908E+01 0.000000000E+00
 
 1     454       0       2
-0.221894989E+02 0.121914470E+01 0.000000000E+00
 
 1     455       0       2
-0.200457687E+02 0.976930714E+01 0.000000000E+00
 
 1     456       0       2
-0.169692478E+02 0.144256859E+02 0.000000000E+00
 
 1     457       0       2
-0.151509781E+02 0.167028675E+02 0.000000000E+00
 
 1     458       0       2
-0.106692772E+02 0.195418739E+02 0.000000000E+00
 
 1     459       0       2
-0.829632950E+01 0.204983654E+02 0.000000000E+00
 
 1     460       0       2
-0.585204124E+01 0.215516434E+02 0.000000000E+00
 
 1     461       0       2
-0.298950624E+01 0.223746967E+02 0.000000000E+00
 
 1     462       0       2
 0.439632498E-01 0.219957561E+02 0.000000000E+00
 
 1     463       0       2
 0.300927615E+01 0.216266594E+02 0.000000000E+00
 
 1     464       0       2
 0.591371775E+01 0.210958691E+02 0.000000000E+00
 
 1     465       0       2
 0.900109196E+01 0.204804688E+02 0.000000000E+00
 
 1     466       0       2
 0.115550108E+02 0.188996696E+02 0.000000000E+00
 
 1     467       0       2
 0.138630047E+02 0.173242626E+02 0.000000000E+00
 
 1     468       0       2
 0.160047855E+02 0.155440140E+02 0.000000000E+00
 
 1     469       0       2
 0.181612549E+02 0.136200209E+02 0.000000000E+00
 
 1     470       0       2
 0.195687695E+02 0.112797966E+02 0.000000000E+00
 
 1     471       0       2
 0.217789345E+02 0.464769125E+01 0.000000000E+00
 
 1     472       0       2
 0.221693134E+02 0.234436679E+01 0.000000000E+00
 
 1     473       0       2
 0.216644077E+02-0.326055455E+01 0.000000000E+00
 
 1     474       0       2
 0.210043411E+02-0.602171898E+01 0.000000000E+00
 
 1     475       0       2
 0.201329765E+02-0.879938984E+01 0.000000000E+00
 
 1     476       0       2
 0.190793743E+02-0.117949295E+02 0.000000000E+00
 
 1     477       0       2
 0.170690269E+02-0.142400017E+02 0.000000000E+00
 
 1     478       0       2
 0.150540695E+02-0.162713413E+02 0.000000000E+00
 
 1     479       0       2
 0.129175081E+02-0.179951134E+02 0.000000000E+00
 
 1     480       0       2
 0.108251123E+02-0.194850941E+02 0.000000000E+00
 
 1     481       0       2
 0.655659103E+01-0.216320419E+02 0.000000000E+00
 
 1     482       0       2
 0.444691372E+01-0.221537342E+02 0.000000000E+00
 
 1     483       0       2
 0.206790376E+01-0.222970409E+02 0.000000000E+00
 
 1     484       0       2
 0.789522266E+01-0.226831126E+01 0.000000000E+00
 
 1     485       0       2
 0.830453587E+01-0.121286130E+01 0.000000000E+00
 
 1     486       0       2
 0.721900177E+01-0.661567211E+00 0.000000000E+00
 
 1     487       0       2
 0.107673416E+02 0.436992502E+01 0.000000000E+00
 
 1     488       0       2
-0.982982445E+01-0.496760041E+00 0.000000000E+00
 
 1     489       0       2
-0.134517164E+02 0.106381500E+01 0.000000000E+00
 
 1     490       0       2
-0.128103580E+02 0.478450537E+01 0.000000000E+00
 
 1     491       0       2
-0.133207035E+02 0.297985291E+01 0.000000000E+00
 
 1     492       0       2
 0.104692488E+02-0.426982307E+01 0.000000000E+00
 
 1     493       0       2
 0.121463776E+02-0.508379602E+01 0.000000000E+00
 
 1     494       0       2
 0.146212931E+02-0.383562589E+01 0.000000000E+00
 
 1     495       0       2
 0.150635624E+02-0.161760104E+01 0.000000000E+00
 
 1     496       0       2
 0.129763889E+02 0.276092362E+01 0.000000000E+00
 
 1     497       0       2
 0.132814589E+02 0.756163478E+00 0.000000000E+00
 
 1     498       0       2
 0.128536587E+02-0.323914075E+01 0.000000000E+00
 
 1     499       0       2
-0.112068396E+02 0.422742367E+01 0.000000000E+00
 
 1     500       0       2
-0.117392321E+02 0.100286102E+01 0.000000000E+00
 
 1     501       0       2
 0.109617195E+02 0.249017143E+01 0.000000000E+00
 
 1     502       0       2
 0.873399162E+01 0.142399514E+01 0.000000000E+00
 
 1     503       0       2
 0.852670193E+01 0.548356324E-01 0.000000000E+00
 
 1     504       0       2
 0.204893136E+01-0.248100071E+02 0.000000000E+00
 
 1     505       0       2
 0.473074675E+01-0.244709377E+02 0.000000000E+00
 
 1     506       0       2
 0.724482059E+01-0.238289070E+02 0.000000000E+00
 
 1     507       0       2
 0.962739849E+01-0.228474770E+02 0.000000000E+00
 
 1     508       0       2
 0.119714880E+02-0.216339722E+02 0.000000000E+00
 
 1     509       0       2
 0.142184124E+02-0.201334915E+02 0.000000000E+00
 
 1     510       0       2
 0.164592342E+02-0.183947239E+02 0.000000000E+00
 
 1     511       0       2
 0.187987423E+02-0.163585606E+02 0.000000000E+00
 
 1     512       0       2
 0.205444717E+02-0.140655107E+02 0.000000000E+00
 
 1     513       0       2
 0.217635345E+02-0.118965769E+02 0.000000000E+00
 
 1     514       0       2
 0.226158447E+02-0.948237610E+01 0.000000000E+00
 
 1     515       0       2
 0.234484425E+02-0.690265465E+01 0.000000000E+00
 
 1     516       0       2
 0.241038914E+02-0.430249739E+01 0.000000000E+00
 
 1     517       0       2
 0.246325836E+02-0.191444540E+01 0.000000000E+00
 
 1     518       0       2
 0.248087959E+02 0.290400594E+00 0.000000000E+00
 
 1     519       0       2
 0.245949268E+02 0.262380862E+01 0.000000000E+00
 
 1     520       0       2
 0.242286758E+02 0.505332804E+01 0.000000000E+00
 
 1     521       0       2
 0.235798893E+02 0.746214151E+01 0.000000000E+00
 
 1     522       0       2
 0.228188210E+02 0.983108521E+01 0.000000000E+00
 
 1     523       0       2
 0.217811890E+02 0.121106634E+02 0.000000000E+00
 
 1     524       0       2
 0.207357216E+02 0.141586905E+02 0.000000000E+00
 
 1     525       0       2
 0.193343239E+02 0.159174213E+02 0.000000000E+00
 
 1     526       0       2
 0.174752655E+02 0.175320168E+02 0.000000000E+00
 
 1     527       0       2
 0.154438772E+02 0.192146130E+02 0.000000000E+00
 
 1     528       0       2
 0.133414288E+02 0.207544861E+02 0.000000000E+00
 
 1     529       0       2
 0.909001446E+01 0.230627995E+02 0.000000000E+00
 
 1     530       0       2
 0.659633541E+01 0.236086159E+02 0.000000000E+00
 
 1     531       0       2
 0.391275597E+01 0.241334171E+02 0.000000000E+00
 
 1     532       0       2
 0.122267365E+01 0.245487423E+02 0.000000000E+00
 
 1     533       0       2
-0.125715947E+01 0.250489502E+02 0.000000000E+00
 
 1     534       0       2
-0.464371872E+01 0.247640495E+02 0.000000000E+00
 
 1     535       0       2
-0.695621920E+01 0.237949963E+02 0.000000000E+00
 
 1     536       0       2
-0.936276054E+01 0.228409882E+02 0.000000000E+00
 
 1     537       0       2
-0.117618189E+02 0.217457447E+02 0.000000000E+00
 
 1     538       0       2
-0.139908657E+02 0.204577160E+02 0.000000000E+00
 
 1     539       0       2
-0.160095310E+02 0.191686954E+02 0.000000000E+00
 
 1     540       0       2
-0.176793461E+02 0.175998268E+02 0.000000000E+00
 
 1     541       0       2
-0.191539612E+02 0.156466293E+02 0.000000000E+00
 
 1     542       0       2
-0.206697407E+02 0.135109415E+02 0.000000000E+00
 
 1     543       0       2
-0.220686989E+02 0.112323723E+02 0.000000000E+00
 
 1     544       0       2
-0.233030815E+02 0.905487633E+01 0.000000000E+00
 
 1     545       0       2
-0.241523037E+02 0.673852301E+01 0.000000000E+00
 
 1     546       0       2
-0.248487263E+02 0.393182540E+01 0.000000000E+00
 
 1     547       0       2
-0.247192211E+02 0.913964927E+00 0.000000000E+00
 
 1     548       0       2
-0.241621990E+02-0.459515285E+01 0.000000000E+00
 
 1     549       0       2
-0.235548992E+02-0.722295713E+01 0.000000000E+00
 
 1     550       0       2
-0.227514076E+02-0.973061848E+01 0.000000000E+00
 
 1     551       0       2
-0.219891472E+02-0.120050678E+02 0.000000000E+00
 
 1     552       0       2
-0.208218803E+02-0.139383001E+02 0.000000000E+00
 
 1     553       0       2
-0.192549763E+02-0.157357969E+02 0.000000000E+00
 
 1     554       0       2
-0.175671463E+02-0.175935440E+02 0.000000000E+00
 
 1     555       0       2
-0.157377415E+02-0.193026619E+02 0.000000000E+00
 
 1     556       0       2
-0.136964912E+02-0.207352200E+02 0.000000000E+00
 
 1     557       0       2
-0.114530668E+02-0.219051151E+02 0.000000000E+00
 
 1     558       0       2
-0.943181276E+00-0.251385174E+02 0.000000000E+00
 
 1     559       0       2
-0.388784289E+01-0.245016289E+02 0.000000000E+00
 
 1     560       0       2
-0.656313133E+01-0.238019753E+02 0.000000000E+00
 
 1     561       0       2
-0.908868980E+01-0.229331665E+02 0.000000000E+00
 
 1     562       0       2
-0.648927546E+01 0.692683220E+01 0.000000000E+00
 
 1     563       0       2
-0.635223579E+01-0.700302029E+01 0.000000000E+00
 
 1     564       0       2
 0.572859573E+01-0.689564943E+01 0.000000000E+00
 
 1     565       0       2
 0.576986790E+01 0.731976175E+01 0.000000000E+00
 
 1     566       0       2
-0.102500830E+02-0.252851715E+02 0.000000000E+00
 
 1     567       0       2
-0.127486849E+02-0.241538658E+02 0.000000000E+00
 
 1     568       0       2
-0.151303797E+02-0.227982750E+02 0.000000000E+00
 
 1     569       0       2
-0.173434734E+02-0.211955471E+02 0.000000000E+00
 
 1     570       0       2
-0.193548412E+02-0.193739796E+02 0.000000000E+00
 
 1     571       0       2
-0.211775398E+02-0.173915272E+02 0.000000000E+00
 
 1     572       0       2
-0.228125153E+02-0.152863607E+02 0.000000000E+00
 
 1     573       0       2
-0.241839848E+02-0.129918928E+02 0.000000000E+00
 
 1     574       0       2
-0.252375412E+02-0.105232296E+02 0.000000000E+00
 
 1     575       0       2
-0.260942364E+02-0.790286160E+01 0.000000000E+00
 
 1     576       0       2
-0.267276249E+02-0.520773840E+01 0.000000000E+00
 
 1     577       0       2
-0.271375656E+02-0.243200254E+01 0.000000000E+00
 
 1     578       0       2
-0.273022251E+02 0.325954527E+00 0.000000000E+00
 
 1     579       0       2
-0.273885098E+02 0.290806556E+01 0.000000000E+00
 
 1     580       0       2
-0.263655262E+02 0.773740530E+01 0.000000000E+00
 
 1     581       0       2
-0.253956203E+02 0.103242073E+02 0.000000000E+00
 
 1     582       0       2
-0.241909618E+02 0.127231941E+02 0.000000000E+00
 
 1     583       0       2
-0.227618313E+02 0.150708914E+02 0.000000000E+00
 
 1     584       0       2
-0.211765404E+02 0.172752857E+02 0.000000000E+00
 
 1     585       0       2
-0.193862381E+02 0.193663960E+02 0.000000000E+00
 
 1     586       0       2
-0.174429188E+02 0.211472111E+02 0.000000000E+00
 
 1     587       0       2
-0.152213879E+02 0.227215958E+02 0.000000000E+00
 
 1     588       0       2
-0.104466047E+02 0.252228603E+02 0.000000000E+00
 
 1     589       0       2
-0.794726467E+01 0.261902485E+02 0.000000000E+00
 
 1     590       0       2
-0.551396608E+01 0.269852695E+02 0.000000000E+00
 
 1     591       0       2
-0.294160056E+01 0.269287834E+02 0.000000000E+00
 
 1     592       0       2
-0.307852447E+00 0.274752216E+02 0.000000000E+00
 
 1     593       0       2
 0.223614240E+01 0.271586514E+02 0.000000000E+00
 
 1     594       0       2
 0.490507555E+01 0.267325191E+02 0.000000000E+00
 
 1     595       0       2
 0.759419680E+01 0.261321487E+02 0.000000000E+00
 
 1     596       0       2
 0.102127151E+02 0.253319492E+02 0.000000000E+00
 
 1     597       0       2
 0.127131481E+02 0.241909866E+02 0.000000000E+00
 
 1     598       0       2
 0.150130968E+02 0.227827740E+02 0.000000000E+00
 
 1     599       0       2
 0.172116756E+02 0.211749306E+02 0.000000000E+00
 
 1     600       0       2
 0.192963905E+02 0.193785648E+02 0.000000000E+00
 
 1     601       0       2
 0.211725121E+02 0.174630642E+02 0.000000000E+00
 
 1     602       0       2
 0.227872524E+02 0.153648148E+02 0.000000000E+00
 
 1     603       0       2
 0.241257820E+02 0.130473442E+02 0.000000000E+00
 
 1     604       0       2
 0.252398224E+02 0.105990191E+02 0.000000000E+00
 
 1     605       0       2
 0.261126404E+02 0.806823730E+01 0.000000000E+00
 
 1     606       0       2
 0.267810993E+02 0.546068048E+01 0.000000000E+00
 
 1     607       0       2
 0.271901722E+02 0.280811810E+01 0.000000000E+00
 
 1     608       0       2
 0.271773300E+02-0.249107003E+01 0.000000000E+00
 
 1     609       0       2
 0.267107124E+02-0.514821386E+01 0.000000000E+00
 
 1     610       0       2
 0.260259876E+02-0.780734825E+01 0.000000000E+00
 
 1     611       0       2
 0.251447163E+02-0.104213638E+02 0.000000000E+00
 
 1     612       0       2
 0.240713520E+02-0.129454269E+02 0.000000000E+00
 
 1     613       0       2
 0.227160435E+02-0.152890491E+02 0.000000000E+00
 
 1     614       0       2
 0.212937965E+02-0.174129372E+02 0.000000000E+00
 
 1     615       0       2
 0.196411934E+02-0.191736832E+02 0.000000000E+00
 
 1     616       0       2
 0.176300488E+02-0.208025455E+02 0.000000000E+00
 
 1     617       0       2
 0.154123516E+02-0.224857063E+02 0.000000000E+00
 
 1     618       0       2
 0.130435839E+02-0.239805031E+02 0.000000000E+00
 
 1     619       0       2
 0.105504780E+02-0.252244511E+02 0.000000000E+00
 
 1     620       0       2
 0.795172453E+01-0.262053280E+02 0.000000000E+00
 
 1     621       0       2
 0.528202963E+01-0.268758335E+02 0.000000000E+00
 
 1     622       0       2
 0.257058167E+01-0.273002682E+02 0.000000000E+00
 
 1     623       0       2
-0.326628238E-02-0.275774918E+02 0.000000000E+00
 
 1     624       0       2
-0.244033575E+01-0.274493694E+02 0.000000000E+00
 
 1     625       0       2
-0.495646572E+01-0.268877964E+02 0.000000000E+00
 
 1     626       0       2
-0.762800026E+01-0.261978703E+02 0.000000000E+00
 
 1     627       0       2
 0.649462032E+01 0.626591778E+01 0.000000000E+00
 
 1     628       0       2
 0.733824348E+01 0.525921392E+01 0.000000000E+00
 
 1     629       0       2
 0.753558064E+01 0.164647174E+01 0.000000000E+00
 
 1     630       0       2
 0.731146622E+01 0.480575740E+00 0.000000000E+00
 
 1     631       0       2
 0.679365444E+01-0.148926222E+01 0.000000000E+00
 
 1     632       0       2
 0.698175764E+01-0.247266626E+01 0.000000000E+00
 
 1     633       0       2
 0.730335951E+01-0.362073731E+01 0.000000000E+00
 
 1     634       0       2
 0.664617205E+01-0.596211052E+01 0.000000000E+00
 
 1     635       0       2
 0.715247345E+01-0.479703522E+01 0.000000000E+00
 
 1     636       0       2
 0.510802555E+01-0.599078703E+01 0.000000000E+00
 
 1     637       0       2
 0.413142633E+01-0.634489727E+01 0.000000000E+00
 
 1     638       0       2
 0.153107369E+01-0.761557293E+01 0.000000000E+00
 
 1     639       0       2
 0.366813391E+00-0.716345453E+01 0.000000000E+00
 
 1     640       0       2
-0.729314983E+00-0.696094131E+01 0.000000000E+00
 
 1     641       0       2
-0.174814057E+01-0.682104111E+01 0.000000000E+00
 
 1     642       0       2
-0.262388396E+01-0.628964853E+01 0.000000000E+00
 
 1     643       0       2
-0.533233833E+01-0.631374311E+01 0.000000000E+00
 
 1     644       0       2
-0.355884314E+01-0.594370127E+01 0.000000000E+00
 
 1     645       0       2
-0.696587181E+01-0.599080515E+01 0.000000000E+00
 
 1     646       0       2
-0.728393221E+01-0.488232040E+01 0.000000000E+00
 
 1     647       0       2
-0.745259523E+01-0.374729180E+01 0.000000000E+00
 
 1     648       0       2
-0.629431057E+01-0.227394795E+01 0.000000000E+00
 
 1     649       0       2
-0.646410370E+01-0.115771270E+01 0.000000000E+00
 
 1     650       0       2
-0.720531321E+01-0.124238886E+00 0.000000000E+00
 
 1     651       0       2
-0.729480171E+01 0.963668883E+00 0.000000000E+00
 
 1     652       0       2
-0.701451397E+01 0.309786797E+01 0.000000000E+00
 
 1     653       0       2
-0.715429354E+01 0.581052399E+01 0.000000000E+00
 
 1     654       0       2
-0.770334387E+01 0.457303762E+01 0.000000000E+00
 
 1     655       0       2
-0.513235092E+01 0.650710249E+01 0.000000000E+00
 
 1     656       0       2
-0.383995867E+01 0.712781239E+01 0.000000000E+00
 
 1     657       0       2
-0.270083475E+01 0.720223141E+01 0.000000000E+00
 
 1     658       0       2
 0.394860172E+01 0.605478859E+01 0.000000000E+00
 
 1     659       0       2
 0.298857474E+01 0.613852406E+01 0.000000000E+00
 
 1     660       0       2
 0.209219313E+01 0.635372448E+01 0.000000000E+00
 
 1     661       0       2
 0.124688792E+01 0.697590113E+01 0.000000000E+00
 
 1     662       0       2
 0.208865926E+00 0.709087658E+01 0.000000000E+00
 
 1     663       0       2
-0.767701387E+00 0.711433840E+01 0.000000000E+00
 
 1     664       0       2
-0.169884861E+01 0.702411604E+01 0.000000000E+00
 
 1     665       0       2
-0.101381626E+02 0.938683331E+00 0.000000000E+00
 
 1     666       0       2
-0.965516376E+01 0.375244141E+01 0.000000000E+00
 
 1     667       0       2
 0.116662512E+02 0.769089460E+00 0.000000000E+00
 
 1     668       0       2
 0.111459827E+02-0.265520477E+01 0.000000000E+00
 
 1     669       0       2
 0.115911713E+02-0.935101092E+00 0.000000000E+00
 
 1     670       0       2
 0.965805912E+01-0.205023026E+01 0.000000000E+00
 
 1     671       0       2
 0.101947031E+02 0.994460404E+00 0.000000000E+00
 
 1     672       0       2
-0.101233692E+02 0.241592336E+01 0.000000000E+00
 
 1     673       0       2
-0.822393417E+01 0.337855148E+01 0.000000000E+00
 
 1     674       0       2
-0.873811531E+01 0.974874616E+00 0.000000000E+00
 
 1     675       0       2
 0.128924341E+02 0.123220711E+02 0.000000000E+00
 
 1     676       0       2
-0.940748024E+01-0.173617020E+02 0.000000000E+00
 
 1     677       0       2
 0.699763250E+01 0.158766594E+02 0.000000000E+00
 
 1     678       0       2
 0.517139339E+01 0.632538033E+01 0.000000000E+00
 
 1     679       0       2
 0.166417236E+02-0.451855040E+01 0.000000000E+00
 
 1     680       0       2
 0.180689847E+01-0.939221764E+01 0.000000000E+00
 
 1     681       0       2
-0.102470655E+02 0.110366354E+02 0.000000000E+00
 
 1     682       0       2
 0.108002977E+02 0.116716957E+02 0.000000000E+00
 
 1     683       0       2
 0.102936554E+02-0.115294580E+02 0.000000000E+00
 
 1     684       0       2
-0.725318003E+01 0.203402352E+01 0.000000000E+00
 
 1     685       0       2
-0.106251895E+01 0.831249237E+01 0.000000000E+00
 
 1     686       0       2
-0.461283103E-01-0.200356827E+02 0.000000000E+00
 
 1     687       0       2
 0.273459606E+02 0.152423993E+00 0.000000000E+00
 
 1     688       0       2
 0.900653076E+01-0.101965294E+02 0.000000000E+00
 
 1     689       0       2
-0.220732021E+02-0.147753632E+01 0.000000000E+00
 
 1     690       0       2
 0.256572676E+01 0.107502537E+02 0.000000000E+00
 
 1     691       0       2
-0.111779747E+02-0.230461502E+01 0.000000000E+00
 
 1     692       0       2
-0.137904720E+02-0.114938250E+02 0.000000000E+00
 
 1     693       0       2
-0.912320673E+00 0.985029984E+01 0.000000000E+00
 
 1     694       0       2
-0.117066536E+02 0.268755341E+01 0.000000000E+00
 
 1     695       0       2
-0.191225922E+01-0.176408997E+02 0.000000000E+00
 
 1     696       0       2
-0.270933075E+02 0.532511330E+01 0.000000000E+00
 
 1     697       0       2
 0.112929888E+02 0.221217403E+02 0.000000000E+00
 
 1     698       0       2
-0.128952494E+02 0.240690670E+02 0.000000000E+00
 
 1     699       0       2
 0.132878447E+02-0.132211936E+01 0.000000000E+00
 
 1     700       0       2
 0.230219150E+01 0.192296524E+02 0.000000000E+00
 
 1     701       0       2
-0.152185898E+02 0.332567072E+01 0.000000000E+00
 
 1     702       0       2
-0.116465111E+02 0.128855934E+02 0.000000000E+00
 
 1     703       0       2
 0.123774529E+02 0.958500481E+01 0.000000000E+00
 
 1     704       0       2
 0.919254208E+01 0.771522760E+01 0.000000000E+00
 
 1     705       0       2
-0.150101109E+02-0.297680259E+01 0.000000000E+00
 
 1     706       0       2
-0.115887089E+02-0.643371880E+00 0.000000000E+00
 
 1     707       0       2
-0.186072712E+02 0.121739416E+02 0.000000000E+00
 
 1     708       0       2
 0.410793114E+01 0.706319475E+01 0.000000000E+00
 
 1     709       0       2
 0.221591377E+02-0.315149605E+00 0.000000000E+00
 
 1     710       0       2
 0.288540006E+01 0.740943718E+01 0.000000000E+00
 
 1     711       0       2
 0.298472357E+01-0.821562767E+01 0.000000000E+00
 
 1     712       0       2
 0.445304346E+01-0.764521503E+01 0.000000000E+00
 
 1     713       0       2
-0.524576235E+01 0.105140753E+02 0.000000000E+00
 
 1     714       0       2
-0.220632019E+02 0.407601309E+01 0.000000000E+00
 
 1     715       0       2
-0.128063211E+02 0.183205109E+02 0.000000000E+00
 
 1     716       0       2
 0.674180937E+01-0.788368177E+01 0.000000000E+00
 
 1     717       0       2
-0.245631580E+02-0.188672280E+01 0.000000000E+00
 
 1     718       0       2
-0.104543734E+02-0.394367957E+01 0.000000000E+00
 
 1     719       0       2
-0.236799717E+01 0.982504654E+01 0.000000000E+00
 
 1     720       0       2
 0.508703995E+01-0.110073061E+02 0.000000000E+00
 
 1     721       0       2
-0.193925610E+02-0.118793449E+02 0.000000000E+00
 
 1     722       0       2
-0.211534176E+02-0.664310265E+01 0.000000000E+00
 
 1     723       0       2
-0.215414772E+02 0.711173439E+01 0.000000000E+00
 
 1     724       0       2
 0.862068653E+01-0.130649424E+02 0.000000000E+00
 
 1     725       0       2
-0.627441931E+01 0.115405169E+02 0.000000000E+00
 
 1     726       0       2
-0.913208199E+01-0.107821121E+02 0.000000000E+00
 
 1     727       0       2
 0.107010345E+02 0.864903927E+01 0.000000000E+00
 
 1     728       0       2
 0.353218824E+00-0.178732262E+02 0.000000000E+00
 
 1     729       0       2
-0.500000000E+01-0.999300659E+00-0.700060987E+01
 
 1     730       0       2
-0.500000000E+01 0.100125599E+01-0.200302410E+01
 
 1     731       0       2
-0.500000000E+01 0.299981713E+01-0.500326729E+01
 
 1     732       0       2
-0.500000000E+01-0.997270703E+00-0.200295949E+01
 
 1     733       0       2
-0.500000000E+01 0.100146353E+01-0.300407863E+01
 
 1     734       0       2
-0.500000000E+01-0.299857283E+01-0.600009441E+01
 
 1     735       0       2
-0.500000000E+01-0.999798238E+00-0.800033474E+01
 
 1     736       0       2
-0.500000000E+01 0.299978805E+01-0.400392103E+01
 
 1     737       0       2
-0.500000000E+01 0.399972296E+01-0.900025558E+01
 
 1     738       0       2
-0.500000000E+01 0.299927044E+01-0.900044441E+01
 
 1     739       0       2
-0.500000000E+01 0.199918449E+01-0.900054169E+01
 
 1     740       0       2
-0.500000000E+01 0.999571264E+00-0.900056362E+01
 
 1     741       0       2
-0.500000000E+01-0.239281857E-03-0.900037766E+01
 
 1     742       0       2
-0.500000000E+01-0.999984026E+00-0.900010872E+01
 
 1     743       0       2
-0.500000000E+01-0.199974644E+01-0.899990273E+01
 
 1     744       0       2
-0.500000000E+01-0.299962163E+01-0.899962330E+01
 
 1     745       0       2
-0.500000000E+01-0.399966788E+01-0.899956417E+01
 
 1     746       0       2
-0.500000000E+01-0.399932933E+01-0.799941540E+01
 
 1     747       0       2
-0.500000000E+01-0.399918151E+01-0.699963522E+01
 
 1     748       0       2
-0.500000000E+01-0.399906802E+01-0.599988699E+01
 
 1     749       0       2
-0.500000000E+01-0.399913192E+01-0.500030184E+01
 
 1     750       0       2
-0.500000000E+01-0.399899554E+01-0.400056648E+01
 
 1     751       0       2
-0.500000000E+01-0.399915791E+01-0.300056767E+01
 
 1     752       0       2
-0.500000000E+01-0.399876380E+01-0.200069547E+01
 
 1     753       0       2
-0.500000000E+01-0.399906707E+01-0.100049698E+01
 
 1     754       0       2
-0.500000000E+01-0.299843645E+01-0.100097811E+01
 
 1     755       0       2
-0.500000000E+01-0.199832582E+01-0.100134981E+01
 
 1     756       0       2
-0.500000000E+01-0.998589456E+00-0.100144374E+01
 
 1     757       0       2
-0.500000000E+01 0.917166180E-03-0.100139380E+01
 
 1     758       0       2
-0.500000000E+01 0.100056493E+01-0.100109661E+01
 
 1     759       0       2
-0.500000000E+01 0.200033498E+01-0.100138140E+01
 
 1     760       0       2
-0.500000000E+01 0.300005698E+01-0.100149989E+01
 
 1     761       0       2
-0.500000000E+01 0.399990249E+01-0.100109208E+01
 
 1     762       0       2
-0.500000000E+01 0.399985886E+01-0.200186348E+01
 
 1     763       0       2
-0.500000000E+01 0.399983788E+01-0.300219703E+01
 
 1     764       0       2
-0.500000000E+01 0.399987006E+01-0.400207424E+01
 
 1     765       0       2
-0.500000000E+01 0.399995136E+01-0.500156212E+01
 
 1     766       0       2
-0.500000000E+01 0.399977756E+01-0.600121260E+01
 
 1     767       0       2
-0.500000000E+01 0.399973249E+01-0.700088501E+01
 
 1     768       0       2
-0.500000000E+01 0.399963164E+01-0.800056934E+01
 
 1     769       0       2
-0.500000000E+01-0.299913335E+01-0.799931479E+01
 
 1     770       0       2
-0.500000000E+01-0.299834132E+01-0.200112414E+01
 
 1     771       0       2
-0.500000000E+01 0.300014424E+01-0.200217724E+01
 
 1     772       0       2
-0.500000000E+01 0.299931431E+01-0.800099945E+01
 
 1     773       0       2
-0.500000000E+01 0.199960828E+01-0.800129890E+01
 
 1     774       0       2
-0.500000000E+01 0.999343932E+00-0.800122166E+01
 
 1     775       0       2
-0.500000000E+01-0.289358228E-03-0.800086975E+01
 
 1     776       0       2
-0.500000000E+01-0.299873257E+01-0.699955463E+01
 
 1     777       0       2
-0.500000000E+01-0.199941146E+01-0.799996901E+01
 
 1     778       0       2
-0.500000000E+01-0.299832916E+01-0.500061655E+01
 
 1     779       0       2
-0.500000000E+01-0.299832964E+01-0.400109720E+01
 
 1     780       0       2
-0.500000000E+01-0.199764001E+01-0.200205350E+01
 
 1     781       0       2
-0.500000000E+01-0.299822402E+01-0.300128174E+01
 
 1     782       0       2
-0.500000000E+01 0.163224211E-02-0.200245619E+01
 
 1     783       0       2
-0.500000000E+01 0.300004649E+01-0.300327229E+01
 
 1     784       0       2
-0.500000000E+01 0.200061941E+01-0.200249529E+01
 
 1     785       0       2
-0.500000000E+01 0.299961710E+01-0.700165415E+01
 
 1     786       0       2
-0.500000000E+01 0.299978375E+01-0.600228357E+01
 
 1     787       0       2
-0.500000000E+01-0.199883056E+01-0.700001621E+01
 
 1     788       0       2
-0.500000000E+01-0.199772143E+01-0.300194192E+01
 
 1     789       0       2
-0.500000000E+01 0.200065565E+01-0.300342107E+01
 
 1     790       0       2
-0.500000000E+01 0.199964035E+01-0.700213051E+01
 
 1     791       0       2
-0.500000000E+01 0.218921309E-05-0.700156546E+01
 
 1     792       0       2
-0.500000000E+01-0.199839127E+01-0.600056505E+01
 
 1     793       0       2
-0.500000000E+01-0.199824381E+01-0.500127077E+01
 
 1     794       0       2
-0.500000000E+01-0.199837720E+01-0.400155258E+01
 
 1     795       0       2
-0.500000000E+01-0.997540653E+00-0.300306106E+01
 
 1     796       0       2
-0.500000000E+01 0.199874886E-02-0.300352073E+01
 
 1     797       0       2
-0.500000000E+01 0.200032210E+01-0.400420570E+01
 
 1     798       0       2
-0.500000000E+01 0.199996603E+01-0.500390339E+01
 
 1     799       0       2
-0.500000000E+01 0.199972785E+01-0.600302839E+01
 
 1     800       0       2
-0.500000000E+01 0.999696255E+00-0.700212812E+01
 
 1     801       0       2
-0.500000000E+01-0.999231458E+00-0.600149155E+01
 
 1     802       0       2
-0.500000000E+01-0.998168409E+00-0.400263166E+01
 
 1     803       0       2
-0.500000000E+01 0.100096440E+01-0.400366783E+01
 
 1     804       0       2
-0.500000000E+01 0.100009513E+01-0.600300407E+01
 
 1     805       0       2
-0.500000000E+01 0.361322629E-03-0.600222349E+01
 
 1     806       0       2
-0.500000000E+01-0.998638570E+00-0.500207472E+01
 
 1     807       0       2
-0.500000000E+01 0.150974980E-02-0.400341606E+01
 
 1     808       0       2
-0.500000000E+01 0.100049675E+01-0.500348425E+01
 
 1     809       0       2
-0.500000000E+01 0.959549216E-03-0.500285435E+01
 
 1     810       0       2
 0.199915886E+01 0.500000000E+01-0.600613213E+01
 
 1     811       0       2
 0.100182712E+01 0.500000000E+01-0.300604081E+01
 
 1     812       0       2
 0.999285102E+00 0.500000000E+01-0.800331116E+01
 
 1     813       0       2
 0.100154305E+01 0.500000000E+01-0.200425863E+01
 
 1     814       0       2
 0.299959612E+01 0.500000000E+01-0.600418425E+01
 
 1     815       0       2
 0.299923897E+01 0.500000000E+01-0.400599241E+01
 
 1     816       0       2
-0.375210919E-03 0.500000000E+01-0.800281239E+01
 
 1     817       0       2
-0.399977899E+01 0.500000000E+01-0.899970150E+01
 
 1     818       0       2
-0.399938726E+01 0.500000000E+01-0.799962234E+01
 
 1     819       0       2
-0.399885416E+01 0.500000000E+01-0.699982452E+01
 
 1     820       0       2
-0.399842525E+01 0.500000000E+01-0.600026512E+01
 
 1     821       0       2
-0.399857879E+01 0.500000000E+01-0.500087643E+01
 
 1     822       0       2
-0.399813461E+01 0.500000000E+01-0.400120783E+01
 
 1     823       0       2
-0.399843216E+01 0.500000000E+01-0.300123858E+01
 
 1     824       0       2
-0.399786210E+01 0.500000000E+01-0.200128889E+01
 
 1     825       0       2
-0.399856687E+01 0.500000000E+01-0.100086272E+01
 
 1     826       0       2
-0.299763680E+01 0.500000000E+01-0.100164866E+01
 
 1     827       0       2
-0.199746013E+01 0.500000000E+01-0.100224292E+01
 
 1     828       0       2
-0.998126030E+00 0.500000000E+01-0.100213492E+01
 
 1     829       0       2
 0.140798080E-02 0.500000000E+01-0.100217497E+01
 
 1     830       0       2
 0.100077176E+01 0.500000000E+01-0.100198579E+01
 
 1     831       0       2
 0.200027585E+01 0.500000000E+01-0.100213838E+01
 
 1     832       0       2
 0.299991965E+01 0.500000000E+01-0.100203252E+01
 
 1     833       0       2
 0.399979401E+01 0.500000000E+01-0.100137651E+01
 
 1     834       0       2
 0.399969339E+01 0.500000000E+01-0.200242853E+01
 
 1     835       0       2
 0.399954700E+01 0.500000000E+01-0.300307322E+01
 
 1     836       0       2
 0.399948525E+01 0.500000000E+01-0.400318241E+01
 
 1     837       0       2
 0.399967504E+01 0.500000000E+01-0.500259256E+01
 
 1     838       0       2
 0.399986243E+01 0.500000000E+01-0.600203228E+01
 
 1     839       0       2
 0.399985838E+01 0.500000000E+01-0.700165701E+01
 
 1     840       0       2
 0.399988723E+01 0.500000000E+01-0.800116539E+01
 
 1     841       0       2
 0.399999881E+01 0.500000000E+01-0.900057888E+01
 
 1     842       0       2
 0.299982786E+01 0.500000000E+01-0.900123787E+01
 
 1     843       0       2
 0.199955213E+01 0.500000000E+01-0.900157070E+01
 
 1     844       0       2
 0.999517679E+00 0.500000000E+01-0.900159550E+01
 
 1     845       0       2
-0.345711189E-03 0.500000000E+01-0.900133991E+01
 
 1     846       0       2
-0.100014675E+01 0.500000000E+01-0.900090122E+01
 
 1     847       0       2
-0.199992371E+01 0.500000000E+01-0.900036335E+01
 
 1     848       0       2
-0.299980617E+01 0.500000000E+01-0.900015831E+01
 
 1     849       0       2
-0.299644923E+01 0.500000000E+01-0.200252962E+01
 
 1     850       0       2
 0.299996638E+01 0.500000000E+01-0.200353622E+01
 
 1     851       0       2
 0.299983001E+01 0.500000000E+01-0.800199318E+01
 
 1     852       0       2
-0.299933529E+01 0.500000000E+01-0.800028324E+01
 
 1     853       0       2
-0.299843884E+01 0.500000000E+01-0.700048971E+01
 
 1     854       0       2
-0.299767065E+01 0.500000000E+01-0.600117207E+01
 
 1     855       0       2
-0.299816132E+01 0.500000000E+01-0.500200462E+01
 
 1     856       0       2
-0.299736261E+01 0.500000000E+01-0.400237656E+01
 
 1     857       0       2
-0.199592042E+01 0.500000000E+01-0.200372148E+01
 
 1     858       0       2
-0.996472538E+00 0.500000000E+01-0.200429916E+01
 
 1     859       0       2
-0.299728060E+01 0.500000000E+01-0.300245953E+01
 
 1     860       0       2
 0.237369607E-02 0.500000000E+01-0.200425029E+01
 
 1     861       0       2
 0.299978518E+01 0.500000000E+01-0.300487018E+01
 
 1     862       0       2
 0.200061965E+01 0.500000000E+01-0.200352311E+01
 
 1     863       0       2
 0.299936485E+01 0.500000000E+01-0.500521851E+01
 
 1     864       0       2
 0.199986148E+01 0.500000000E+01-0.800270367E+01
 
 1     865       0       2
 0.299966121E+01 0.500000000E+01-0.700309896E+01
 
 1     866       0       2
-0.199952483E+01 0.500000000E+01-0.800097275E+01
 
 1     867       0       2
-0.999873340E+00 0.500000000E+01-0.800198936E+01
 
 1     868       0       2
-0.199600065E+01 0.500000000E+01-0.300416851E+01
 
 1     869       0       2
 0.200066400E+01 0.500000000E+01-0.300497913E+01
 
 1     870       0       2
 0.199968076E+01 0.500000000E+01-0.700408840E+01
 
 1     871       0       2
-0.199866831E+01 0.500000000E+01-0.700175714E+01
 
 1     872       0       2
-0.199737060E+01 0.500000000E+01-0.500333166E+01
 
 1     873       0       2
-0.199701941E+01 0.500000000E+01-0.400376606E+01
 
 1     874       0       2
-0.996145070E+00 0.500000000E+01-0.300540090E+01
 
 1     875       0       2
 0.287606847E-02 0.500000000E+01-0.300580549E+01
 
 1     876       0       2
 0.200016141E+01 0.500000000E+01-0.400649309E+01
 
 1     877       0       2
 0.199974740E+01 0.500000000E+01-0.500649357E+01
 
 1     878       0       2
 0.999686122E+00 0.500000000E+01-0.700485039E+01
 
 1     879       0       2
 0.223185954E-03 0.500000000E+01-0.700426912E+01
 
 1     880       0       2
-0.999259591E+00 0.500000000E+01-0.700310946E+01
 
 1     881       0       2
-0.199860513E+01 0.500000000E+01-0.600265789E+01
 
 1     882       0       2
-0.996880054E+00 0.500000000E+01-0.400534344E+01
 
 1     883       0       2
 0.100134957E+01 0.500000000E+01-0.400619078E+01
 
 1     884       0       2
 0.999972641E+00 0.500000000E+01-0.600607872E+01
 
 1     885       0       2
-0.998687148E+00 0.500000000E+01-0.600409889E+01
 
 1     886       0       2
-0.997973561E+00 0.500000000E+01-0.500473642E+01
 
 1     887       0       2
 0.234284950E-02 0.500000000E+01-0.400619698E+01
 
 1     888       0       2
 0.100064683E+01 0.500000000E+01-0.500641727E+01
 
 1     889       0       2
 0.740429154E-03 0.500000000E+01-0.600530005E+01
 
 1     890       0       2
 0.146661745E-02 0.500000000E+01-0.500579262E+01
 
 1     891       0       2
 0.500000000E+01-0.996420681E+00-0.700448942E+01
 
 1     892       0       2
 0.500000000E+01-0.999608755E+00-0.200449848E+01
 
 1     893       0       2
 0.500000000E+01-0.998904884E+00-0.300616312E+01
 
 1     894       0       2
 0.500000000E+01-0.997105956E+00-0.800286579E+01
 
 1     895       0       2
 0.500000000E+01-0.199669337E+01-0.600573969E+01
 
 1     896       0       2
 0.500000000E+01 0.399899459E+01-0.100085533E+01
 
 1     897       0       2
 0.500000000E+01 0.299845576E+01-0.100171471E+01
 
 1     898       0       2
 0.500000000E+01 0.199851596E+01-0.100236225E+01
 
 1     899       0       2
 0.500000000E+01 0.999186575E+00-0.100240767E+01
 
 1     900       0       2
 0.500000000E+01-0.123644772E-03-0.100203419E+01
 
 1     901       0       2
 0.500000000E+01-0.999762952E+00-0.100223160E+01
 
 1     902       0       2
 0.500000000E+01-0.199952745E+01-0.100257134E+01
 
 1     903       0       2
 0.500000000E+01-0.299925828E+01-0.100280666E+01
 
 1     904       0       2
 0.500000000E+01-0.399940062E+01-0.100180423E+01
 
 1     905       0       2
 0.500000000E+01-0.399894357E+01-0.200310707E+01
 
 1     906       0       2
 0.500000000E+01-0.399863529E+01-0.300366116E+01
 
 1     907       0       2
 0.500000000E+01-0.399885297E+01-0.400292635E+01
 
 1     908       0       2
 0.500000000E+01-0.399882483E+01-0.500251055E+01
 
 1     909       0       2
 0.500000000E+01-0.399887276E+01-0.600203514E+01
 
 1     910       0       2
 0.500000000E+01-0.399897718E+01-0.700153923E+01
 
 1     911       0       2
 0.500000000E+01-0.399923468E+01-0.800100040E+01
 
 1     912       0       2
 0.500000000E+01-0.399945402E+01-0.900045776E+01
 
 1     913       0       2
 0.500000000E+01-0.299891973E+01-0.900089550E+01
 
 1     914       0       2
 0.500000000E+01-0.199878824E+01-0.900127506E+01
 
 1     915       0       2
 0.500000000E+01-0.998907268E+00-0.900140190E+01
 
 1     916       0       2
 0.500000000E+01 0.123063347E-02-0.900132656E+01
 
 1     917       0       2
 0.500000000E+01 0.100096583E+01-0.900102615E+01
 
 1     918       0       2
 0.500000000E+01 0.200062418E+01-0.900069809E+01
 
 1     919       0       2
 0.500000000E+01 0.300028992E+01-0.900026226E+01
 
 1     920       0       2
 0.500000000E+01 0.400011396E+01-0.900005341E+01
 
 1     921       0       2
 0.500000000E+01 0.399998450E+01-0.800000191E+01
 
 1     922       0       2
 0.500000000E+01 0.399983358E+01-0.700022650E+01
 
 1     923       0       2
 0.500000000E+01 0.399981880E+01-0.600065756E+01
 
 1     924       0       2
 0.500000000E+01 0.400003910E+01-0.500098562E+01
 
 1     925       0       2
 0.500000000E+01 0.399995828E+01-0.400125885E+01
 
 1     926       0       2
 0.500000000E+01 0.399944544E+01-0.300125504E+01
 
 1     927       0       2
 0.500000000E+01 0.399889612E+01-0.200120997E+01
 
 1     928       0       2
 0.500000000E+01-0.299862885E+01-0.200487280E+01
 
 1     929       0       2
 0.500000000E+01-0.299826384E+01-0.800196457E+01
 
 1     930       0       2
 0.500000000E+01 0.300049520E+01-0.800072098E+01
 
 1     931       0       2
 0.500000000E+01 0.299812365E+01-0.200262117E+01
 
 1     932       0       2
 0.500000000E+01 0.199807346E+01-0.200386405E+01
 
 1     933       0       2
 0.500000000E+01 0.998733401E+00-0.200449562E+01
 
 1     934       0       2
 0.500000000E+01-0.193960470E-03-0.200406337E+01
 
 1     935       0       2
 0.500000000E+01-0.299799943E+01-0.300602579E+01
 
 1     936       0       2
 0.500000000E+01-0.299767256E+01-0.400593281E+01
 
 1     937       0       2
 0.500000000E+01-0.199904811E+01-0.200444508E+01
 
 1     938       0       2
 0.500000000E+01-0.299778390E+01-0.500485325E+01
 
 1     939       0       2
 0.500000000E+01-0.299830437E+01-0.600360584E+01
 
 1     940       0       2
 0.500000000E+01-0.199766493E+01-0.800261974E+01
 
 1     941       0       2
 0.500000000E+01-0.299852848E+01-0.700252151E+01
 
 1     942       0       2
 0.500000000E+01 0.230911677E-02-0.800274086E+01
 
 1     943       0       2
 0.500000000E+01 0.100166643E+01-0.800218201E+01
 
 1     944       0       2
 0.500000000E+01 0.300028157E+01-0.700107861E+01
 
 1     945       0       2
 0.500000000E+01 0.300084805E+01-0.600198555E+01
 
 1     946       0       2
 0.500000000E+01 0.200100017E+01-0.800140381E+01
 
 1     947       0       2
 0.500000000E+01 0.299916530E+01-0.300256419E+01
 
 1     948       0       2
 0.500000000E+01 0.300066614E+01-0.500230312E+01
 
 1     949       0       2
 0.500000000E+01 0.300001550E+01-0.400241756E+01
 
 1     950       0       2
 0.500000000E+01-0.199819005E+01-0.300653481E+01
 
 1     951       0       2
 0.500000000E+01-0.199772418E+01-0.700367069E+01
 
 1     952       0       2
 0.500000000E+01 0.200114679E+01-0.700225353E+01
 
 1     953       0       2
 0.500000000E+01 0.199888623E+01-0.300427246E+01
 
 1     954       0       2
 0.500000000E+01 0.114975774E-03-0.300585079E+01
 
 1     955       0       2
 0.500000000E+01-0.199743462E+01-0.400715971E+01
 
 1     956       0       2
 0.500000000E+01-0.199712789E+01-0.500650835E+01
 
 1     957       0       2
 0.500000000E+01 0.287081534E-02-0.700411224E+01
 
 1     958       0       2
 0.500000000E+01 0.100199127E+01-0.700328636E+01
 
 1     959       0       2
 0.500000000E+01 0.200144076E+01-0.600292969E+01
 
 1     960       0       2
 0.500000000E+01 0.200107765E+01-0.500346899E+01
 
 1     961       0       2
 0.500000000E+01 0.200032473E+01-0.400378180E+01
 
 1     962       0       2
 0.500000000E+01 0.999424756E+00-0.300530005E+01
 
 1     963       0       2
 0.500000000E+01-0.997964323E+00-0.400697470E+01
 
 1     964       0       2
 0.500000000E+01-0.996999502E+00-0.600559950E+01
 
 1     965       0       2
 0.500000000E+01 0.100209641E+01-0.600419712E+01
 
 1     966       0       2
 0.500000000E+01 0.100061929E+01-0.400529003E+01
 
 1     967       0       2
 0.500000000E+01 0.129329506E-02-0.400579023E+01
 
 1     968       0       2
 0.500000000E+01-0.997283041E+00-0.500648165E+01
 
 1     969       0       2
 0.500000000E+01 0.263495068E-02-0.600515223E+01
 
 1     970       0       2
 0.500000000E+01 0.100152385E+01-0.500448275E+01
 
 1     971       0       2
 0.500000000E+01 0.210645539E-02-0.500563288E+01
 
 1     972       0       2
-0.199915886E+01-0.500000000E+01-0.600613213E+01
 
 1     973       0       2
-0.100182712E+01-0.500000000E+01-0.300604081E+01
 
 1     974       0       2
-0.999285102E+00-0.500000000E+01-0.800331116E+01
 
 1     975       0       2
-0.100154305E+01-0.500000000E+01-0.200425863E+01
 
 1     976       0       2
-0.299959612E+01-0.500000000E+01-0.600418425E+01
 
 1     977       0       2
-0.299923897E+01-0.500000000E+01-0.400599241E+01
 
 1     978       0       2
 0.375210919E-03-0.500000000E+01-0.800281239E+01
 
 1     979       0       2
 0.399977899E+01-0.500000000E+01-0.899970150E+01
 
 1     980       0       2
 0.399938726E+01-0.500000000E+01-0.799962234E+01
 
 1     981       0       2
 0.399885416E+01-0.500000000E+01-0.699982452E+01
 
 1     982       0       2
 0.399842525E+01-0.500000000E+01-0.600026512E+01
 
 1     983       0       2
 0.399857879E+01-0.500000000E+01-0.500087643E+01
 
 1     984       0       2
 0.399813461E+01-0.500000000E+01-0.400120783E+01
 
 1     985       0       2
 0.399843216E+01-0.500000000E+01-0.300123858E+01
 
 1     986       0       2
 0.399786210E+01-0.500000000E+01-0.200128889E+01
 
 1     987       0       2
 0.399856687E+01-0.500000000E+01-0.100086272E+01
 
 1     988       0       2
 0.299763680E+01-0.500000000E+01-0.100164866E+01
 
 1     989       0       2
 0.199746013E+01-0.500000000E+01-0.100224292E+01
 
 1     990       0       2
 0.998126030E+00-0.500000000E+01-0.100213492E+01
 
 1     991       0       2
-0.140798080E-02-0.500000000E+01-0.100217497E+01
 
 1     992       0       2
-0.100077176E+01-0.500000000E+01-0.100198579E+01
 
 1     993       0       2
-0.200027585E+01-0.500000000E+01-0.100213838E+01
 
 1     994       0       2
-0.299991965E+01-0.500000000E+01-0.100203252E+01
 
 1     995       0       2
-0.399979401E+01-0.500000000E+01-0.100137651E+01
 
 1     996       0       2
-0.399969339E+01-0.500000000E+01-0.200242853E+01
 
 1     997       0       2
-0.399954700E+01-0.500000000E+01-0.300307322E+01
 
 1     998       0       2
-0.399948525E+01-0.500000000E+01-0.400318241E+01
 
 1     999       0       2
-0.399967504E+01-0.500000000E+01-0.500259256E+01
 
 1    1000       0       2
-0.399986243E+01-0.500000000E+01-0.600203228E+01
 
 1    1001       0       2
-0.399985838E+01-0.500000000E+01-0.700165701E+01
 
 1    1002       0       2
-0.399988723E+01-0.500000000E+01-0.800116539E+01
 
 1    1003       0       2
-0.399999881E+01-0.500000000E+01-0.900057888E+01
 
 1    1004       0       2
-0.299982786E+01-0.500000000E+01-0.900123787E+01
 
 1    1005       0       2
-0.199955213E+01-0.500000000E+01-0.900157070E+01
 
 1    1006       0       2
-0.999517679E+00-0.500000000E+01-0.900159550E+01
 
 1    1007       0       2
 0.345711189E-03-0.500000000E+01-0.900133991E+01
 
 1    1008       0       2
 0.100014675E+01-0.500000000E+01-0.900090122E+01
 
 1    1009       0       2
 0.199992371E+01-0.500000000E+01-0.900036335E+01
 
 1    1010       0       2
 0.299980617E+01-0.500000000E+01-0.900015831E+01
 
 1    1011       0       2
 0.299644923E+01-0.500000000E+01-0.200252962E+01
 
 1    1012       0       2
-0.299996638E+01-0.500000000E+01-0.200353622E+01
 
 1    1013       0       2
-0.299983001E+01-0.500000000E+01-0.800199318E+01
 
 1    1014       0       2
 0.299933529E+01-0.500000000E+01-0.800028324E+01
 
 1    1015       0       2
 0.299843884E+01-0.500000000E+01-0.700048971E+01
 
 1    1016       0       2
 0.299767065E+01-0.500000000E+01-0.600117207E+01
 
 1    1017       0       2
 0.299816132E+01-0.500000000E+01-0.500200462E+01
 
 1    1018       0       2
 0.299736261E+01-0.500000000E+01-0.400237656E+01
 
 1    1019       0       2
 0.199592042E+01-0.500000000E+01-0.200372148E+01
 
 1    1020       0       2
 0.996472538E+00-0.500000000E+01-0.200429916E+01
 
 1    1021       0       2
 0.299728060E+01-0.500000000E+01-0.300245953E+01
 
 1    1022       0       2
-0.237369607E-02-0.500000000E+01-0.200425029E+01
 
 1    1023       0       2
-0.299978518E+01-0.500000000E+01-0.300487018E+01
 
 1    1024       0       2
-0.200061965E+01-0.500000000E+01-0.200352311E+01
 
 1    1025       0       2
-0.299936485E+01-0.500000000E+01-0.500521851E+01
 
 1    1026       0       2
-0.199986148E+01-0.500000000E+01-0.800270367E+01
 
 1    1027       0       2
-0.299966121E+01-0.500000000E+01-0.700309896E+01
 
 1    1028       0       2
 0.199952483E+01-0.500000000E+01-0.800097275E+01
 
 1    1029       0       2
 0.999873340E+00-0.500000000E+01-0.800198936E+01
 
 1    1030       0       2
 0.199600065E+01-0.500000000E+01-0.300416851E+01
 
 1    1031       0       2
-0.200066400E+01-0.500000000E+01-0.300497913E+01
 
 1    1032       0       2
-0.199968076E+01-0.500000000E+01-0.700408840E+01
 
 1    1033       0       2
 0.199866831E+01-0.500000000E+01-0.700175714E+01
 
 1    1034       0       2
 0.199737060E+01-0.500000000E+01-0.500333166E+01
 
 1    1035       0       2
 0.199701941E+01-0.500000000E+01-0.400376606E+01
 
 1    1036       0       2
 0.996145070E+00-0.500000000E+01-0.300540090E+01
 
 1    1037       0       2
-0.287606847E-02-0.500000000E+01-0.300580549E+01
 
 1    1038       0       2
-0.200016141E+01-0.500000000E+01-0.400649309E+01
 
 1    1039       0       2
-0.199974740E+01-0.500000000E+01-0.500649357E+01
 
 1    1040       0       2
-0.999686122E+00-0.500000000E+01-0.700485039E+01
 
 1    1041       0       2
-0.223185954E-03-0.500000000E+01-0.700426912E+01
 
 1    1042       0       2
 0.999259591E+00-0.500000000E+01-0.700310946E+01
 
 1    1043       0       2
 0.199860513E+01-0.500000000E+01-0.600265789E+01
 
 1    1044       0       2
 0.996880054E+00-0.500000000E+01-0.400534344E+01
 
 1    1045       0       2
-0.100134957E+01-0.500000000E+01-0.400619078E+01
 
 1    1046       0       2
-0.999972641E+00-0.500000000E+01-0.600607872E+01
 
 1    1047       0       2
 0.998687148E+00-0.500000000E+01-0.600409889E+01
 
 1    1048       0       2
 0.997973561E+00-0.500000000E+01-0.500473642E+01
 
 1    1049       0       2
-0.234284950E-02-0.500000000E+01-0.400619698E+01
 
 1    1050       0       2
-0.100064683E+01-0.500000000E+01-0.500641727E+01
 
 1    1051       0       2
-0.740429154E-03-0.500000000E+01-0.600530005E+01
 
 1    1052       0       2
-0.146661745E-02-0.500000000E+01-0.500579262E+01
 
 1    1053       0       2
-0.124781742E+02-0.446455526E+01 0.000000000E+00
 
 1    1054       0       2
-0.119126921E+02-0.622518826E+01 0.000000000E+00
 
 1    1055       0       2
-0.145446005E+02-0.496061563E+01 0.000000000E+00
 
 1    1056       0       2
-0.139144411E+02-0.687285995E+01 0.000000000E+00
 
 1    1057       0       2
-0.166675968E+02-0.550472641E+01 0.000000000E+00
 
 1    1058       0       2
-0.159715919E+02-0.762668896E+01 0.000000000E+00
 
 1    1059       0       2
-0.847984695E+01 0.628128242E+01 0.000000000E+00
 
 1    1060       0       2
-0.922061348E+01 0.512766695E+01 0.000000000E+00
 
 1    1061       0       2
-0.984680462E+01 0.701708746E+01 0.000000000E+00
 
 1    1062       0       2
-0.106874971E+02 0.575969791E+01 0.000000000E+00
 
 1    1063       0       2
-0.111065722E+02 0.810407448E+01 0.000000000E+00
 
 1    1064       0       2
-0.121481314E+02 0.658619928E+01 0.000000000E+00
 
 1    1065       0       2
-0.123247042E+02 0.948614311E+01 0.000000000E+00
 
 1    1066       0       2
-0.137019911E+02 0.753383923E+01 0.000000000E+00
 
 1    1067       0       2
 0.249948549E+01-0.139746351E+02 0.000000000E+00
 
 1    1068       0       2
 0.839913189E+00-0.140829535E+02 0.000000000E+00
 
 1    1069       0       2
 0.100228519E+02-0.507402122E+00 0.000000000E+00
 
 1    1070       0       2
-0.657736778E+01-0.133534575E+02 0.000000000E+00
 
 1    1071       0       2
 0.649532175E+01 0.103387890E+02 0.000000000E+00
 
 1    1072       0       2
 0.102910967E+02-0.862737656E+01 0.000000000E+00
 
 1    1073       0       2
 0.113317032E+02-0.697958899E+01 0.000000000E+00
 
 1    1074       0       2
 0.117520580E+02-0.984596825E+01 0.000000000E+00
 
 1    1075       0       2
 0.130061769E+02-0.803741646E+01 0.000000000E+00
 
 1    1076       0       2
 0.134492674E+02-0.111531248E+02 0.000000000E+00
 
 1    1077       0       2
 0.148465557E+02-0.917048454E+01 0.000000000E+00
 
 1    1078       0       2
 0.152364674E+02-0.126016321E+02 0.000000000E+00
 
 1    1079       0       2
 0.168346577E+02-0.104161072E+02 0.000000000E+00
 
 1    1080       0       2
 0.144127340E+02 0.526283550E+01 0.000000000E+00
 
 1    1081       0       2
 0.135854034E+02 0.748976707E+01 0.000000000E+00
 
 1    1082       0       2
 0.165456371E+02 0.576362991E+01 0.000000000E+00
 
 1    1083       0       2
 0.156538515E+02 0.824812126E+01 0.000000000E+00
 
 1    1084       0       2
 0.187451611E+02 0.630344248E+01 0.000000000E+00
 
 1    1085       0       2
 0.179584389E+02 0.930498695E+01 0.000000000E+00
 
 1    1086       0       2
 0.211180477E+02 0.689502716E+01 0.000000000E+00
 
 1    1087       0       2
 0.205508461E+02 0.915793037E+01 0.000000000E+00
 
 1    1088       0       2
-0.267470312E+01-0.108708916E+02 0.000000000E+00
 
 1    1089       0       2
-0.386233974E+01-0.126091118E+02 0.000000000E+00
 
 1    1090       0       2
-0.238424516E+01-0.134179611E+02 0.000000000E+00
 
 1    1091       0       2
-0.502815247E+01-0.144080191E+02 0.000000000E+00
 
 1    1092       0       2
-0.325732446E+01-0.152523079E+02 0.000000000E+00
 
 1    1093       0       2
-0.618868971E+01-0.163137970E+02 0.000000000E+00
 
 1    1094       0       2
-0.410292053E+01-0.171677074E+02 0.000000000E+00
 
 1    1095       0       2
 0.267611098E+01-0.157724895E+02 0.000000000E+00
 
 1    1096       0       2
 0.101258755E+02 0.614415693E+01 0.000000000E+00
 
 1    1097       0       2
 0.870358849E+01 0.567513704E+01 0.000000000E+00
 
 1    1098       0       2
 0.864789295E+01-0.206549397E+02 0.000000000E+00
 
 1    1099       0       2
-0.862909889E+01 0.219979477E+01 0.000000000E+00
 
 1    1100       0       2
-0.239790335E+00-0.123292713E+02 0.000000000E+00
 
 1    1101       0       2
-0.146399212E+01-0.116271276E+02 0.000000000E+00
 
 1    1102       0       2
 0.656507134E+00-0.108521233E+02 0.000000000E+00
 
 1    1103       0       2
-0.452381939E+00-0.101406097E+02 0.000000000E+00
 
 1    1104       0       2
 0.626572180E+01 0.185457873E+01 0.000000000E+00
 
 1    1105       0       2
-0.642702150E+01 0.421316051E+01 0.000000000E+00
 
 1    1106       0       2
 0.611941814E+01-0.331972480E+01 0.000000000E+00
 
 1    1107       0       2
 0.184674144E+01-0.632234478E+01 0.000000000E+00
 
 1    1108       0       2
 0.615727043E+01 0.512229156E+01 0.000000000E+00
 
 1    1109       0       2
-0.613476181E+01-0.443044090E+01 0.000000000E+00
 
 1    1110       0       2
-0.594940662E+01-0.546866131E+01 0.000000000E+00
 
 1    1111       0       2
-0.622948551E+01-0.336318278E+01 0.000000000E+00
 
 1    1112       0       2
 0.615486670E+01 0.795150340E+00 0.000000000E+00
 
 1    1113       0       2
 0.752191126E+00-0.610789299E+01 0.000000000E+00
 
 1    1114       0       2
 0.603890753E+01-0.435971975E+01 0.000000000E+00
 
 1    1115       0       2
 0.607708311E+01-0.241370112E+00 0.000000000E+00
 
 1    1116       0       2
 0.595283985E+01-0.124219501E+01 0.000000000E+00
 
 1    1117       0       2
 0.600397491E+01-0.228499150E+01 0.000000000E+00
 
 1    1118       0       2
 0.636013603E+01 0.291568255E+01 0.000000000E+00
 
 1    1119       0       2
 0.626210260E+01 0.401673985E+01 0.000000000E+00
 
 1    1120       0       2
 0.768595982E+01 0.286366963E+01 0.000000000E+00
 
 1    1121       0       2
 0.755809307E+01 0.406264162E+01 0.000000000E+00
 
 1    1122       0       2
 0.925958252E+01 0.276062465E+01 0.000000000E+00
 
 1    1123       0       2
 0.914490318E+01 0.422543764E+01 0.000000000E+00
 
 1    1124       0       2
-0.593760920E+01 0.540748596E+01 0.000000000E+00
 
 1    1125       0       2
-0.612070704E+01 0.973056674E+00 0.000000000E+00
 
 1    1126       0       2
-0.616574192E+01-0.412620679E-01 0.000000000E+00
 
 1    1127       0       2
-0.289560556E+01 0.607261801E+01 0.000000000E+00
 
 1    1128       0       2
-0.394361043E+01 0.609091043E+01 0.000000000E+00
 
 1    1129       0       2
 0.581512928E+01-0.533288193E+01 0.000000000E+00
 
 1    1130       0       2
-0.617372561E+01 0.201168919E+01 0.000000000E+00
 
 1    1131       0       2
-0.333774835E+00-0.598838091E+01 0.000000000E+00
 
 1    1132       0       2
-0.447503662E+01-0.564693546E+01 0.000000000E+00
 
 1    1133       0       2
-0.188425851E+01 0.600322104E+01 0.000000000E+00
 
 1    1134       0       2
 0.732868090E-01 0.600250340E+01 0.000000000E+00
 
 1    1135       0       2
-0.889359713E+00 0.601723146E+01 0.000000000E+00
 
 1    1136       0       2
-0.143427420E+01-0.595434809E+01 0.000000000E+00
 
 1    1137       0       2
-0.602985764E+01 0.302364278E+01 0.000000000E+00
 
 1    1138       0       2
 0.103246844E+01 0.598213911E+01 0.000000000E+00
 
 1    1139       0       2
 0.299212122E+01-0.660780907E+01 0.000000000E+00
 
 2       1       3       2       0
       3       0       2
     627     565     678
 2       2       3       2       0
       3       0       2
     335     682     675
 2       3       3       2       0
       3       0       2
     366     482     481
 2       4       3       2       0
       3       0       2
     715     422     458
 2       5       3       2       0
       3       0       2
     512     513     476
 2       6       3       2       0
       3       0       2
     511     615     614
 2       7       3       2       0
       3       0       2
     591     590     534
 2       8       3       2       0
       3       0       2
     424     461     460
 2       9       3       2       0
       3       0       2
    1138     660     661
 2      10       3       2       0
       3       0       2
     287     263     269
 2      11       3       2       0
       3       0       2
     545     723     544
 2      12       3       2       0
       3       0       2
     664     663     685
 2      13       3       2       0
       3       0       2
     667     501     671
 2      14       3       2       0
       3       0       2
    1136     642     641
 2      15       3       2       0
       3       0       2
     316     291     317
 2      16       3       2       0
       3       0       2
     288     274     275
 2      17       3       2       0
       3       0       2
     281     298     282
 2      18       3       2       0
       3       0       2
     652    1137    1105
 2      19       3       2       0
       3       0       2
     713     386     385
 2      20       3       2       0
       3       0       2
    1128     656     655
 2      21       3       2       0
       3       0       2
     402     472     471
 2      22       3       2       0
       3       0       2
     470    1085    1087
 2      23       3       2       0
       3       0       2
     533     592     591
 2      24       3       2       0
       3       0       2
     558     624     623
 2      25       3       2       0
       3       0       2
     552     721     551
 2      26       3       2       0
       3       0       2
     465     697     529
 2      27       3       2       0
       3       0       2
     709     517     518
 2      28       3       2       0
       3       0       2
     539     540     457
 2      29       3       2       0
       3       0       2
     632     484     631
 2      30       3       2       0
       3       0       2
     122    1132     133
 2      31       3       2       0
       3       0       2
     710     660     659
 2      32       3       2       0
       3       0       2
     351     384     352
 2      33       3       2       0
       3       0       2
    1126     650     649
 2      34       3       2       0
       3       0       2
     449     448     380
 2      35       3       2       0
       3       0       2
     696     579     546
 2      36       3       2       0
       3       0       2
     353     367     368
 2      37       3       2       0
       3       0       2
     678     708     658
 2      38       3       2       0
       3       0       2
     627    1108     628
 2      39       3       2       0
       3       0       2
     636    1129     142
 2      40       3       2       0
       3       0       2
     332     325     718
 2      41       3       2       0
       3       0       2
     655    1124     132
 2      42       3       2       0
       3       0       2
     469     524     525
 2      43       3       2       0
       3       0       2
     329     403     404
 2      44       3       2       0
       3       0       2
     295     276     681
 2      45       4       2       0
       4       0       1
     114     118     121     119
 2      46       4       2       0
       4       0       1
     119     121     120     115
 2      47       4       2       0
       4       0       1
     120     121     117     116
 2      48       4       2       0
       4       0       1
     117     121     118     113
 2      49       4       2       0
       4       0       1
     120     116      49     111
 2      50       4       2       0
       4       0       1
     115     120     111     110
 2      51       4       2       0
       4       0       1
     119     115     109     108
 2      52       4       2       0
       4       0       1
     114     119     108     107
 2      53       4       2       0
       4       0       1
     118     114     106     105
 2      54       4       2       0
       4       0       1
     113     118     105     104
 2      55       4       2       0
       4       0       1
     116     117     103     112
 2      56       4       2       0
       4       0       1
     103     117     113      42
 2      57       4       2       0
       4       0       1
      49     116     112     102
 2      58       4       2       0
       4       0       1
     109     115     110     101
 2      59       4       2       0
       4       0       1
     106     114     107     100
 2      60       4       2       0
       4       0       1
      42     113     104      48
 2      61       4       2       0
       4       0       1
     112     103      87      43
 2      62       4       2       0
       4       0       1
     102     112      43      86
 2      63       4       2       0
       4       0       1
      49     102      98      46
 2      64       4       2       0
       4       0       1
     110     111      99      45
 2      65       4       2       0
       4       0       1
     111      49      46      99
 2      66       4       2       0
       4       0       1
     101     110      45      96
 2      67       4       2       0
       4       0       1
     109     101      97      95
 2      68       4       2       0
       4       0       1
     107     108      94      47
 2      69       4       2       0
       4       0       1
     108     109      95      94
 2      70       4       2       0
       4       0       1
     100     107      47      92
 2      71       4       2       0
       4       0       1
     106     100      93      44
 2      72       4       2       0
       4       0       1
     104     105      91      89
 2      73       4       2       0
       4       0       1
     105     106      44      91
 2      74       4       2       0
       4       0       1
      48     104      89      88
 2      75       4       2       0
       4       0       1
      42      48      90      41
 2      76       4       2       0
       4       0       1
     103      42      41      87
 2      77       4       2       0
       4       0       1
      98     102      86      85
 2      78       4       2       0
       4       0       1
      97     101      96      84
 2      79       4       2       0
       4       0       1
      93     100      92      50
 2      80       4       2       0
       4       0       1
      90      48      88      83
 2      81       4       2       0
       4       0       1
      46      98      81      80
 2      82       4       2       0
       4       0       1
      45      99      79      78
 2      83       4       2       0
       4       0       1
      99      46      80      79
 2      84       4       2       0
       4       0       1
      98      85      82      81
 2      85       4       2       0
       4       0       1
      95      97      73      72
 2      86       4       2       0
       4       0       1
      97      84      74      73
 2      87       4       2       0
       4       0       1
      84      96      77      76
 2      88       4       2       0
       4       0       1
      96      45      78      77
 2      89       4       2       0
       4       0       1
      47      94      71      70
 2      90       4       2       0
       4       0       1
      94      95      72      71
 2      91       4       2       0
       4       0       1
      44      93      65      64
 2      92       4       2       0
       4       0       1
      93      50      66      65
 2      93       4       2       0
       4       0       1
      50      92      69      68
 2      94       4       2       0
       4       0       1
      92      47      70      69
 2      95       4       2       0
       4       0       1
      89      91      63      62
 2      96       4       2       0
       4       0       1
      91      44      64      63
 2      97       4       2       0
       4       0       1
      41      90      57      56
 2      98       4       2       0
       4       0       1
      90      83      58      57
 2      99       4       2       0
       4       0       1
      83      88      61      60
 2     100       4       2       0
       4       0       1
      88      89      62      61
 2     101       4       2       0
       4       0       1
      43      87      55      54
 2     102       4       2       0
       4       0       1
      87      41      56      55
 2     103       4       2       0
       4       0       1
      85      86      53      52
 2     104       4       2       0
       4       0       1
      86      43      54      53
 2     105       4       2       0
       4       0       1
      82      85      52      51
 2     106       4       2       0
       4       0       1
      74      84      76      75
 2     107       4       2       0
       4       0       1
      66      50      68      67
 2     108       4       2       0
       4       0       1
      58      83      60      59
 2     109       4       2       0
       4       0       1
      82      51      22      23
 2     110       4       2       0
       4       0       1
      81      82      23      24
 2     111       4       2       0
       4       0       1
      80      81      24      25
 2     112       4       2       0
       4       0       1
      79      80      25      26
 2     113       4       2       0
       4       0       1
      78      79      26      27
 2     114       4       2       0
       4       0       1
      77      78      27      28
 2     115       4       2       0
       4       0       1
      76      77      28      29
 2     116       4       2       0
       4       0       1
      75      76      29      30
 2     117       4       2       0
       4       0       1
      75      30      31      40
 2     118       4       2       0
       4       0       1
      74      75      40      39
 2     119       4       2       0
       4       0       1
      73      74      39      38
 2     120       4       2       0
       4       0       1
      72      73      38      37
 2     121       4       2       0
       4       0       1
      71      72      37      36
 2     122       4       2       0
       4       0       1
      70      71      36      35
 2     123       4       2       0
       4       0       1
      69      70      35      34
 2     124       4       2       0
       4       0       1
      68      69      34      33
 2     125       4       2       0
       4       0       1
      67      68      33      32
 2     126       4       2       0
       4       0       1
      67      32      21      20
 2     127       4       2       0
       4       0       1
      66      67      20      19
 2     128       4       2       0
       4       0       1
      65      66      19      18
 2     129       4       2       0
       4       0       1
      64      65      18      17
 2     130       4       2       0
       4       0       1
      63      64      17      16
 2     131       4       2       0
       4       0       1
      62      63      16      15
 2     132       4       2       0
       4       0       1
      61      62      15      14
 2     133       4       2       0
       4       0       1
      60      61      14      13
 2     134       4       2       0
       4       0       1
      59      60      13      12
 2     135       4       2       0
       4       0       1
      59      12       1       2
 2     136       4       2       0
       4       0       1
      58      59       2       3
 2     137       4       2       0
       4       0       1
      57      58       3       4
 2     138       4       2       0
       4       0       1
      56      57       4       5
 2     139       4       2       0
       4       0       1
      55      56       5       6
 2     140       4       2       0
       4       0       1
      54      55       6       7
 2     141       4       2       0
       4       0       1
      53      54       7       8
 2     142       4       2       0
       4       0       1
      52      53       8       9
 2     143       4       2       0
       4       0       1
      51      52       9      10
 2     144       4       2       0
       4       0       1
      22      51      10      11
 2     145       4       2       0
       4       0       1
     802     806     809     807
 2     146       4       2       0
       4       0       1
     807     809     808     803
 2     147       4       2       0
       4       0       1
     808     809     805     804
 2     148       4       2       0
       4       0       1
     805     809     806     801
 2     149       4       2       0
       4       0       1
     808     804     799     798
 2     150       4       2       0
       4       0       1
     803     808     798     797
 2     151       4       2       0
       4       0       1
     807     803     733     796
 2     152       4       2       0
       4       0       1
     802     807     796     795
 2     153       4       2       0
       4       0       1
     806     802     794     793
 2     154       4       2       0
       4       0       1
     801     806     793     792
 2     155       4       2       0
       4       0       1
     804     805     791     800
 2     156       4       2       0
       4       0       1
     791     805     801     729
 2     157       4       2       0
       4       0       1
     799     804     800     790
 2     158       4       2       0
       4       0       1
     733     803     797     789
 2     159       4       2       0
       4       0       1
     794     802     795     788
 2     160       4       2       0
       4       0       1
     729     801     792     787
 2     161       4       2       0
       4       0       1
     800     791     775     774
 2     162       4       2       0
       4       0       1
     790     800     774     773
 2     163       4       2       0
       4       0       1
     799     790     785     786
 2     164       4       2       0
       4       0       1
     797     798     731     736
 2     165       4       2       0
       4       0       1
     798     799     786     731
 2     166       4       2       0
       4       0       1
     789     797     736     783
 2     167       4       2       0
       4       0       1
     733     789     784     730
 2     168       4       2       0
       4       0       1
     795     796     782     732
 2     169       4       2       0
       4       0       1
     796     733     730     782
 2     170       4       2       0
       4       0       1
     788     795     732     780
 2     171       4       2       0
       4       0       1
     794     788     781     779
 2     172       4       2       0
       4       0       1
     792     793     778     734
 2     173       4       2       0
       4       0       1
     793     794     779     778
 2     174       4       2       0
       4       0       1
     787     792     734     776
 2     175       4       2       0
       4       0       1
     729     787     777     735
 2     176       4       2       0
       4       0       1
     791     729     735     775
 2     177       4       2       0
       4       0       1
     785     790     773     772
 2     178       4       2       0
       4       0       1
     784     789     783     771
 2     179       4       2       0
       4       0       1
     781     788     780     770
 2     180       4       2       0
       4       0       1
     777     787     776     769
 2     181       4       2       0
       4       0       1
     786     785     767     766
 2     182       4       2       0
       4       0       1
     736     731     765     764
 2     183       4       2       0
       4       0       1
     731     786     766     765
 2     184       4       2       0
       4       0       1
     785     772     768     767
 2     185       4       2       0
       4       0       1
     730     784     759     758
 2     186       4       2       0
       4       0       1
     784     771     760     759
 2     187       4       2       0
       4       0       1
     771     783     763     762
 2     188       4       2       0
       4       0       1
     783     736     764     763
 2     189       4       2       0
       4       0       1
     732     782     757     756
 2     190       4       2       0
       4       0       1
     782     730     758     757
 2     191       4       2       0
       4       0       1
     779     781     751     750
 2     192       4       2       0
       4       0       1
     781     770     752     751
 2     193       4       2       0
       4       0       1
     770     780     755     754
 2     194       4       2       0
       4       0       1
     780     732     756     755
 2     195       4       2       0
       4       0       1
     734     778     749     748
 2     196       4       2       0
       4       0       1
     778     779     750     749
 2     197       4       2       0
       4       0       1
     735     777     743     742
 2     198       4       2       0
       4       0       1
     777     769     744     743
 2     199       4       2       0
       4       0       1
     769     776     747     746
 2     200       4       2       0
       4       0       1
     776     734     748     747
 2     201       4       2       0
       4       0       1
     774     775     741     740
 2     202       4       2       0
       4       0       1
     775     735     742     741
 2     203       4       2       0
       4       0       1
     772     773     739     738
 2     204       4       2       0
       4       0       1
     773     774     740     739
 2     205       4       2       0
       4       0       1
     768     772     738     737
 2     206       4       2       0
       4       0       1
     760     771     762     761
 2     207       4       2       0
       4       0       1
     752     770     754     753
 2     208       4       2       0
       4       0       1
     744     769     746     745
 2     209       4       2       0
       4       0       1
     768     737     253     254
 2     210       4       2       0
       4       0       1
     767     768     254     255
 2     211       4       2       0
       4       0       1
     766     767     255     256
 2     212       4       2       0
       4       0       1
     765     766     256     257
 2     213       4       2       0
       4       0       1
     764     765     257     258
 2     214       4       2       0
       4       0       1
     763     764     258     259
 2     215       4       2       0
       4       0       1
     762     763     259     260
 2     216       4       2       0
       4       0       1
     761     762     260     261
 2     217       4       2       0
       4       0       1
     761     261     132     131
 2     218       4       2       0
       4       0       1
     760     761     131     130
 2     219       4       2       0
       4       0       1
     759     760     130     129
 2     220       4       2       0
       4       0       1
     758     759     129     128
 2     221       4       2       0
       4       0       1
     757     758     128     127
 2     222       4       2       0
       4       0       1
     756     757     127     126
 2     223       4       2       0
       4       0       1
     755     756     126     125
 2     224       4       2       0
       4       0       1
     754     755     125     124
 2     225       4       2       0
       4       0       1
     753     754     124     123
 2     226       4       2       0
       4       0       1
     753     123     122     234
 2     227       4       2       0
       4       0       1
     752     753     234     233
 2     228       4       2       0
       4       0       1
     751     752     233     232
 2     229       4       2       0
       4       0       1
     750     751     232     231
 2     230       4       2       0
       4       0       1
     749     750     231     230
 2     231       4       2       0
       4       0       1
     748     749     230     229
 2     232       4       2       0
       4       0       1
     747     748     229     228
 2     233       4       2       0
       4       0       1
     746     747     228     227
 2     234       4       2       0
       4       0       1
     745     746     227     226
 2     235       4       2       0
       4       0       1
     745     226       1      12
 2     236       4       2       0
       4       0       1
     744     745      12      13
 2     237       4       2       0
       4       0       1
     743     744      13      14
 2     238       4       2       0
       4       0       1
     742     743      14      15
 2     239       4       2       0
       4       0       1
     741     742      15      16
 2     240       4       2       0
       4       0       1
     740     741      16      17
 2     241       4       2       0
       4       0       1
     739     740      17      18
 2     242       4       2       0
       4       0       1
     738     739      18      19
 2     243       4       2       0
       4       0       1
     737     738      19      20
 2     244       4       2       0
       4       0       1
     253     737      20      21
 2     245       4       2       0
       4       0       1
     890     888     883     887
 2     246       4       2       0
       4       0       1
     888     890     889     884
 2     247       4       2       0
       4       0       1
     889     890     886     885
 2     248       4       2       0
       4       0       1
     886     890     887     882
 2     249       4       2       0
       4       0       1
     889     885     880     879
 2     250       4       2       0
       4       0       1
     884     889     879     878
 2     251       4       2       0
       4       0       1
     888     884     810     877
 2     252       4       2       0
       4       0       1
     883     888     877     876
 2     253       4       2       0
       4       0       1
     887     883     811     875
 2     254       4       2       0
       4       0       1
     882     887     875     874
 2     255       4       2       0
       4       0       1
     885     886     872     881
 2     256       4       2       0
       4       0       1
     872     886     882     873
 2     257       4       2       0
       4       0       1
     880     885     881     871
 2     258       4       2       0
       4       0       1
     810     884     878     870
 2     259       4       2       0
       4       0       1
     811     883     876     869
 2     260       4       2       0
       4       0       1
     873     882     874     868
 2     261       4       2       0
       4       0       1
     881     872     855     854
 2     262       4       2       0
       4       0       1
     871     881     854     853
 2     263       4       2       0
       4       0       1
     880     871     866     867
 2     264       4       2       0
       4       0       1
     878     879     816     812
 2     265       4       2       0
       4       0       1
     879     880     867     816
 2     266       4       2       0
       4       0       1
     870     878     812     864
 2     267       4       2       0
       4       0       1
     810     870     865     814
 2     268       4       2       0
       4       0       1
     876     877     863     815
 2     269       4       2       0
       4       0       1
     877     810     814     863
 2     270       4       2       0
       4       0       1
     869     876     815     861
 2     271       4       2       0
       4       0       1
     811     869     862     813
 2     272       4       2       0
       4       0       1
     874     875     860     858
 2     273       4       2       0
       4       0       1
     875     811     813     860
 2     274       4       2       0
       4       0       1
     868     874     858     857
 2     275       4       2       0
       4       0       1
     873     868     859     856
 2     276       4       2       0
       4       0       1
     872     873     856     855
 2     277       4       2       0
       4       0       1
     866     871     853     852
 2     278       4       2       0
       4       0       1
     865     870     864     851
 2     279       4       2       0
       4       0       1
     862     869     861     850
 2     280       4       2       0
       4       0       1
     859     868     857     849
 2     281       4       2       0
       4       0       1
     867     866     847     846
 2     282       4       2       0
       4       0       1
     812     816     845     844
 2     283       4       2       0
       4       0       1
     816     867     846     845
 2     284       4       2       0
       4       0       1
     866     852     848     847
 2     285       4       2       0
       4       0       1
     814     865     839     838
 2     286       4       2       0
       4       0       1
     865     851     840     839
 2     287       4       2       0
       4       0       1
     851     864     843     842
 2     288       4       2       0
       4       0       1
     864     812     844     843
 2     289       4       2       0
       4       0       1
     815     863     837     836
 2     290       4       2       0
       4       0       1
     863     814     838     837
 2     291       4       2       0
       4       0       1
     813     862     831     830
 2     292       4       2       0
       4       0       1
     862     850     832     831
 2     293       4       2       0
       4       0       1
     850     861     835     834
 2     294       4       2       0
       4       0       1
     861     815     836     835
 2     295       4       2       0
       4       0       1
     858     860     829     828
 2     296       4       2       0
       4       0       1
     860     813     830     829
 2     297       4       2       0
       4       0       1
     856     859     823     822
 2     298       4       2       0
       4       0       1
     859     849     824     823
 2     299       4       2       0
       4       0       1
     849     857     827     826
 2     300       4       2       0
       4       0       1
     857     858     828     827
 2     301       4       2       0
       4       0       1
     854     855     821     820
 2     302       4       2       0
       4       0       1
     855     856     822     821
 2     303       4       2       0
       4       0       1
     852     853     819     818
 2     304       4       2       0
       4       0       1
     853     854     820     819
 2     305       4       2       0
       4       0       1
     848     852     818     817
 2     306       4       2       0
       4       0       1
     840     851     842     841
 2     307       4       2       0
       4       0       1
     832     850     834     833
 2     308       4       2       0
       4       0       1
     824     849     826     825
 2     309       4       2       0
       4       0       1
     848     817      32      33
 2     310       4       2       0
       4       0       1
     847     848      33      34
 2     311       4       2       0
       4       0       1
     846     847      34      35
 2     312       4       2       0
       4       0       1
     845     846      35      36
 2     313       4       2       0
       4       0       1
     844     845      36      37
 2     314       4       2       0
       4       0       1
     843     844      37      38
 2     315       4       2       0
       4       0       1
     842     843      38      39
 2     316       4       2       0
       4       0       1
     841     842      39      40
 2     317       4       2       0
       4       0       1
     841      40      31     244
 2     318       4       2       0
       4       0       1
     840     841     244     245
 2     319       4       2       0
       4       0       1
     839     840     245     246
 2     320       4       2       0
       4       0       1
     838     839     246     247
 2     321       4       2       0
       4       0       1
     837     838     247     248
 2     322       4       2       0
       4       0       1
     836     837     248     249
 2     323       4       2       0
       4       0       1
     835     836     249     250
 2     324       4       2       0
       4       0       1
     834     835     250     251
 2     325       4       2       0
       4       0       1
     833     834     251     252
 2     326       4       2       0
       4       0       1
     833     252     152     151
 2     327       4       2       0
       4       0       1
     832     833     151     150
 2     328       4       2       0
       4       0       1
     831     832     150     149
 2     329       4       2       0
       4       0       1
     830     831     149     148
 2     330       4       2       0
       4       0       1
     829     830     148     147
 2     331       4       2       0
       4       0       1
     828     829     147     146
 2     332       4       2       0
       4       0       1
     827     828     146     145
 2     333       4       2       0
       4       0       1
     826     827     145     144
 2     334       4       2       0
       4       0       1
     825     826     144     143
 2     335       4       2       0
       4       0       1
     825     143     132     261
 2     336       4       2       0
       4       0       1
     824     825     261     260
 2     337       4       2       0
       4       0       1
     823     824     260     259
 2     338       4       2       0
       4       0       1
     822     823     259     258
 2     339       4       2       0
       4       0       1
     821     822     258     257
 2     340       4       2       0
       4       0       1
     820     821     257     256
 2     341       4       2       0
       4       0       1
     819     820     256     255
 2     342       4       2       0
       4       0       1
     818     819     255     254
 2     343       4       2       0
       4       0       1
     817     818     254     253
 2     344       4       2       0
       4       0       1
      32     817     253      21
 2     345       4       2       0
       4       0       1
     964     968     971     969
 2     346       4       2       0
       4       0       1
     969     971     970     965
 2     347       4       2       0
       4       0       1
     970     971     967     966
 2     348       4       2       0
       4       0       1
     967     971     968     963
 2     349       4       2       0
       4       0       1
     970     966     961     960
 2     350       4       2       0
       4       0       1
     965     970     960     959
 2     351       4       2       0
       4       0       1
     969     965     958     957
 2     352       4       2       0
       4       0       1
     964     969     957     891
 2     353       4       2       0
       4       0       1
     968     964     895     956
 2     354       4       2       0
       4       0       1
     963     968     956     955
 2     355       4       2       0
       4       0       1
     966     967     954     962
 2     356       4       2       0
       4       0       1
     954     967     963     893
 2     357       4       2       0
       4       0       1
     961     966     962     953
 2     358       4       2       0
       4       0       1
     958     965     959     952
 2     359       4       2       0
       4       0       1
     895     964     891     951
 2     360       4       2       0
       4       0       1
     893     963     955     950
 2     361       4       2       0
       4       0       1
     962     954     934     933
 2     362       4       2       0
       4       0       1
     953     962     933     932
 2     363       4       2       0
       4       0       1
     961     953     947     949
 2     364       4       2       0
       4       0       1
     959     960     948     945
 2     365       4       2       0
       4       0       1
     960     961     949     948
 2     366       4       2       0
       4       0       1
     952     959     945     944
 2     367       4       2       0
       4       0       1
     958     952     946     943
 2     368       4       2       0
       4       0       1
     891     957     942     894
 2     369       4       2       0
       4       0       1
     957     958     943     942
 2     370       4       2       0
       4       0       1
     951     891     894     940
 2     371       4       2       0
       4       0       1
     895     951     941     939
 2     372       4       2       0
       4       0       1
     955     956     938     936
 2     373       4       2       0
       4       0       1
     956     895     939     938
 2     374       4       2       0
       4       0       1
     950     955     936     935
 2     375       4       2       0
       4       0       1
     893     950     937     892
 2     376       4       2       0
       4       0       1
     954     893     892     934
 2     377       4       2       0
       4       0       1
     947     953     932     931
 2     378       4       2       0
       4       0       1
     946     952     944     930
 2     379       4       2       0
       4       0       1
     941     951     940     929
 2     380       4       2       0
       4       0       1
     937     950     935     928
 2     381       4       2       0
       4       0       1
     949     947     926     925
 2     382       4       2       0
       4       0       1
     945     948     924     923
 2     383       4       2       0
       4       0       1
     948     949     925     924
 2     384       4       2       0
       4       0       1
     947     931     927     926
 2     385       4       2       0
       4       0       1
     943     946     918     917
 2     386       4       2       0
       4       0       1
     946     930     919     918
 2     387       4       2       0
       4       0       1
     930     944     922     921
 2     388       4       2       0
       4       0       1
     944     945     923     922
 2     389       4       2       0
       4       0       1
     894     942     916     915
 2     390       4       2       0
       4       0       1
     942     943     917     916
 2     391       4       2       0
       4       0       1
     939     941     910     909
 2     392       4       2       0
       4       0       1
     941     929     911     910
 2     393       4       2       0
       4       0       1
     929     940     914     913
 2     394       4       2       0
       4       0       1
     940     894     915     914
 2     395       4       2       0
       4       0       1
     936     938     908     907
 2     396       4       2       0
       4       0       1
     938     939     909     908
 2     397       4       2       0
       4       0       1
     892     937     902     901
 2     398       4       2       0
       4       0       1
     937     928     903     902
 2     399       4       2       0
       4       0       1
     928     935     906     905
 2     400       4       2       0
       4       0       1
     935     936     907     906
 2     401       4       2       0
       4       0       1
     933     934     900     899
 2     402       4       2       0
       4       0       1
     934     892     901     900
 2     403       4       2       0
       4       0       1
     931     932     898     897
 2     404       4       2       0
       4       0       1
     932     933     899     898
 2     405       4       2       0
       4       0       1
     927     931     897     896
 2     406       4       2       0
       4       0       1
     919     930     921     920
 2     407       4       2       0
       4       0       1
     911     929     913     912
 2     408       4       2       0
       4       0       1
     903     928     905     904
 2     409       4       2       0
       4       0       1
     927     896     252     251
 2     410       4       2       0
       4       0       1
     926     927     251     250
 2     411       4       2       0
       4       0       1
     925     926     250     249
 2     412       4       2       0
       4       0       1
     924     925     249     248
 2     413       4       2       0
       4       0       1
     923     924     248     247
 2     414       4       2       0
       4       0       1
     922     923     247     246
 2     415       4       2       0
       4       0       1
     921     922     246     245
 2     416       4       2       0
       4       0       1
     920     921     245     244
 2     417       4       2       0
       4       0       1
     920     244      31      30
 2     418       4       2       0
       4       0       1
     919     920      30      29
 2     419       4       2       0
       4       0       1
     918     919      29      28
 2     420       4       2       0
       4       0       1
     917     918      28      27
 2     421       4       2       0
       4       0       1
     916     917      27      26
 2     422       4       2       0
       4       0       1
     915     916      26      25
 2     423       4       2       0
       4       0       1
     914     915      25      24
 2     424       4       2       0
       4       0       1
     913     914      24      23
 2     425       4       2       0
       4       0       1
     912     913      23      22
 2     426       4       2       0
       4       0       1
     912      22      11     235
 2     427       4       2       0
       4       0       1
     911     912     235     236
 2     428       4       2       0
       4       0       1
     910     911     236     237
 2     429       4       2       0
       4       0       1
     909     910     237     238
 2     430       4       2       0
       4       0       1
     908     909     238     239
 2     431       4       2       0
       4       0       1
     907     908     239     240
 2     432       4       2       0
       4       0       1
     906     907     240     241
 2     433       4       2       0
       4       0       1
     905     906     241     242
 2     434       4       2       0
       4       0       1
     904     905     242     243
 2     435       4       2       0
       4       0       1
     904     243     142     161
 2     436       4       2       0
       4       0       1
     903     904     161     160
 2     437       4       2       0
       4       0       1
     902     903     160     159
 2     438       4       2       0
       4       0       1
     901     902     159     158
 2     439       4       2       0
       4       0       1
     900     901     158     157
 2     440       4       2       0
       4       0       1
     899     900     157     156
 2     441       4       2       0
       4       0       1
     898     899     156     155
 2     442       4       2       0
       4       0       1
     897     898     155     154
 2     443       4       2       0
       4       0       1
     896     897     154     153
 2     444       4       2       0
       4       0       1
     252     896     153     152
 2     445       4       2       0
       4       0       1
    1052    1050    1045    1049
 2     446       4       2       0
       4       0       1
    1050    1052    1051    1046
 2     447       4       2       0
       4       0       1
    1051    1052    1048    1047
 2     448       4       2       0
       4       0       1
    1048    1052    1049    1044
 2     449       4       2       0
       4       0       1
    1051    1047    1042    1041
 2     450       4       2       0
       4       0       1
    1046    1051    1041    1040
 2     451       4       2       0
       4       0       1
    1050    1046     972    1039
 2     452       4       2       0
       4       0       1
    1045    1050    1039    1038
 2     453       4       2       0
       4       0       1
    1049    1045     973    1037
 2     454       4       2       0
       4       0       1
    1044    1049    1037    1036
 2     455       4       2       0
       4       0       1
    1047    1048    1034    1043
 2     456       4       2       0
       4       0       1
    1034    1048    1044    1035
 2     457       4       2       0
       4       0       1
    1042    1047    1043    1033
 2     458       4       2       0
       4       0       1
     972    1046    1040    1032
 2     459       4       2       0
       4       0       1
     973    1045    1038    1031
 2     460       4       2       0
       4       0       1
    1035    1044    1036    1030
 2     461       4       2       0
       4       0       1
    1043    1034    1017    1016
 2     462       4       2       0
       4       0       1
    1033    1043    1016    1015
 2     463       4       2       0
       4       0       1
    1042    1033    1028    1029
 2     464       4       2       0
       4       0       1
    1040    1041     978     974
 2     465       4       2       0
       4       0       1
    1041    1042    1029     978
 2     466       4       2       0
       4       0       1
    1032    1040     974    1026
 2     467       4       2       0
       4       0       1
     972    1032    1027     976
 2     468       4       2       0
       4       0       1
    1038    1039    1025     977
 2     469       4       2       0
       4       0       1
    1039     972     976    1025
 2     470       4       2       0
       4       0       1
    1031    1038     977    1023
 2     471       4       2       0
       4       0       1
     973    1031    1024     975
 2     472       4       2       0
       4       0       1
    1036    1037    1022    1020
 2     473       4       2       0
       4       0       1
    1037     973     975    1022
 2     474       4       2       0
       4       0       1
    1030    1036    1020    1019
 2     475       4       2       0
       4       0       1
    1035    1030    1021    1018
 2     476       4       2       0
       4       0       1
    1034    1035    1018    1017
 2     477       4       2       0
       4       0       1
    1028    1033    1015    1014
 2     478       4       2       0
       4       0       1
    1027    1032    1026    1013
 2     479       4       2       0
       4       0       1
    1024    1031    1023    1012
 2     480       4       2       0
       4       0       1
    1021    1030    1019    1011
 2     481       4       2       0
       4       0       1
    1029    1028    1009    1008
 2     482       4       2       0
       4       0       1
     974     978    1007    1006
 2     483       4       2       0
       4       0       1
     978    1029    1008    1007
 2     484       4       2       0
       4       0       1
    1028    1014    1010    1009
 2     485       4       2       0
       4       0       1
     976    1027    1001    1000
 2     486       4       2       0
       4       0       1
    1027    1013    1002    1001
 2     487       4       2       0
       4       0       1
    1013    1026    1005    1004
 2     488       4       2       0
       4       0       1
    1026     974    1006    1005
 2     489       4       2       0
       4       0       1
     977    1025     999     998
 2     490       4       2       0
       4       0       1
    1025     976    1000     999
 2     491       4       2       0
       4       0       1
     975    1024     993     992
 2     492       4       2       0
       4       0       1
    1024    1012     994     993
 2     493       4       2       0
       4       0       1
    1012    1023     997     996
 2     494       4       2       0
       4       0       1
    1023     977     998     997
 2     495       4       2       0
       4       0       1
    1020    1022     991     990
 2     496       4       2       0
       4       0       1
    1022     975     992     991
 2     497       4       2       0
       4       0       1
    1018    1021     985     984
 2     498       4       2       0
       4       0       1
    1021    1011     986     985
 2     499       4       2       0
       4       0       1
    1011    1019     989     988
 2     500       4       2       0
       4       0       1
    1019    1020     990     989
 2     501       4       2       0
       4       0       1
    1016    1017     983     982
 2     502       4       2       0
       4       0       1
    1017    1018     984     983
 2     503       4       2       0
       4       0       1
    1014    1015     981     980
 2     504       4       2       0
       4       0       1
    1015    1016     982     981
 2     505       4       2       0
       4       0       1
    1010    1014     980     979
 2     506       4       2       0
       4       0       1
    1002    1013    1004    1003
 2     507       4       2       0
       4       0       1
     994    1012     996     995
 2     508       4       2       0
       4       0       1
     986    1011     988     987
 2     509       4       2       0
       4       0       1
    1010     979      10       9
 2     510       4       2       0
       4       0       1
    1009    1010       9       8
 2     511       4       2       0
       4       0       1
    1008    1009       8       7
 2     512       4       2       0
       4       0       1
    1007    1008       7       6
 2     513       4       2       0
       4       0       1
    1006    1007       6       5
 2     514       4       2       0
       4       0       1
    1005    1006       5       4
 2     515       4       2       0
       4       0       1
    1004    1005       4       3
 2     516       4       2       0
       4       0       1
    1003    1004       3       2
 2     517       4       2       0
       4       0       1
    1003       2       1     226
 2     518       4       2       0
       4       0       1
    1002    1003     226     227
 2     519       4       2       0
       4       0       1
    1001    1002     227     228
 2     520       4       2       0
       4       0       1
    1000    1001     228     229
 2     521       4       2       0
       4       0       1
     999    1000     229     230
 2     522       4       2       0
       4       0       1
     998     999     230     231
 2     523       4       2       0
       4       0       1
     997     998     231     232
 2     524       4       2       0
       4       0       1
     996     997     232     233
 2     525       4       2       0
       4       0       1
     995     996     233     234
 2     526       4       2       0
       4       0       1
     995     234     122     133
 2     527       4       2       0
       4       0       1
     994     995     133     134
 2     528       4       2       0
       4       0       1
     993     994     134     135
 2     529       4       2       0
       4       0       1
     992     993     135     136
 2     530       4       2       0
       4       0       1
     991     992     136     137
 2     531       4       2       0
       4       0       1
     990     991     137     138
 2     532       4       2       0
       4       0       1
     989     990     138     139
 2     533       4       2       0
       4       0       1
     988     989     139     140
 2     534       4       2       0
       4       0       1
     987     988     140     141
 2     535       4       2       0
       4       0       1
     987     141     142     243
 2     536       4       2       0
       4       0       1
     986     987     243     242
 2     537       4       2       0
       4       0       1
     985     986     242     241
 2     538       4       2       0
       4       0       1
     984     985     241     240
 2     539       4       2       0
       4       0       1
     983     984     240     239
 2     540       4       2       0
       4       0       1
     982     983     239     238
 2     541       4       2       0
       4       0       1
     981     982     238     237
 2     542       4       2       0
       4       0       1
     980     981     237     236
 2     543       4       2       0
       4       0       1
     979     980     236     235
 2     544       4       2       0
       4       0       1
      10     979     235      11
 2     545       4       2       0
       4       0       2
    1132     122    1110     643
 2     546       4       2       0
       4       0       2
    1116    1117     632     631
 2     547       4       2       0
       4       0       2
    1111     124     125     648
 2     548       4       2       0
       4       0       2
     646    1109    1111     647
 2     549       4       2       0
       4       0       2
     433     430     393     394
 2     550       4       2       0
       4       0       2
     503     630     486     485
 2     551       4       2       0
       4       0       2
    1068    1067     275     274
 2     552       4       2       0
       4       0       2
    1067     271     304     275
 2     553       4       2       0
       4       0       2
     447     676     380     448
 2     554       4       2       0
       4       0       2
    1070     316    1093    1091
 2     555       4       2       0
       4       0       2
    1110     645     563     643
 2     556       4       2       0
       4       0       2
     286     270    1090    1092
 2     557       4       2       0
       4       0       2
    1111     648     299     647
 2     558       4       2       0
       4       0       2
     314     348     296     303
 2     559       4       2       0
       4       0       2
     728     686     365     324
 2     560       4       2       0
       4       0       2
    1133     664     657    1127
 2     561       4       2       0
       4       0       2
     708     433     394     710
 2     562       4       2       0
       4       0       2
    1071     395     309     343
 2     563       4       2       0
       4       0       2
    1131     640     639    1113
 2     564       4       2       0
       4       0       2
    1095    1067    1068     285
 2     565       4       2       0
       4       0       2
     487     412     354    1096
 2     566       4       2       0
       4       0       2
    1071     430     432     395
 2     567       4       2       0
       4       0       2
     356     705    1055    1053
 2     568       4       2       0
       4       0       2
     693     262     264     719
 2     569       4       2       0
       4       0       2
    1098     481     506     507
 2     570       4       2       0
       4       0       2
    1099     673     666     672
 2     571       4       2       0
       4       0       2
    1091    1093    1094    1092
 2     572       4       2       0
       4       0       2
    1089    1091    1092    1090
 2     573       4       2       0
       4       0       2
     302     312    1054    1056
 2     574       4       2       0
       4       0       2
     681     351     352     295
 2     575       4       2       0
       4       0       2
     276     295     349     725
 2     576       4       2       0
       4       0       2
     639     640     269     263
 2     577       4       2       0
       4       0       2
     383     695    1094     382
 2     578       4       2       0
       4       0       2
     685     267     290     693
 2     579       4       2       0
       4       0       2
    1088    1089    1090    1101
 2     580       4       2       0
       4       0       2
     641     294     269     640
 2     581       4       2       0
       4       0       2
    1098     507     508     480
 2     582       4       2       0
       4       0       2
    1053    1055    1056    1054
 2     583       4       2       0
       4       0       2
     647     299     325     332
 2     584       4       2       0
       4       0       2
     718    1053    1054     347
 2     585       4       2       0
       4       0       2
     262     289     268     266
 2     586       4       2       0
       4       0       2
     403     329     323     366
 2     587       4       2       0
       4       0       2
     693     290     289     262
 2     588       4       2       0
       4       0       2
     263     293     638     639
 2     589       4       2       0
       4       0       2
     316     676     381    1093
 2     590       4       2       0
       4       0       2
     380     676     316     317
 2     591       4       2       0
       4       0       2
     264     273     350     719
 2     592       4       2       0
       4       0       2
     677     282     307     336
 2     593       4       2       0
       4       0       2
     309     682     307     343
 2     594       4       2       0
       4       0       2
     688     683    1074    1072
 2     595       4       2       0
       4       0       2
     272     277     276     725
 2     596       4       2       0
       4       0       2
     265     278     277     272
 2     597       4       2       0
       4       0       2
     266     279     278     265
 2     598       4       2       0
       4       0       2
     268     280     279     266
 2     599       4       2       0
       4       0       2
     268     306     281     280
 2     600       4       2       0
       4       0       2
     306     344     298     281
 2     601       4       2       0
       4       0       2
    1070     292     291     316
 2     602       4       2       0
       4       0       2
     642     426     294     641
 2     603       4       2       0
       4       0       2
     719     333     685     693
 2     604       4       2       0
       4       0       2
     305     310     290     267
 2     605       4       2       0
       4       0       2
     289     690     306     268
 2     606       4       2       0
       4       0       2
     272     725     713     273
 2     607       4       2       0
       4       0       2
     294     315     287     269
 2     608       4       2       0
       4       0       2
     673     652    1105     654
 2     609       4       2       0
       4       0       2
     265     264     262     266
 2     610       4       2       0
       4       0       2
    1095     284     271    1067
 2     611       4       2       0
       4       0       2
     271     297     720     304
 2     612       4       2       0
       4       0       2
     284     283     297     271
 2     613       4       2       0
       4       0       2
    1117    1106     633     632
 2     614       4       2       0
       4       0       2
     648     649     355     299
 2     615       4       2       0
       4       0       2
     674     410     650     651
 2     616       4       2       0
       4       0       2
     650     410     355     649
 2     617       4       2       0
       4       0       2
    1102     680     293    1103
 2     618       4       2       0
       4       0       2
     691     356    1053     718
 2     619       4       2       0
       4       0       2
     317     291     300     318
 2     620       4       2       0
       4       0       2
     695     286    1092    1094
 2     621       4       2       0
       4       0       2
     314     303    1089    1088
 2     622       4       2       0
       4       0       2
     304     311     288     275
 2     623       4       2       0
       4       0       2
     276     342     702     681
 2     624       4       2       0
       4       0       2
     277     341     342     276
 2     625       4       2       0
       4       0       2
     278     340     341     277
 2     626       4       2       0
       4       0       2
     279     339     340     278
 2     627       4       2       0
       4       0       2
     280     338     339     279
 2     628       4       2       0
       4       0       2
     281     337     338     280
 2     629       4       2       0
       4       0       2
     282     677     337     281
 2     630       4       2       0
       4       0       2
     420     308    1083    1085
 2     631       4       2       0
       4       0       2
    1080    1082    1083    1081
 2     632       4       2       0
       4       0       2
     724     330     331     683
 2     633       4       2       0
       4       0       2
     283     724     345     297
 2     634       4       2       0
       4       0       2
     283     329     330     724
 2     635       4       2       0
       4       0       2
     284     323     329     283
 2     636       4       2       0
       4       0       2
     704     431    1097    1096
 2     637       4       2       0
       4       0       2
    1070     303     296     292
 2     638       4       2       0
       4       0       2
     431     627     628    1097
 2     639       4       2       0
       4       0       2
     642     135     134     644
 2     640       4       2       0
       4       0       2
     286     695     728     285
 2     641       4       2       0
       4       0       2
    1100    1102    1103    1101
 2     642       4       2       0
       4       0       2
     678     565     433     708
 2     643       4       2       0
       4       0       2
     290     310     690     289
 2     644       4       2       0
       4       0       2
     292     726     300     291
 2     645       4       2       0
       4       0       2
     296     346     726     292
 2     646       4       2       0
       4       0       2
     685     333     657     664
 2     647       4       2       0
       4       0       2
     718     347     398     332
 2     648       4       2       0
       4       0       2
     293     680     711     638
 2     649       4       2       0
       4       0       2
     426     387     315     294
 2     650       4       2       0
       4       0       2
    1099     684     652     673
 2     651       4       2       0
       4       0       2
     352     425     349     295
 2     652       4       2       0
       4       0       2
     348     427     346     296
 2     653       4       2       0
       4       0       2
     345     429     720     297
 2     654       4       2       0
       4       0       2
     359     409    1075    1077
 2     655       4       2       0
       4       0       2
     349     386     713     725
 2     656       4       2       0
       4       0       2
     350     397     333     719
 2     657       4       2       0
       4       0       2
     355     364     325     299
 2     658       4       2       0
       4       0       2
     726     313     301     300
 2     659       4       2       0
       4       0       2
     313     312     302     301
 2     660       4       2       0
       4       0       2
    1059    1061    1062    1060
 2     661       4       2       0
       4       0       2
     384     351    1063    1061
 2     662       4       2       0
       4       0       2
    1061    1063    1064    1062
 2     663       4       2       0
       4       0       2
     312     388     347    1054
 2     664       4       2       0
       4       0       2
     368     369     322     353
 2     665       4       2       0
       4       0       2
     301     692     318     300
 2     666       4       2       0
       4       0       2
     302     319     692     301
 2     667       4       2       0
       4       0       2
     442     384    1061    1059
 2     668       4       2       0
       4       0       2
     499     666    1060    1062
 2     669       4       2       0
       4       0       2
     356     411     357     705
 2     670       4       2       0
       4       0       2
     357     321     320     705
 2     671       4       2       0
       4       0       2
     346     389     313     726
 2     672       4       2       0
       4       0       2
     490     499    1062    1064
 2     673       4       2       0
       4       0       2
     380     317     318     379
 2     674       4       2       0
       4       0       2
     288     311     680    1102
 2     675       4       2       0
       4       0       2
     720     392     311     304
 2     676       4       2       0
       4       0       2
     335     336     307     682
 2     677       4       2       0
       4       0       2
     710     394     310     305
 2     678       4       2       0
       4       0       2
     690     393     344     306
 2     679       4       2       0
       4       0       2
     367     353     702     421
 2     680       4       2       0
       4       0       2
     309     727     703     682
 2     681       4       2       0
       4       0       2
     703     308     675     682
 2     682       4       2       0
       4       0       2
     512     511     614     613
 2     683       4       2       0
       4       0       2
     154    1118    1119     153
 2     684       4       2       0
       4       0       2
    1124    1105     131     132
 2     685       4       2       0
       4       0       2
     274     288    1102    1100
 2     686       4       2       0
       4       0       2
     335     418     417     336
 2     687       4       2       0
       4       0       2
     675     419     418     335
 2     688       4       2       0
       4       0       2
     308     420     419     675
 2     689       4       2       0
       4       0       2
     545     546     714     723
 2     690       4       2       0
       4       0       2
     401     402     334     358
 2     691       4       2       0
       4       0       2
    1113     639     638    1107
 2     692       4       2       0
       4       0       2
     660     710     305     661
 2     693       4       2       0
       4       0       2
     309     395     704     727
 2     694       4       2       0
       4       0       2
     310     394     393     690
 2     695       4       2       0
       4       0       2
     311     392     711     680
 2     696       4       2       0
       4       0       2
     402     471    1086    1084
 2     697       4       2       0
       4       0       2
     313     389     388     312
 2     698       4       2       0
       4       0       2
     365     686     443     483
 2     699       4       2       0
       4       0       2
     472     402     401     709
 2     700       4       2       0
       4       0       2
     387     426     439     438
 2     701       4       2       0
       4       0       2
     426     642     644     439
 2     702       4       2       0
       4       0       2
     387     438     427     348
 2     703       4       2       0
       4       0       2
     692     378     379     318
 2     704       4       2       0
       4       0       2
     319     377     378     692
 2     705       4       2       0
       4       0       2
     632     633     396     484
 2     706       4       2       0
       4       0       2
    1108     152     153    1119
 2     707       4       2       0
       4       0       2
     321     373     374     320
 2     708       4       2       0
       4       0       2
     357     363     326     321
 2     709       4       2       0
       4       0       2
     326     372     373     321
 2     710       4       2       0
       4       0       2
     326     328     371     372
 2     711       4       2       0
       4       0       2
     328     327     370     371
 2     712       4       2       0
       4       0       2
    1099     672     665     674
 2     713       4       2       0
       4       0       2
     322     369     370     327
 2     714       4       2       0
       4       0       2
     324     365     366     323
 2     715       4       2       0
       4       0       2
     325     364     691     718
 2     716       4       2       0
       4       0       2
     326     363     701     328
 2     717       4       2       0
       4       0       2
     328     701     362     327
 2     718       4       2       0
       4       0       2
     715     457     421     422
 2     719       4       2       0
       4       0       2
     329     404     405     330
 2     720       4       2       0
       4       0       2
     330     405     406     331
 2     721       4       2       0
       4       0       2
     407     334    1082    1080
 2     722       4       2       0
       4       0       2
     308     703    1081    1083
 2     723       4       2       0
       4       0       2
     412    1080    1081     354
 2     724       4       2       0
       4       0       2
     415     414     679     359
 2     725       4       2       0
       4       0       2
     413     360     679     414
 2     726       4       2       0
       4       0       2
    1124     655     562     653
 2     727       4       2       0
       4       0       2
     333     397     656     657
 2     728       4       2       0
       4       0       2
     334     407     408     358
 2     729       4       2       0
       4       0       2
     336     417     416     677
 2     730       4       2       0
       4       0       2
     677     416     399     337
 2     731       4       2       0
       4       0       2
     337     399     700     338
 2     732       4       2       0
       4       0       2
     338     700     400     339
 2     733       4       2       0
       4       0       2
     339     400     424     340
 2     734       4       2       0
       4       0       2
     340     424     423     341
 2     735       4       2       0
       4       0       2
     341     423     422     342
 2     736       4       2       0
       4       0       2
     342     422     421     702
 2     737       4       2       0
       4       0       2
     708     710     659     658
 2     738       4       2       0
       4       0       2
     633     635     428     396
 2     739       4       2       0
       4       0       2
    1068     274    1100     270
 2     740       4       2       0
       4       0       2
    1115     486     630    1112
 2     741       4       2       0
       4       0       2
     713     385     350     273
 2     742       4       2       0
       4       0       2
     263     287    1103     293
 2     743       4       2       0
       4       0       2
    1116     631     486    1115
 2     744       4       2       0
       4       0       2
     429     434     392     720
 2     745       4       2       0
       4       0       2
     428     435     391     361
 2     746       4       2       0
       4       0       2
    1139     637     141     140
 2     747       4       2       0
       4       0       2
     427     437     389     346
 2     748       4       2       0
       4       0       2
     388     436     398     347
 2     749       4       2       0
       4       0       2
     303    1070    1091    1089
 2     750       4       2       0
       4       0       2
     425     441     386     349
 2     751       4       2       0
       4       0       2
     385     440     397     350
 2     752       4       2       0
       4       0       2
     270    1100    1101    1090
 2     753       4       2       0
       4       0       2
     384     442     425     352
 2     754       4       2       0
       4       0       2
     383     686     728     695
 2     755       4       2       0
       4       0       2
     523     470    1087     522
 2     756       4       2       0
       4       0       2
     415     359    1077    1079
 2     757       4       2       0
       4       0       2
     430    1071     344     393
 2     758       4       2       0
       4       0       2
    1069     670     668     669
 2     759       4       2       0
       4       0       2
    1093     381     382    1094
 2     760       4       2       0
       4       0       2
     410     488     364     355
 2     761       4       2       0
       4       0       2
     691     706     411     356
 2     762       4       2       0
       4       0       2
     411     489     363     357
 2     763       4       2       0
       4       0       2
    1099     674     651     684
 2     764       4       2       0
       4       0       2
     334     402    1084    1082
 2     765       4       2       0
       4       0       2
     361     492     396     428
 2     766       4       2       0
       4       0       2
     408     495     360     358
 2     767       4       2       0
       4       0       2
     679     494     409     359
 2     768       4       2       0
       4       0       2
     375     722     452     376
 2     769       4       2       0
       4       0       2
     368     707     455     369
 2     770       4       2       0
       4       0       2
     360     495     494     679
 2     771       4       2       0
       4       0       2
    1082    1084    1085    1083
 2     772       4       2       0
       4       0       2
     701     491     490     362
 2     773       4       2       0
       4       0       2
     363     489     491     701
 2     774       4       2       0
       4       0       2
     364     488     706     691
 2     775       4       2       0
       4       0       2
    1069     669     667     671
 2     776       4       2       0
       4       0       2
     670     485     484     396
 2     777       4       2       0
       4       0       2
     365     483     482     366
 2     778       4       2       0
       4       0       2
     307     282     298     343
 2     779       4       2       0
       4       0       2
     471     520     521    1086
 2     780       4       2       0
       4       0       2
     367     456     707     368
 2     781       4       2       0
       4       0       2
     369     455     723     370
 2     782       4       2       0
       4       0       2
     370     723     714     371
 2     783       4       2       0
       4       0       2
     371     714     454     372
 2     784       4       2       0
       4       0       2
     372     454     689     373
 2     785       4       2       0
       4       0       2
     373     689     453     374
 2     786       4       2       0
       4       0       2
     374     453     722     375
 2     787       4       2       0
       4       0       2
     376     452     721     377
 2     788       4       2       0
       4       0       2
     377     721     451     378
 2     789       4       2       0
       4       0       2
     378     451     450     379
 2     790       4       2       0
       4       0       2
     379     450     449     380
 2     791       4       2       0
       4       0       2
     676     447     446     381
 2     792       4       2       0
       4       0       2
     381     446     445     382
 2     793       4       2       0
       4       0       2
     382     445     444     383
 2     794       4       2       0
       4       0       2
     383     444     443     686
 2     795       4       2       0
       4       0       2
    1117    1116     158     159
 2     796       4       2       0
       4       0       2
     386     441     440     385
 2     797       4       2       0
       4       0       2
     401     413     473     709
 2     798       4       2       0
       4       0       2
     389     437     436     388
 2     799       4       2       0
       4       0       2
     391     435     716     390
 2     800       4       2       0
       4       0       2
     392     434     712     711
 2     801       4       2       0
       4       0       2
    1117     159     160    1106
 2     802       4       2       0
       4       0       2
     395     432     431     704
 2     803       4       2       0
       4       0       2
     396     492     668     670
 2     804       4       2       0
       4       0       2
     562     442    1059     653
 2     805       4       2       0
       4       0       2
     397     440     655     656
 2     806       4       2       0
       4       0       2
     398     436     645     646
 2     807       4       2       0
       4       0       2
     524     469     470     523
 2     808       4       2       0
       4       0       2
     416     465     464     399
 2     809       4       2       0
       4       0       2
     399     464     463     700
 2     810       4       2       0
       4       0       2
     700     463     462     400
 2     811       4       2       0
       4       0       2
     400     462     461     424
 2     812       4       2       0
       4       0       2
    1086     521     522    1087
 2     813       4       2       0
       4       0       2
     470     469     420    1085
 2     814       4       2       0
       4       0       2
     696     546     545     580
 2     815       4       2       0
       4       0       2
     314     315     387     348
 2     816       4       2       0
       4       0       2
    1068     270     286     285
 2     817       4       2       0
       4       0       2
     404     480     479     405
 2     818       4       2       0
       4       0       2
     405     479     478     406
 2     819       4       2       0
       4       0       2
     703     727     354    1081
 2     820       4       2       0
       4       0       2
     407     496     497     408
 2     821       4       2       0
       4       0       2
     497     699     495     408
 2     822       4       2       0
       4       0       2
     494     498     493     409
 2     823       4       2       0
       4       0       2
     727     704    1096     354
 2     824       4       2       0
       4       0       2
     674     665     488     410
 2     825       4       2       0
       4       0       2
     706     500     489     411
 2     826       4       2       0
       4       0       2
     487     501     496     412
 2     827       4       2       0
       4       0       2
     331     406    1078    1076
 2     828       4       2       0
       4       0       2
     421     457     456     367
 2     829       4       2       0
       4       0       2
     414     474     473     413
 2     830       4       2       0
       4       0       2
     415     475     474     414
 2     831       4       2       0
       4       0       2
     496     407    1080     412
 2     832       4       2       0
       4       0       2
     512     476     477     511
 2     833       4       2       0
       4       0       2
     417     466     465     416
 2     834       4       2       0
       4       0       2
     418     467     466     417
 2     835       4       2       0
       4       0       2
     419     468     467     418
 2     836       4       2       0
       4       0       2
     420     469     468     419
 2     837       4       2       0
       4       0       2
     390     688    1072     391
 2     838       4       2       0
       4       0       2
    1076    1078    1079    1077
 2     839       4       2       0
       4       0       2
    1111    1109     123     124
 2     840       4       2       0
       4       0       2
     423     459     458     422
 2     841       4       2       0
       4       0       2
     424     460     459     423
 2     842       4       2       0
       4       0       2
     406     478     477    1078
 2     843       4       2       0
       4       0       2
     442     562     441     425
 2     844       4       2       0
       4       0       2
     502     503    1069     671
 2     845       4       2       0
       4       0       2
     438     563     437     427
 2     846       4       2       0
       4       0       2
     635     634     435     428
 2     847       4       2       0
       4       0       2
    1139     140     139    1107
 2     848       4       2       0
       4       0       2
     688     345     724     683
 2     849       4       2       0
       4       0       2
     433     565     432     430
 2     850       4       2       0
       4       0       2
     432     565     627     431
 2     851       4       2       0
       4       0       2
     654    1060     666     673
 2     852       4       2       0
       4       0       2
    1139    1107     638     711
 2     853       4       2       0
       4       0       2
     435     634     564     716
 2     854       4       2       0
       4       0       2
     437     563     645     436
 2     855       4       2       0
       4       0       2
     439     643     563     438
 2     856       4       2       0
       4       0       2
     441     562     655     440
 2     857       4       2       0
       4       0       2
     628    1108    1119    1121
 2     858       4       2       0
       4       0       2
     444     559     558     443
 2     859       4       2       0
       4       0       2
     445     560     559     444
 2     860       4       2       0
       4       0       2
     446     561     560     445
 2     861       4       2       0
       4       0       2
     447     557     561     446
 2     862       4       2       0
       4       0       2
     448     556     557     447
 2     863       4       2       0
       4       0       2
     449     555     556     448
 2     864       4       2       0
       4       0       2
     450     554     555     449
 2     865       4       2       0
       4       0       2
     451     553     554     450
 2     866       4       2       0
       4       0       2
     721     552     553     451
 2     867       4       2       0
       4       0       2
     452     550     551     721
 2     868       4       2       0
       4       0       2
     722     549     550     452
 2     869       4       2       0
       4       0       2
     453     548     549     722
 2     870       4       2       0
       4       0       2
     689     717     548     453
 2     871       4       2       0
       4       0       2
     454     547     717     689
 2     872       4       2       0
       4       0       2
     714     546     547     454
 2     873       4       2       0
       4       0       2
     580     545     544     581
 2     874       4       2       0
       4       0       2
    1071     343     298     344
 2     875       4       2       0
       4       0       2
     455     543     544     723
 2     876       4       2       0
       4       0       2
     707     542     543     455
 2     877       4       2       0
       4       0       2
     456     541     542     707
 2     878       4       2       0
       4       0       2
     457     540     541     456
 2     879       4       2       0
       4       0       2
     715     538     539     457
 2     880       4       2       0
       4       0       2
     458     537     538     715
 2     881       4       2       0
       4       0       2
     459     536     537     458
 2     882       4       2       0
       4       0       2
     460     535     536     459
 2     883       4       2       0
       4       0       2
    1084    1086    1087    1085
 2     884       4       2       0
       4       0       2
    1095     285     728     324
 2     885       4       2       0
       4       0       2
     462     532     533     461
 2     886       4       2       0
       4       0       2
     463     531     532     462
 2     887       4       2       0
       4       0       2
     464     530     531     463
 2     888       4       2       0
       4       0       2
     465     529     530     464
 2     889       4       2       0
       4       0       2
     466     528     697     465
 2     890       4       2       0
       4       0       2
     467     527     528     466
 2     891       4       2       0
       4       0       2
     468     526     527     467
 2     892       4       2       0
       4       0       2
     469     525     526     468
 2     893       4       2       0
       4       0       2
     391    1072    1073     361
 2     894       4       2       0
       4       0       2
     493     492     361    1073
 2     895       4       2       0
       4       0       2
     443     558     504     483
 2     896       4       2       0
       4       0       2
     358     360     413     401
 2     897       4       2       0
       4       0       2
     472     519     520     471
 2     898       4       2       0
       4       0       2
     709     518     519     472
 2     899       4       2       0
       4       0       2
     473     516     517     709
 2     900       4       2       0
       4       0       2
     474     515     516     473
 2     901       4       2       0
       4       0       2
     475     514     515     474
 2     902       4       2       0
       4       0       2
     476     513     514     475
 2     903       4       2       0
       4       0       2
    1078     477     476    1079
 2     904       4       2       0
       4       0       2
     475     415    1079     476
 2     905       4       2       0
       4       0       2
     478     510     511     477
 2     906       4       2       0
       4       0       2
     479     509     510     478
 2     907       4       2       0
       4       0       2
     480     508     509     479
 2     908       4       2       0
       4       0       2
     482     505     506     481
 2     909       4       2       0
       4       0       2
     483     504     505     482
 2     910       4       2       0
       4       0       2
     485     486     631     484
 2     911       4       2       0
       4       0       2
    1104     629    1120    1118
 2     912       4       2       0
       4       0       2
     488     665     500     706
 2     913       4       2       0
       4       0       2
    1098     480     404     403
 2     914       4       2       0
       4       0       2
     489     500     694     491
 2     915       4       2       0
       4       0       2
     491     694     499     490
 2     916       4       2       0
       4       0       2
     493     498     668     492
 2     917       4       2       0
       4       0       2
     495     699     498     494
 2     918       4       2       0
       4       0       2
     496     501     667     497
 2     919       4       2       0
       4       0       2
     667     669     699     497
 2     920       4       2       0
       4       0       2
    1074    1076    1077    1075
 2     921       4       2       0
       4       0       2
     551     573     572     552
 2     922       4       2       0
       4       0       2
     699     669     668     498
 2     923       4       2       0
       4       0       2
     694     672     666     499
 2     924       4       2       0
       4       0       2
     500     665     672     694
 2     925       4       2       0
       4       0       2
     627     678     152    1108
 2     926       4       2       0
       4       0       2
    1069     503     485     670
 2     927       4       2       0
       4       0       2
     504     622     621     505
 2     928       4       2       0
       4       0       2
     505     621     620     506
 2     929       4       2       0
       4       0       2
     506     620     619     507
 2     930       4       2       0
       4       0       2
     507     619     618     508
 2     931       4       2       0
       4       0       2
     508     618     617     509
 2     932       4       2       0
       4       0       2
     509     617     616     510
 2     933       4       2       0
       4       0       2
     510     616     615     511
 2     934       4       2       0
       4       0       2
     461     533     591     534
 2     935       4       2       0
       4       0       2
     503     502     629     630
 2     936       4       2       0
       4       0       2
     512     613     612     513
 2     937       4       2       0
       4       0       2
     513     612     611     514
 2     938       4       2       0
       4       0       2
     514     611     610     515
 2     939       4       2       0
       4       0       2
     515     610     609     516
 2     940       4       2       0
       4       0       2
     516     609     608     517
 2     941       4       2       0
       4       0       2
     517     608     687     518
 2     942       4       2       0
       4       0       2
     518     687     607     519
 2     943       4       2       0
       4       0       2
     519     607     606     520
 2     944       4       2       0
       4       0       2
     520     606     605     521
 2     945       4       2       0
       4       0       2
     521     605     604     522
 2     946       4       2       0
       4       0       2
     522     604     603     523
 2     947       4       2       0
       4       0       2
     523     603     602     524
 2     948       4       2       0
       4       0       2
     524     602     601     525
 2     949       4       2       0
       4       0       2
     525     601     600     526
 2     950       4       2       0
       4       0       2
     526     600     599     527
 2     951       4       2       0
       4       0       2
     527     599     598     528
 2     952       4       2       0
       4       0       2
     528     598     597     697
 2     953       4       2       0
       4       0       2
     697     597     596     529
 2     954       4       2       0
       4       0       2
     529     596     595     530
 2     955       4       2       0
       4       0       2
     530     595     594     531
 2     956       4       2       0
       4       0       2
     531     594     593     532
 2     957       4       2       0
       4       0       2
     532     593     592     533
 2     958       4       2       0
       4       0       2
    1095     324     323     284
 2     959       4       2       0
       4       0       2
     535     460     461     534
 2     960       4       2       0
       4       0       2
     534     590     589     535
 2     961       4       2       0
       4       0       2
     535     589     588     536
 2     962       4       2       0
       4       0       2
     536     588     698     537
 2     963       4       2       0
       4       0       2
     537     698     587     538
 2     964       4       2       0
       4       0       2
     538     587     586     539
 2     965       4       2       0
       4       0       2
     539     586     585     540
 2     966       4       2       0
       4       0       2
     540     585     584     541
 2     967       4       2       0
       4       0       2
     541     584     583     542
 2     968       4       2       0
       4       0       2
     542     583     582     543
 2     969       4       2       0
       4       0       2
     543     582     581     544
 2     970       4       2       0
       4       0       2
     558     623     622     504
 2     971       4       2       0
       4       0       2
     546     579     578     547
 2     972       4       2       0
       4       0       2
     547     578     577     717
 2     973       4       2       0
       4       0       2
     717     577     576     548
 2     974       4       2       0
       4       0       2
     548     576     575     549
 2     975       4       2       0
       4       0       2
     549     575     574     550
 2     976       4       2       0
       4       0       2
     550     574     573     551
 2     977       4       2       0
       4       0       2
     552     572     571     553
 2     978       4       2       0
       4       0       2
     553     571     570     554
 2     979       4       2       0
       4       0       2
     554     570     569     555
 2     980       4       2       0
       4       0       2
     555     569     568     556
 2     981       4       2       0
       4       0       2
     556     568     567     557
 2     982       4       2       0
       4       0       2
     557     567     566     561
 2     983       4       2       0
       4       0       2
     315     314    1088     287
 2     984       4       2       0
       4       0       2
     559     625     624     558
 2     985       4       2       0
       4       0       2
     560     626     625     559
 2     986       4       2       0
       4       0       2
     561     566     626     560
 2     987       4       2       0
       4       0       2
    1059    1060     654     653
 2     988       4       2       0
       4       0       2
     134     133    1132     644
 2     989       4       2       0
       4       0       2
    1130    1125     128     129
 2     990       4       2       0
       4       0       2
    1129     636     564     634
 2     991       4       2       0
       4       0       2
     566     214     213     626
 2     992       4       2       0
       4       0       2
     567     215     214     566
 2     993       4       2       0
       4       0       2
     568     216     215     567
 2     994       4       2       0
       4       0       2
     569     217     216     568
 2     995       4       2       0
       4       0       2
     570     218     217     569
 2     996       4       2       0
       4       0       2
     571     219     218     570
 2     997       4       2       0
       4       0       2
     572     220     219     571
 2     998       4       2       0
       4       0       2
     573     221     220     572
 2     999       4       2       0
       4       0       2
     574     222     221     573
 2    1000       4       2       0
       4       0       2
     575     223     222     574
 2    1001       4       2       0
       4       0       2
     576     224     223     575
 2    1002       4       2       0
       4       0       2
     577     225     224     576
 2    1003       4       2       0
       4       0       2
     578     162     225     577
 2    1004       4       2       0
       4       0       2
     579     163     162     578
 2    1005       4       2       0
       4       0       2
     696     164     163     579
 2    1006       4       2       0
       4       0       2
     580     165     164     696
 2    1007       4       2       0
       4       0       2
     581     166     165     580
 2    1008       4       2       0
       4       0       2
     582     167     166     581
 2    1009       4       2       0
       4       0       2
     583     168     167     582
 2    1010       4       2       0
       4       0       2
     584     169     168     583
 2    1011       4       2       0
       4       0       2
     585     170     169     584
 2    1012       4       2       0
       4       0       2
     586     171     170     585
 2    1013       4       2       0
       4       0       2
     587     172     171     586
 2    1014       4       2       0
       4       0       2
     698     173     172     587
 2    1015       4       2       0
       4       0       2
     588     174     173     698
 2    1016       4       2       0
       4       0       2
     589     175     174     588
 2    1017       4       2       0
       4       0       2
     590     176     175     589
 2    1018       4       2       0
       4       0       2
     591     177     176     590
 2    1019       4       2       0
       4       0       2
     592     178     177     591
 2    1020       4       2       0
       4       0       2
     593     179     178     592
 2    1021       4       2       0
       4       0       2
     594     180     179     593
 2    1022       4       2       0
       4       0       2
     595     181     180     594
 2    1023       4       2       0
       4       0       2
     596     182     181     595
 2    1024       4       2       0
       4       0       2
     597     183     182     596
 2    1025       4       2       0
       4       0       2
     598     184     183     597
 2    1026       4       2       0
       4       0       2
     599     185     184     598
 2    1027       4       2       0
       4       0       2
     600     186     185     599
 2    1028       4       2       0
       4       0       2
     601     187     186     600
 2    1029       4       2       0
       4       0       2
     602     188     187     601
 2    1030       4       2       0
       4       0       2
     603     189     188     602
 2    1031       4       2       0
       4       0       2
     604     190     189     603
 2    1032       4       2       0
       4       0       2
     605     191     190     604
 2    1033       4       2       0
       4       0       2
     606     192     191     605
 2    1034       4       2       0
       4       0       2
     607     193     192     606
 2    1035       4       2       0
       4       0       2
     687     194     193     607
 2    1036       4       2       0
       4       0       2
     608     195     194     687
 2    1037       4       2       0
       4       0       2
     609     196     195     608
 2    1038       4       2       0
       4       0       2
     610     197     196     609
 2    1039       4       2       0
       4       0       2
     611     198     197     610
 2    1040       4       2       0
       4       0       2
     612     199     198     611
 2    1041       4       2       0
       4       0       2
     613     200     199     612
 2    1042       4       2       0
       4       0       2
     614     201     200     613
 2    1043       4       2       0
       4       0       2
     615     202     201     614
 2    1044       4       2       0
       4       0       2
     616     203     202     615
 2    1045       4       2       0
       4       0       2
     617     204     203     616
 2    1046       4       2       0
       4       0       2
     618     205     204     617
 2    1047       4       2       0
       4       0       2
     619     206     205     618
 2    1048       4       2       0
       4       0       2
     620     207     206     619
 2    1049       4       2       0
       4       0       2
     621     208     207     620
 2    1050       4       2       0
       4       0       2
     622     209     208     621
 2    1051       4       2       0
       4       0       2
     623     210     209     622
 2    1052       4       2       0
       4       0       2
     624     211     210     623
 2    1053       4       2       0
       4       0       2
     625     212     211     624
 2    1054       4       2       0
       4       0       2
     626     213     212     625
 2    1055       4       2       0
       4       0       2
    1138     661     662    1134
 2    1056       4       2       0
       4       0       2
    1137    1130     129     130
 2    1057       4       2       0
       4       0       2
    1105    1124     653     654
 2    1058       4       2       0
       4       0       2
     684    1130    1137     652
 2    1059       4       2       0
       4       0       2
     629    1104    1112     630
 2    1060       4       2       0
       4       0       2
     156     157    1115    1112
 2    1061       4       2       0
       4       0       2
    1116    1115     157     158
 2    1062       4       2       0
       4       0       2
    1114     635     633    1106
 2    1063       4       2       0
       4       0       2
    1136     136     135     642
 2    1064       4       2       0
       4       0       2
     160     161    1114    1106
 2    1065       4       2       0
       4       0       2
     636     142     141     637
 2    1066       4       2       0
       4       0       2
    1126    1125     651     650
 2    1067       4       2       0
       4       0       2
     688     390     429     345
 2    1068       4       2       0
       4       0       2
     139     138    1113    1107
 2    1069       4       2       0
       4       0       2
     138     137    1131    1113
 2    1070       4       2       0
       4       0       2
    1136    1131     137     136
 2    1071       4       2       0
       4       0       2
     683     331    1076    1074
 2    1072       4       2       0
       4       0       2
     287    1088    1101    1103
 2    1073       4       2       0
       4       0       2
     366     481    1098     403
 2    1074       4       2       0
       4       0       2
    1110     122     123    1109
 2    1075       4       2       0
       4       0       2
    1110    1109     646     645
 2    1076       4       2       0
       4       0       2
    1112    1104     155     156
 2    1077       4       2       0
       4       0       2
     648     125     126     649
 2    1078       4       2       0
       4       0       2
    1126     127     128    1125
 2    1079       4       2       0
       4       0       2
     647     332     398     646
 2    1080       4       2       0
       4       0       2
    1130     684     651    1125
 2    1081       4       2       0
       4       0       2
    1129     634     635    1114
 2    1082       4       2       0
       4       0       2
     155    1104    1118     154
 2    1083       4       2       0
       4       0       2
    1128    1127     657     656
 2    1084       4       2       0
       4       0       2
    1128     655     132     143
 2    1085       4       2       0
       4       0       2
    1128     143     144    1127
 2    1086       4       2       0
       4       0       2
     658     151     152     678
 2    1087       4       2       0
       4       0       2
     659     150     151     658
 2    1088       4       2       0
       4       0       2
     660     149     150     659
 2    1089       4       2       0
       4       0       2
     147     148    1138    1134
 2    1090       4       2       0
       4       0       2
    1135    1133     145     146
 2    1091       4       2       0
       4       0       2
    1135     663     664    1133
 2    1092       4       2       0
       4       0       2
     144     145    1133    1127
 2    1093       4       2       0
       4       0       2
     663     662     267     685
 2    1094       4       2       0
       4       0       2
    1072    1074    1075    1073
 2    1095       4       2       0
       4       0       2
     409     493    1073    1075
 2    1096       4       2       0
       4       0       2
     161     142    1129    1114
 2    1097       4       2       0
       4       0       2
    1126     649     126     127
 2    1098       4       2       0
       4       0       2
     662     661     305     267
 2    1099       4       2       0
       4       0       2
     273     264     265     272
 2    1100       4       2       0
       4       0       2
     705     320    1057    1055
 2    1101       4       2       0
       4       0       2
     319     302    1056    1058
 2    1102       4       2       0
       4       0       2
    1055    1057    1058    1056
 2    1103       4       2       0
       4       0       2
     320     374     375    1057
 2    1104       4       2       0
       4       0       2
     377     319    1058     376
 2    1105       4       2       0
       4       0       2
    1057     375     376    1058
 2    1106       4       2       0
       4       0       2
     351     681    1065    1063
 2    1107       4       2       0
       4       0       2
     362     490    1064    1066
 2    1108       4       2       0
       4       0       2
    1063    1065    1066    1064
 2    1109       4       2       0
       4       0       2
     681     702     353    1065
 2    1110       4       2       0
       4       0       2
     327     362    1066     322
 2    1111       4       2       0
       4       0       2
    1065     353     322    1066
 2    1112       4       2       0
       4       0       2
    1118    1120    1121    1119
 2    1113       4       2       0
       4       0       2
     629     502    1122    1120
 2    1114       4       2       0
       4       0       2
    1097     628    1121    1123
 2    1115       4       2       0
       4       0       2
    1120    1122    1123    1121
 2    1116       4       2       0
       4       0       2
     502     671     501    1122
 2    1117       4       2       0
       4       0       2
    1096    1097    1123     487
 2    1118       4       2       0
       4       0       2
    1122     501     487    1123
 2    1119       4       2       0
       4       0       2
    1132     643     439     644
 2    1120       4       2       0
       4       0       2
    1138     148     149     660
 2    1121       4       2       0
       4       0       2
    1136     641     640    1131
 2    1122       4       2       0
       4       0       2
    1135     146     147    1134
 2    1123       4       2       0
       4       0       2
    1135    1134     662     663
 2    1124       4       2       0
       4       0       2
    1137     130     131    1105
 2    1125       4       2       0
       4       0       2
     390     716     434     429
 2    1126       4       2       0
       4       0       2
     716     564     712     434
 2    1127       4       2       0
       4       0       2
     564     636     637     712
 2    1128       4       2       0
       4       0       2
    1139     711     712     637
 2    1129       2       2       0
       2       0       4
       2       1
 2    1130       2       2       0
       2       0       4
       3       2
 2    1131       2       2       0
       2       0       4
       4       3
 2    1132       2       2       0
       2       0       4
       5       4
 2    1133       2       2       0
       2       0       4
       6       5
 2    1134       2       2       0
       2       0       4
       7       6
 2    1135       2       2       0
       2       0       4
       8       7
 2    1136       2       2       0
       2       0       4
       9       8
 2    1137       2       2       0
       2       0       4
      10       9
 2    1138       2       2       0
       2       0       4
      11      10
 2    1139       2       2       0
       2       0       4
      20      21
 2    1140       2       2       0
       2       0       4
      19      20
 2    1141       2       2       0
       2       0       4
      18      19
 2    1142       2       2       0
       2       0       4
      17      18
 2    1143       2       2       0
       2       0       4
      16      17
 2    1144       2       2       0
       2       0       4
      15      16
 2    1145       2       2       0
       2       0       4
      14      15
 2    1146       2       2       0
       2       0       4
      13      14
 2    1147       2       2       0
       2       0       4
      12      13
 2    1148       2       2       0
       2       0       4
       1      12
 2    1149       2       2       0
       2       0       4
      40      31
 2    1150       2       2       0
       2       0       4
      39      40
 2    1151       2       2       0
       2       0       4
      38      39
 2    1152       2       2       0
       2       0       4
      37      38
 2    1153       2       2       0
       2       0       4
      36      37
 2    1154       2       2       0
       2       0       4
      35      36
 2    1155       2       2       0
       2       0       4
      34      35
 2    1156       2       2       0
       2       0       4
      33      34
 2    1157       2       2       0
       2       0       4
      32      33
 2    1158       2       2       0
       2       0       4
      21      32
 2    1159       2       2       0
       2       0       4
      23      22
 2    1160       2       2       0
       2       0       4
      24      23
 2    1161       2       2       0
       2       0       4
      25      24
 2    1162       2       2       0
       2       0       4
      26      25
 2    1163       2       2       0
       2       0       4
      27      26
 2    1164       2       2       0
       2       0       4
      28      27
 2    1165       2       2       0
       2       0       4
      29      28
 2    1166       2       2       0
       2       0       4
      30      29
 2    1167       2       2       0
       2       0       4
      31      30
 2    1168       2       2       0
       2       0       4
      22      11
 2    1169       2       2       0
       2       0       6
     234     122
 2    1170       2       2       0
       2       0       6
     233     234
 2    1171       2       2       0
       2       0       6
     232     233
 2    1172       2       2       0
       2       0       6
     231     232
 2    1173       2       2       0
       2       0       6
     230     231
 2    1174       2       2       0
       2       0       6
     229     230
 2    1175       2       2       0
       2       0       6
     228     229
 2    1176       2       2       0
       2       0       6
     227     228
 2    1177       2       2       0
       2       0       6
     226     227
 2    1178       2       2       0
       2       0       6
       1     226
 2    1179       2       2       0
       2       0       6
     131     132
 2    1180       2       2       0
       2       0       6
     130     131
 2    1181       2       2       0
       2       0       6
     129     130
 2    1182       2       2       0
       2       0       6
     128     129
 2    1183       2       2       0
       2       0       6
     127     128
 2    1184       2       2       0
       2       0       6
     126     127
 2    1185       2       2       0
       2       0       6
     125     126
 2    1186       2       2       0
       2       0       6
     124     125
 2    1187       2       2       0
       2       0       6
     123     124
 2    1188       2       2       0
       2       0       6
     122     123
 2    1189       2       2       0
       2       0       6
     254     253
 2    1190       2       2       0
       2       0       6
     255     254
 2    1191       2       2       0
       2       0       6
     256     255
 2    1192       2       2       0
       2       0       6
     257     256
 2    1193       2       2       0
       2       0       6
     258     257
 2    1194       2       2       0
       2       0       6
     259     258
 2    1195       2       2       0
       2       0       6
     260     259
 2    1196       2       2       0
       2       0       6
     261     260
 2    1197       2       2       0
       2       0       6
     132     261
 2    1198       2       2       0
       2       0       6
     253      21
 2    1199       2       2       0
       2       0       8
     151     152
 2    1200       2       2       0
       2       0       8
     150     151
 2    1201       2       2       0
       2       0       8
     149     150
 2    1202       2       2       0
       2       0       8
     148     149
 2    1203       2       2       0
       2       0       8
     147     148
 2    1204       2       2       0
       2       0       8
     146     147
 2    1205       2       2       0
       2       0       8
     145     146
 2    1206       2       2       0
       2       0       8
     144     145
 2    1207       2       2       0
       2       0       8
     143     144
 2    1208       2       2       0
       2       0       8
     132     143
 2    1209       2       2       0
       2       0       8
     244      31
 2    1210       2       2       0
       2       0       8
     245     244
 2    1211       2       2       0
       2       0       8
     246     245
 2    1212       2       2       0
       2       0       8
     247     246
 2    1213       2       2       0
       2       0       8
     248     247
 2    1214       2       2       0
       2       0       8
     249     248
 2    1215       2       2       0
       2       0       8
     250     249
 2    1216       2       2       0
       2       0       8
     251     250
 2    1217       2       2       0
       2       0       8
     252     251
 2    1218       2       2       0
       2       0       8
     152     252
 2    1219       2       2       0
       2       0      10
     161     142
 2    1220       2       2       0
       2       0      10
     160     161
 2    1221       2       2       0
       2       0      10
     159     160
 2    1222       2       2       0
       2       0      10
     158     159
 2    1223       2       2       0
       2       0      10
     157     158
 2    1224       2       2       0
       2       0      10
     156     157
 2    1225       2       2       0
       2       0      10
     155     156
 2    1226       2       2       0
       2       0      10
     154     155
 2    1227       2       2       0
       2       0      10
     153     154
 2    1228       2       2       0
       2       0      10
     152     153
 2    1229       2       2       0
       2       0      10
     235      11
 2    1230       2       2       0
       2       0      10
     236     235
 2    1231       2       2       0
       2       0      10
     237     236
 2    1232       2       2       0
       2       0      10
     238     237
 2    1233       2       2       0
       2       0      10
     239     238
 2    1234       2       2       0
       2       0      10
     240     239
 2    1235       2       2       0
       2       0      10
     241     240
 2    1236       2       2       0
       2       0      10
     242     241
 2    1237       2       2       0
       2       0      10
     243     242
 2    1238       2       2       0
       2       0      10
     142     243
 2    1239       2       2       0
       2       0      12
     133     122
 2    1240       2       2       0
       2       0      12
     134     133
 2    1241       2       2       0
       2       0      12
     135     134
 2    1242       2       2       0
       2       0      12
     136     135
 2    1243       2       2       0
       2       0      12
     137     136
 2    1244       2       2       0
       2       0      12
     138     137
 2    1245       2       2       0
       2       0      12
     139     138
 2    1246       2       2       0
       2       0      12
     140     139
 2    1247       2       2       0
       2       0      12
     141     140
 2    1248       2       2       0
       2       0      12
     142     141
 2    1249       2       2       0
       2       0      14
     214     213
 2    1250       2       2       0
       2       0      14
     215     214
 2    1251       2       2       0
       2       0      14
     216     215
 2    1252       2       2       0
       2       0      14
     217     216
 2    1253       2       2       0
       2       0      14
     218     217
 2    1254       2       2       0
       2       0      14
     219     218
 2    1255       2       2       0
       2       0      14
     220     219
 2    1256       2       2       0
       2       0      14
     221     220
 2    1257       2       2       0
       2       0      14
     222     221
 2    1258       2       2       0
       2       0      14
     223     222
 2    1259       2       2       0
       2       0      14
     224     223
 2    1260       2       2       0
       2       0      14
     225     224
 2    1261       2       2       0
       2       0      14
     162     225
 2    1262       2       2       0
       2       0      14
     163     162
 2    1263       2       2       0
       2       0      14
     164     163
 2    1264       2       2       0
       2       0      14
     165     164
 2    1265       2       2       0
       2       0      14
     166     165
 2    1266       2       2       0
       2       0      14
     167     166
 2    1267       2       2       0
       2       0      14
     168     167
 2    1268       2       2       0
       2       0      14
     169     168
 2    1269       2       2       0
       2       0      14
     170     169
 2    1270       2       2       0
       2       0      14
     171     170
 2    1271       2       2       0
       2       0      14
     172     171
 2    1272       2       2       0
       2       0      14
     173     172
 2    1273       2       2       0
       2       0      14
     174     173
 2    1274       2       2       0
       2       0      14
     175     174
 2    1275       2       2       0
       2       0      14
     176     175
 2    1276       2       2       0
       2       0      14
     177     176
 2    1277       2       2       0
       2       0      14
     178     177
 2    1278       2       2       0
       2       0      14
     179     178
 2    1279       2       2       0
       2       0      14
     180     179
 2    1280       2       2       0
       2       0      14
     181     180
 2    1281       2       2       0
       2       0      14
     182     181
 2    1282       2       2       0
       2       0      14
     183     182
 2    1283       2       2       0
       2       0      14
     184     183
 2    1284       2       2       0
       2       0      14
     185     184
 2    1285       2       2       0
       2       0      14
     186     185
 2    1286       2       2       0
       2       0      14
     187     186
 2    1287       2       2       0
       2       0      14
     188     187
 2    1288       2       2       0
       2       0      14
     189     188
 2    1289       2       2       0
       2       0      14
     190     189
 2    1290       2       2       0
       2       0      14
     191     190
 2    1291       2       2       0
       2       0      14
     192     191
 2    1292       2       2       0
       2       0      14
     193     192
 2    1293       2       2       0
       2       0      14
     194     193
 2    1294       2       2       0
       2       0      14
     195     194
 2    1295       2       2       0
       2       0      14
     196     195
 2    1296       2       2       0
       2       0      14
     197     196
 2    1297       2       2       0
       2       0      14
     198     197
 2    1298       2       2       0
       2       0      14
     199     198
 2    1299       2       2       0
       2       0      14
     200     199
 2    1300       2       2       0
       2       0      14
     201     200
 2    1301       2       2       0
       2       0      14
     202     201
 2    1302       2       2       0
       2       0      14
     203     202
 2    1303       2       2       0
       2       0      14
     204     203
 2    1304       2       2       0
       2       0      14
     205     204
 2    1305       2       2       0
       2       0      14
     206     205
 2    1306       2       2       0
       2       0      14
     207     206
 2    1307       2       2       0
       2       0      14
     208     207
 2    1308       2       2       0
       2       0      14
     209     208
 2    1309       2       2       0
       2       0      14
     210     209
 2    1310       2       2       0
       2       0      14
     211     210
 2    1311       2       2       0
       2       0      14
     212     211
 2    1312       2       2       0
       2       0      14
     213     212
21       1    1000     101
BOX         
       8      45       8      46       8      47       8      48       8      49
       8      50       8      51       8      52       8      53       8      54
       8      55       8      56       8      57       8      58       8      59
       8      60       8      61       8      62       8      63       8      64
       8      65       8      66       8      67       8      68       8      69
       8      70       8      71       8      72       8      73       8      74
       8      75       8      76       8      77       8      78       8      79
       8      80       8      81       8      82       8      83       8      84
       8      85       8      86       8      87       8      88       8      89
       8      90       8      91       8      92       8      93       8      94
       8      95       8      96       8      97       8      98       8      99
       8     100       8     101       8     102       8     103       8     104
       8     105       8     106       8     107       8     108       8     109
       8     110       8     111       8     112       8     113       8     114
       8     115       8     116       8     117       8     118       8     119
       8     120       8     121       8     122       8     123       8     124
       8     125       8     126       8     127       8     128       8     129
       8     130       8     131       8     132       8     133       8     134
       8     135       8     136       8     137       8     138       8     139
       8     140       8     141       8     142       8     143       8     144
       8     145       8     146       8     147       8     148       8     149
       8     150       8     151       8     152       8     153       8     154
       8     155       8     156       8     157       8     158       8     159
       8     160       8     161       8     162       8     163       8     164
       8     165       8     166       8     167       8     168       8     169
       8     170       8     171       8     172       8     173       8     174
       8     175       8     176       8     177       8     178       8     179
       8     180       8     181       8     182       8     183       8     184
       8     185       8     186       8     187       8     188       8     189
       8     190       8     191       8     192       8     193       8     194
       8     195       8     196       8     197       8     198       8     199
       8     200       8     201       8     202       8     203       8     204
       8     205       8     206       8     207       8     208       8     209
       8     210       8     211       8     212       8     213       8     214
       8     215       8     216       8     217       8     218       8     219
       8     220       8     221       8     222       8     223       8     224
       8     225       8     226       8     227       8     228       8     229
       8     230       8     231       8     232       8     233       8     234
       8     235       8     236       8     237       8     238       8     239
       8     240       8     241       8     242       8     243       8     244
       8     245       8     246       8     247       8     248       8     249
       8     250       8     251       8     252       8     253       8     254
       8     255       8     256       8     257       8     258       8     259
       8     260       8     261       8     262       8     263       8     264
       8     265       8     266       8     267       8     268       8     269
       8     270       8     271       8     272       8     273       8     274
       8     275       8     276       8     277       8     278       8     279
       8     280       8     281       8     282       8     283       8     284
       8     285       8     286       8     287       8     288       8     289
       8     290       8     291       8     292       8     293       8     294
       8     295       8     296       8     297       8     298       8     299
       8     300       8     301       8     302       8     303       8     304
       8     305       8     306       8     307       8     308       8     309
       8     310       8     311       8     312       8     313       8     314
       8     315       8     316       8     317       8     318       8     319
       8     320       8     321       8     322       8     323       8     324
       8     325       8     326       8     327       8     328       8     329
       8     330       8     331       8     332       8     333       8     334
       8     335       8     336       8     337       8     338       8     339
       8     340       8     341       8     342       8     343       8     344
       8     345       8     346       8     347       8     348       8     349
       8     350       8     351       8     352       8     353       8     354
       8     355       8     356       8     357       8     358       8     359
       8     360       8     361       8     362       8     363       8     364
       8     365       8     366       8     367       8     368       8     369
       8     370       8     371       8     372       8     373       8     374
       8     375       8     376       8     377       8     378       8     379
       8     380       8     381       8     382       8     383       8     384
       8     385       8     386       8     387       8     388       8     389
       8     390       8     391       8     392       8     393       8     394
       8     395       8     396       8     397       8     398       8     399
       8     400       8     401       8     402       8     403       8     404
       8     405       8     406       8     407       8     408       8     409
       8     410       8     411       8     412       8     413       8     414
       8     415       8     416       8     417       8     418       8     419
       8     420       8     421       8     422       8     423       8     424
       8     425       8     426       8     427       8     428       8     429
       8     430       8     431       8     432       8     433       8     434
       8     435       8     436       8     437       8     438       8     439
       8     440       8     441       8     442       8     443       8     444
       8     445       8     446       8     447       8     448       8     449
       8     450       8     451       8     452       8     453       8     454
       8     455       8     456       8     457       8     458       8     459
       8     460       8     461       8     462       8     463       8     464
       8     465       8     466       8     467       8     468       8     469
       8     470       8     471       8     472       8     473       8     474
       8     475       8     476       8     477       8     478       8     479
       8     480       8     481       8     482       8     483       8     484
       8     485       8     486       8     487       8     488       8     489
       8     490       8     491       8     492       8     493       8     494
       8     495       8     496       8     497       8     498       8     499
       8     500       8     501       8     502       8     503       8     504
       8     505       8     506       8     507       8     508       8     509
       8     510       8     511       8     512       8     513       8     514
       8     515       8     516       8     517       8     518       8     519
       8     520       8     521       8     522       8     523       8     524
       8     525       8     526       8     527       8     528       8     529
       8     530       8     531       8     532       8     533       8     534
       8     535       8     536       8     537       8     538       8     539
       8     540       8     541       8     542       8     543       8     544
21       2    1256     127
BOX_EXT_LID  
       7       1       7       2       7       3       7       4       7       5
       7       6       7       7       7       8       7       9       7      10
       7      11       7      12       7      13       7      14       7      15
       7      16       7      17       7      18       7      19       7      20
       7      21       7      22       7      23       7      24       7      25
       7      26       7      27       7      28       7      29       7      30
       7      31       7      32       7      33       7      34       7      35
       7      36       7      37       7      38       7      39       7      40
       7      41       7      42       7      43       7      44       8     545
       8     546       8     547       8     548       8     549       8     550
       8     551       8     552       8     553       8     554       8     555
       8     556       8     557       8     558       8     559       8     560
       8     561       8     562       8     563       8     564       8     565
       8     566       8     567       8     568       8     569       8     570
       8     571       8     572       8     573       8     574       8     575
       8     576       8     577       8     578       8     579       8     580
       8     581       8     582       8     583       8     584       8     585
       8     586       8     587       8     588       8     589       8     590
       8     591       8     592       8     593       8     594       8     595
       8     596       8     597       8     598       8     599       8     600
       8     601       8     602       8     603       8     604       8     605
       8     606       8     607       8     608       8     609       8     610
       8     611       8     612       8     613       8     614       8     615
       8     616       8     617       8     618       8     619       8     620
       8     621       8     622       8     623       8     624       8     625
       8     626       8     627       8     628       8     629       8     630
       8     631       8     632       8     633       8     634       8     635
       8     636       8     637       8     638       8     639       8     640
       8     641       8     642       8     643       8     644       8     645
       8     646       8     647       8     648       8     649       8     650
       8     651       8     652       8     653       8     654       8     655
       8     656       8     657       8     658       8     659       8     660
       8     661       8     662       8     663       8     664       8     665
       8     666       8     667       8     668       8     669       8     670
       8     671       8     672       8     673       8     674       8     675
       8     676       8     677       8     678       8     679       8     680
       8     681       8     682       8     683       8     684       8     685
       8     686       8     687       8     688       8     689       8     690
       8     691       8     692       8     693       8     694       8     695
       8     696       8     697       8     698       8     699       8     700
       8     701       8     702       8     703       8     704       8     705
       8     706       8     707       8     708       8     709       8     710
       8     711       8     712       8     713       8     714       8     715
       8     716       8     717       8     718       8     719       8     720
       8     721       8     722       8     723       8     724       8     725
       8     726       8     727       8     728       8     729       8     730
       8     731       8     732       8     733       8     734       8     735
       8     736       8     737       8     738       8     739       8     740
       8     741       8     742       8     743       8     744       8     745
       8     746       8     747       8     748       8     749       8     750
       8     751       8     752       8     753       8     754       8     755
       8     756       8     757       8     758       8     759       8     760
       8     761       8     762       8     763       8     764       8     765
       8     766       8     767       8     768       8     769       8     770
       8     771       8     772       8     773       8     774       8     775
       8     776       8     777       8     778       8     779       8     780
       8     781       8     782       8     783       8     784       8     785
       8     786       8     787       8     788       8     789       8     790
       8     791       8     792       8     793       8     794       8     795
       8     796       8     797       8     798       8     799       8     800
       8     801       8     802       8     803       8     804       8     805
       8     806       8     807       8     808       8     809       8     810
       8     811       8     812       8     813       8     814       8     815
       8     816       8     817       8     818       8     819       8     820
       8     821       8     822       8     823       8     824       8     825
       8     826       8     827       8     828       8     829       8     830
       8     831       8     832       8     833       8     834       8     835
       8     836       8     837       8     838       8     839       8     840
       8     841       8     842       8     843       8     844       8     845
       8     846       8     847       8     848       8     849       8     850
       8     851       8     852       8     853       8     854       8     855
       8     856       8     857       8     858       8     859       8     860
       8     861       8     862       8     863       8     864       8     865
       8     866       8     867       8     868       8     869       8     870
       8     871       8     872       8     873       8     874       8     875
       8     876       8     877       8     878       8     879       8     880
       8     881       8     882       8     883       8     884       8     885
       8     886       8     887       8     888       8     889       8     890
       8     891       8     892       8     893       8     894       8     895
       8     896       8     897       8     898       8     899       8     900
       8     901       8     902       8     903       8     904       8     905
       8     906       8     907       8     908       8     909       8     910
       8     911       8     912       8     913       8     914       8     915
       8     916       8     917       8     918       8     919       8     920
       8     921       8     922       8     923       8     924       8     925
       8     926       8     927       8     928       8     929       8     930
       8     931       8     932       8     933       8     934       8     935
       8     936       8     937       8     938       8     939       8     940
       8     941       8     942       8     943       8     944       8     945
       8     946       8     947       8     948       8     949       8     950
       8     951       8     952       8     953       8     954       8     955
       8     956       8     957       8     958       8     959       8     960
       8     961       8     962       8     963       8     964       8     965
       8     966       8     967       8     968       8     969       8     970
       8     971       8     972       8     973       8     974       8     975
       8     976       8     977       8     978       8     979       8     980
       8     981       8     982       8     983       8     984       8     985
       8     986       8     987       8     988       8     989       8     990
       8     991       8     992       8     993       8     994       8     995
       8     996       8     997       8     998       8     999       8    1000
       8    1001       8    1002       8    1003       8    1004       8    1005
       8    1006       8    1007       8    1008       8    1009       8    1010
       8    1011       8    1012       8    1013       8    1014       8    1015
       8    1016       8    1017       8    1018       8    1019       8    1020
       8    1021       8    1022       8    1023       8    1024       8    1025
       8    1026       8    1027       8    1028       8    1029       8    1030
       8    1031       8    1032       8    1033       8    1034       8    1035
       8    1036       8    1037       8    1038       8    1039       8    1040
       8    1041       8    1042       8    1043       8    1044       8    1045
       8    1046       8    1047       8    1048       8    1049       8    1050
       8    1051       8    1052       8    1053       8    1054       8    1055
       8    1056       8    1057       8    1058       8    1059       8    1060
       8    1061       8    1062       8    1063       8    1064       8    1065
       8    1066       8    1067       8    1068       8    1069       8    1070
       8    1071       8    1072       8    1073       8    1074       8    1075
       8    1076       8    1077       8    1078       8    1079       8    1080
       8    1081       8    1082       8    1083       8    1084       8    1085
       8    1086       8    1087       8    1088       8    1089       8    1090
       8    1091       8    1092       8    1093       8    1094       8    1095
       8    1096       8    1097       8    1098       8    1099       8    1100
       8    1101       8    1102       8    1103       8    1104       8    1105
       8    1106       8    1107       8    1108       8    1109       8    1110
       8    1111       8    1112       8    1113       8    1114       8    1115
       8    1116       8    1117       8    1118       8    1119       8    1120
       8    1121       8    1122       8    1123       8    1124       8    1125
       8    1126       8    1127       8    1128
21       3     128      14
FLOATER_1_6 
       6    1249       6    1250       6    1251       6    1252       6    1253
       6    1254       6    1255       6    1256       6    1257       6    1258
       6    1259       6    1260       6    1261       6    1262       6    1263
       6    1264       6    1265       6    1266       6    1267       6    1268
       6    1269       6    1270       6    1271       6    1272       6    1273
       6    1274       6    1275       6    1276       6    1277       6    1278
       6    1279       6    1280       6    1281       6    1282       6    1283
       6    1284       6    1285       6    1286       6    1287       6    1288
       6    1289       6    1290       6    1291       6    1292       6    1293
       6    1294       6    1295       6    1296       6    1297       6    1298
       6    1299       6    1300       6    1301       6    1302       6    1303
       6    1304       6    1305       6    1306       6    1307       6    1308
       6    1309       6    1310       6    1311       6    1312
99       0       0       1
