25       0       0       1
ICEM - POLYFLOW INTERFACE - Version 15.0.3 - "LengthUnitForPfl=_meter_"
26       0       0       1     521     620
18-Aug-25   17:12:37     2.4
 1       1       0       2
-0.500000000E+01-0.500000000E+01-0.100000000E+02
 
 1       2       0       2
 0.500000000E+01-0.500000000E+01-0.100000000E+02
 
 1       3       0       2
-0.500000000E+01 0.500000000E+01-0.100000000E+02
 
 1       4       0       2
 0.500000000E+01 0.500000000E+01-0.100000000E+02
 
 1       5       0       2
-0.500000000E+01-0.500000000E+01 0.000000000E+00
 
 1       6       0       2
 0.500000000E+01-0.500000000E+01 0.000000000E+00
 
 1       7       0       2
 0.500000000E+01 0.500000000E+01 0.000000000E+00
 
 1       8       0       2
-0.500000000E+01 0.500000000E+01 0.000000000E+00
 
 1       9       0       2
-0.400000000E+01-0.500000000E+01-0.100000000E+02
 
 1      10       0       2
-0.300000000E+01-0.500000000E+01-0.100000000E+02
 
 1      11       0       2
-0.200000000E+01-0.500000000E+01-0.100000000E+02
 
 1      12       0       2
-0.100000000E+01-0.500000000E+01-0.100000000E+02
 
 1      13       0       2
 0.000000000E+00-0.500000000E+01-0.100000000E+02
 
 1      14       0       2
 0.100000000E+01-0.500000000E+01-0.100000000E+02
 
 1      15       0       2
 0.200000000E+01-0.500000000E+01-0.100000000E+02
 
 1      16       0       2
 0.300000000E+01-0.500000000E+01-0.100000000E+02
 
 1      17       0       2
 0.400000000E+01-0.500000000E+01-0.100000000E+02
 
 1      18       0       2
-0.500000000E+01-0.400000000E+01-0.100000000E+02
 
 1      19       0       2
-0.500000000E+01-0.300000000E+01-0.100000000E+02
 
 1      20       0       2
-0.500000000E+01-0.200000000E+01-0.100000000E+02
 
 1      21       0       2
-0.500000000E+01-0.100000000E+01-0.100000000E+02
 
 1      22       0       2
-0.500000000E+01 0.000000000E+00-0.100000000E+02
 
 1      23       0       2
-0.500000000E+01 0.100000000E+01-0.100000000E+02
 
 1      24       0       2
-0.500000000E+01 0.200000000E+01-0.100000000E+02
 
 1      25       0       2
-0.500000000E+01 0.300000000E+01-0.100000000E+02
 
 1      26       0       2
-0.500000000E+01 0.400000000E+01-0.100000000E+02
 
 1      27       0       2
 0.500000000E+01-0.400000000E+01-0.100000000E+02
 
 1      28       0       2
 0.500000000E+01-0.300000000E+01-0.100000000E+02
 
 1      29       0       2
 0.500000000E+01-0.200000000E+01-0.100000000E+02
 
 1      30       0       2
 0.500000000E+01-0.100000000E+01-0.100000000E+02
 
 1      31       0       2
 0.500000000E+01 0.000000000E+00-0.100000000E+02
 
 1      32       0       2
 0.500000000E+01 0.100000000E+01-0.100000000E+02
 
 1      33       0       2
 0.500000000E+01 0.200000000E+01-0.100000000E+02
 
 1      34       0       2
 0.500000000E+01 0.300000000E+01-0.100000000E+02
 
 1      35       0       2
 0.500000000E+01 0.400000000E+01-0.100000000E+02
 
 1      36       0       2
-0.400000000E+01 0.500000000E+01-0.100000000E+02
 
 1      37       0       2
-0.300000000E+01 0.500000000E+01-0.100000000E+02
 
 1      38       0       2
-0.200000000E+01 0.500000000E+01-0.100000000E+02
 
 1      39       0       2
-0.100000000E+01 0.500000000E+01-0.100000000E+02
 
 1      40       0       2
 0.000000000E+00 0.500000000E+01-0.100000000E+02
 
 1      41       0       2
 0.100000000E+01 0.500000000E+01-0.100000000E+02
 
 1      42       0       2
 0.200000000E+01 0.500000000E+01-0.100000000E+02
 
 1      43       0       2
 0.300000000E+01 0.500000000E+01-0.100000000E+02
 
 1      44       0       2
 0.400000000E+01 0.500000000E+01-0.100000000E+02
 
 1      45       0       2
-0.500000000E+01-0.500000000E+01-0.900000000E+01
 
 1      46       0       2
-0.500000000E+01-0.500000000E+01-0.800000000E+01
 
 1      47       0       2
-0.500000000E+01-0.500000000E+01-0.700000000E+01
 
 1      48       0       2
-0.500000000E+01-0.500000000E+01-0.600000000E+01
 
 1      49       0       2
-0.500000000E+01-0.500000000E+01-0.500000000E+01
 
 1      50       0       2
-0.500000000E+01-0.500000000E+01-0.400000000E+01
 
 1      51       0       2
-0.500000000E+01-0.500000000E+01-0.300000000E+01
 
 1      52       0       2
-0.500000000E+01-0.500000000E+01-0.200000000E+01
 
 1      53       0       2
-0.500000000E+01-0.500000000E+01-0.100000000E+01
 
 1      54       0       2
 0.500000000E+01-0.500000000E+01-0.900000000E+01
 
 1      55       0       2
 0.500000000E+01-0.500000000E+01-0.800000000E+01
 
 1      56       0       2
 0.500000000E+01-0.500000000E+01-0.700000000E+01
 
 1      57       0       2
 0.500000000E+01-0.500000000E+01-0.600000000E+01
 
 1      58       0       2
 0.500000000E+01-0.500000000E+01-0.500000000E+01
 
 1      59       0       2
 0.500000000E+01-0.500000000E+01-0.400000000E+01
 
 1      60       0       2
 0.500000000E+01-0.500000000E+01-0.300000000E+01
 
 1      61       0       2
 0.500000000E+01-0.500000000E+01-0.200000000E+01
 
 1      62       0       2
 0.500000000E+01-0.500000000E+01-0.100000000E+01
 
 1      63       0       2
-0.400000000E+01-0.500000000E+01 0.000000000E+00
 
 1      64       0       2
-0.300000000E+01-0.500000000E+01 0.000000000E+00
 
 1      65       0       2
-0.200000000E+01-0.500000000E+01 0.000000000E+00
 
 1      66       0       2
-0.100000000E+01-0.500000000E+01 0.000000000E+00
 
 1      67       0       2
 0.000000000E+00-0.500000000E+01 0.000000000E+00
 
 1      68       0       2
 0.100000000E+01-0.500000000E+01 0.000000000E+00
 
 1      69       0       2
 0.200000000E+01-0.500000000E+01 0.000000000E+00
 
 1      70       0       2
 0.300000000E+01-0.500000000E+01 0.000000000E+00
 
 1      71       0       2
 0.400000000E+01-0.500000000E+01 0.000000000E+00
 
 1      72       0       2
 0.500000000E+01 0.500000000E+01-0.900000000E+01
 
 1      73       0       2
 0.500000000E+01 0.500000000E+01-0.800000000E+01
 
 1      74       0       2
 0.500000000E+01 0.500000000E+01-0.700000000E+01
 
 1      75       0       2
 0.500000000E+01 0.500000000E+01-0.600000000E+01
 
 1      76       0       2
 0.500000000E+01 0.500000000E+01-0.500000000E+01
 
 1      77       0       2
 0.500000000E+01 0.500000000E+01-0.400000000E+01
 
 1      78       0       2
 0.500000000E+01 0.500000000E+01-0.300000000E+01
 
 1      79       0       2
 0.500000000E+01 0.500000000E+01-0.200000000E+01
 
 1      80       0       2
 0.500000000E+01 0.500000000E+01-0.100000000E+01
 
 1      81       0       2
 0.500000000E+01 0.400000000E+01 0.000000000E+00
 
 1      82       0       2
 0.500000000E+01 0.300000000E+01 0.000000000E+00
 
 1      83       0       2
 0.500000000E+01 0.200000000E+01 0.000000000E+00
 
 1      84       0       2
 0.500000000E+01 0.100000000E+01 0.000000000E+00
 
 1      85       0       2
 0.500000000E+01 0.000000000E+00 0.000000000E+00
 
 1      86       0       2
 0.500000000E+01-0.100000000E+01 0.000000000E+00
 
 1      87       0       2
 0.500000000E+01-0.200000000E+01 0.000000000E+00
 
 1      88       0       2
 0.500000000E+01-0.300000000E+01 0.000000000E+00
 
 1      89       0       2
 0.500000000E+01-0.400000000E+01 0.000000000E+00
 
 1      90       0       2
-0.500000000E+01 0.500000000E+01-0.900000000E+01
 
 1      91       0       2
-0.500000000E+01 0.500000000E+01-0.800000000E+01
 
 1      92       0       2
-0.500000000E+01 0.500000000E+01-0.700000000E+01
 
 1      93       0       2
-0.500000000E+01 0.500000000E+01-0.600000000E+01
 
 1      94       0       2
-0.500000000E+01 0.500000000E+01-0.500000000E+01
 
 1      95       0       2
-0.500000000E+01 0.500000000E+01-0.400000000E+01
 
 1      96       0       2
-0.500000000E+01 0.500000000E+01-0.300000000E+01
 
 1      97       0       2
-0.500000000E+01 0.500000000E+01-0.200000000E+01
 
 1      98       0       2
-0.500000000E+01 0.500000000E+01-0.100000000E+01
 
 1      99       0       2
-0.500000000E+01-0.400000000E+01 0.000000000E+00
 
 1     100       0       2
-0.500000000E+01-0.300000000E+01 0.000000000E+00
 
 1     101       0       2
-0.500000000E+01-0.200000000E+01 0.000000000E+00
 
 1     102       0       2
-0.500000000E+01-0.100000000E+01 0.000000000E+00
 
 1     103       0       2
-0.500000000E+01 0.000000000E+00 0.000000000E+00
 
 1     104       0       2
-0.500000000E+01 0.100000000E+01 0.000000000E+00
 
 1     105       0       2
-0.500000000E+01 0.200000000E+01 0.000000000E+00
 
 1     106       0       2
-0.500000000E+01 0.300000000E+01 0.000000000E+00
 
 1     107       0       2
-0.500000000E+01 0.400000000E+01 0.000000000E+00
 
 1     108       0       2
-0.400000000E+01 0.500000000E+01 0.000000000E+00
 
 1     109       0       2
-0.300000000E+01 0.500000000E+01 0.000000000E+00
 
 1     110       0       2
-0.200000000E+01 0.500000000E+01 0.000000000E+00
 
 1     111       0       2
-0.100000000E+01 0.500000000E+01 0.000000000E+00
 
 1     112       0       2
 0.000000000E+00 0.500000000E+01 0.000000000E+00
 
 1     113       0       2
 0.100000000E+01 0.500000000E+01 0.000000000E+00
 
 1     114       0       2
 0.200000000E+01 0.500000000E+01 0.000000000E+00
 
 1     115       0       2
 0.300000000E+01 0.500000000E+01 0.000000000E+00
 
 1     116       0       2
 0.400000000E+01 0.500000000E+01 0.000000000E+00
 
 1     117       0       2
 0.000000000E+00-0.500000000E+01-0.400000000E+01
 
 1     118       0       2
 0.100000000E+01-0.500000000E+01-0.500000000E+01
 
 1     119       0       2
 0.534873079E-18-0.500000000E+01-0.600000000E+01
 
 1     120       0       2
-0.100000000E+01-0.500000000E+01-0.500000000E+01
 
 1     121       0       2
-0.100000000E+01-0.500000000E+01-0.400000000E+01
 
 1     122       0       2
 0.100000000E+01-0.500000000E+01-0.400000000E+01
 
 1     123       0       2
 0.100000000E+01-0.500000000E+01-0.600000000E+01
 
 1     124       0       2
-0.100000000E+01-0.500000000E+01-0.600000000E+01
 
 1     125       0       2
-0.200000000E+01-0.500000000E+01-0.400000000E+01
 
 1     126       0       2
 0.422116057E-18-0.500000000E+01-0.300000000E+01
 
 1     127       0       2
 0.100000000E+01-0.500000000E+01-0.300000000E+01
 
 1     128       0       2
 0.200000000E+01-0.500000000E+01-0.400000000E+01
 
 1     129       0       2
 0.200000000E+01-0.500000000E+01-0.500000000E+01
 
 1     130       0       2
 0.200000000E+01-0.500000000E+01-0.600000000E+01
 
 1     131       0       2
 0.647630100E-17-0.500000000E+01-0.700000000E+01
 
 1     132       0       2
-0.100000000E+01-0.500000000E+01-0.700000000E+01
 
 1     133       0       2
-0.200000000E+01-0.500000000E+01-0.600000000E+01
 
 1     134       0       2
-0.200000000E+01-0.500000000E+01-0.500000000E+01
 
 1     135       0       2
-0.200000000E+01-0.500000000E+01-0.300000000E+01
 
 1     136       0       2
 0.200000000E+01-0.500000000E+01-0.300000000E+01
 
 1     137       0       2
 0.200000000E+01-0.500000000E+01-0.700000000E+01
 
 1     138       0       2
-0.200000000E+01-0.500000000E+01-0.700000000E+01
 
 1     139       0       2
 0.917636173E-19-0.500000000E+01-0.200000000E+01
 
 1     140       0       2
-0.200000000E+01-0.500000000E+01-0.200000000E+01
 
 1     141       0       2
 0.300000000E+01-0.500000000E+01-0.300000000E+01
 
 1     142       0       2
 0.200000000E+01-0.500000000E+01-0.200000000E+01
 
 1     143       0       2
 0.300000000E+01-0.500000000E+01-0.500000000E+01
 
 1     144       0       2
 0.200000000E+01-0.500000000E+01-0.800000000E+01
 
 1     145       0       2
 0.300000000E+01-0.500000000E+01-0.700000000E+01
 
 1     146       0       2
 0.129526020E-17-0.500000000E+01-0.800000000E+01
 
 1     147       0       2
-0.300000000E+01-0.500000000E+01-0.700000000E+01
 
 1     148       0       2
-0.100000000E+01-0.500000000E+01-0.800000000E+01
 
 1     149       0       2
-0.200000000E+01-0.500000000E+01-0.800000000E+01
 
 1     150       0       2
-0.300000000E+01-0.500000000E+01-0.500000000E+01
 
 1     151       0       2
-0.300000000E+01-0.500000000E+01-0.400000000E+01
 
 1     152       0       2
-0.300000000E+01-0.500000000E+01-0.300000000E+01
 
 1     153       0       2
-0.300000000E+01-0.500000000E+01-0.200000000E+01
 
 1     154       0       2
 0.300000000E+01-0.500000000E+01-0.200000000E+01
 
 1     155       0       2
 0.300000000E+01-0.500000000E+01-0.800000000E+01
 
 1     156       0       2
-0.300000000E+01-0.500000000E+01-0.800000000E+01
 
 1     157       0       2
-0.300000000E+01-0.500000000E+01-0.100000000E+01
 
 1     158       0       2
-0.200000000E+01-0.500000000E+01-0.100000000E+01
 
 1     159       0       2
-0.100000000E+01-0.500000000E+01-0.100000000E+01
 
 1     160       0       2
 0.183527241E-19-0.500000000E+01-0.100000000E+01
 
 1     161       0       2
 0.100000000E+01-0.500000000E+01-0.100000000E+01
 
 1     162       0       2
 0.200000000E+01-0.500000000E+01-0.100000000E+01
 
 1     163       0       2
 0.300000000E+01-0.500000000E+01-0.100000000E+01
 
 1     164       0       2
 0.400000000E+01-0.500000000E+01-0.100000000E+01
 
 1     165       0       2
 0.400000000E+01-0.500000000E+01-0.200000000E+01
 
 1     166       0       2
 0.400000000E+01-0.500000000E+01-0.300000000E+01
 
 1     167       0       2
 0.400000000E+01-0.500000000E+01-0.400000000E+01
 
 1     168       0       2
 0.400000000E+01-0.500000000E+01-0.500000000E+01
 
 1     169       0       2
 0.400000000E+01-0.500000000E+01-0.600000000E+01
 
 1     170       0       2
 0.400000000E+01-0.500000000E+01-0.700000000E+01
 
 1     171       0       2
 0.400000000E+01-0.500000000E+01-0.800000000E+01
 
 1     172       0       2
 0.400000000E+01-0.500000000E+01-0.900000000E+01
 
 1     173       0       2
 0.300000000E+01-0.500000000E+01-0.900000000E+01
 
 1     174       0       2
 0.200000000E+01-0.500000000E+01-0.900000000E+01
 
 1     175       0       2
 0.100000000E+01-0.500000000E+01-0.900000000E+01
 
 1     176       0       2
 0.259052030E-18-0.500000000E+01-0.900000000E+01
 
 1     177       0       2
-0.100000000E+01-0.500000000E+01-0.900000000E+01
 
 1     178       0       2
-0.200000000E+01-0.500000000E+01-0.900000000E+01
 
 1     179       0       2
-0.300000000E+01-0.500000000E+01-0.900000000E+01
 
 1     180       0       2
-0.400000000E+01-0.500000000E+01-0.900000000E+01
 
 1     181       0       2
-0.400000000E+01-0.500000000E+01-0.800000000E+01
 
 1     182       0       2
-0.400000000E+01-0.500000000E+01-0.700000000E+01
 
 1     183       0       2
-0.400000000E+01-0.500000000E+01-0.600000000E+01
 
 1     184       0       2
-0.400000000E+01-0.500000000E+01-0.500000000E+01
 
 1     185       0       2
-0.400000000E+01-0.500000000E+01-0.400000000E+01
 
 1     186       0       2
-0.400000000E+01-0.500000000E+01-0.300000000E+01
 
 1     187       0       2
-0.400000000E+01-0.500000000E+01-0.200000000E+01
 
 1     188       0       2
-0.400000000E+01-0.500000000E+01-0.100000000E+01
 
 1     189       0       2
-0.100000000E+01-0.500000000E+01-0.200000000E+01
 
 1     190       0       2
-0.100000000E+01-0.500000000E+01-0.300000000E+01
 
 1     191       0       2
 0.300000000E+01-0.500000000E+01-0.400000000E+01
 
 1     192       0       2
 0.100000000E+01-0.500000000E+01-0.800000000E+01
 
 1     193       0       2
-0.300000000E+01-0.500000000E+01-0.600000000E+01
 
 1     194       0       2
 0.300000000E+01-0.500000000E+01-0.600000000E+01
 
 1     195       0       2
 0.100000000E+01-0.500000000E+01-0.200000000E+01
 
 1     196       0       2
 0.100000000E+01-0.500000000E+01-0.700000000E+01
 
 1     197       0       2
 0.000000000E+00-0.500000000E+01-0.500000000E+01
 
 1     198       0       2
 0.500000000E+01 0.000000000E+00-0.400000000E+01
 
 1     199       0       2
 0.500000000E+01 0.100000000E+01-0.500000000E+01
 
 1     200       0       2
 0.500000000E+01 0.169135543E-17-0.600000000E+01
 
 1     201       0       2
 0.500000000E+01-0.100000000E+01-0.500000000E+01
 
 1     202       0       2
 0.500000000E+01-0.100000000E+01-0.400000000E+01
 
 1     203       0       2
 0.500000000E+01 0.100000000E+01-0.400000000E+01
 
 1     204       0       2
 0.500000000E+01 0.100000000E+01-0.600000000E+01
 
 1     205       0       2
 0.500000000E+01-0.100000000E+01-0.600000000E+01
 
 1     206       0       2
 0.500000000E+01-0.200000000E+01-0.400000000E+01
 
 1     207       0       2
 0.500000000E+01 0.390312772E-18-0.300000000E+01
 
 1     208       0       2
 0.500000000E+01 0.100000000E+01-0.300000000E+01
 
 1     209       0       2
 0.500000000E+01 0.200000000E+01-0.400000000E+01
 
 1     210       0       2
 0.500000000E+01 0.200000000E+01-0.500000000E+01
 
 1     211       0       2
 0.500000000E+01 0.200000000E+01-0.600000000E+01
 
 1     212       0       2
 0.500000000E+01 0.308057983E-17-0.700000000E+01
 
 1     213       0       2
 0.500000000E+01-0.100000000E+01-0.700000000E+01
 
 1     214       0       2
 0.500000000E+01-0.200000000E+01-0.600000000E+01
 
 1     215       0       2
 0.500000000E+01-0.200000000E+01-0.500000000E+01
 
 1     216       0       2
 0.500000000E+01-0.200000000E+01-0.300000000E+01
 
 1     217       0       2
 0.500000000E+01 0.200000000E+01-0.300000000E+01
 
 1     218       0       2
 0.500000000E+01 0.200000000E+01-0.700000000E+01
 
 1     219       0       2
 0.500000000E+01-0.200000000E+01-0.700000000E+01
 
 1     220       0       2
 0.500000000E+01 0.000000000E+00-0.200000000E+01
 
 1     221       0       2
 0.500000000E+01-0.200000000E+01-0.200000000E+01
 
 1     222       0       2
 0.500000000E+01 0.300000000E+01-0.300000000E+01
 
 1     223       0       2
 0.500000000E+01 0.200000000E+01-0.200000000E+01
 
 1     224       0       2
 0.500000000E+01 0.300000000E+01-0.500000000E+01
 
 1     225       0       2
 0.500000000E+01 0.200000000E+01-0.800000000E+01
 
 1     226       0       2
 0.500000000E+01 0.300000000E+01-0.700000000E+01
 
 1     227       0       2
 0.500000000E+01-0.343319082E-21-0.800000000E+01
 
 1     228       0       2
 0.500000000E+01-0.300000000E+01-0.700000000E+01
 
 1     229       0       2
 0.500000000E+01-0.100000000E+01-0.800000000E+01
 
 1     230       0       2
 0.500000000E+01-0.200000000E+01-0.800000000E+01
 
 1     231       0       2
 0.500000000E+01-0.300000000E+01-0.500000000E+01
 
 1     232       0       2
 0.500000000E+01-0.300000000E+01-0.400000000E+01
 
 1     233       0       2
 0.500000000E+01-0.300000000E+01-0.300000000E+01
 
 1     234       0       2
 0.500000000E+01-0.300000000E+01-0.200000000E+01
 
 1     235       0       2
 0.500000000E+01 0.300000000E+01-0.200000000E+01
 
 1     236       0       2
 0.500000000E+01 0.300000000E+01-0.800000000E+01
 
 1     237       0       2
 0.500000000E+01-0.300000000E+01-0.800000000E+01
 
 1     238       0       2
 0.500000000E+01-0.300000000E+01-0.100000000E+01
 
 1     239       0       2
 0.500000000E+01-0.200000000E+01-0.100000000E+01
 
 1     240       0       2
 0.500000000E+01-0.100000000E+01-0.100000000E+01
 
 1     241       0       2
 0.500000000E+01 0.000000000E+00-0.100000000E+01
 
 1     242       0       2
 0.500000000E+01 0.100000000E+01-0.100000000E+01
 
 1     243       0       2
 0.500000000E+01 0.200000000E+01-0.100000000E+01
 
 1     244       0       2
 0.500000000E+01 0.300000000E+01-0.100000000E+01
 
 1     245       0       2
 0.500000000E+01 0.400000000E+01-0.100000000E+01
 
 1     246       0       2
 0.500000000E+01 0.400000000E+01-0.200000000E+01
 
 1     247       0       2
 0.500000000E+01 0.400000000E+01-0.300000000E+01
 
 1     248       0       2
 0.500000000E+01 0.400000000E+01-0.400000000E+01
 
 1     249       0       2
 0.500000000E+01 0.400000000E+01-0.500000000E+01
 
 1     250       0       2
 0.500000000E+01 0.400000000E+01-0.600000000E+01
 
 1     251       0       2
 0.500000000E+01 0.400000000E+01-0.700000000E+01
 
 1     252       0       2
 0.500000000E+01 0.400000000E+01-0.800000000E+01
 
 1     253       0       2
 0.500000000E+01 0.400000000E+01-0.900000000E+01
 
 1     254       0       2
 0.500000000E+01 0.300000000E+01-0.900000000E+01
 
 1     255       0       2
 0.500000000E+01 0.200000000E+01-0.900000000E+01
 
 1     256       0       2
 0.500000000E+01 0.100000000E+01-0.900000000E+01
 
 1     257       0       2
 0.500000000E+01-0.686638163E-22-0.900000000E+01
 
 1     258       0       2
 0.500000000E+01-0.100000000E+01-0.900000000E+01
 
 1     259       0       2
 0.500000000E+01-0.200000000E+01-0.900000000E+01
 
 1     260       0       2
 0.500000000E+01-0.300000000E+01-0.900000000E+01
 
 1     261       0       2
 0.500000000E+01-0.400000000E+01-0.900000000E+01
 
 1     262       0       2
 0.500000000E+01-0.400000000E+01-0.800000000E+01
 
 1     263       0       2
 0.500000000E+01-0.400000000E+01-0.700000000E+01
 
 1     264       0       2
 0.500000000E+01-0.400000000E+01-0.600000000E+01
 
 1     265       0       2
 0.500000000E+01-0.400000000E+01-0.500000000E+01
 
 1     266       0       2
 0.500000000E+01-0.400000000E+01-0.400000000E+01
 
 1     267       0       2
 0.500000000E+01-0.400000000E+01-0.300000000E+01
 
 1     268       0       2
 0.500000000E+01-0.400000000E+01-0.200000000E+01
 
 1     269       0       2
 0.500000000E+01-0.400000000E+01-0.100000000E+01
 
 1     270       0       2
 0.500000000E+01-0.100000000E+01-0.200000000E+01
 
 1     271       0       2
 0.500000000E+01-0.100000000E+01-0.300000000E+01
 
 1     272       0       2
 0.500000000E+01 0.300000000E+01-0.400000000E+01
 
 1     273       0       2
 0.500000000E+01 0.100000000E+01-0.800000000E+01
 
 1     274       0       2
 0.500000000E+01-0.300000000E+01-0.600000000E+01
 
 1     275       0       2
 0.500000000E+01 0.300000000E+01-0.600000000E+01
 
 1     276       0       2
 0.500000000E+01 0.100000000E+01-0.200000000E+01
 
 1     277       0       2
 0.500000000E+01 0.100000000E+01-0.700000000E+01
 
 1     278       0       2
 0.500000000E+01 0.000000000E+00-0.500000000E+01
 
 1     279       0       2
-0.318032644E-18 0.500000000E+01-0.600000000E+01
 
 1     280       0       2
 0.100000000E+01 0.500000000E+01-0.500000000E+01
 
 1     281       0       2
 0.397028419E-18 0.500000000E+01-0.400000000E+01
 
 1     282       0       2
-0.100000000E+01 0.500000000E+01-0.500000000E+01
 
 1     283       0       2
-0.100000000E+01 0.500000000E+01-0.600000000E+01
 
 1     284       0       2
 0.100000000E+01 0.500000000E+01-0.600000000E+01
 
 1     285       0       2
 0.100000000E+01 0.500000000E+01-0.400000000E+01
 
 1     286       0       2
-0.100000000E+01 0.500000000E+01-0.400000000E+01
 
 1     287       0       2
-0.200000000E+01 0.500000000E+01-0.600000000E+01
 
 1     288       0       2
 0.972858285E-18 0.500000000E+01-0.700000000E+01
 
 1     289       0       2
 0.100000000E+01 0.500000000E+01-0.700000000E+01
 
 1     290       0       2
 0.200000000E+01 0.500000000E+01-0.500000000E+01
 
 1     291       0       2
 0.200000000E+01 0.500000000E+01-0.400000000E+01
 
 1     292       0       2
 0.107197665E-17 0.500000000E+01-0.300000000E+01
 
 1     293       0       2
-0.100000000E+01 0.500000000E+01-0.300000000E+01
 
 1     294       0       2
-0.200000000E+01 0.500000000E+01-0.500000000E+01
 
 1     295       0       2
-0.200000000E+01 0.500000000E+01-0.700000000E+01
 
 1     296       0       2
 0.200000000E+01 0.500000000E+01-0.700000000E+01
 
 1     297       0       2
 0.200000000E+01 0.500000000E+01-0.300000000E+01
 
 1     298       0       2
 0.194571647E-18 0.500000000E+01-0.800000000E+01
 
 1     299       0       2
-0.200000000E+01 0.500000000E+01-0.800000000E+01
 
 1     300       0       2
 0.300000000E+01 0.500000000E+01-0.700000000E+01
 
 1     301       0       2
 0.200000000E+01 0.500000000E+01-0.800000000E+01
 
 1     302       0       2
 0.300000000E+01 0.500000000E+01-0.500000000E+01
 
 1     303       0       2
 0.200000000E+01 0.500000000E+01-0.200000000E+01
 
 1     304       0       2
 0.300000000E+01 0.500000000E+01-0.300000000E+01
 
 1     305       0       2
 0.100000000E+01 0.500000000E+01-0.200000000E+01
 
 1     306       0       2
 0.214395340E-18 0.500000000E+01-0.200000000E+01
 
 1     307       0       2
-0.300000000E+01 0.500000000E+01-0.300000000E+01
 
 1     308       0       2
-0.100000000E+01 0.500000000E+01-0.200000000E+01
 
 1     309       0       2
-0.300000000E+01 0.500000000E+01-0.400000000E+01
 
 1     310       0       2
-0.300000000E+01 0.500000000E+01-0.500000000E+01
 
 1     311       0       2
-0.300000000E+01 0.500000000E+01-0.600000000E+01
 
 1     312       0       2
-0.300000000E+01 0.500000000E+01-0.700000000E+01
 
 1     313       0       2
-0.300000000E+01 0.500000000E+01-0.800000000E+01
 
 1     314       0       2
 0.300000000E+01 0.500000000E+01-0.800000000E+01
 
 1     315       0       2
 0.300000000E+01 0.500000000E+01-0.200000000E+01
 
 1     316       0       2
-0.300000000E+01 0.500000000E+01-0.200000000E+01
 
 1     317       0       2
-0.300000000E+01 0.500000000E+01-0.900000000E+01
 
 1     318       0       2
-0.200000000E+01 0.500000000E+01-0.900000000E+01
 
 1     319       0       2
-0.100000000E+01 0.500000000E+01-0.900000000E+01
 
 1     320       0       2
 0.000000000E+00 0.500000000E+01-0.900000000E+01
 
 1     321       0       2
 0.100000000E+01 0.500000000E+01-0.900000000E+01
 
 1     322       0       2
 0.200000000E+01 0.500000000E+01-0.900000000E+01
 
 1     323       0       2
 0.300000000E+01 0.500000000E+01-0.900000000E+01
 
 1     324       0       2
 0.400000000E+01 0.500000000E+01-0.900000000E+01
 
 1     325       0       2
 0.400000000E+01 0.500000000E+01-0.800000000E+01
 
 1     326       0       2
 0.400000000E+01 0.500000000E+01-0.700000000E+01
 
 1     327       0       2
 0.400000000E+01 0.500000000E+01-0.600000000E+01
 
 1     328       0       2
 0.400000000E+01 0.500000000E+01-0.500000000E+01
 
 1     329       0       2
 0.400000000E+01 0.500000000E+01-0.400000000E+01
 
 1     330       0       2
 0.400000000E+01 0.500000000E+01-0.300000000E+01
 
 1     331       0       2
 0.400000000E+01 0.500000000E+01-0.200000000E+01
 
 1     332       0       2
 0.400000000E+01 0.500000000E+01-0.100000000E+01
 
 1     333       0       2
 0.300000000E+01 0.500000000E+01-0.100000000E+01
 
 1     334       0       2
 0.200000000E+01 0.500000000E+01-0.100000000E+01
 
 1     335       0       2
 0.100000000E+01 0.500000000E+01-0.100000000E+01
 
 1     336       0       2
 0.428790687E-19 0.500000000E+01-0.100000000E+01
 
 1     337       0       2
-0.100000000E+01 0.500000000E+01-0.100000000E+01
 
 1     338       0       2
-0.200000000E+01 0.500000000E+01-0.100000000E+01
 
 1     339       0       2
-0.300000000E+01 0.500000000E+01-0.100000000E+01
 
 1     340       0       2
-0.400000000E+01 0.500000000E+01-0.100000000E+01
 
 1     341       0       2
-0.400000000E+01 0.500000000E+01-0.200000000E+01
 
 1     342       0       2
-0.400000000E+01 0.500000000E+01-0.300000000E+01
 
 1     343       0       2
-0.400000000E+01 0.500000000E+01-0.400000000E+01
 
 1     344       0       2
-0.400000000E+01 0.500000000E+01-0.500000000E+01
 
 1     345       0       2
-0.400000000E+01 0.500000000E+01-0.600000000E+01
 
 1     346       0       2
-0.400000000E+01 0.500000000E+01-0.700000000E+01
 
 1     347       0       2
-0.400000000E+01 0.500000000E+01-0.800000000E+01
 
 1     348       0       2
-0.400000000E+01 0.500000000E+01-0.900000000E+01
 
 1     349       0       2
-0.100000000E+01 0.500000000E+01-0.800000000E+01
 
 1     350       0       2
-0.100000000E+01 0.500000000E+01-0.700000000E+01
 
 1     351       0       2
-0.200000000E+01 0.500000000E+01-0.300000000E+01
 
 1     352       0       2
 0.300000000E+01 0.500000000E+01-0.600000000E+01
 
 1     353       0       2
-0.200000000E+01 0.500000000E+01-0.200000000E+01
 
 1     354       0       2
-0.200000000E+01 0.500000000E+01-0.400000000E+01
 
 1     355       0       2
 0.300000000E+01 0.500000000E+01-0.400000000E+01
 
 1     356       0       2
 0.100000000E+01 0.500000000E+01-0.800000000E+01
 
 1     357       0       2
 0.200000000E+01 0.500000000E+01-0.600000000E+01
 
 1     358       0       2
 0.100000000E+01 0.500000000E+01-0.300000000E+01
 
 1     359       0       2
 0.000000000E+00 0.500000000E+01-0.500000000E+01
 
 1     360       0       2
-0.500000000E+01-0.318032644E-18-0.600000000E+01
 
 1     361       0       2
-0.500000000E+01 0.100000000E+01-0.500000000E+01
 
 1     362       0       2
-0.500000000E+01 0.000000000E+00-0.400000000E+01
 
 1     363       0       2
-0.500000000E+01-0.100000000E+01-0.500000000E+01
 
 1     364       0       2
-0.500000000E+01-0.100000000E+01-0.600000000E+01
 
 1     365       0       2
-0.500000000E+01 0.100000000E+01-0.600000000E+01
 
 1     366       0       2
-0.500000000E+01 0.100000000E+01-0.400000000E+01
 
 1     367       0       2
-0.500000000E+01-0.100000000E+01-0.400000000E+01
 
 1     368       0       2
-0.500000000E+01-0.200000000E+01-0.600000000E+01
 
 1     369       0       2
-0.500000000E+01 0.832649517E-18-0.700000000E+01
 
 1     370       0       2
-0.500000000E+01 0.100000000E+01-0.700000000E+01
 
 1     371       0       2
-0.500000000E+01 0.200000000E+01-0.500000000E+01
 
 1     372       0       2
-0.500000000E+01 0.200000000E+01-0.400000000E+01
 
 1     373       0       2
-0.500000000E+01-0.208166825E-17-0.300000000E+01
 
 1     374       0       2
-0.500000000E+01-0.100000000E+01-0.300000000E+01
 
 1     375       0       2
-0.500000000E+01-0.200000000E+01-0.500000000E+01
 
 1     376       0       2
-0.500000000E+01-0.200000000E+01-0.700000000E+01
 
 1     377       0       2
-0.500000000E+01 0.200000000E+01-0.700000000E+01
 
 1     378       0       2
-0.500000000E+01 0.200000000E+01-0.300000000E+01
 
 1     379       0       2
-0.500000000E+01 0.166529901E-18-0.800000000E+01
 
 1     380       0       2
-0.500000000E+01-0.200000000E+01-0.800000000E+01
 
 1     381       0       2
-0.500000000E+01 0.300000000E+01-0.700000000E+01
 
 1     382       0       2
-0.500000000E+01 0.200000000E+01-0.800000000E+01
 
 1     383       0       2
-0.500000000E+01 0.300000000E+01-0.500000000E+01
 
 1     384       0       2
-0.500000000E+01 0.200000000E+01-0.200000000E+01
 
 1     385       0       2
-0.500000000E+01 0.300000000E+01-0.300000000E+01
 
 1     386       0       2
-0.500000000E+01 0.100000000E+01-0.200000000E+01
 
 1     387       0       2
-0.500000000E+01-0.452451510E-18-0.200000000E+01
 
 1     388       0       2
-0.500000000E+01-0.300000000E+01-0.300000000E+01
 
 1     389       0       2
-0.500000000E+01-0.100000000E+01-0.200000000E+01
 
 1     390       0       2
-0.500000000E+01-0.300000000E+01-0.400000000E+01
 
 1     391       0       2
-0.500000000E+01-0.300000000E+01-0.500000000E+01
 
 1     392       0       2
-0.500000000E+01-0.300000000E+01-0.600000000E+01
 
 1     393       0       2
-0.500000000E+01-0.300000000E+01-0.700000000E+01
 
 1     394       0       2
-0.500000000E+01-0.300000000E+01-0.800000000E+01
 
 1     395       0       2
-0.500000000E+01 0.300000000E+01-0.800000000E+01
 
 1     396       0       2
-0.500000000E+01 0.300000000E+01-0.200000000E+01
 
 1     397       0       2
-0.500000000E+01-0.300000000E+01-0.200000000E+01
 
 1     398       0       2
-0.500000000E+01-0.300000000E+01-0.900000000E+01
 
 1     399       0       2
-0.500000000E+01-0.200000000E+01-0.900000000E+01
 
 1     400       0       2
-0.500000000E+01-0.100000000E+01-0.900000000E+01
 
 1     401       0       2
-0.500000000E+01 0.000000000E+00-0.900000000E+01
 
 1     402       0       2
-0.500000000E+01 0.100000000E+01-0.900000000E+01
 
 1     403       0       2
-0.500000000E+01 0.200000000E+01-0.900000000E+01
 
 1     404       0       2
-0.500000000E+01 0.300000000E+01-0.900000000E+01
 
 1     405       0       2
-0.500000000E+01 0.400000000E+01-0.900000000E+01
 
 1     406       0       2
-0.500000000E+01 0.400000000E+01-0.800000000E+01
 
 1     407       0       2
-0.500000000E+01 0.400000000E+01-0.700000000E+01
 
 1     408       0       2
-0.500000000E+01 0.400000000E+01-0.600000000E+01
 
 1     409       0       2
-0.500000000E+01 0.400000000E+01-0.500000000E+01
 
 1     410       0       2
-0.500000000E+01 0.400000000E+01-0.400000000E+01
 
 1     411       0       2
-0.500000000E+01 0.400000000E+01-0.300000000E+01
 
 1     412       0       2
-0.500000000E+01 0.400000000E+01-0.200000000E+01
 
 1     413       0       2
-0.500000000E+01 0.400000000E+01-0.100000000E+01
 
 1     414       0       2
-0.500000000E+01 0.300000000E+01-0.100000000E+01
 
 1     415       0       2
-0.500000000E+01 0.200000000E+01-0.100000000E+01
 
 1     416       0       2
-0.500000000E+01 0.100000000E+01-0.100000000E+01
 
 1     417       0       2
-0.500000000E+01-0.904903020E-19-0.100000000E+01
 
 1     418       0       2
-0.500000000E+01-0.100000000E+01-0.100000000E+01
 
 1     419       0       2
-0.500000000E+01-0.200000000E+01-0.100000000E+01
 
 1     420       0       2
-0.500000000E+01-0.300000000E+01-0.100000000E+01
 
 1     421       0       2
-0.500000000E+01-0.400000000E+01-0.100000000E+01
 
 1     422       0       2
-0.500000000E+01-0.400000000E+01-0.200000000E+01
 
 1     423       0       2
-0.500000000E+01-0.400000000E+01-0.300000000E+01
 
 1     424       0       2
-0.500000000E+01-0.400000000E+01-0.400000000E+01
 
 1     425       0       2
-0.500000000E+01-0.400000000E+01-0.500000000E+01
 
 1     426       0       2
-0.500000000E+01-0.400000000E+01-0.600000000E+01
 
 1     427       0       2
-0.500000000E+01-0.400000000E+01-0.700000000E+01
 
 1     428       0       2
-0.500000000E+01-0.400000000E+01-0.800000000E+01
 
 1     429       0       2
-0.500000000E+01-0.400000000E+01-0.900000000E+01
 
 1     430       0       2
-0.500000000E+01-0.100000000E+01-0.800000000E+01
 
 1     431       0       2
-0.500000000E+01-0.100000000E+01-0.700000000E+01
 
 1     432       0       2
-0.500000000E+01-0.200000000E+01-0.300000000E+01
 
 1     433       0       2
-0.500000000E+01 0.300000000E+01-0.600000000E+01
 
 1     434       0       2
-0.500000000E+01-0.200000000E+01-0.200000000E+01
 
 1     435       0       2
-0.500000000E+01-0.200000000E+01-0.400000000E+01
 
 1     436       0       2
-0.500000000E+01 0.300000000E+01-0.400000000E+01
 
 1     437       0       2
-0.500000000E+01 0.100000000E+01-0.800000000E+01
 
 1     438       0       2
-0.500000000E+01 0.200000000E+01-0.600000000E+01
 
 1     439       0       2
-0.500000000E+01 0.100000000E+01-0.300000000E+01
 
 1     440       0       2
-0.500000000E+01-0.636065250E-19-0.500000000E+01
 
 1     441       0       2
 0.000000000E+00-0.100000000E+01-0.100000000E+02
 
 1     442       0       2
 0.100000000E+01 0.000000000E+00-0.100000000E+02
 
 1     443       0       2
 0.000000000E+00 0.100000000E+01-0.100000000E+02
 
 1     444       0       2
-0.100000000E+01 0.000000000E+00-0.100000000E+02
 
 1     445       0       2
-0.100000000E+01-0.100000000E+01-0.100000000E+02
 
 1     446       0       2
 0.100000000E+01-0.100000000E+01-0.100000000E+02
 
 1     447       0       2
 0.100000000E+01 0.100000000E+01-0.100000000E+02
 
 1     448       0       2
-0.100000000E+01 0.100000000E+01-0.100000000E+02
 
 1     449       0       2
-0.200000000E+01-0.100000000E+01-0.100000000E+02
 
 1     450       0       2
-0.100000000E+01-0.200000000E+01-0.100000000E+02
 
 1     451       0       2
 0.000000000E+00-0.200000000E+01-0.100000000E+02
 
 1     452       0       2
 0.100000000E+01-0.200000000E+01-0.100000000E+02
 
 1     453       0       2
 0.200000000E+01 0.000000000E+00-0.100000000E+02
 
 1     454       0       2
 0.200000000E+01 0.100000000E+01-0.100000000E+02
 
 1     455       0       2
-0.100000000E+01 0.200000000E+01-0.100000000E+02
 
 1     456       0       2
-0.200000000E+01 0.100000000E+01-0.100000000E+02
 
 1     457       0       2
-0.200000000E+01 0.000000000E+00-0.100000000E+02
 
 1     458       0       2
 0.200000000E+01-0.200000000E+01-0.100000000E+02
 
 1     459       0       2
 0.200000000E+01 0.200000000E+01-0.100000000E+02
 
 1     460       0       2
-0.200000000E+01 0.200000000E+01-0.100000000E+02
 
 1     461       0       2
-0.100000000E+01-0.300000000E+01-0.100000000E+02
 
 1     462       0       2
 0.000000000E+00-0.300000000E+01-0.100000000E+02
 
 1     463       0       2
 0.300000000E+01-0.200000000E+01-0.100000000E+02
 
 1     464       0       2
 0.100000000E+01-0.300000000E+01-0.100000000E+02
 
 1     465       0       2
 0.200000000E+01-0.300000000E+01-0.100000000E+02
 
 1     466       0       2
 0.300000000E+01 0.000000000E+00-0.100000000E+02
 
 1     467       0       2
 0.200000000E+01 0.300000000E+01-0.100000000E+02
 
 1     468       0       2
 0.300000000E+01 0.200000000E+01-0.100000000E+02
 
 1     469       0       2
 0.000000000E+00 0.300000000E+01-0.100000000E+02
 
 1     470       0       2
-0.300000000E+01 0.200000000E+01-0.100000000E+02
 
 1     471       0       2
-0.200000000E+01 0.300000000E+01-0.100000000E+02
 
 1     472       0       2
-0.300000000E+01 0.100000000E+01-0.100000000E+02
 
 1     473       0       2
-0.300000000E+01 0.000000000E+00-0.100000000E+02
 
 1     474       0       2
-0.300000000E+01-0.200000000E+01-0.100000000E+02
 
 1     475       0       2
-0.300000000E+01-0.300000000E+01-0.100000000E+02
 
 1     476       0       2
 0.300000000E+01-0.300000000E+01-0.100000000E+02
 
 1     477       0       2
 0.300000000E+01 0.300000000E+01-0.100000000E+02
 
 1     478       0       2
-0.300000000E+01 0.300000000E+01-0.100000000E+02
 
 1     479       0       2
-0.300000000E+01-0.400000000E+01-0.100000000E+02
 
 1     480       0       2
-0.200000000E+01-0.400000000E+01-0.100000000E+02
 
 1     481       0       2
-0.100000000E+01-0.400000000E+01-0.100000000E+02
 
 1     482       0       2
 0.000000000E+00-0.400000000E+01-0.100000000E+02
 
 1     483       0       2
 0.100000000E+01-0.400000000E+01-0.100000000E+02
 
 1     484       0       2
 0.200000000E+01-0.400000000E+01-0.100000000E+02
 
 1     485       0       2
 0.300000000E+01-0.400000000E+01-0.100000000E+02
 
 1     486       0       2
 0.400000000E+01-0.400000000E+01-0.100000000E+02
 
 1     487       0       2
 0.400000000E+01-0.300000000E+01-0.100000000E+02
 
 1     488       0       2
 0.400000000E+01-0.200000000E+01-0.100000000E+02
 
 1     489       0       2
 0.400000000E+01-0.100000000E+01-0.100000000E+02
 
 1     490       0       2
 0.400000000E+01 0.000000000E+00-0.100000000E+02
 
 1     491       0       2
 0.400000000E+01 0.100000000E+01-0.100000000E+02
 
 1     492       0       2
 0.400000000E+01 0.200000000E+01-0.100000000E+02
 
 1     493       0       2
 0.400000000E+01 0.300000000E+01-0.100000000E+02
 
 1     494       0       2
 0.400000000E+01 0.400000000E+01-0.100000000E+02
 
 1     495       0       2
 0.300000000E+01 0.400000000E+01-0.100000000E+02
 
 1     496       0       2
 0.200000000E+01 0.400000000E+01-0.100000000E+02
 
 1     497       0       2
 0.100000000E+01 0.400000000E+01-0.100000000E+02
 
 1     498       0       2
 0.000000000E+00 0.400000000E+01-0.100000000E+02
 
 1     499       0       2
-0.100000000E+01 0.400000000E+01-0.100000000E+02
 
 1     500       0       2
-0.200000000E+01 0.400000000E+01-0.100000000E+02
 
 1     501       0       2
-0.300000000E+01 0.400000000E+01-0.100000000E+02
 
 1     502       0       2
-0.400000000E+01 0.400000000E+01-0.100000000E+02
 
 1     503       0       2
-0.400000000E+01 0.300000000E+01-0.100000000E+02
 
 1     504       0       2
-0.400000000E+01 0.200000000E+01-0.100000000E+02
 
 1     505       0       2
-0.400000000E+01 0.100000000E+01-0.100000000E+02
 
 1     506       0       2
-0.400000000E+01 0.000000000E+00-0.100000000E+02
 
 1     507       0       2
-0.400000000E+01-0.100000000E+01-0.100000000E+02
 
 1     508       0       2
-0.400000000E+01-0.200000000E+01-0.100000000E+02
 
 1     509       0       2
-0.400000000E+01-0.300000000E+01-0.100000000E+02
 
 1     510       0       2
-0.400000000E+01-0.400000000E+01-0.100000000E+02
 
 1     511       0       2
-0.100000000E+01 0.300000000E+01-0.100000000E+02
 
 1     512       0       2
-0.200000000E+01-0.200000000E+01-0.100000000E+02
 
 1     513       0       2
 0.300000000E+01 0.100000000E+01-0.100000000E+02
 
 1     514       0       2
 0.000000000E+00 0.200000000E+01-0.100000000E+02
 
 1     515       0       2
-0.200000000E+01-0.300000000E+01-0.100000000E+02
 
 1     516       0       2
 0.100000000E+01 0.200000000E+01-0.100000000E+02
 
 1     517       0       2
 0.200000000E+01-0.100000000E+01-0.100000000E+02
 
 1     518       0       2
-0.300000000E+01-0.100000000E+01-0.100000000E+02
 
 1     519       0       2
 0.100000000E+01 0.300000000E+01-0.100000000E+02
 
 1     520       0       2
 0.300000000E+01-0.100000000E+01-0.100000000E+02
 
 1     521       0       2
 0.000000000E+00 0.000000000E+00-0.100000000E+02
 
 2       1       4       2       0
       4       0       1
     521     443     447     442
 2       2       4       2       0
       4       0       1
     442     446     441     521
 2       3       4       2       0
       4       0       1
     441     445     444     521
 2       4       4       2       0
       4       0       1
     444     448     443     521
 2       5       4       2       0
       4       0       1
     441     451     450     445
 2       6       4       2       0
       4       0       1
     446     452     451     441
 2       7       4       2       0
       4       0       1
     442     453     517     446
 2       8       4       2       0
       4       0       1
     447     454     453     442
 2       9       4       2       0
       4       0       1
     443     514     516     447
 2      10       4       2       0
       4       0       1
     448     455     514     443
 2      11       4       2       0
       4       0       1
     445     449     457     444
 2      12       4       2       0
       4       0       1
     457     456     448     444
 2      13       4       2       0
       4       0       1
     450     512     449     445
 2      14       4       2       0
       4       0       1
     517     458     452     446
 2      15       4       2       0
       4       0       1
     516     459     454     447
 2      16       4       2       0
       4       0       1
     456     460     455     448
 2      17       4       2       0
       4       0       1
     449     518     473     457
 2      18       4       2       0
       4       0       1
     512     474     518     449
 2      19       4       2       0
       4       0       1
     450     461     515     512
 2      20       4       2       0
       4       0       1
     452     464     462     451
 2      21       4       2       0
       4       0       1
     451     462     461     450
 2      22       4       2       0
       4       0       1
     458     465     464     452
 2      23       4       2       0
       4       0       1
     517     520     463     458
 2      24       4       2       0
       4       0       1
     454     513     466     453
 2      25       4       2       0
       4       0       1
     453     466     520     517
 2      26       4       2       0
       4       0       1
     459     468     513     454
 2      27       4       2       0
       4       0       1
     516     519     467     459
 2      28       4       2       0
       4       0       1
     455     511     469     514
 2      29       4       2       0
       4       0       1
     514     469     519     516
 2      30       4       2       0
       4       0       1
     460     471     511     455
 2      31       4       2       0
       4       0       1
     456     472     470     460
 2      32       4       2       0
       4       0       1
     457     473     472     456
 2      33       4       2       0
       4       0       1
     515     475     474     512
 2      34       4       2       0
       4       0       1
     463     476     465     458
 2      35       4       2       0
       4       0       1
     467     477     468     459
 2      36       4       2       0
       4       0       1
     470     478     471     460
 2      37       4       2       0
       4       0       1
     461     481     480     515
 2      38       4       2       0
       4       0       1
     464     483     482     462
 2      39       4       2       0
       4       0       1
     462     482     481     461
 2      40       4       2       0
       4       0       1
     515     480     479     475
 2      41       4       2       0
       4       0       1
     520     489     488     463
 2      42       4       2       0
       4       0       1
     463     488     487     476
 2      43       4       2       0
       4       0       1
     476     485     484     465
 2      44       4       2       0
       4       0       1
     465     484     483     464
 2      45       4       2       0
       4       0       1
     513     491     490     466
 2      46       4       2       0
       4       0       1
     466     490     489     520
 2      47       4       2       0
       4       0       1
     519     497     496     467
 2      48       4       2       0
       4       0       1
     467     496     495     477
 2      49       4       2       0
       4       0       1
     477     493     492     468
 2      50       4       2       0
       4       0       1
     468     492     491     513
 2      51       4       2       0
       4       0       1
     511     499     498     469
 2      52       4       2       0
       4       0       1
     469     498     497     519
 2      53       4       2       0
       4       0       1
     472     505     504     470
 2      54       4       2       0
       4       0       1
     470     504     503     478
 2      55       4       2       0
       4       0       1
     478     501     500     471
 2      56       4       2       0
       4       0       1
     471     500     499     511
 2      57       4       2       0
       4       0       1
     518     507     506     473
 2      58       4       2       0
       4       0       1
     473     506     505     472
 2      59       4       2       0
       4       0       1
     475     509     508     474
 2      60       4       2       0
       4       0       1
     474     508     507     518
 2      61       4       2       0
       4       0       1
     479     510     509     475
 2      62       4       2       0
       4       0       1
     487     486     485     476
 2      63       4       2       0
       4       0       1
     495     494     493     477
 2      64       4       2       0
       4       0       1
     503     502     501     478
 2      65       4       2       0
       4       0       1
     479      10       9     510
 2      66       4       2       0
       4       0       1
     480      11      10     479
 2      67       4       2       0
       4       0       1
     481      12      11     480
 2      68       4       2       0
       4       0       1
     482      13      12     481
 2      69       4       2       0
       4       0       1
     483      14      13     482
 2      70       4       2       0
       4       0       1
     484      15      14     483
 2      71       4       2       0
       4       0       1
     485      16      15     484
 2      72       4       2       0
       4       0       1
     486      17      16     485
 2      73       4       2       0
       4       0       1
     486      27       2      17
 2      74       4       2       0
       4       0       1
     487      28      27     486
 2      75       4       2       0
       4       0       1
     488      29      28     487
 2      76       4       2       0
       4       0       1
     489      30      29     488
 2      77       4       2       0
       4       0       1
     490      31      30     489
 2      78       4       2       0
       4       0       1
     491      32      31     490
 2      79       4       2       0
       4       0       1
     492      33      32     491
 2      80       4       2       0
       4       0       1
     493      34      33     492
 2      81       4       2       0
       4       0       1
     494      35      34     493
 2      82       4       2       0
       4       0       1
     494      44       4      35
 2      83       4       2       0
       4       0       1
     495      43      44     494
 2      84       4       2       0
       4       0       1
     496      42      43     495
 2      85       4       2       0
       4       0       1
     497      41      42     496
 2      86       4       2       0
       4       0       1
     498      40      41     497
 2      87       4       2       0
       4       0       1
     499      39      40     498
 2      88       4       2       0
       4       0       1
     500      38      39     499
 2      89       4       2       0
       4       0       1
     501      37      38     500
 2      90       4       2       0
       4       0       1
     502      36      37     501
 2      91       4       2       0
       4       0       1
     502      26       3      36
 2      92       4       2       0
       4       0       1
     503      25      26     502
 2      93       4       2       0
       4       0       1
     504      24      25     503
 2      94       4       2       0
       4       0       1
     505      23      24     504
 2      95       4       2       0
       4       0       1
     506      22      23     505
 2      96       4       2       0
       4       0       1
     507      21      22     506
 2      97       4       2       0
       4       0       1
     508      20      21     507
 2      98       4       2       0
       4       0       1
     509      19      20     508
 2      99       4       2       0
       4       0       1
     510      18      19     509
 2     100       4       2       0
       4       0       1
       9       1      18     510
 2     101       4       2       0
       4       0       1
     440     362     366     361
 2     102       4       2       0
       4       0       1
     361     365     360     440
 2     103       4       2       0
       4       0       1
     360     364     363     440
 2     104       4       2       0
       4       0       1
     363     367     362     440
 2     105       4       2       0
       4       0       1
     360     369     431     364
 2     106       4       2       0
       4       0       1
     365     370     369     360
 2     107       4       2       0
       4       0       1
     361     371     438     365
 2     108       4       2       0
       4       0       1
     366     372     371     361
 2     109       4       2       0
       4       0       1
     362     373     439     366
 2     110       4       2       0
       4       0       1
     367     374     373     362
 2     111       4       2       0
       4       0       1
     364     368     375     363
 2     112       4       2       0
       4       0       1
     375     435     367     363
 2     113       4       2       0
       4       0       1
     431     376     368     364
 2     114       4       2       0
       4       0       1
     438     377     370     365
 2     115       4       2       0
       4       0       1
     439     378     372     366
 2     116       4       2       0
       4       0       1
     435     432     374     367
 2     117       4       2       0
       4       0       1
     368     392     391     375
 2     118       4       2       0
       4       0       1
     376     393     392     368
 2     119       4       2       0
       4       0       1
     431     430     380     376
 2     120       4       2       0
       4       0       1
     370     437     379     369
 2     121       4       2       0
       4       0       1
     369     379     430     431
 2     122       4       2       0
       4       0       1
     377     382     437     370
 2     123       4       2       0
       4       0       1
     438     433     381     377
 2     124       4       2       0
       4       0       1
     372     436     383     371
 2     125       4       2       0
       4       0       1
     371     383     433     438
 2     126       4       2       0
       4       0       1
     378     385     436     372
 2     127       4       2       0
       4       0       1
     439     386     384     378
 2     128       4       2       0
       4       0       1
     374     389     387     373
 2     129       4       2       0
       4       0       1
     373     387     386     439
 2     130       4       2       0
       4       0       1
     432     434     389     374
 2     131       4       2       0
       4       0       1
     435     390     388     432
 2     132       4       2       0
       4       0       1
     375     391     390     435
 2     133       4       2       0
       4       0       1
     380     394     393     376
 2     134       4       2       0
       4       0       1
     381     395     382     377
 2     135       4       2       0
       4       0       1
     384     396     385     378
 2     136       4       2       0
       4       0       1
     388     397     434     432
 2     137       4       2       0
       4       0       1
     430     400     399     380
 2     138       4       2       0
       4       0       1
     437     402     401     379
 2     139       4       2       0
       4       0       1
     379     401     400     430
 2     140       4       2       0
       4       0       1
     380     399     398     394
 2     141       4       2       0
       4       0       1
     433     408     407     381
 2     142       4       2       0
       4       0       1
     381     407     406     395
 2     143       4       2       0
       4       0       1
     395     404     403     382
 2     144       4       2       0
       4       0       1
     382     403     402     437
 2     145       4       2       0
       4       0       1
     436     410     409     383
 2     146       4       2       0
       4       0       1
     383     409     408     433
 2     147       4       2       0
       4       0       1
     386     416     415     384
 2     148       4       2       0
       4       0       1
     384     415     414     396
 2     149       4       2       0
       4       0       1
     396     412     411     385
 2     150       4       2       0
       4       0       1
     385     411     410     436
 2     151       4       2       0
       4       0       1
     389     418     417     387
 2     152       4       2       0
       4       0       1
     387     417     416     386
 2     153       4       2       0
       4       0       1
     390     424     423     388
 2     154       4       2       0
       4       0       1
     388     423     422     397
 2     155       4       2       0
       4       0       1
     397     420     419     434
 2     156       4       2       0
       4       0       1
     434     419     418     389
 2     157       4       2       0
       4       0       1
     392     426     425     391
 2     158       4       2       0
       4       0       1
     391     425     424     390
 2     159       4       2       0
       4       0       1
     394     428     427     393
 2     160       4       2       0
       4       0       1
     393     427     426     392
 2     161       4       2       0
       4       0       1
     398     429     428     394
 2     162       4       2       0
       4       0       1
     406     405     404     395
 2     163       4       2       0
       4       0       1
     414     413     412     396
 2     164       4       2       0
       4       0       1
     422     421     420     397
 2     165       4       2       0
       4       0       1
     398      19      18     429
 2     166       4       2       0
       4       0       1
     399      20      19     398
 2     167       4       2       0
       4       0       1
     400      21      20     399
 2     168       4       2       0
       4       0       1
     401      22      21     400
 2     169       4       2       0
       4       0       1
     402      23      22     401
 2     170       4       2       0
       4       0       1
     403      24      23     402
 2     171       4       2       0
       4       0       1
     404      25      24     403
 2     172       4       2       0
       4       0       1
     405      26      25     404
 2     173       4       2       0
       4       0       1
     405      90       3      26
 2     174       4       2       0
       4       0       1
     406      91      90     405
 2     175       4       2       0
       4       0       1
     407      92      91     406
 2     176       4       2       0
       4       0       1
     408      93      92     407
 2     177       4       2       0
       4       0       1
     409      94      93     408
 2     178       4       2       0
       4       0       1
     410      95      94     409
 2     179       4       2       0
       4       0       1
     411      96      95     410
 2     180       4       2       0
       4       0       1
     412      97      96     411
 2     181       4       2       0
       4       0       1
     413      98      97     412
 2     182       4       2       0
       4       0       1
     413     107       8      98
 2     183       4       2       0
       4       0       1
     414     106     107     413
 2     184       4       2       0
       4       0       1
     415     105     106     414
 2     185       4       2       0
       4       0       1
     416     104     105     415
 2     186       4       2       0
       4       0       1
     417     103     104     416
 2     187       4       2       0
       4       0       1
     418     102     103     417
 2     188       4       2       0
       4       0       1
     419     101     102     418
 2     189       4       2       0
       4       0       1
     420     100     101     419
 2     190       4       2       0
       4       0       1
     421      99     100     420
 2     191       4       2       0
       4       0       1
     421      53       5      99
 2     192       4       2       0
       4       0       1
     422      52      53     421
 2     193       4       2       0
       4       0       1
     423      51      52     422
 2     194       4       2       0
       4       0       1
     424      50      51     423
 2     195       4       2       0
       4       0       1
     425      49      50     424
 2     196       4       2       0
       4       0       1
     426      48      49     425
 2     197       4       2       0
       4       0       1
     427      47      48     426
 2     198       4       2       0
       4       0       1
     428      46      47     427
 2     199       4       2       0
       4       0       1
     429      45      46     428
 2     200       4       2       0
       4       0       1
      18       1      45     429
 2     201       4       2       0
       4       0       1
     359     281     285     280
 2     202       4       2       0
       4       0       1
     280     284     279     359
 2     203       4       2       0
       4       0       1
     279     283     282     359
 2     204       4       2       0
       4       0       1
     282     286     281     359
 2     205       4       2       0
       4       0       1
     279     288     350     283
 2     206       4       2       0
       4       0       1
     284     289     288     279
 2     207       4       2       0
       4       0       1
     280     290     357     284
 2     208       4       2       0
       4       0       1
     285     291     290     280
 2     209       4       2       0
       4       0       1
     281     292     358     285
 2     210       4       2       0
       4       0       1
     286     293     292     281
 2     211       4       2       0
       4       0       1
     283     287     294     282
 2     212       4       2       0
       4       0       1
     294     354     286     282
 2     213       4       2       0
       4       0       1
     350     295     287     283
 2     214       4       2       0
       4       0       1
     357     296     289     284
 2     215       4       2       0
       4       0       1
     358     297     291     285
 2     216       4       2       0
       4       0       1
     354     351     293     286
 2     217       4       2       0
       4       0       1
     287     311     310     294
 2     218       4       2       0
       4       0       1
     295     312     311     287
 2     219       4       2       0
       4       0       1
     350     349     299     295
 2     220       4       2       0
       4       0       1
     289     356     298     288
 2     221       4       2       0
       4       0       1
     288     298     349     350
 2     222       4       2       0
       4       0       1
     296     301     356     289
 2     223       4       2       0
       4       0       1
     357     352     300     296
 2     224       4       2       0
       4       0       1
     291     355     302     290
 2     225       4       2       0
       4       0       1
     290     302     352     357
 2     226       4       2       0
       4       0       1
     297     304     355     291
 2     227       4       2       0
       4       0       1
     358     305     303     297
 2     228       4       2       0
       4       0       1
     293     308     306     292
 2     229       4       2       0
       4       0       1
     292     306     305     358
 2     230       4       2       0
       4       0       1
     351     353     308     293
 2     231       4       2       0
       4       0       1
     354     309     307     351
 2     232       4       2       0
       4       0       1
     294     310     309     354
 2     233       4       2       0
       4       0       1
     299     313     312     295
 2     234       4       2       0
       4       0       1
     300     314     301     296
 2     235       4       2       0
       4       0       1
     303     315     304     297
 2     236       4       2       0
       4       0       1
     307     316     353     351
 2     237       4       2       0
       4       0       1
     349     319     318     299
 2     238       4       2       0
       4       0       1
     356     321     320     298
 2     239       4       2       0
       4       0       1
     298     320     319     349
 2     240       4       2       0
       4       0       1
     299     318     317     313
 2     241       4       2       0
       4       0       1
     352     327     326     300
 2     242       4       2       0
       4       0       1
     300     326     325     314
 2     243       4       2       0
       4       0       1
     314     323     322     301
 2     244       4       2       0
       4       0       1
     301     322     321     356
 2     245       4       2       0
       4       0       1
     355     329     328     302
 2     246       4       2       0
       4       0       1
     302     328     327     352
 2     247       4       2       0
       4       0       1
     305     335     334     303
 2     248       4       2       0
       4       0       1
     303     334     333     315
 2     249       4       2       0
       4       0       1
     315     331     330     304
 2     250       4       2       0
       4       0       1
     304     330     329     355
 2     251       4       2       0
       4       0       1
     308     337     336     306
 2     252       4       2       0
       4       0       1
     306     336     335     305
 2     253       4       2       0
       4       0       1
     309     343     342     307
 2     254       4       2       0
       4       0       1
     307     342     341     316
 2     255       4       2       0
       4       0       1
     316     339     338     353
 2     256       4       2       0
       4       0       1
     353     338     337     308
 2     257       4       2       0
       4       0       1
     311     345     344     310
 2     258       4       2       0
       4       0       1
     310     344     343     309
 2     259       4       2       0
       4       0       1
     313     347     346     312
 2     260       4       2       0
       4       0       1
     312     346     345     311
 2     261       4       2       0
       4       0       1
     317     348     347     313
 2     262       4       2       0
       4       0       1
     325     324     323     314
 2     263       4       2       0
       4       0       1
     333     332     331     315
 2     264       4       2       0
       4       0       1
     341     340     339     316
 2     265       4       2       0
       4       0       1
     317      37      36     348
 2     266       4       2       0
       4       0       1
     318      38      37     317
 2     267       4       2       0
       4       0       1
     319      39      38     318
 2     268       4       2       0
       4       0       1
     320      40      39     319
 2     269       4       2       0
       4       0       1
     321      41      40     320
 2     270       4       2       0
       4       0       1
     322      42      41     321
 2     271       4       2       0
       4       0       1
     323      43      42     322
 2     272       4       2       0
       4       0       1
     324      44      43     323
 2     273       4       2       0
       4       0       1
     324      72       4      44
 2     274       4       2       0
       4       0       1
     325      73      72     324
 2     275       4       2       0
       4       0       1
     326      74      73     325
 2     276       4       2       0
       4       0       1
     327      75      74     326
 2     277       4       2       0
       4       0       1
     328      76      75     327
 2     278       4       2       0
       4       0       1
     329      77      76     328
 2     279       4       2       0
       4       0       1
     330      78      77     329
 2     280       4       2       0
       4       0       1
     331      79      78     330
 2     281       4       2       0
       4       0       1
     332      80      79     331
 2     282       4       2       0
       4       0       1
     332     116       7      80
 2     283       4       2       0
       4       0       1
     333     115     116     332
 2     284       4       2       0
       4       0       1
     334     114     115     333
 2     285       4       2       0
       4       0       1
     335     113     114     334
 2     286       4       2       0
       4       0       1
     336     112     113     335
 2     287       4       2       0
       4       0       1
     337     111     112     336
 2     288       4       2       0
       4       0       1
     338     110     111     337
 2     289       4       2       0
       4       0       1
     339     109     110     338
 2     290       4       2       0
       4       0       1
     340     108     109     339
 2     291       4       2       0
       4       0       1
     340      98       8     108
 2     292       4       2       0
       4       0       1
     341      97      98     340
 2     293       4       2       0
       4       0       1
     342      96      97     341
 2     294       4       2       0
       4       0       1
     343      95      96     342
 2     295       4       2       0
       4       0       1
     344      94      95     343
 2     296       4       2       0
       4       0       1
     345      93      94     344
 2     297       4       2       0
       4       0       1
     346      92      93     345
 2     298       4       2       0
       4       0       1
     347      91      92     346
 2     299       4       2       0
       4       0       1
     348      90      91     347
 2     300       4       2       0
       4       0       1
      36       3      90     348
 2     301       4       2       0
       4       0       1
     278     200     204     199
 2     302       4       2       0
       4       0       1
     199     203     198     278
 2     303       4       2       0
       4       0       1
     198     202     201     278
 2     304       4       2       0
       4       0       1
     201     205     200     278
 2     305       4       2       0
       4       0       1
     198     207     271     202
 2     306       4       2       0
       4       0       1
     203     208     207     198
 2     307       4       2       0
       4       0       1
     199     210     209     203
 2     308       4       2       0
       4       0       1
     204     211     210     199
 2     309       4       2       0
       4       0       1
     200     212     277     204
 2     310       4       2       0
       4       0       1
     205     213     212     200
 2     311       4       2       0
       4       0       1
     202     206     215     201
 2     312       4       2       0
       4       0       1
     215     214     205     201
 2     313       4       2       0
       4       0       1
     271     216     206     202
 2     314       4       2       0
       4       0       1
     209     217     208     203
 2     315       4       2       0
       4       0       1
     277     218     211     204
 2     316       4       2       0
       4       0       1
     214     219     213     205
 2     317       4       2       0
       4       0       1
     206     232     231     215
 2     318       4       2       0
       4       0       1
     216     233     232     206
 2     319       4       2       0
       4       0       1
     271     270     221     216
 2     320       4       2       0
       4       0       1
     208     276     220     207
 2     321       4       2       0
       4       0       1
     207     220     270     271
 2     322       4       2       0
       4       0       1
     217     223     276     208
 2     323       4       2       0
       4       0       1
     209     272     222     217
 2     324       4       2       0
       4       0       1
     211     275     224     210
 2     325       4       2       0
       4       0       1
     210     224     272     209
 2     326       4       2       0
       4       0       1
     218     226     275     211
 2     327       4       2       0
       4       0       1
     277     273     225     218
 2     328       4       2       0
       4       0       1
     213     229     227     212
 2     329       4       2       0
       4       0       1
     212     227     273     277
 2     330       4       2       0
       4       0       1
     219     230     229     213
 2     331       4       2       0
       4       0       1
     214     274     228     219
 2     332       4       2       0
       4       0       1
     215     231     274     214
 2     333       4       2       0
       4       0       1
     221     234     233     216
 2     334       4       2       0
       4       0       1
     222     235     223     217
 2     335       4       2       0
       4       0       1
     225     236     226     218
 2     336       4       2       0
       4       0       1
     228     237     230     219
 2     337       4       2       0
       4       0       1
     270     240     239     221
 2     338       4       2       0
       4       0       1
     276     242     241     220
 2     339       4       2       0
       4       0       1
     220     241     240     270
 2     340       4       2       0
       4       0       1
     221     239     238     234
 2     341       4       2       0
       4       0       1
     272     248     247     222
 2     342       4       2       0
       4       0       1
     222     247     246     235
 2     343       4       2       0
       4       0       1
     235     244     243     223
 2     344       4       2       0
       4       0       1
     223     243     242     276
 2     345       4       2       0
       4       0       1
     275     250     249     224
 2     346       4       2       0
       4       0       1
     224     249     248     272
 2     347       4       2       0
       4       0       1
     273     256     255     225
 2     348       4       2       0
       4       0       1
     225     255     254     236
 2     349       4       2       0
       4       0       1
     236     252     251     226
 2     350       4       2       0
       4       0       1
     226     251     250     275
 2     351       4       2       0
       4       0       1
     229     258     257     227
 2     352       4       2       0
       4       0       1
     227     257     256     273
 2     353       4       2       0
       4       0       1
     274     264     263     228
 2     354       4       2       0
       4       0       1
     228     263     262     237
 2     355       4       2       0
       4       0       1
     237     260     259     230
 2     356       4       2       0
       4       0       1
     230     259     258     229
 2     357       4       2       0
       4       0       1
     232     266     265     231
 2     358       4       2       0
       4       0       1
     231     265     264     274
 2     359       4       2       0
       4       0       1
     234     268     267     233
 2     360       4       2       0
       4       0       1
     233     267     266     232
 2     361       4       2       0
       4       0       1
     238     269     268     234
 2     362       4       2       0
       4       0       1
     246     245     244     235
 2     363       4       2       0
       4       0       1
     254     253     252     236
 2     364       4       2       0
       4       0       1
     262     261     260     237
 2     365       4       2       0
       4       0       1
     238      88      89     269
 2     366       4       2       0
       4       0       1
     239      87      88     238
 2     367       4       2       0
       4       0       1
     240      86      87     239
 2     368       4       2       0
       4       0       1
     241      85      86     240
 2     369       4       2       0
       4       0       1
     242      84      85     241
 2     370       4       2       0
       4       0       1
     243      83      84     242
 2     371       4       2       0
       4       0       1
     244      82      83     243
 2     372       4       2       0
       4       0       1
     245      81      82     244
 2     373       4       2       0
       4       0       1
     245      80       7      81
 2     374       4       2       0
       4       0       1
     246      79      80     245
 2     375       4       2       0
       4       0       1
     247      78      79     246
 2     376       4       2       0
       4       0       1
     248      77      78     247
 2     377       4       2       0
       4       0       1
     249      76      77     248
 2     378       4       2       0
       4       0       1
     250      75      76     249
 2     379       4       2       0
       4       0       1
     251      74      75     250
 2     380       4       2       0
       4       0       1
     252      73      74     251
 2     381       4       2       0
       4       0       1
     253      72      73     252
 2     382       4       2       0
       4       0       1
     253      35       4      72
 2     383       4       2       0
       4       0       1
     254      34      35     253
 2     384       4       2       0
       4       0       1
     255      33      34     254
 2     385       4       2       0
       4       0       1
     256      32      33     255
 2     386       4       2       0
       4       0       1
     257      31      32     256
 2     387       4       2       0
       4       0       1
     258      30      31     257
 2     388       4       2       0
       4       0       1
     259      29      30     258
 2     389       4       2       0
       4       0       1
     260      28      29     259
 2     390       4       2       0
       4       0       1
     261      27      28     260
 2     391       4       2       0
       4       0       1
     261      54       2      27
 2     392       4       2       0
       4       0       1
     262      55      54     261
 2     393       4       2       0
       4       0       1
     263      56      55     262
 2     394       4       2       0
       4       0       1
     264      57      56     263
 2     395       4       2       0
       4       0       1
     265      58      57     264
 2     396       4       2       0
       4       0       1
     266      59      58     265
 2     397       4       2       0
       4       0       1
     267      60      59     266
 2     398       4       2       0
       4       0       1
     268      61      60     267
 2     399       4       2       0
       4       0       1
     269      62      61     268
 2     400       4       2       0
       4       0       1
      89       6      62     269
 2     401       4       2       0
       4       0       1
     197     119     123     118
 2     402       4       2       0
       4       0       1
     118     122     117     197
 2     403       4       2       0
       4       0       1
     117     121     120     197
 2     404       4       2       0
       4       0       1
     120     124     119     197
 2     405       4       2       0
       4       0       1
     117     126     190     121
 2     406       4       2       0
       4       0       1
     122     127     126     117
 2     407       4       2       0
       4       0       1
     118     129     128     122
 2     408       4       2       0
       4       0       1
     123     130     129     118
 2     409       4       2       0
       4       0       1
     119     131     196     123
 2     410       4       2       0
       4       0       1
     124     132     131     119
 2     411       4       2       0
       4       0       1
     121     125     134     120
 2     412       4       2       0
       4       0       1
     134     133     124     120
 2     413       4       2       0
       4       0       1
     190     135     125     121
 2     414       4       2       0
       4       0       1
     128     136     127     122
 2     415       4       2       0
       4       0       1
     196     137     130     123
 2     416       4       2       0
       4       0       1
     133     138     132     124
 2     417       4       2       0
       4       0       1
     125     151     150     134
 2     418       4       2       0
       4       0       1
     135     152     151     125
 2     419       4       2       0
       4       0       1
     190     189     140     135
 2     420       4       2       0
       4       0       1
     127     195     139     126
 2     421       4       2       0
       4       0       1
     126     139     189     190
 2     422       4       2       0
       4       0       1
     136     142     195     127
 2     423       4       2       0
       4       0       1
     128     191     141     136
 2     424       4       2       0
       4       0       1
     130     194     143     129
 2     425       4       2       0
       4       0       1
     129     143     191     128
 2     426       4       2       0
       4       0       1
     137     145     194     130
 2     427       4       2       0
       4       0       1
     196     192     144     137
 2     428       4       2       0
       4       0       1
     132     148     146     131
 2     429       4       2       0
       4       0       1
     131     146     192     196
 2     430       4       2       0
       4       0       1
     138     149     148     132
 2     431       4       2       0
       4       0       1
     133     193     147     138
 2     432       4       2       0
       4       0       1
     134     150     193     133
 2     433       4       2       0
       4       0       1
     140     153     152     135
 2     434       4       2       0
       4       0       1
     141     154     142     136
 2     435       4       2       0
       4       0       1
     144     155     145     137
 2     436       4       2       0
       4       0       1
     147     156     149     138
 2     437       4       2       0
       4       0       1
     189     159     158     140
 2     438       4       2       0
       4       0       1
     195     161     160     139
 2     439       4       2       0
       4       0       1
     139     160     159     189
 2     440       4       2       0
       4       0       1
     140     158     157     153
 2     441       4       2       0
       4       0       1
     191     167     166     141
 2     442       4       2       0
       4       0       1
     141     166     165     154
 2     443       4       2       0
       4       0       1
     154     163     162     142
 2     444       4       2       0
       4       0       1
     142     162     161     195
 2     445       4       2       0
       4       0       1
     194     169     168     143
 2     446       4       2       0
       4       0       1
     143     168     167     191
 2     447       4       2       0
       4       0       1
     192     175     174     144
 2     448       4       2       0
       4       0       1
     144     174     173     155
 2     449       4       2       0
       4       0       1
     155     171     170     145
 2     450       4       2       0
       4       0       1
     145     170     169     194
 2     451       4       2       0
       4       0       1
     148     177     176     146
 2     452       4       2       0
       4       0       1
     146     176     175     192
 2     453       4       2       0
       4       0       1
     193     183     182     147
 2     454       4       2       0
       4       0       1
     147     182     181     156
 2     455       4       2       0
       4       0       1
     156     179     178     149
 2     456       4       2       0
       4       0       1
     149     178     177     148
 2     457       4       2       0
       4       0       1
     151     185     184     150
 2     458       4       2       0
       4       0       1
     150     184     183     193
 2     459       4       2       0
       4       0       1
     153     187     186     152
 2     460       4       2       0
       4       0       1
     152     186     185     151
 2     461       4       2       0
       4       0       1
     157     188     187     153
 2     462       4       2       0
       4       0       1
     165     164     163     154
 2     463       4       2       0
       4       0       1
     173     172     171     155
 2     464       4       2       0
       4       0       1
     181     180     179     156
 2     465       4       2       0
       4       0       1
     157      64      63     188
 2     466       4       2       0
       4       0       1
     158      65      64     157
 2     467       4       2       0
       4       0       1
     159      66      65     158
 2     468       4       2       0
       4       0       1
     160      67      66     159
 2     469       4       2       0
       4       0       1
     161      68      67     160
 2     470       4       2       0
       4       0       1
     162      69      68     161
 2     471       4       2       0
       4       0       1
     163      70      69     162
 2     472       4       2       0
       4       0       1
     164      71      70     163
 2     473       4       2       0
       4       0       1
     164      62       6      71
 2     474       4       2       0
       4       0       1
     165      61      62     164
 2     475       4       2       0
       4       0       1
     166      60      61     165
 2     476       4       2       0
       4       0       1
     167      59      60     166
 2     477       4       2       0
       4       0       1
     168      58      59     167
 2     478       4       2       0
       4       0       1
     169      57      58     168
 2     479       4       2       0
       4       0       1
     170      56      57     169
 2     480       4       2       0
       4       0       1
     171      55      56     170
 2     481       4       2       0
       4       0       1
     172      54      55     171
 2     482       4       2       0
       4       0       1
     172      17       2      54
 2     483       4       2       0
       4       0       1
     173      16      17     172
 2     484       4       2       0
       4       0       1
     174      15      16     173
 2     485       4       2       0
       4       0       1
     175      14      15     174
 2     486       4       2       0
       4       0       1
     176      13      14     175
 2     487       4       2       0
       4       0       1
     177      12      13     176
 2     488       4       2       0
       4       0       1
     178      11      12     177
 2     489       4       2       0
       4       0       1
     179      10      11     178
 2     490       4       2       0
       4       0       1
     180       9      10     179
 2     491       4       2       0
       4       0       1
     180      45       1       9
 2     492       4       2       0
       4       0       1
     181      46      45     180
 2     493       4       2       0
       4       0       1
     182      47      46     181
 2     494       4       2       0
       4       0       1
     183      48      47     182
 2     495       4       2       0
       4       0       1
     184      49      48     183
 2     496       4       2       0
       4       0       1
     185      50      49     184
 2     497       4       2       0
       4       0       1
     186      51      50     185
 2     498       4       2       0
       4       0       1
     187      52      51     186
 2     499       4       2       0
       4       0       1
     188      53      52     187
 2     500       4       2       0
       4       0       1
      63       5      53     188
 2     501       2       2       0
       2       0       3
      10       9
 2     502       2       2       0
       2       0       3
      11      10
 2     503       2       2       0
       2       0       3
      12      11
 2     504       2       2       0
       2       0       3
      13      12
 2     505       2       2       0
       2       0       3
      14      13
 2     506       2       2       0
       2       0       3
      15      14
 2     507       2       2       0
       2       0       3
      16      15
 2     508       2       2       0
       2       0       3
      17      16
 2     509       2       2       0
       2       0       3
       2      17
 2     510       2       2       0
       2       0       3
       9       1
 2     511       2       2       0
       2       0       3
      26       3
 2     512       2       2       0
       2       0       3
      25      26
 2     513       2       2       0
       2       0       3
      24      25
 2     514       2       2       0
       2       0       3
      23      24
 2     515       2       2       0
       2       0       3
      22      23
 2     516       2       2       0
       2       0       3
      21      22
 2     517       2       2       0
       2       0       3
      20      21
 2     518       2       2       0
       2       0       3
      19      20
 2     519       2       2       0
       2       0       3
      18      19
 2     520       2       2       0
       2       0       3
       1      18
 2     521       2       2       0
       2       0       3
      44       4
 2     522       2       2       0
       2       0       3
      43      44
 2     523       2       2       0
       2       0       3
      42      43
 2     524       2       2       0
       2       0       3
      41      42
 2     525       2       2       0
       2       0       3
      40      41
 2     526       2       2       0
       2       0       3
      39      40
 2     527       2       2       0
       2       0       3
      38      39
 2     528       2       2       0
       2       0       3
      37      38
 2     529       2       2       0
       2       0       3
      36      37
 2     530       2       2       0
       2       0       3
       3      36
 2     531       2       2       0
       2       0       3
      27       2
 2     532       2       2       0
       2       0       3
      28      27
 2     533       2       2       0
       2       0       3
      29      28
 2     534       2       2       0
       2       0       3
      30      29
 2     535       2       2       0
       2       0       3
      31      30
 2     536       2       2       0
       2       0       3
      32      31
 2     537       2       2       0
       2       0       3
      33      32
 2     538       2       2       0
       2       0       3
      34      33
 2     539       2       2       0
       2       0       3
      35      34
 2     540       2       2       0
       2       0       3
       4      35
 2     541       2       2       0
       2       0       5
      53       5
 2     542       2       2       0
       2       0       5
      52      53
 2     543       2       2       0
       2       0       5
      51      52
 2     544       2       2       0
       2       0       5
      50      51
 2     545       2       2       0
       2       0       5
      49      50
 2     546       2       2       0
       2       0       5
      48      49
 2     547       2       2       0
       2       0       5
      47      48
 2     548       2       2       0
       2       0       5
      46      47
 2     549       2       2       0
       2       0       5
      45      46
 2     550       2       2       0
       2       0       5
       1      45
 2     551       2       2       0
       2       0       5
     107       8
 2     552       2       2       0
       2       0       5
     106     107
 2     553       2       2       0
       2       0       5
     105     106
 2     554       2       2       0
       2       0       5
     104     105
 2     555       2       2       0
       2       0       5
     103     104
 2     556       2       2       0
       2       0       5
     102     103
 2     557       2       2       0
       2       0       5
     101     102
 2     558       2       2       0
       2       0       5
     100     101
 2     559       2       2       0
       2       0       5
      99     100
 2     560       2       2       0
       2       0       5
       5      99
 2     561       2       2       0
       2       0       5
      90       3
 2     562       2       2       0
       2       0       5
      91      90
 2     563       2       2       0
       2       0       5
      92      91
 2     564       2       2       0
       2       0       5
      93      92
 2     565       2       2       0
       2       0       5
      94      93
 2     566       2       2       0
       2       0       5
      95      94
 2     567       2       2       0
       2       0       5
      96      95
 2     568       2       2       0
       2       0       5
      97      96
 2     569       2       2       0
       2       0       5
      98      97
 2     570       2       2       0
       2       0       5
       8      98
 2     571       2       2       0
       2       0       7
     116       7
 2     572       2       2       0
       2       0       7
     115     116
 2     573       2       2       0
       2       0       7
     114     115
 2     574       2       2       0
       2       0       7
     113     114
 2     575       2       2       0
       2       0       7
     112     113
 2     576       2       2       0
       2       0       7
     111     112
 2     577       2       2       0
       2       0       7
     110     111
 2     578       2       2       0
       2       0       7
     109     110
 2     579       2       2       0
       2       0       7
     108     109
 2     580       2       2       0
       2       0       7
       8     108
 2     581       2       2       0
       2       0       7
      72       4
 2     582       2       2       0
       2       0       7
      73      72
 2     583       2       2       0
       2       0       7
      74      73
 2     584       2       2       0
       2       0       7
      75      74
 2     585       2       2       0
       2       0       7
      76      75
 2     586       2       2       0
       2       0       7
      77      76
 2     587       2       2       0
       2       0       7
      78      77
 2     588       2       2       0
       2       0       7
      79      78
 2     589       2       2       0
       2       0       7
      80      79
 2     590       2       2       0
       2       0       7
       7      80
 2     591       2       2       0
       2       0       9
      88      89
 2     592       2       2       0
       2       0       9
      87      88
 2     593       2       2       0
       2       0       9
      86      87
 2     594       2       2       0
       2       0       9
      85      86
 2     595       2       2       0
       2       0       9
      84      85
 2     596       2       2       0
       2       0       9
      83      84
 2     597       2       2       0
       2       0       9
      82      83
 2     598       2       2       0
       2       0       9
      81      82
 2     599       2       2       0
       2       0       9
       7      81
 2     600       2       2       0
       2       0       9
      89       6
 2     601       2       2       0
       2       0       9
      54       2
 2     602       2       2       0
       2       0       9
      55      54
 2     603       2       2       0
       2       0       9
      56      55
 2     604       2       2       0
       2       0       9
      57      56
 2     605       2       2       0
       2       0       9
      58      57
 2     606       2       2       0
       2       0       9
      59      58
 2     607       2       2       0
       2       0       9
      60      59
 2     608       2       2       0
       2       0       9
      61      60
 2     609       2       2       0
       2       0       9
      62      61
 2     610       2       2       0
       2       0       9
       6      62
 2     611       2       2       0
       2       0      11
      64      63
 2     612       2       2       0
       2       0      11
      65      64
 2     613       2       2       0
       2       0      11
      66      65
 2     614       2       2       0
       2       0      11
      67      66
 2     615       2       2       0
       2       0      11
      68      67
 2     616       2       2       0
       2       0      11
      69      68
 2     617       2       2       0
       2       0      11
      70      69
 2     618       2       2       0
       2       0      11
      71      70
 2     619       2       2       0
       2       0      11
       6      71
 2     620       2       2       0
       2       0      11
      63       5
21       1    1000     101
FLOATER     
       8       1       8       2       8       3       8       4       8       5
       8       6       8       7       8       8       8       9       8      10
       8      11       8      12       8      13       8      14       8      15
       8      16       8      17       8      18       8      19       8      20
       8      21       8      22       8      23       8      24       8      25
       8      26       8      27       8      28       8      29       8      30
       8      31       8      32       8      33       8      34       8      35
       8      36       8      37       8      38       8      39       8      40
       8      41       8      42       8      43       8      44       8      45
       8      46       8      47       8      48       8      49       8      50
       8      51       8      52       8      53       8      54       8      55
       8      56       8      57       8      58       8      59       8      60
       8      61       8      62       8      63       8      64       8      65
       8      66       8      67       8      68       8      69       8      70
       8      71       8      72       8      73       8      74       8      75
       8      76       8      77       8      78       8      79       8      80
       8      81       8      82       8      83       8      84       8      85
       8      86       8      87       8      88       8      89       8      90
       8      91       8      92       8      93       8      94       8      95
       8      96       8      97       8      98       8      99       8     100
       8     101       8     102       8     103       8     104       8     105
       8     106       8     107       8     108       8     109       8     110
       8     111       8     112       8     113       8     114       8     115
       8     116       8     117       8     118       8     119       8     120
       8     121       8     122       8     123       8     124       8     125
       8     126       8     127       8     128       8     129       8     130
       8     131       8     132       8     133       8     134       8     135
       8     136       8     137       8     138       8     139       8     140
       8     141       8     142       8     143       8     144       8     145
       8     146       8     147       8     148       8     149       8     150
       8     151       8     152       8     153       8     154       8     155
       8     156       8     157       8     158       8     159       8     160
       8     161       8     162       8     163       8     164       8     165
       8     166       8     167       8     168       8     169       8     170
       8     171       8     172       8     173       8     174       8     175
       8     176       8     177       8     178       8     179       8     180
       8     181       8     182       8     183       8     184       8     185
       8     186       8     187       8     188       8     189       8     190
       8     191       8     192       8     193       8     194       8     195
       8     196       8     197       8     198       8     199       8     200
       8     201       8     202       8     203       8     204       8     205
       8     206       8     207       8     208       8     209       8     210
       8     211       8     212       8     213       8     214       8     215
       8     216       8     217       8     218       8     219       8     220
       8     221       8     222       8     223       8     224       8     225
       8     226       8     227       8     228       8     229       8     230
       8     231       8     232       8     233       8     234       8     235
       8     236       8     237       8     238       8     239       8     240
       8     241       8     242       8     243       8     244       8     245
       8     246       8     247       8     248       8     249       8     250
       8     251       8     252       8     253       8     254       8     255
       8     256       8     257       8     258       8     259       8     260
       8     261       8     262       8     263       8     264       8     265
       8     266       8     267       8     268       8     269       8     270
       8     271       8     272       8     273       8     274       8     275
       8     276       8     277       8     278       8     279       8     280
       8     281       8     282       8     283       8     284       8     285
       8     286       8     287       8     288       8     289       8     290
       8     291       8     292       8     293       8     294       8     295
       8     296       8     297       8     298       8     299       8     300
       8     301       8     302       8     303       8     304       8     305
       8     306       8     307       8     308       8     309       8     310
       8     311       8     312       8     313       8     314       8     315
       8     316       8     317       8     318       8     319       8     320
       8     321       8     322       8     323       8     324       8     325
       8     326       8     327       8     328       8     329       8     330
       8     331       8     332       8     333       8     334       8     335
       8     336       8     337       8     338       8     339       8     340
       8     341       8     342       8     343       8     344       8     345
       8     346       8     347       8     348       8     349       8     350
       8     351       8     352       8     353       8     354       8     355
       8     356       8     357       8     358       8     359       8     360
       8     361       8     362       8     363       8     364       8     365
       8     366       8     367       8     368       8     369       8     370
       8     371       8     372       8     373       8     374       8     375
       8     376       8     377       8     378       8     379       8     380
       8     381       8     382       8     383       8     384       8     385
       8     386       8     387       8     388       8     389       8     390
       8     391       8     392       8     393       8     394       8     395
       8     396       8     397       8     398       8     399       8     400
       8     401       8     402       8     403       8     404       8     405
       8     406       8     407       8     408       8     409       8     410
       8     411       8     412       8     413       8     414       8     415
       8     416       8     417       8     418       8     419       8     420
       8     421       8     422       8     423       8     424       8     425
       8     426       8     427       8     428       8     429       8     430
       8     431       8     432       8     433       8     434       8     435
       8     436       8     437       8     438       8     439       8     440
       8     441       8     442       8     443       8     444       8     445
       8     446       8     447       8     448       8     449       8     450
       8     451       8     452       8     453       8     454       8     455
       8     456       8     457       8     458       8     459       8     460
       8     461       8     462       8     463       8     464       8     465
       8     466       8     467       8     468       8     469       8     470
       8     471       8     472       8     473       8     474       8     475
       8     476       8     477       8     478       8     479       8     480
       8     481       8     482       8     483       8     484       8     485
       8     486       8     487       8     488       8     489       8     490
       8     491       8     492       8     493       8     494       8     495
       8     496       8     497       8     498       8     499       8     500
21       2      20       3
FLOATER_1_2 
       6     551       6     552       6     553       6     554       6     555
       6     556       6     557       6     558       6     559       6     560
21       3      20       3
FLOATER_1_3 
       6     571       6     572       6     573       6     574       6     575
       6     576       6     577       6     578       6     579       6     580
21       4      20       3
FLOATER_1_4 
       6     591       6     592       6     593       6     594       6     595
       6     596       6     597       6     598       6     599       6     600
21       5      20       3
FLOATER_1_5 
       6     611       6     612       6     613       6     614       6     615
       6     616       6     617       6     618       6     619       6     620
99       0       0       1
