25       0       0       1
ICEM - POLYFLOW INTERFACE - Version 15.0.3 - "LengthUnitForPfl=_meter_"
26       0       0       1    1001    1148
18-Aug-25   18:33:24     2.4
 1       1       0       2
-0.500000000E+01-0.500000000E+01-0.325000000E+01
 
 1       2       0       2
 0.500000000E+01-0.500000000E+01-0.325000000E+01
 
 1       3       0       2
-0.500000000E+01 0.500000000E+01-0.325000000E+01
 
 1       4       0       2
 0.500000000E+01 0.500000000E+01-0.325000000E+01
 
 1       5       0       2
 0.500000000E+01-0.500000000E+01 0.000000000E+00
 
 1       6       0       2
 0.500000000E+01 0.500000000E+01 0.000000000E+00
 
 1       7       0       2
-0.500000000E+01 0.500000000E+01 0.000000000E+00
 
 1       8       0       2
-0.500000000E+01-0.500000000E+01 0.000000000E+00
 
 1       9       0       2
-0.450000000E+01-0.500000000E+01-0.325000000E+01
 
 1      10       0       2
-0.400000000E+01-0.500000000E+01-0.325000000E+01
 
 1      11       0       2
-0.350000000E+01-0.500000000E+01-0.325000000E+01
 
 1      12       0       2
-0.300000000E+01-0.500000000E+01-0.325000000E+01
 
 1      13       0       2
-0.250000000E+01-0.500000000E+01-0.325000000E+01
 
 1      14       0       2
-0.200000000E+01-0.500000000E+01-0.325000000E+01
 
 1      15       0       2
-0.150000000E+01-0.500000000E+01-0.325000000E+01
 
 1      16       0       2
-0.100000000E+01-0.500000000E+01-0.325000000E+01
 
 1      17       0       2
-0.500000000E+00-0.500000000E+01-0.325000000E+01
 
 1      18       0       2
 0.000000000E+00-0.500000000E+01-0.325000000E+01
 
 1      19       0       2
 0.500000000E+00-0.500000000E+01-0.325000000E+01
 
 1      20       0       2
 0.100000000E+01-0.500000000E+01-0.325000000E+01
 
 1      21       0       2
 0.150000000E+01-0.500000000E+01-0.325000000E+01
 
 1      22       0       2
 0.200000000E+01-0.500000000E+01-0.325000000E+01
 
 1      23       0       2
 0.250000000E+01-0.500000000E+01-0.325000000E+01
 
 1      24       0       2
 0.300000000E+01-0.500000000E+01-0.325000000E+01
 
 1      25       0       2
 0.350000000E+01-0.500000000E+01-0.325000000E+01
 
 1      26       0       2
 0.400000000E+01-0.500000000E+01-0.325000000E+01
 
 1      27       0       2
 0.450000000E+01-0.500000000E+01-0.325000000E+01
 
 1      28       0       2
-0.500000000E+01-0.450000000E+01-0.325000000E+01
 
 1      29       0       2
-0.500000000E+01-0.400000000E+01-0.325000000E+01
 
 1      30       0       2
-0.500000000E+01-0.350000000E+01-0.325000000E+01
 
 1      31       0       2
-0.500000000E+01-0.300000000E+01-0.325000000E+01
 
 1      32       0       2
-0.500000000E+01-0.250000000E+01-0.325000000E+01
 
 1      33       0       2
-0.500000000E+01-0.200000000E+01-0.325000000E+01
 
 1      34       0       2
-0.500000000E+01-0.150000000E+01-0.325000000E+01
 
 1      35       0       2
-0.500000000E+01-0.100000000E+01-0.325000000E+01
 
 1      36       0       2
-0.500000000E+01-0.500000000E+00-0.325000000E+01
 
 1      37       0       2
-0.500000000E+01 0.888178420E-15-0.325000000E+01
 
 1      38       0       2
-0.500000000E+01 0.500000000E+00-0.325000000E+01
 
 1      39       0       2
-0.500000000E+01 0.100000000E+01-0.325000000E+01
 
 1      40       0       2
-0.500000000E+01 0.150000000E+01-0.325000000E+01
 
 1      41       0       2
-0.500000000E+01 0.200000000E+01-0.325000000E+01
 
 1      42       0       2
-0.500000000E+01 0.250000000E+01-0.325000000E+01
 
 1      43       0       2
-0.500000000E+01 0.300000000E+01-0.325000000E+01
 
 1      44       0       2
-0.500000000E+01 0.350000000E+01-0.325000000E+01
 
 1      45       0       2
-0.500000000E+01 0.400000000E+01-0.325000000E+01
 
 1      46       0       2
-0.500000000E+01 0.450000000E+01-0.325000000E+01
 
 1      47       0       2
 0.500000000E+01-0.450000000E+01-0.325000000E+01
 
 1      48       0       2
 0.500000000E+01-0.400000000E+01-0.325000000E+01
 
 1      49       0       2
 0.500000000E+01-0.350000000E+01-0.325000000E+01
 
 1      50       0       2
 0.500000000E+01-0.300000000E+01-0.325000000E+01
 
 1      51       0       2
 0.500000000E+01-0.250000000E+01-0.325000000E+01
 
 1      52       0       2
 0.500000000E+01-0.200000000E+01-0.325000000E+01
 
 1      53       0       2
 0.500000000E+01-0.150000000E+01-0.325000000E+01
 
 1      54       0       2
 0.500000000E+01-0.100000000E+01-0.325000000E+01
 
 1      55       0       2
 0.500000000E+01-0.500000000E+00-0.325000000E+01
 
 1      56       0       2
 0.500000000E+01 0.000000000E+00-0.325000000E+01
 
 1      57       0       2
 0.500000000E+01 0.500000000E+00-0.325000000E+01
 
 1      58       0       2
 0.500000000E+01 0.100000000E+01-0.325000000E+01
 
 1      59       0       2
 0.500000000E+01 0.150000000E+01-0.325000000E+01
 
 1      60       0       2
 0.500000000E+01 0.200000000E+01-0.325000000E+01
 
 1      61       0       2
 0.500000000E+01 0.250000000E+01-0.325000000E+01
 
 1      62       0       2
 0.500000000E+01 0.300000000E+01-0.325000000E+01
 
 1      63       0       2
 0.500000000E+01 0.350000000E+01-0.325000000E+01
 
 1      64       0       2
 0.500000000E+01 0.400000000E+01-0.325000000E+01
 
 1      65       0       2
 0.500000000E+01 0.450000000E+01-0.325000000E+01
 
 1      66       0       2
-0.450000000E+01 0.500000000E+01-0.325000000E+01
 
 1      67       0       2
-0.400000000E+01 0.500000000E+01-0.325000000E+01
 
 1      68       0       2
-0.350000000E+01 0.500000000E+01-0.325000000E+01
 
 1      69       0       2
-0.300000000E+01 0.500000000E+01-0.325000000E+01
 
 1      70       0       2
-0.250000000E+01 0.500000000E+01-0.325000000E+01
 
 1      71       0       2
-0.200000000E+01 0.500000000E+01-0.325000000E+01
 
 1      72       0       2
-0.150000000E+01 0.500000000E+01-0.325000000E+01
 
 1      73       0       2
-0.100000000E+01 0.500000000E+01-0.325000000E+01
 
 1      74       0       2
-0.500000000E+00 0.500000000E+01-0.325000000E+01
 
 1      75       0       2
 0.888178420E-15 0.500000000E+01-0.325000000E+01
 
 1      76       0       2
 0.500000000E+00 0.500000000E+01-0.325000000E+01
 
 1      77       0       2
 0.100000000E+01 0.500000000E+01-0.325000000E+01
 
 1      78       0       2
 0.150000000E+01 0.500000000E+01-0.325000000E+01
 
 1      79       0       2
 0.200000000E+01 0.500000000E+01-0.325000000E+01
 
 1      80       0       2
 0.250000000E+01 0.500000000E+01-0.325000000E+01
 
 1      81       0       2
 0.300000000E+01 0.500000000E+01-0.325000000E+01
 
 1      82       0       2
 0.350000000E+01 0.500000000E+01-0.325000000E+01
 
 1      83       0       2
 0.400000000E+01 0.500000000E+01-0.325000000E+01
 
 1      84       0       2
 0.450000000E+01 0.500000000E+01-0.325000000E+01
 
 1      85       0       2
 0.500000000E+01-0.500000000E+01-0.278571439E+01
 
 1      86       0       2
 0.500000000E+01-0.500000000E+01-0.232142854E+01
 
 1      87       0       2
 0.500000000E+01-0.500000000E+01-0.185714281E+01
 
 1      88       0       2
 0.500000000E+01-0.500000000E+01-0.139285719E+01
 
 1      89       0       2
 0.500000000E+01-0.500000000E+01-0.928571403E+00
 
 1      90       0       2
 0.500000000E+01-0.500000000E+01-0.464285702E+00
 
 1      91       0       2
 0.500000000E+01 0.500000000E+01-0.278571439E+01
 
 1      92       0       2
 0.500000000E+01 0.500000000E+01-0.232142854E+01
 
 1      93       0       2
 0.500000000E+01 0.500000000E+01-0.185714281E+01
 
 1      94       0       2
 0.500000000E+01 0.500000000E+01-0.139285719E+01
 
 1      95       0       2
 0.500000000E+01 0.500000000E+01-0.928571403E+00
 
 1      96       0       2
 0.500000000E+01 0.500000000E+01-0.464285702E+00
 
 1      97       0       2
 0.500000000E+01-0.450000000E+01 0.000000000E+00
 
 1      98       0       2
 0.500000000E+01-0.400000000E+01 0.000000000E+00
 
 1      99       0       2
 0.500000000E+01-0.350000000E+01 0.000000000E+00
 
 1     100       0       2
 0.500000000E+01-0.300000000E+01 0.000000000E+00
 
 1     101       0       2
 0.500000000E+01-0.250000000E+01 0.000000000E+00
 
 1     102       0       2
 0.500000000E+01-0.200000000E+01 0.000000000E+00
 
 1     103       0       2
 0.500000000E+01-0.150000000E+01 0.000000000E+00
 
 1     104       0       2
 0.500000000E+01-0.100000000E+01 0.000000000E+00
 
 1     105       0       2
 0.500000000E+01-0.500000000E+00 0.000000000E+00
 
 1     106       0       2
 0.500000000E+01 0.000000000E+00 0.000000000E+00
 
 1     107       0       2
 0.500000000E+01 0.500000000E+00 0.000000000E+00
 
 1     108       0       2
 0.500000000E+01 0.100000000E+01 0.000000000E+00
 
 1     109       0       2
 0.500000000E+01 0.150000000E+01 0.000000000E+00
 
 1     110       0       2
 0.500000000E+01 0.200000000E+01 0.000000000E+00
 
 1     111       0       2
 0.500000000E+01 0.250000000E+01 0.000000000E+00
 
 1     112       0       2
 0.500000000E+01 0.300000000E+01 0.000000000E+00
 
 1     113       0       2
 0.500000000E+01 0.350000000E+01 0.000000000E+00
 
 1     114       0       2
 0.500000000E+01 0.400000000E+01 0.000000000E+00
 
 1     115       0       2
 0.500000000E+01 0.450000000E+01 0.000000000E+00
 
 1     116       0       2
-0.500000000E+01 0.500000000E+01-0.278571439E+01
 
 1     117       0       2
-0.500000000E+01 0.500000000E+01-0.232142854E+01
 
 1     118       0       2
-0.500000000E+01 0.500000000E+01-0.185714281E+01
 
 1     119       0       2
-0.500000000E+01 0.500000000E+01-0.139285719E+01
 
 1     120       0       2
-0.500000000E+01 0.500000000E+01-0.928571403E+00
 
 1     121       0       2
-0.500000000E+01 0.500000000E+01-0.464285702E+00
 
 1     122       0       2
-0.450000000E+01 0.500000000E+01 0.000000000E+00
 
 1     123       0       2
-0.400000000E+01 0.500000000E+01 0.000000000E+00
 
 1     124       0       2
-0.350000000E+01 0.500000000E+01 0.000000000E+00
 
 1     125       0       2
-0.300000000E+01 0.500000000E+01 0.000000000E+00
 
 1     126       0       2
-0.250000000E+01 0.500000000E+01 0.000000000E+00
 
 1     127       0       2
-0.200000000E+01 0.500000000E+01 0.000000000E+00
 
 1     128       0       2
-0.150000000E+01 0.500000000E+01 0.000000000E+00
 
 1     129       0       2
-0.100000000E+01 0.500000000E+01 0.000000000E+00
 
 1     130       0       2
-0.500000000E+00 0.500000000E+01 0.000000000E+00
 
 1     131       0       2
 0.888178420E-15 0.500000000E+01 0.000000000E+00
 
 1     132       0       2
 0.500000000E+00 0.500000000E+01 0.000000000E+00
 
 1     133       0       2
 0.100000000E+01 0.500000000E+01 0.000000000E+00
 
 1     134       0       2
 0.150000000E+01 0.500000000E+01 0.000000000E+00
 
 1     135       0       2
 0.200000000E+01 0.500000000E+01 0.000000000E+00
 
 1     136       0       2
 0.250000000E+01 0.500000000E+01 0.000000000E+00
 
 1     137       0       2
 0.300000000E+01 0.500000000E+01 0.000000000E+00
 
 1     138       0       2
 0.350000000E+01 0.500000000E+01 0.000000000E+00
 
 1     139       0       2
 0.400000000E+01 0.500000000E+01 0.000000000E+00
 
 1     140       0       2
 0.450000000E+01 0.500000000E+01 0.000000000E+00
 
 1     141       0       2
-0.500000000E+01-0.500000000E+01-0.278571439E+01
 
 1     142       0       2
-0.500000000E+01-0.500000000E+01-0.232142854E+01
 
 1     143       0       2
-0.500000000E+01-0.500000000E+01-0.185714281E+01
 
 1     144       0       2
-0.500000000E+01-0.500000000E+01-0.139285719E+01
 
 1     145       0       2
-0.500000000E+01-0.500000000E+01-0.928571403E+00
 
 1     146       0       2
-0.500000000E+01-0.500000000E+01-0.464285702E+00
 
 1     147       0       2
 0.450000000E+01-0.500000000E+01 0.000000000E+00
 
 1     148       0       2
 0.400000000E+01-0.500000000E+01 0.000000000E+00
 
 1     149       0       2
 0.350000000E+01-0.500000000E+01 0.000000000E+00
 
 1     150       0       2
 0.300000000E+01-0.500000000E+01 0.000000000E+00
 
 1     151       0       2
 0.250000000E+01-0.500000000E+01 0.000000000E+00
 
 1     152       0       2
 0.200000000E+01-0.500000000E+01 0.000000000E+00
 
 1     153       0       2
 0.150000000E+01-0.500000000E+01 0.000000000E+00
 
 1     154       0       2
 0.100000000E+01-0.500000000E+01 0.000000000E+00
 
 1     155       0       2
 0.500000000E+00-0.500000000E+01 0.000000000E+00
 
 1     156       0       2
 0.000000000E+00-0.500000000E+01 0.000000000E+00
 
 1     157       0       2
-0.500000000E+00-0.500000000E+01 0.000000000E+00
 
 1     158       0       2
-0.100000000E+01-0.500000000E+01 0.000000000E+00
 
 1     159       0       2
-0.150000000E+01-0.500000000E+01 0.000000000E+00
 
 1     160       0       2
-0.200000000E+01-0.500000000E+01 0.000000000E+00
 
 1     161       0       2
-0.250000000E+01-0.500000000E+01 0.000000000E+00
 
 1     162       0       2
-0.300000000E+01-0.500000000E+01 0.000000000E+00
 
 1     163       0       2
-0.350000000E+01-0.500000000E+01 0.000000000E+00
 
 1     164       0       2
-0.400000000E+01-0.500000000E+01 0.000000000E+00
 
 1     165       0       2
-0.450000000E+01-0.500000000E+01 0.000000000E+00
 
 1     166       0       2
-0.500000000E+01-0.450000000E+01 0.000000000E+00
 
 1     167       0       2
-0.500000000E+01-0.400000000E+01 0.000000000E+00
 
 1     168       0       2
-0.500000000E+01-0.350000000E+01 0.000000000E+00
 
 1     169       0       2
-0.500000000E+01-0.300000000E+01 0.000000000E+00
 
 1     170       0       2
-0.500000000E+01-0.250000000E+01 0.000000000E+00
 
 1     171       0       2
-0.500000000E+01-0.200000000E+01 0.000000000E+00
 
 1     172       0       2
-0.500000000E+01-0.150000000E+01 0.000000000E+00
 
 1     173       0       2
-0.500000000E+01-0.100000000E+01 0.000000000E+00
 
 1     174       0       2
-0.500000000E+01-0.500000000E+00 0.000000000E+00
 
 1     175       0       2
-0.500000000E+01 0.888178420E-15 0.000000000E+00
 
 1     176       0       2
-0.500000000E+01 0.500000000E+00 0.000000000E+00
 
 1     177       0       2
-0.500000000E+01 0.100000000E+01 0.000000000E+00
 
 1     178       0       2
-0.500000000E+01 0.150000000E+01 0.000000000E+00
 
 1     179       0       2
-0.500000000E+01 0.200000000E+01 0.000000000E+00
 
 1     180       0       2
-0.500000000E+01 0.250000000E+01 0.000000000E+00
 
 1     181       0       2
-0.500000000E+01 0.300000000E+01 0.000000000E+00
 
 1     182       0       2
-0.500000000E+01 0.350000000E+01 0.000000000E+00
 
 1     183       0       2
-0.500000000E+01 0.400000000E+01 0.000000000E+00
 
 1     184       0       2
-0.500000000E+01 0.450000000E+01 0.000000000E+00
 
 1     185       0       2
 0.500000000E+01 0.300372958E+01-0.185063922E+01
 
 1     186       0       2
 0.500000000E+01 0.250318122E+01-0.185178912E+01
 
 1     187       0       2
 0.500000000E+01 0.100067878E+01-0.185649908E+01
 
 1     188       0       2
 0.500000000E+01 0.499935687E+00-0.185521138E+01
 
 1     189       0       2
 0.500000000E+01-0.584661437E-03-0.185409594E+01
 
 1     190       0       2
 0.500000000E+01-0.100124884E+01-0.185417008E+01
 
 1     191       0       2
 0.500000000E+01-0.200169992E+01-0.185459459E+01
 
 1     192       0       2
 0.500000000E+01-0.200175309E+01-0.139063537E+01
 
 1     193       0       2
 0.500000000E+01-0.100116229E+01-0.139048135E+01
 
 1     194       0       2
 0.500000000E+01-0.436293718E-03-0.139127481E+01
 
 1     195       0       2
 0.500000000E+01 0.500065863E+00-0.139255250E+01
 
 1     196       0       2
 0.500000000E+01 0.100062621E+01-0.139418340E+01
 
 1     197       0       2
 0.500000000E+01 0.300323987E+01-0.138830411E+01
 
 1     198       0       2
 0.500000000E+01-0.300133395E+01-0.185604429E+01
 
 1     199       0       2
 0.500000000E+01 0.300267959E+01-0.231576300E+01
 
 1     200       0       2
 0.500000000E+01-0.350133514E+01-0.139236951E+01
 
 1     201       0       2
 0.500000000E+01-0.300123525E+01-0.927808166E+00
 
 1     202       0       2
 0.500000000E+01 0.350314713E+01-0.185141122E+01
 
 1     203       0       2
 0.500000000E+01 0.350294018E+01-0.138803351E+01
 
 1     204       0       2
 0.500000000E+01-0.350098181E+01-0.185663080E+01
 
 1     205       0       2
 0.500000000E+01 0.250250840E+01-0.231607962E+01
 
 1     206       0       2
 0.500000000E+01 0.200203109E+01-0.231729746E+01
 
 1     207       0       2
 0.500000000E+01 0.100069213E+01-0.231957579E+01
 
 1     208       0       2
 0.500000000E+01 0.500049114E+00-0.231886005E+01
 
 1     209       0       2
 0.500000000E+01-0.405867700E-03-0.231834006E+01
 
 1     210       0       2
 0.500000000E+01-0.500705600E+00-0.231834793E+01
 
 1     211       0       2
 0.500000000E+01-0.100091457E+01-0.231907058E+01
 
 1     212       0       2
 0.500000000E+01-0.150115395E+01-0.231918478E+01
 
 1     213       0       2
 0.500000000E+01-0.200124240E+01-0.231940150E+01
 
 1     214       0       2
 0.500000000E+01-0.250113153E+01-0.231990814E+01
 
 1     215       0       2
 0.500000000E+01-0.300088263E+01-0.232060337E+01
 
 1     216       0       2
 0.500000000E+01-0.200141931E+01-0.926972508E+00
 
 1     217       0       2
 0.500000000E+01-0.100087917E+01-0.926867306E+00
 
 1     218       0       2
 0.500000000E+01-0.136948875E-03-0.928074837E+00
 
 1     219       0       2
 0.500000000E+01 0.500255406E+00-0.929145932E+00
 
 1     220       0       2
 0.500000000E+01 0.100051749E+01-0.930776954E+00
 
 1     221       0       2
 0.500000000E+01 0.200127578E+01-0.929828227E+00
 
 1     222       0       2
 0.500000000E+01 0.300208735E+01-0.925967932E+00
 
 1     223       0       2
 0.500000000E+01 0.350212550E+01-0.231685925E+01
 
 1     224       0       2
 0.500000000E+01-0.350064087E+01-0.232101607E+01
 
 1     225       0       2
 0.500000000E+01 0.350204039E+01-0.925248921E+00
 
 1     226       0       2
 0.500000000E+01 0.400216293E+01-0.185300767E+01
 
 1     227       0       2
 0.500000000E+01-0.400064898E+01-0.185691237E+01
 
 1     228       0       2
 0.500000000E+01-0.350112844E+01-0.928199708E+00
 
 1     229       0       2
 0.500000000E+01 0.400134373E+01-0.231856227E+01
 
 1     230       0       2
 0.500000000E+01-0.400046730E+01-0.232122302E+01
 
 1     231       0       2
 0.500000000E+01 0.400167274E+01-0.925416708E+00
 
 1     232       0       2
 0.500000000E+01-0.400072050E+01-0.139259803E+01
 
 1     233       0       2
 0.500000000E+01-0.400076056E+01-0.928383470E+00
 
 1     234       0       2
 0.500000000E+01 0.350094366E+01-0.278381276E+01
 
 1     235       0       2
 0.500000000E+01 0.300112200E+01-0.278329229E+01
 
 1     236       0       2
 0.500000000E+01 0.250125599E+01-0.278270149E+01
 
 1     237       0       2
 0.500000000E+01 0.200113630E+01-0.278309441E+01
 
 1     238       0       2
 0.500000000E+01 0.150085270E+01-0.278366780E+01
 
 1     239       0       2
 0.500000000E+01 0.100037444E+01-0.278484845E+01
 
 1     240       0       2
 0.500000000E+01 0.500073552E+00-0.278416181E+01
 
 1     241       0       2
 0.500000000E+01-0.155681948E-03-0.278394604E+01
 
 1     242       0       2
 0.500000000E+01-0.500316143E+00-0.278402615E+01
 
 1     243       0       2
 0.500000000E+01-0.100044858E+01-0.278433084E+01
 
 1     244       0       2
 0.500000000E+01-0.150051379E+01-0.278464222E+01
 
 1     245       0       2
 0.500000000E+01-0.200055170E+01-0.278466964E+01
 
 1     246       0       2
 0.500000000E+01-0.250050473E+01-0.278494120E+01
 
 1     247       0       2
 0.500000000E+01-0.300038099E+01-0.278530955E+01
 
 1     248       0       2
 0.500000000E+01-0.350023794E+01-0.278553104E+01
 
 1     249       0       2
 0.500000000E+01-0.400018692E+01-0.278562689E+01
 
 1     250       0       2
 0.500000000E+01-0.400030899E+01-0.464137793E+00
 
 1     251       0       2
 0.500000000E+01-0.350054812E+01-0.464079022E+00
 
 1     252       0       2
 0.500000000E+01-0.300074863E+01-0.463876128E+00
 
 1     253       0       2
 0.500000000E+01-0.250081348E+01-0.463644147E+00
 
 1     254       0       2
 0.500000000E+01-0.200076008E+01-0.463474333E+00
 
 1     255       0       2
 0.500000000E+01-0.150060105E+01-0.463382959E+00
 
 1     256       0       2
 0.500000000E+01-0.100037158E+01-0.463468343E+00
 
 1     257       0       2
 0.500000000E+01-0.500123918E+00-0.463720232E+00
 
 1     258       0       2
 0.500000000E+01 0.887857750E-04-0.464262813E+00
 
 1     259       0       2
 0.500000000E+01 0.500241935E+00-0.464997768E+00
 
 1     260       0       2
 0.500000000E+01 0.100032687E+01-0.465817213E+00
 
 1     261       0       2
 0.500000000E+01 0.150035548E+01-0.466129690E+00
 
 1     262       0       2
 0.500000000E+01 0.200045824E+01-0.465333790E+00
 
 1     263       0       2
 0.500000000E+01 0.250067830E+01-0.464187264E+00
 
 1     264       0       2
 0.500000000E+01 0.300086761E+01-0.463116169E+00
 
 1     265       0       2
 0.500000000E+01 0.350093198E+01-0.462660015E+00
 
 1     266       0       2
 0.500000000E+01-0.450032616E+01-0.928449810E+00
 
 1     267       0       2
 0.500000000E+01-0.450013304E+01-0.464189857E+00
 
 1     268       0       2
 0.500000000E+01-0.450038958E+01-0.139273608E+01
 
 1     269       0       2
 0.500000000E+01-0.450033712E+01-0.185704136E+01
 
 1     270       0       2
 0.500000000E+01-0.450018358E+01-0.232136202E+01
 
 1     271       0       2
 0.500000000E+01 0.400082111E+01-0.462688655E+00
 
 1     272       0       2
 0.500000000E+01 0.450052023E+01-0.463203579E+00
 
 1     273       0       2
 0.500000000E+01 0.450095844E+01-0.926653385E+00
 
 1     274       0       2
 0.500000000E+01 0.450122643E+01-0.139052010E+01
 
 1     275       0       2
 0.500000000E+01 0.450103760E+01-0.185497403E+01
 
 1     276       0       2
 0.500000000E+01 0.450063753E+01-0.231985426E+01
 
 1     277       0       2
 0.500000000E+01 0.450026274E+01-0.278491211E+01
 
 1     278       0       2
 0.500000000E+01-0.450009346E+01-0.278568649E+01
 
 1     279       0       2
 0.500000000E+01-0.300141788E+01-0.139186347E+01
 
 1     280       0       2
 0.500000000E+01-0.150145316E+01-0.139052105E+01
 
 1     281       0       2
 0.500000000E+01 0.400054121E+01-0.278448629E+01
 
 1     282       0       2
 0.500000000E+01-0.250152111E+01-0.185539293E+01
 
 1     283       0       2
 0.500000000E+01-0.500909090E+00-0.185417831E+01
 
 1     284       0       2
 0.500000000E+01-0.150137091E+01-0.185484815E+01
 
 1     285       0       2
 0.500000000E+01-0.500807822E+00-0.139064407E+01
 
 1     286       0       2
 0.500000000E+01-0.250160074E+01-0.139126599E+01
 
 1     287       0       2
 0.500000000E+01-0.150112343E+01-0.926909447E+00
 
 1     288       0       2
 0.500000000E+01 0.250157094E+01-0.926854730E+00
 
 1     289       0       2
 0.500000000E+01 0.400210047E+01-0.138909924E+01
 
 1     290       0       2
 0.500000000E+01-0.250132608E+01-0.927406251E+00
 
 1     291       0       2
 0.500000000E+01-0.500492811E+00-0.927266955E+00
 
 1     292       0       2
 0.500000000E+01 0.150085390E+01-0.930432379E+00
 
 1     293       0       2
 0.500000000E+01 0.150132906E+01-0.231919503E+01
 
 1     294       0       2
 0.500000000E+01 0.250221276E+01-0.138982105E+01
 
 1     295       0       2
-0.250206470E+01 0.500000000E+01-0.185483503E+01
 
 1     296       0       2
-0.200222516E+01 0.500000000E+01-0.185538375E+01
 
 1     297       0       2
-0.150197113E+01 0.500000000E+01-0.185587227E+01
 
 1     298       0       2
-0.100153971E+01 0.500000000E+01-0.185610986E+01
 
 1     299       0       2
-0.500965714E+00 0.500000000E+01-0.185589767E+01
 
 1     300       0       2
 0.100124240E+01 0.500000000E+01-0.185131383E+01
 
 1     301       0       2
 0.200226521E+01 0.500000000E+01-0.185098851E+01
 
 1     302       0       2
 0.250267076E+01 0.500000000E+01-0.138966596E+01
 
 1     303       0       2
 0.200252128E+01 0.500000000E+01-0.138828838E+01
 
 1     304       0       2
 0.150196588E+01 0.500000000E+01-0.138825071E+01
 
 1     305       0       2
 0.100123453E+01 0.500000000E+01-0.139039028E+01
 
 1     306       0       2
-0.100129473E+01 0.500000000E+01-0.139312482E+01
 
 1     307       0       2
-0.150167632E+01 0.500000000E+01-0.139246106E+01
 
 1     308       0       2
-0.200186062E+01 0.500000000E+01-0.139166605E+01
 
 1     309       0       2
-0.300188065E+01 0.500000000E+01-0.138992727E+01
 
 1     310       0       2
 0.300198698E+01 0.500000000E+01-0.185497200E+01
 
 1     311       0       2
-0.300183487E+01 0.500000000E+01-0.231845307E+01
 
 1     312       0       2
 0.350223684E+01 0.500000000E+01-0.139197779E+01
 
 1     313       0       2
 0.300226808E+01 0.500000000E+01-0.927354932E+00
 
 1     314       0       2
-0.350193691E+01 0.500000000E+01-0.185320497E+01
 
 1     315       0       2
-0.350172114E+01 0.500000000E+01-0.138924766E+01
 
 1     316       0       2
 0.350133109E+01 0.500000000E+01-0.185616672E+01
 
 1     317       0       2
-0.200170493E+01 0.500000000E+01-0.231992888E+01
 
 1     318       0       2
-0.150147581E+01 0.500000000E+01-0.231996226E+01
 
 1     319       0       2
-0.100113738E+01 0.500000000E+01-0.232006693E+01
 
 1     320       0       2
-0.500794888E+00 0.500000000E+01-0.231946039E+01
 
 1     321       0       2
-0.193423388E-03 0.500000000E+01-0.231897759E+01
 
 1     322       0       2
 0.500281096E+00 0.500000000E+01-0.231687355E+01
 
 1     323       0       2
 0.100078714E+01 0.500000000E+01-0.231531167E+01
 
 1     324       0       2
 0.200137401E+01 0.500000000E+01-0.231582952E+01
 
 1     325       0       2
 0.250145364E+01 0.500000000E+01-0.231784678E+01
 
 1     326       0       2
 0.300101113E+01 0.500000000E+01-0.231979084E+01
 
 1     327       0       2
 0.250220108E+01 0.500000000E+01-0.926490426E+00
 
 1     328       0       2
 0.200187325E+01 0.500000000E+01-0.925890028E+00
 
 1     329       0       2
 0.100097120E+01 0.500000000E+01-0.928398967E+00
 
 1     330       0       2
 0.500530839E+00 0.500000000E+01-0.930255532E+00
 
 1     331       0       2
 0.132025860E-03 0.500000000E+01-0.930837870E+00
 
 1     332       0       2
-0.100066233E+01 0.500000000E+01-0.929207563E+00
 
 1     333       0       2
-0.150095761E+01 0.500000000E+01-0.928692222E+00
 
 1     334       0       2
-0.200112987E+01 0.500000000E+01-0.927910686E+00
 
 1     335       0       2
-0.300128937E+01 0.500000000E+01-0.926360548E+00
 
 1     336       0       2
-0.350147009E+01 0.500000000E+01-0.231844997E+01
 
 1     337       0       2
 0.350092196E+01 0.500000000E+01-0.232060862E+01
 
 1     338       0       2
-0.350118947E+01 0.500000000E+01-0.925921738E+00
 
 1     339       0       2
-0.400129747E+01 0.500000000E+01-0.138960218E+01
 
 1     340       0       2
-0.400130129E+01 0.500000000E+01-0.185403955E+01
 
 1     341       0       2
 0.400114393E+01 0.500000000E+01-0.185675871E+01
 
 1     342       0       2
 0.350179601E+01 0.500000000E+01-0.927902460E+00
 
 1     343       0       2
-0.400095177E+01 0.500000000E+01-0.231912017E+01
 
 1     344       0       2
 0.400054455E+01 0.500000000E+01-0.232107401E+01
 
 1     345       0       2
-0.400094318E+01 0.500000000E+01-0.926196456E+00
 
 1     346       0       2
 0.400143766E+01 0.500000000E+01-0.139243126E+01
 
 1     347       0       2
 0.400102472E+01 0.500000000E+01-0.928247094E+00
 
 1     348       0       2
-0.400044203E+01 0.500000000E+01-0.278462505E+01
 
 1     349       0       2
-0.350072384E+01 0.500000000E+01-0.278420758E+01
 
 1     350       0       2
-0.300093627E+01 0.500000000E+01-0.278416729E+01
 
 1     351       0       2
-0.250100946E+01 0.500000000E+01-0.278439689E+01
 
 1     352       0       2
-0.200092125E+01 0.500000000E+01-0.278472924E+01
 
 1     353       0       2
-0.150072753E+01 0.500000000E+01-0.278501868E+01
 
 1     354       0       2
-0.100058115E+01 0.500000000E+01-0.278474617E+01
 
 1     355       0       2
-0.500290215E+00 0.500000000E+01-0.278482056E+01
 
 1     356       0       2
-0.805671370E-04 0.500000000E+01-0.278385401E+01
 
 1     357       0       2
 0.500162780E+00 0.500000000E+01-0.278283548E+01
 
 1     358       0       2
 0.100034428E+01 0.500000000E+01-0.278204155E+01
 
 1     359       0       2
 0.150043786E+01 0.500000000E+01-0.278179407E+01
 
 1     360       0       2
 0.200048923E+01 0.500000000E+01-0.278260374E+01
 
 1     361       0       2
 0.250049257E+01 0.500000000E+01-0.278372884E+01
 
 1     362       0       2
 0.300042868E+01 0.500000000E+01-0.278482866E+01
 
 1     363       0       2
 0.350028563E+01 0.500000000E+01-0.278525853E+01
 
 1     364       0       2
 0.400023890E+01 0.500000000E+01-0.278552890E+01
 
 1     365       0       2
 0.400057268E+01 0.500000000E+01-0.464108169E+00
 
 1     366       0       2
 0.350082707E+01 0.500000000E+01-0.463895470E+00
 
 1     367       0       2
 0.300113034E+01 0.500000000E+01-0.463653207E+00
 
 1     368       0       2
 0.250115418E+01 0.500000000E+01-0.463293016E+00
 
 1     369       0       2
 0.200096440E+01 0.500000000E+01-0.463111341E+00
 
 1     370       0       2
 0.150062084E+01 0.500000000E+01-0.463500202E+00
 
 1     371       0       2
 0.100042939E+01 0.500000000E+01-0.464581937E+00
 
 1     372       0       2
 0.500299811E+00 0.500000000E+01-0.465500504E+00
 
 1     373       0       2
 0.188811391E-03 0.500000000E+01-0.465831369E+00
 
 1     374       0       2
-0.499944627E+00 0.500000000E+01-0.465634912E+00
 
 1     375       0       2
-0.100013614E+01 0.500000000E+01-0.464948595E+00
 
 1     376       0       2
-0.150038970E+01 0.500000000E+01-0.464183807E+00
 
 1     377       0       2
-0.250055170E+01 0.500000000E+01-0.463538915E+00
 
 1     378       0       2
-0.300059485E+01 0.500000000E+01-0.463151157E+00
 
 1     379       0       2
-0.350058460E+01 0.500000000E+01-0.462943971E+00
 
 1     380       0       2
 0.450051594E+01 0.500000000E+01-0.928418398E+00
 
 1     381       0       2
 0.450027800E+01 0.500000000E+01-0.464189947E+00
 
 1     382       0       2
 0.450055504E+01 0.500000000E+01-0.139268029E+01
 
 1     383       0       2
 0.450041771E+01 0.500000000E+01-0.185698891E+01
 
 1     384       0       2
-0.400049925E+01 0.500000000E+01-0.463064283E+00
 
 1     385       0       2
-0.450031376E+01 0.500000000E+01-0.463514149E+00
 
 1     386       0       2
-0.450067139E+01 0.500000000E+01-0.139106715E+01
 
 1     387       0       2
-0.450061750E+01 0.500000000E+01-0.185549521E+01
 
 1     388       0       2
 0.250175166E+01 0.500000000E+01-0.185378039E+01
 
 1     389       0       2
-0.450052595E+01 0.500000000E+01-0.927260876E+00
 
 1     390       0       2
-0.300200939E+01 0.500000000E+01-0.185403001E+01
 
 1     391       0       2
 0.450012445E+01 0.500000000E+01-0.278566051E+01
 
 1     392       0       2
-0.500707150E+00 0.500000000E+01-0.139343798E+01
 
 1     393       0       2
-0.450018740E+01 0.500000000E+01-0.278504133E+01
 
 1     394       0       2
-0.500283778E+00 0.500000000E+01-0.929895103E+00
 
 1     395       0       2
-0.250182915E+01 0.500000000E+01-0.139083850E+01
 
 1     396       0       2
-0.200047374E+01 0.500000000E+01-0.463967234E+00
 
 1     397       0       2
-0.450042343E+01 0.500000000E+01-0.232024312E+01
 
 1     398       0       2
 0.450027657E+01 0.500000000E+01-0.232131600E+01
 
 1     399       0       2
 0.300222540E+01 0.500000000E+01-0.139104140E+01
 
 1     400       0       2
 0.150174785E+01 0.500000000E+01-0.185097814E+01
 
 1     401       0       2
-0.250172377E+01 0.500000000E+01-0.231939960E+01
 
 1     402       0       2
-0.250119209E+01 0.500000000E+01-0.927151561E+00
 
 1     403       0       2
 0.150110972E+01 0.500000000E+01-0.231580639E+01
 
 1     404       0       2
 0.150130260E+01 0.500000000E+01-0.926419079E+00
 
 1     405       0       2
-0.500000000E+01-0.250234532E+01-0.185504353E+01
 
 1     406       0       2
-0.500000000E+01-0.200256586E+01-0.185582554E+01
 
 1     407       0       2
-0.500000000E+01-0.150211155E+01-0.185678422E+01
 
 1     408       0       2
-0.500000000E+01-0.100202799E+01-0.185675621E+01
 
 1     409       0       2
-0.500000000E+01-0.501483083E+00-0.185623872E+01
 
 1     410       0       2
-0.500000000E+01 0.100085592E+01-0.185155582E+01
 
 1     411       0       2
-0.500000000E+01 0.200201988E+01-0.185112083E+01
 
 1     412       0       2
-0.500000000E+01 0.250245118E+01-0.138974726E+01
 
 1     413       0       2
-0.500000000E+01 0.200218558E+01-0.138844490E+01
 
 1     414       0       2
-0.500000000E+01 0.150156295E+01-0.138846540E+01
 
 1     415       0       2
-0.500000000E+01 0.100057971E+01-0.139057541E+01
 
 1     416       0       2
-0.500000000E+01-0.100191474E+01-0.139368224E+01
 
 1     417       0       2
-0.500000000E+01-0.150217617E+01-0.139309633E+01
 
 1     418       0       2
-0.500000000E+01-0.200187325E+01-0.139205396E+01
 
 1     419       0       2
-0.500000000E+01-0.300205112E+01-0.139000142E+01
 
 1     420       0       2
-0.500000000E+01 0.300189233E+01-0.185500097E+01
 
 1     421       0       2
-0.500000000E+01-0.300193572E+01-0.231851912E+01
 
 1     422       0       2
-0.500000000E+01 0.350216913E+01-0.139198732E+01
 
 1     423       0       2
-0.500000000E+01 0.300214672E+01-0.927388549E+00
 
 1     424       0       2
-0.500000000E+01-0.350200939E+01-0.185322905E+01
 
 1     425       0       2
-0.500000000E+01-0.350181627E+01-0.138927186E+01
 
 1     426       0       2
-0.500000000E+01 0.350126576E+01-0.185617983E+01
 
 1     427       0       2
-0.500000000E+01-0.200164485E+01-0.232032132E+01
 
 1     428       0       2
-0.500000000E+01-0.150162458E+01-0.232058692E+01
 
 1     429       0       2
-0.500000000E+01-0.100127113E+01-0.232038450E+01
 
 1     430       0       2
-0.500000000E+01-0.501029074E+00-0.231985259E+01
 
 1     431       0       2
-0.500000000E+01-0.489032711E-03-0.231938553E+01
 
 1     432       0       2
-0.500000000E+01 0.500021875E+00-0.231706190E+01
 
 1     433       0       2
-0.500000000E+01 0.100056195E+01-0.231548309E+01
 
 1     434       0       2
-0.500000000E+01 0.200123978E+01-0.231591725E+01
 
 1     435       0       2
-0.500000000E+01 0.250135684E+01-0.231788945E+01
 
 1     436       0       2
-0.500000000E+01 0.300093985E+01-0.231981277E+01
 
 1     437       0       2
-0.500000000E+01 0.250199008E+01-0.926570475E+00
 
 1     438       0       2
-0.500000000E+01 0.200158191E+01-0.926027000E+00
 
 1     439       0       2
-0.500000000E+01 0.100044608E+01-0.928551316E+00
 
 1     440       0       2
-0.500000000E+01-0.498423993E-03-0.931422472E+00
 
 1     441       0       2
-0.500000000E+01-0.100116324E+01-0.929711342E+00
 
 1     442       0       2
-0.500000000E+01-0.150139296E+01-0.929013491E+00
 
 1     443       0       2
-0.500000000E+01-0.200124240E+01-0.927927256E+00
 
 1     444       0       2
-0.500000000E+01-0.300146699E+01-0.926420391E+00
 
 1     445       0       2
-0.500000000E+01-0.350152135E+01-0.231847286E+01
 
 1     446       0       2
-0.500000000E+01 0.350087428E+01-0.232061672E+01
 
 1     447       0       2
-0.500000000E+01-0.350128126E+01-0.925939143E+00
 
 1     448       0       2
-0.500000000E+01-0.400134659E+01-0.138960731E+01
 
 1     449       0       2
-0.500000000E+01-0.400134039E+01-0.185404766E+01
 
 1     450       0       2
-0.500000000E+01 0.400110865E+01-0.185676098E+01
 
 1     451       0       2
-0.500000000E+01 0.350172830E+01-0.927915096E+00
 
 1     452       0       2
-0.500000000E+01-0.400097847E+01-0.231912851E+01
 
 1     453       0       2
-0.500000000E+01 0.400051308E+01-0.232107711E+01
 
 1     454       0       2
-0.500000000E+01-0.400098991E+01-0.926199019E+00
 
 1     455       0       2
-0.500000000E+01 0.400139952E+01-0.139243495E+01
 
 1     456       0       2
-0.500000000E+01 0.400098276E+01-0.928253591E+00
 
 1     457       0       2
-0.500000000E+01-0.400045490E+01-0.278463149E+01
 
 1     458       0       2
-0.500000000E+01-0.350074744E+01-0.278422189E+01
 
 1     459       0       2
-0.500000000E+01-0.300098610E+01-0.278420687E+01
 
 1     460       0       2
-0.500000000E+01-0.250108600E+01-0.278448725E+01
 
 1     461       0       2
-0.500000000E+01-0.200101733E+01-0.278492141E+01
 
 1     462       0       2
-0.500000000E+01-0.150069582E+01-0.278526855E+01
 
 1     463       0       2
-0.500000000E+01-0.100059783E+01-0.278505659E+01
 
 1     464       0       2
-0.500000000E+01-0.500436664E+00-0.278476572E+01
 
 1     465       0       2
-0.500000000E+01-0.199131173E-03-0.278399348E+01
 
 1     466       0       2
-0.500000000E+01 0.500055730E+00-0.278294277E+01
 
 1     467       0       2
-0.500000000E+01 0.100025082E+01-0.278212953E+01
 
 1     468       0       2
-0.500000000E+01 0.150036347E+01-0.278186393E+01
 
 1     469       0       2
-0.500000000E+01 0.200043297E+01-0.278264713E+01
 
 1     470       0       2
-0.500000000E+01 0.250044847E+01-0.278375125E+01
 
 1     471       0       2
-0.500000000E+01 0.300039339E+01-0.278483868E+01
 
 1     472       0       2
-0.500000000E+01 0.350026011E+01-0.278526187E+01
 
 1     473       0       2
-0.500000000E+01 0.400022221E+01-0.278552985E+01
 
 1     474       0       2
-0.500000000E+01 0.400054407E+01-0.464113712E+00
 
 1     475       0       2
-0.500000000E+01 0.350077748E+01-0.463906974E+00
 
 1     476       0       2
-0.500000000E+01 0.300104833E+01-0.463677406E+00
 
 1     477       0       2
-0.500000000E+01 0.250101972E+01-0.463344902E+00
 
 1     478       0       2
-0.500000000E+01 0.200077796E+01-0.463196099E+00
 
 1     479       0       2
-0.500000000E+01 0.150038493E+01-0.463604927E+00
 
 1     480       0       2
-0.500000000E+01 0.100010276E+01-0.464819342E+00
 
 1     481       0       2
-0.500000000E+01 0.499938488E+00-0.465961486E+00
 
 1     482       0       2
-0.500000000E+01-0.169507184E-03-0.466215670E+00
 
 1     483       0       2
-0.500000000E+01-0.500292957E+00-0.465944111E+00
 
 1     484       0       2
-0.500000000E+01-0.100045371E+01-0.465151310E+00
 
 1     485       0       2
-0.500000000E+01-0.150057828E+01-0.464522988E+00
 
 1     486       0       2
-0.500000000E+01-0.250067186E+01-0.463614434E+00
 
 1     487       0       2
-0.500000000E+01-0.300068092E+01-0.463179946E+00
 
 1     488       0       2
-0.500000000E+01-0.350063562E+01-0.462951958E+00
 
 1     489       0       2
-0.500000000E+01 0.450049734E+01-0.928420663E+00
 
 1     490       0       2
-0.500000000E+01 0.450026560E+01-0.464192450E+00
 
 1     491       0       2
-0.500000000E+01 0.450053453E+01-0.139268231E+01
 
 1     492       0       2
-0.500000000E+01 0.450039768E+01-0.185699046E+01
 
 1     493       0       2
-0.500000000E+01-0.400052643E+01-0.463064611E+00
 
 1     494       0       2
-0.500000000E+01-0.450032568E+01-0.463512868E+00
 
 1     495       0       2
-0.500000000E+01-0.450069284E+01-0.139106822E+01
 
 1     496       0       2
-0.500000000E+01-0.450063515E+01-0.185549784E+01
 
 1     497       0       2
-0.500000000E+01 0.250157690E+01-0.185385060E+01
 
 1     498       0       2
-0.500000000E+01-0.450054646E+01-0.927260697E+00
 
 1     499       0       2
-0.500000000E+01-0.300216746E+01-0.185411763E+01
 
 1     500       0       2
-0.500000000E+01 0.450011635E+01-0.278566003E+01
 
 1     501       0       2
-0.500000000E+01-0.501298785E+00-0.139373612E+01
 
 1     502       0       2
-0.500000000E+01-0.450019312E+01-0.278504324E+01
 
 1     503       0       2
-0.500000000E+01-0.500838935E+00-0.930305421E+00
 
 1     504       0       2
-0.500000000E+01-0.250200295E+01-0.139101791E+01
 
 1     505       0       2
-0.500000000E+01-0.200056195E+01-0.463885695E+00
 
 1     506       0       2
-0.500000000E+01-0.450043535E+01-0.232024646E+01
 
 1     507       0       2
-0.500000000E+01 0.450026131E+01-0.232131648E+01
 
 1     508       0       2
-0.500000000E+01 0.300209093E+01-0.139107704E+01
 
 1     509       0       2
-0.500000000E+01 0.150142920E+01-0.185115910E+01
 
 1     510       0       2
-0.500000000E+01-0.250182700E+01-0.231957746E+01
 
 1     511       0       2
-0.500000000E+01-0.250111485E+01-0.927321970E+00
 
 1     512       0       2
-0.500000000E+01 0.150092530E+01-0.231593537E+01
 
 1     513       0       2
-0.500000000E+01 0.499909580E+00-0.929873705E+00
 
 1     514       0       2
-0.500000000E+01 0.150091994E+01-0.926581204E+00
 
 1     515       0       2
 0.299545598E+01-0.500000000E+01-0.185311091E+01
 
 1     516       0       2
 0.249188113E+01-0.500000000E+01-0.185159659E+01
 
 1     517       0       2
 0.985090733E+00-0.500000000E+01-0.185561121E+01
 
 1     518       0       2
 0.489207774E+00-0.500000000E+01-0.185760963E+01
 
 1     519       0       2
-0.399807282E-02-0.500000000E+01-0.185807431E+01
 
 1     520       0       2
-0.995129764E+00-0.500000000E+01-0.185807884E+01
 
 1     521       0       2
-0.199355471E+01-0.500000000E+01-0.186012602E+01
 
 1     522       0       2
-0.199431729E+01-0.500000000E+01-0.139779556E+01
 
 1     523       0       2
-0.996042430E+00-0.500000000E+01-0.139378321E+01
 
 1     524       0       2
 0.491888344E+00-0.500000000E+01-0.139345121E+01
 
 1     525       0       2
 0.985746026E+00-0.500000000E+01-0.139257836E+01
 
 1     526       0       2
 0.299529314E+01-0.500000000E+01-0.138988388E+01
 
 1     527       0       2
 0.299603462E+01-0.500000000E+01-0.231786561E+01
 
 1     528       0       2
-0.349994278E+01-0.500000000E+01-0.140064657E+01
 
 1     529       0       2
 0.349818134E+01-0.500000000E+01-0.185383785E+01
 
 1     530       0       2
 0.349801087E+01-0.500000000E+01-0.139020610E+01
 
 1     531       0       2
-0.349939561E+01-0.500000000E+01-0.186318195E+01
 
 1     532       0       2
 0.249392390E+01-0.500000000E+01-0.231590128E+01
 
 1     533       0       2
 0.199163318E+01-0.500000000E+01-0.231575441E+01
 
 1     534       0       2
 0.992246211E+00-0.500000000E+01-0.231994486E+01
 
 1     535       0       2
 0.495580107E+00-0.500000000E+01-0.232168388E+01
 
 1     536       0       2
-0.171831972E-02-0.500000000E+01-0.232248259E+01
 
 1     537       0       2
-0.498988450E+00-0.500000000E+01-0.232250857E+01
 
 1     538       0       2
-0.996526897E+00-0.500000000E+01-0.232227874E+01
 
 1     539       0       2
-0.149514925E+01-0.500000000E+01-0.232206297E+01
 
 1     540       0       2
-0.199533975E+01-0.500000000E+01-0.232255721E+01
 
 1     541       0       2
-0.249650955E+01-0.500000000E+01-0.232361579E+01
 
 1     542       0       2
-0.299787378E+01-0.500000000E+01-0.232473683E+01
 
 1     543       0       2
-0.199597967E+01-0.500000000E+01-0.933688998E+00
 
 1     544       0       2
-0.149665534E+01-0.500000000E+01-0.930983305E+00
 
 1     545       0       2
-0.997870505E+00-0.500000000E+01-0.929186106E+00
 
 1     546       0       2
-0.421885494E-02-0.500000000E+01-0.928989172E+00
 
 1     547       0       2
 0.492596388E+00-0.500000000E+01-0.928996384E+00
 
 1     548       0       2
 0.992579460E+00-0.500000000E+01-0.928387046E+00
 
 1     549       0       2
 0.198929310E+01-0.500000000E+01-0.928597391E+00
 
 1     550       0       2
 0.299556255E+01-0.500000000E+01-0.926873147E+00
 
 1     551       0       2
 0.349794912E+01-0.500000000E+01-0.231877923E+01
 
 1     552       0       2
-0.349909329E+01-0.500000000E+01-0.232522655E+01
 
 1     553       0       2
 0.349806976E+01-0.500000000E+01-0.926888347E+00
 
 1     554       0       2
 0.399948239E+01-0.500000000E+01-0.185456491E+01
 
 1     555       0       2
-0.400017977E+01-0.500000000E+01-0.186214352E+01
 
 1     556       0       2
-0.349985313E+01-0.500000000E+01-0.934298635E+00
 
 1     557       0       2
 0.399923658E+01-0.500000000E+01-0.231934810E+01
 
 1     558       0       2
-0.399984789E+01-0.500000000E+01-0.232466245E+01
 
 1     559       0       2
 0.399945283E+01-0.500000000E+01-0.926969409E+00
 
 1     560       0       2
-0.400027943E+01-0.500000000E+01-0.139836454E+01
 
 1     561       0       2
-0.400010538E+01-0.500000000E+01-0.933053613E+00
 
 1     562       0       2
 0.349885058E+01-0.500000000E+01-0.278414845E+01
 
 1     563       0       2
 0.299776316E+01-0.500000000E+01-0.278377557E+01
 
 1     564       0       2
 0.249685812E+01-0.500000000E+01-0.278254533E+01
 
 1     565       0       2
 0.199594283E+01-0.500000000E+01-0.278235364E+01
 
 1     566       0       2
 0.149629283E+01-0.500000000E+01-0.278437829E+01
 
 1     567       0       2
 0.997068167E+00-0.500000000E+01-0.278526211E+01
 
 1     568       0       2
 0.498548120E+00-0.500000000E+01-0.278563643E+01
 
 1     569       0       2
-0.509099045E-03-0.500000000E+01-0.278627086E+01
 
 1     570       0       2
-0.499554485E+00-0.500000000E+01-0.278621078E+01
 
 1     571       0       2
-0.998971343E+00-0.500000000E+01-0.278634357E+01
 
 1     572       0       2
-0.149797726E+01-0.500000000E+01-0.278611922E+01
 
 1     573       0       2
-0.199775422E+01-0.500000000E+01-0.278611350E+01
 
 1     574       0       2
-0.249813604E+01-0.500000000E+01-0.278659558E+01
 
 1     575       0       2
-0.299876523E+01-0.500000000E+01-0.278717518E+01
 
 1     576       0       2
-0.349939084E+01-0.500000000E+01-0.278747153E+01
 
 1     577       0       2
-0.399983859E+01-0.500000000E+01-0.278724360E+01
 
 1     578       0       2
-0.399998593E+01-0.500000000E+01-0.466678798E+00
 
 1     579       0       2
-0.349975443E+01-0.500000000E+01-0.467940450E+00
 
 1     580       0       2
-0.299940467E+01-0.500000000E+01-0.469594777E+00
 
 1     581       0       2
-0.249877262E+01-0.500000000E+01-0.469120890E+00
 
 1     582       0       2
-0.199826550E+01-0.500000000E+01-0.467289716E+00
 
 1     583       0       2
-0.149963760E+01-0.500000000E+01-0.465493530E+00
 
 1     584       0       2
-0.999721348E+00-0.500000000E+01-0.464492112E+00
 
 1     585       0       2
-0.500599325E+00-0.500000000E+01-0.464112192E+00
 
 1     586       0       2
-0.214749272E-02-0.500000000E+01-0.464382380E+00
 
 1     587       0       2
 0.496442229E+00-0.500000000E+01-0.464429766E+00
 
 1     588       0       2
 0.995679259E+00-0.500000000E+01-0.463938683E+00
 
 1     589       0       2
 0.149573839E+01-0.500000000E+01-0.463664293E+00
 
 1     590       0       2
 0.199490952E+01-0.500000000E+01-0.464710236E+00
 
 1     591       0       2
 0.249601674E+01-0.500000000E+01-0.464131624E+00
 
 1     592       0       2
 0.299750638E+01-0.500000000E+01-0.463724524E+00
 
 1     593       0       2
 0.349865222E+01-0.500000000E+01-0.463597596E+00
 
 1     594       0       2
-0.450006866E+01-0.500000000E+01-0.931001306E+00
 
 1     595       0       2
-0.449993467E+01-0.500000000E+01-0.465544045E+00
 
 1     596       0       2
-0.450019312E+01-0.500000000E+01-0.139563143E+01
 
 1     597       0       2
-0.450019360E+01-0.500000000E+01-0.185963643E+01
 
 1     598       0       2
-0.450007868E+01-0.500000000E+01-0.232317901E+01
 
 1     599       0       2
 0.399932170E+01-0.500000000E+01-0.463662893E+00
 
 1     600       0       2
 0.449986696E+01-0.500000000E+01-0.463764012E+00
 
 1     601       0       2
 0.449993801E+01-0.500000000E+01-0.927554190E+00
 
 1     602       0       2
 0.450005531E+01-0.500000000E+01-0.139152384E+01
 
 1     603       0       2
 0.449987745E+01-0.500000000E+01-0.185578871E+01
 
 1     604       0       2
 0.449973345E+01-0.500000000E+01-0.232032442E+01
 
 1     605       0       2
 0.449964619E+01-0.500000000E+01-0.278523445E+01
 
 1     606       0       2
-0.450002575E+01-0.500000000E+01-0.278657055E+01
 
 1     607       0       2
-0.149481022E+01-0.500000000E+01-0.139511824E+01
 
 1     608       0       2
-0.299871993E+01-0.500000000E+01-0.935988605E+00
 
 1     609       0       2
 0.399936891E+01-0.500000000E+01-0.278460860E+01
 
 1     610       0       2
-0.499601960E+00-0.500000000E+01-0.185803723E+01
 
 1     611       0       2
-0.149429512E+01-0.500000000E+01-0.185875273E+01
 
 1     612       0       2
-0.500703037E+00-0.500000000E+01-0.139329851E+01
 
 1     613       0       2
 0.249281120E+01-0.500000000E+01-0.927144587E+00
 
 1     614       0       2
 0.399926448E+01-0.500000000E+01-0.139074671E+01
 
 1     615       0       2
-0.249739933E+01-0.500000000E+01-0.934942663E+00
 
 1     616       0       2
-0.500843763E+00-0.500000000E+01-0.928638577E+00
 
 1     617       0       2
 0.148982811E+01-0.500000000E+01-0.928212464E+00
 
 1     618       0       2
 0.149115336E+01-0.500000000E+01-0.231807876E+01
 
 1     619       0       2
 0.249223089E+01-0.500000000E+01-0.139001143E+01
 
 1     620       0       2
 0.000000000E+00 0.000000000E+00-0.325000000E+01
 
 1     621       0       2
-0.500000000E+00 0.000000000E+00-0.325000000E+01
 
 1     622       0       2
 0.000000000E+00-0.500000000E+00-0.325000000E+01
 
 1     623       0       2
 0.500000000E+00 0.000000000E+00-0.325000000E+01
 
 1     624       0       2
 0.000000000E+00 0.500000000E+00-0.325000000E+01
 
 1     625       0       2
-0.500000000E+00 0.500000000E+00-0.325000000E+01
 
 1     626       0       2
-0.500000000E+00-0.500000000E+00-0.325000000E+01
 
 1     627       0       2
 0.500000000E+00-0.500000000E+00-0.325000000E+01
 
 1     628       0       2
 0.500000000E+00 0.500000000E+00-0.325000000E+01
 
 1     629       0       2
-0.100000000E+01 0.500000000E+00-0.325000000E+01
 
 1     630       0       2
-0.500000000E+00-0.100000000E+01-0.325000000E+01
 
 1     631       0       2
-0.100000000E+01 0.000000000E+00-0.325000000E+01
 
 1     632       0       2
-0.100000000E+01-0.500000000E+00-0.325000000E+01
 
 1     633       0       2
 0.100000000E+01-0.500000000E+00-0.325000000E+01
 
 1     634       0       2
 0.100000000E+01 0.500000000E+00-0.325000000E+01
 
 1     635       0       2
 0.000000000E+00 0.100000000E+01-0.325000000E+01
 
 1     636       0       2
-0.500000000E+00 0.100000000E+01-0.325000000E+01
 
 1     637       0       2
-0.100000000E+01 0.100000000E+01-0.325000000E+01
 
 1     638       0       2
-0.100000000E+01-0.100000000E+01-0.325000000E+01
 
 1     639       0       2
 0.100000000E+01-0.100000000E+01-0.325000000E+01
 
 1     640       0       2
 0.100000000E+01 0.100000000E+01-0.325000000E+01
 
 1     641       0       2
-0.100000000E+01 0.150000000E+01-0.325000000E+01
 
 1     642       0       2
-0.150000000E+01 0.500000000E+00-0.325000000E+01
 
 1     643       0       2
-0.150000000E+01-0.500000000E+00-0.325000000E+01
 
 1     644       0       2
-0.150000000E+01-0.100000000E+01-0.325000000E+01
 
 1     645       0       2
-0.100000000E+01-0.150000000E+01-0.325000000E+01
 
 1     646       0       2
-0.500000000E+00-0.150000000E+01-0.325000000E+01
 
 1     647       0       2
 0.500000000E+00-0.150000000E+01-0.325000000E+01
 
 1     648       0       2
 0.100000000E+01-0.150000000E+01-0.325000000E+01
 
 1     649       0       2
 0.150000000E+01-0.500000000E+00-0.325000000E+01
 
 1     650       0       2
 0.150000000E+01 0.500000000E+00-0.325000000E+01
 
 1     651       0       2
 0.150000000E+01 0.100000000E+01-0.325000000E+01
 
 1     652       0       2
 0.500000000E+00 0.150000000E+01-0.325000000E+01
 
 1     653       0       2
 0.000000000E+00 0.150000000E+01-0.325000000E+01
 
 1     654       0       2
-0.500000000E+00 0.150000000E+01-0.325000000E+01
 
 1     655       0       2
-0.150000000E+01-0.150000000E+01-0.325000000E+01
 
 1     656       0       2
 0.150000000E+01-0.150000000E+01-0.325000000E+01
 
 1     657       0       2
 0.150000000E+01 0.150000000E+01-0.325000000E+01
 
 1     658       0       2
-0.200000000E+01 0.100000000E+01-0.325000000E+01
 
 1     659       0       2
-0.200000000E+01 0.500000000E+00-0.325000000E+01
 
 1     660       0       2
-0.200000000E+01-0.500000000E+00-0.325000000E+01
 
 1     661       0       2
-0.200000000E+01 0.150000000E+01-0.325000000E+01
 
 1     662       0       2
-0.150000000E+01-0.200000000E+01-0.325000000E+01
 
 1     663       0       2
-0.200000000E+01-0.150000000E+01-0.325000000E+01
 
 1     664       0       2
-0.100000000E+01-0.200000000E+01-0.325000000E+01
 
 1     665       0       2
-0.500000000E+00-0.200000000E+01-0.325000000E+01
 
 1     666       0       2
 0.000000000E+00-0.200000000E+01-0.325000000E+01
 
 1     667       0       2
 0.500000000E+00-0.200000000E+01-0.325000000E+01
 
 1     668       0       2
 0.200000000E+01-0.150000000E+01-0.325000000E+01
 
 1     669       0       2
 0.150000000E+01-0.200000000E+01-0.325000000E+01
 
 1     670       0       2
 0.200000000E+01 0.000000000E+00-0.325000000E+01
 
 1     671       0       2
 0.200000000E+01 0.500000000E+00-0.325000000E+01
 
 1     672       0       2
 0.150000000E+01 0.200000000E+01-0.325000000E+01
 
 1     673       0       2
 0.200000000E+01 0.150000000E+01-0.325000000E+01
 
 1     674       0       2
 0.500000000E+00 0.200000000E+01-0.325000000E+01
 
 1     675       0       2
 0.000000000E+00 0.200000000E+01-0.325000000E+01
 
 1     676       0       2
-0.500000000E+00 0.200000000E+01-0.325000000E+01
 
 1     677       0       2
-0.100000000E+01 0.200000000E+01-0.325000000E+01
 
 1     678       0       2
-0.150000000E+01 0.200000000E+01-0.325000000E+01
 
 1     679       0       2
-0.200000000E+01 0.200000000E+01-0.325000000E+01
 
 1     680       0       2
-0.200000000E+01-0.200000000E+01-0.325000000E+01
 
 1     681       0       2
 0.200000000E+01-0.200000000E+01-0.325000000E+01
 
 1     682       0       2
 0.200000000E+01 0.200000000E+01-0.325000000E+01
 
 1     683       0       2
-0.200000000E+01 0.250000000E+01-0.325000000E+01
 
 1     684       0       2
-0.250000000E+01 0.200000000E+01-0.325000000E+01
 
 1     685       0       2
-0.250000000E+01 0.150000000E+01-0.325000000E+01
 
 1     686       0       2
-0.250000000E+01 0.100000000E+01-0.325000000E+01
 
 1     687       0       2
-0.250000000E+01 0.500000000E+00-0.325000000E+01
 
 1     688       0       2
-0.250000000E+01-0.500000000E+00-0.325000000E+01
 
 1     689       0       2
-0.250000000E+01-0.150000000E+01-0.325000000E+01
 
 1     690       0       2
-0.250000000E+01-0.200000000E+01-0.325000000E+01
 
 1     691       0       2
-0.150000000E+01-0.250000000E+01-0.325000000E+01
 
 1     692       0       2
 0.500000000E+00-0.250000000E+01-0.325000000E+01
 
 1     693       0       2
 0.150000000E+01-0.250000000E+01-0.325000000E+01
 
 1     694       0       2
 0.200000000E+01-0.250000000E+01-0.325000000E+01
 
 1     695       0       2
 0.250000000E+01-0.150000000E+01-0.325000000E+01
 
 1     696       0       2
 0.250000000E+01-0.500000000E+00-0.325000000E+01
 
 1     697       0       2
 0.250000000E+01 0.500000000E+00-0.325000000E+01
 
 1     698       0       2
 0.250000000E+01 0.150000000E+01-0.325000000E+01
 
 1     699       0       2
 0.250000000E+01 0.200000000E+01-0.325000000E+01
 
 1     700       0       2
 0.500000000E+00 0.250000000E+01-0.325000000E+01
 
 1     701       0       2
 0.000000000E+00 0.250000000E+01-0.325000000E+01
 
 1     702       0       2
-0.500000000E+00 0.250000000E+01-0.325000000E+01
 
 1     703       0       2
-0.100000000E+01 0.250000000E+01-0.325000000E+01
 
 1     704       0       2
-0.150000000E+01 0.250000000E+01-0.325000000E+01
 
 1     705       0       2
-0.250000000E+01 0.250000000E+01-0.325000000E+01
 
 1     706       0       2
-0.250000000E+01-0.250000000E+01-0.325000000E+01
 
 1     707       0       2
 0.250000000E+01-0.250000000E+01-0.325000000E+01
 
 1     708       0       2
 0.250000000E+01 0.250000000E+01-0.325000000E+01
 
 1     709       0       2
-0.300000000E+01 0.150000000E+01-0.325000000E+01
 
 1     710       0       2
-0.300000000E+01 0.100000000E+01-0.325000000E+01
 
 1     711       0       2
-0.300000000E+01 0.500000000E+00-0.325000000E+01
 
 1     712       0       2
-0.300000000E+01-0.500000000E+00-0.325000000E+01
 
 1     713       0       2
-0.300000000E+01-0.150000000E+01-0.325000000E+01
 
 1     714       0       2
-0.300000000E+01 0.250000000E+01-0.325000000E+01
 
 1     715       0       2
-0.300000000E+01-0.200000000E+01-0.325000000E+01
 
 1     716       0       2
-0.300000000E+01-0.250000000E+01-0.325000000E+01
 
 1     717       0       2
-0.150000000E+01-0.300000000E+01-0.325000000E+01
 
 1     718       0       2
-0.500000000E+00-0.300000000E+01-0.325000000E+01
 
 1     719       0       2
 0.000000000E+00-0.300000000E+01-0.325000000E+01
 
 1     720       0       2
 0.500000000E+00-0.300000000E+01-0.325000000E+01
 
 1     721       0       2
 0.150000000E+01-0.300000000E+01-0.325000000E+01
 
 1     722       0       2
 0.300000000E+01-0.250000000E+01-0.325000000E+01
 
 1     723       0       2
 0.200000000E+01-0.300000000E+01-0.325000000E+01
 
 1     724       0       2
 0.250000000E+01-0.300000000E+01-0.325000000E+01
 
 1     725       0       2
 0.300000000E+01-0.200000000E+01-0.325000000E+01
 
 1     726       0       2
 0.300000000E+01-0.150000000E+01-0.325000000E+01
 
 1     727       0       2
 0.300000000E+01-0.500000000E+00-0.325000000E+01
 
 1     728       0       2
 0.300000000E+01 0.500000000E+00-0.325000000E+01
 
 1     729       0       2
 0.300000000E+01 0.150000000E+01-0.325000000E+01
 
 1     730       0       2
 0.250000000E+01 0.300000000E+01-0.325000000E+01
 
 1     731       0       2
 0.300000000E+01 0.250000000E+01-0.325000000E+01
 
 1     732       0       2
 0.200000000E+01 0.300000000E+01-0.325000000E+01
 
 1     733       0       2
 0.150000000E+01 0.300000000E+01-0.325000000E+01
 
 1     734       0       2
 0.500000000E+00 0.300000000E+01-0.325000000E+01
 
 1     735       0       2
 0.000000000E+00 0.300000000E+01-0.325000000E+01
 
 1     736       0       2
-0.500000000E+00 0.300000000E+01-0.325000000E+01
 
 1     737       0       2
-0.100000000E+01 0.300000000E+01-0.325000000E+01
 
 1     738       0       2
-0.150000000E+01 0.300000000E+01-0.325000000E+01
 
 1     739       0       2
-0.200000000E+01 0.300000000E+01-0.325000000E+01
 
 1     740       0       2
-0.250000000E+01 0.300000000E+01-0.325000000E+01
 
 1     741       0       2
-0.300000000E+01 0.300000000E+01-0.325000000E+01
 
 1     742       0       2
-0.300000000E+01-0.300000000E+01-0.325000000E+01
 
 1     743       0       2
 0.300000000E+01-0.300000000E+01-0.325000000E+01
 
 1     744       0       2
 0.300000000E+01 0.300000000E+01-0.325000000E+01
 
 1     745       0       2
-0.300000000E+01 0.350000000E+01-0.325000000E+01
 
 1     746       0       2
-0.350000000E+01 0.300000000E+01-0.325000000E+01
 
 1     747       0       2
-0.350000000E+01 0.250000000E+01-0.325000000E+01
 
 1     748       0       2
-0.350000000E+01 0.200000000E+01-0.325000000E+01
 
 1     749       0       2
-0.350000000E+01 0.150000000E+01-0.325000000E+01
 
 1     750       0       2
-0.350000000E+01 0.100000000E+01-0.325000000E+01
 
 1     751       0       2
-0.350000000E+01-0.500000000E+00-0.325000000E+01
 
 1     752       0       2
-0.350000000E+01-0.100000000E+01-0.325000000E+01
 
 1     753       0       2
-0.350000000E+01-0.150000000E+01-0.325000000E+01
 
 1     754       0       2
-0.350000000E+01-0.250000000E+01-0.325000000E+01
 
 1     755       0       2
-0.350000000E+01-0.300000000E+01-0.325000000E+01
 
 1     756       0       2
-0.250000000E+01-0.350000000E+01-0.325000000E+01
 
 1     757       0       2
-0.200000000E+01-0.350000000E+01-0.325000000E+01
 
 1     758       0       2
-0.150000000E+01-0.350000000E+01-0.325000000E+01
 
 1     759       0       2
-0.500000000E+00-0.350000000E+01-0.325000000E+01
 
 1     760       0       2
 0.500000000E+00-0.350000000E+01-0.325000000E+01
 
 1     761       0       2
 0.150000000E+01-0.350000000E+01-0.325000000E+01
 
 1     762       0       2
 0.250000000E+01-0.350000000E+01-0.325000000E+01
 
 1     763       0       2
 0.300000000E+01-0.350000000E+01-0.325000000E+01
 
 1     764       0       2
 0.350000000E+01-0.250000000E+01-0.325000000E+01
 
 1     765       0       2
 0.350000000E+01-0.150000000E+01-0.325000000E+01
 
 1     766       0       2
 0.350000000E+01-0.500000000E+00-0.325000000E+01
 
 1     767       0       2
 0.350000000E+01 0.500000000E+00-0.325000000E+01
 
 1     768       0       2
 0.350000000E+01 0.100000000E+01-0.325000000E+01
 
 1     769       0       2
 0.350000000E+01 0.150000000E+01-0.325000000E+01
 
 1     770       0       2
 0.350000000E+01 0.250000000E+01-0.325000000E+01
 
 1     771       0       2
 0.350000000E+01 0.300000000E+01-0.325000000E+01
 
 1     772       0       2
 0.250000000E+01 0.350000000E+01-0.325000000E+01
 
 1     773       0       2
 0.150000000E+01 0.350000000E+01-0.325000000E+01
 
 1     774       0       2
 0.500000000E+00 0.350000000E+01-0.325000000E+01
 
 1     775       0       2
 0.000000000E+00 0.350000000E+01-0.325000000E+01
 
 1     776       0       2
-0.500000000E+00 0.350000000E+01-0.325000000E+01
 
 1     777       0       2
-0.100000000E+01 0.350000000E+01-0.325000000E+01
 
 1     778       0       2
-0.150000000E+01 0.350000000E+01-0.325000000E+01
 
 1     779       0       2
-0.200000000E+01 0.350000000E+01-0.325000000E+01
 
 1     780       0       2
-0.250000000E+01 0.350000000E+01-0.325000000E+01
 
 1     781       0       2
-0.350000000E+01 0.350000000E+01-0.325000000E+01
 
 1     782       0       2
-0.350000000E+01-0.350000000E+01-0.325000000E+01
 
 1     783       0       2
 0.350000000E+01-0.350000000E+01-0.325000000E+01
 
 1     784       0       2
 0.350000000E+01 0.350000000E+01-0.325000000E+01
 
 1     785       0       2
-0.400000000E+01 0.300000000E+01-0.325000000E+01
 
 1     786       0       2
-0.400000000E+01 0.250000000E+01-0.325000000E+01
 
 1     787       0       2
-0.400000000E+01 0.150000000E+01-0.325000000E+01
 
 1     788       0       2
-0.400000000E+01 0.500000000E+00-0.325000000E+01
 
 1     789       0       2
-0.400000000E+01-0.500000000E+00-0.325000000E+01
 
 1     790       0       2
-0.400000000E+01-0.100000000E+01-0.325000000E+01
 
 1     791       0       2
-0.400000000E+01-0.150000000E+01-0.325000000E+01
 
 1     792       0       2
-0.400000000E+01-0.200000000E+01-0.325000000E+01
 
 1     793       0       2
-0.400000000E+01-0.250000000E+01-0.325000000E+01
 
 1     794       0       2
-0.400000000E+01 0.350000000E+01-0.325000000E+01
 
 1     795       0       2
-0.400000000E+01-0.300000000E+01-0.325000000E+01
 
 1     796       0       2
-0.400000000E+01-0.350000000E+01-0.325000000E+01
 
 1     797       0       2
-0.250000000E+01-0.400000000E+01-0.325000000E+01
 
 1     798       0       2
-0.200000000E+01-0.400000000E+01-0.325000000E+01
 
 1     799       0       2
-0.150000000E+01-0.400000000E+01-0.325000000E+01
 
 1     800       0       2
-0.100000000E+01-0.400000000E+01-0.325000000E+01
 
 1     801       0       2
-0.500000000E+00-0.400000000E+01-0.325000000E+01
 
 1     802       0       2
 0.000000000E+00-0.400000000E+01-0.325000000E+01
 
 1     803       0       2
 0.500000000E+00-0.400000000E+01-0.325000000E+01
 
 1     804       0       2
 0.100000000E+01-0.400000000E+01-0.325000000E+01
 
 1     805       0       2
 0.150000000E+01-0.400000000E+01-0.325000000E+01
 
 1     806       0       2
 0.250000000E+01-0.400000000E+01-0.325000000E+01
 
 1     807       0       2
 0.400000000E+01-0.350000000E+01-0.325000000E+01
 
 1     808       0       2
 0.300000000E+01-0.400000000E+01-0.325000000E+01
 
 1     809       0       2
 0.350000000E+01-0.400000000E+01-0.325000000E+01
 
 1     810       0       2
 0.400000000E+01-0.150000000E+01-0.325000000E+01
 
 1     811       0       2
 0.400000000E+01-0.500000000E+00-0.325000000E+01
 
 1     812       0       2
 0.400000000E+01 0.500000000E+00-0.325000000E+01
 
 1     813       0       2
 0.400000000E+01 0.150000000E+01-0.325000000E+01
 
 1     814       0       2
 0.400000000E+01 0.250000000E+01-0.325000000E+01
 
 1     815       0       2
 0.350000000E+01 0.400000000E+01-0.325000000E+01
 
 1     816       0       2
 0.400000000E+01 0.300000000E+01-0.325000000E+01
 
 1     817       0       2
 0.400000000E+01 0.350000000E+01-0.325000000E+01
 
 1     818       0       2
 0.150000000E+01 0.400000000E+01-0.325000000E+01
 
 1     819       0       2
 0.500000000E+00 0.400000000E+01-0.325000000E+01
 
 1     820       0       2
 0.000000000E+00 0.400000000E+01-0.325000000E+01
 
 1     821       0       2
-0.500000000E+00 0.400000000E+01-0.325000000E+01
 
 1     822       0       2
-0.150000000E+01 0.400000000E+01-0.325000000E+01
 
 1     823       0       2
-0.200000000E+01 0.400000000E+01-0.325000000E+01
 
 1     824       0       2
-0.250000000E+01 0.400000000E+01-0.325000000E+01
 
 1     825       0       2
-0.400000000E+01 0.400000000E+01-0.325000000E+01
 
 1     826       0       2
-0.400000000E+01-0.400000000E+01-0.325000000E+01
 
 1     827       0       2
 0.400000000E+01-0.400000000E+01-0.325000000E+01
 
 1     828       0       2
 0.400000000E+01 0.400000000E+01-0.325000000E+01
 
 1     829       0       2
-0.450000000E+01 0.400000000E+01-0.325000000E+01
 
 1     830       0       2
-0.450000000E+01 0.350000000E+01-0.325000000E+01
 
 1     831       0       2
-0.450000000E+01 0.300000000E+01-0.325000000E+01
 
 1     832       0       2
-0.450000000E+01 0.250000000E+01-0.325000000E+01
 
 1     833       0       2
-0.450000000E+01 0.200000000E+01-0.325000000E+01
 
 1     834       0       2
-0.450000000E+01 0.150000000E+01-0.325000000E+01
 
 1     835       0       2
-0.450000000E+01 0.100000000E+01-0.325000000E+01
 
 1     836       0       2
-0.450000000E+01 0.500000000E+00-0.325000000E+01
 
 1     837       0       2
-0.450000000E+01 0.000000000E+00-0.325000000E+01
 
 1     838       0       2
-0.450000000E+01-0.500000000E+00-0.325000000E+01
 
 1     839       0       2
-0.450000000E+01-0.100000000E+01-0.325000000E+01
 
 1     840       0       2
-0.450000000E+01-0.150000000E+01-0.325000000E+01
 
 1     841       0       2
-0.450000000E+01-0.200000000E+01-0.325000000E+01
 
 1     842       0       2
-0.450000000E+01-0.250000000E+01-0.325000000E+01
 
 1     843       0       2
-0.450000000E+01-0.300000000E+01-0.325000000E+01
 
 1     844       0       2
-0.450000000E+01-0.350000000E+01-0.325000000E+01
 
 1     845       0       2
-0.450000000E+01-0.400000000E+01-0.325000000E+01
 
 1     846       0       2
-0.450000000E+01-0.450000000E+01-0.325000000E+01
 
 1     847       0       2
-0.400000000E+01-0.450000000E+01-0.325000000E+01
 
 1     848       0       2
-0.350000000E+01-0.450000000E+01-0.325000000E+01
 
 1     849       0       2
-0.300000000E+01-0.450000000E+01-0.325000000E+01
 
 1     850       0       2
-0.250000000E+01-0.450000000E+01-0.325000000E+01
 
 1     851       0       2
-0.200000000E+01-0.450000000E+01-0.325000000E+01
 
 1     852       0       2
-0.150000000E+01-0.450000000E+01-0.325000000E+01
 
 1     853       0       2
-0.100000000E+01-0.450000000E+01-0.325000000E+01
 
 1     854       0       2
-0.500000000E+00-0.450000000E+01-0.325000000E+01
 
 1     855       0       2
 0.000000000E+00-0.450000000E+01-0.325000000E+01
 
 1     856       0       2
 0.500000000E+00-0.450000000E+01-0.325000000E+01
 
 1     857       0       2
 0.100000000E+01-0.450000000E+01-0.325000000E+01
 
 1     858       0       2
 0.150000000E+01-0.450000000E+01-0.325000000E+01
 
 1     859       0       2
 0.200000000E+01-0.450000000E+01-0.325000000E+01
 
 1     860       0       2
 0.250000000E+01-0.450000000E+01-0.325000000E+01
 
 1     861       0       2
 0.300000000E+01-0.450000000E+01-0.325000000E+01
 
 1     862       0       2
 0.350000000E+01-0.450000000E+01-0.325000000E+01
 
 1     863       0       2
 0.400000000E+01-0.450000000E+01-0.325000000E+01
 
 1     864       0       2
 0.450000000E+01-0.450000000E+01-0.325000000E+01
 
 1     865       0       2
 0.450000000E+01-0.400000000E+01-0.325000000E+01
 
 1     866       0       2
 0.450000000E+01-0.350000000E+01-0.325000000E+01
 
 1     867       0       2
 0.450000000E+01-0.300000000E+01-0.325000000E+01
 
 1     868       0       2
 0.450000000E+01-0.250000000E+01-0.325000000E+01
 
 1     869       0       2
 0.450000000E+01-0.200000000E+01-0.325000000E+01
 
 1     870       0       2
 0.450000000E+01-0.150000000E+01-0.325000000E+01
 
 1     871       0       2
 0.450000000E+01-0.100000000E+01-0.325000000E+01
 
 1     872       0       2
 0.450000000E+01-0.500000000E+00-0.325000000E+01
 
 1     873       0       2
 0.450000000E+01 0.000000000E+00-0.325000000E+01
 
 1     874       0       2
 0.450000000E+01 0.500000000E+00-0.325000000E+01
 
 1     875       0       2
 0.450000000E+01 0.100000000E+01-0.325000000E+01
 
 1     876       0       2
 0.450000000E+01 0.150000000E+01-0.325000000E+01
 
 1     877       0       2
 0.450000000E+01 0.200000000E+01-0.325000000E+01
 
 1     878       0       2
 0.450000000E+01 0.250000000E+01-0.325000000E+01
 
 1     879       0       2
 0.450000000E+01 0.300000000E+01-0.325000000E+01
 
 1     880       0       2
 0.450000000E+01 0.350000000E+01-0.325000000E+01
 
 1     881       0       2
 0.450000000E+01 0.400000000E+01-0.325000000E+01
 
 1     882       0       2
 0.450000000E+01 0.450000000E+01-0.325000000E+01
 
 1     883       0       2
 0.400000000E+01 0.450000000E+01-0.325000000E+01
 
 1     884       0       2
 0.350000000E+01 0.450000000E+01-0.325000000E+01
 
 1     885       0       2
 0.300000000E+01 0.450000000E+01-0.325000000E+01
 
 1     886       0       2
 0.250000000E+01 0.450000000E+01-0.325000000E+01
 
 1     887       0       2
 0.200000000E+01 0.450000000E+01-0.325000000E+01
 
 1     888       0       2
 0.150000000E+01 0.450000000E+01-0.325000000E+01
 
 1     889       0       2
 0.100000000E+01 0.450000000E+01-0.325000000E+01
 
 1     890       0       2
 0.500000000E+00 0.450000000E+01-0.325000000E+01
 
 1     891       0       2
 0.000000000E+00 0.450000000E+01-0.325000000E+01
 
 1     892       0       2
-0.500000000E+00 0.450000000E+01-0.325000000E+01
 
 1     893       0       2
-0.100000000E+01 0.450000000E+01-0.325000000E+01
 
 1     894       0       2
-0.150000000E+01 0.450000000E+01-0.325000000E+01
 
 1     895       0       2
-0.200000000E+01 0.450000000E+01-0.325000000E+01
 
 1     896       0       2
-0.250000000E+01 0.450000000E+01-0.325000000E+01
 
 1     897       0       2
-0.300000000E+01 0.450000000E+01-0.325000000E+01
 
 1     898       0       2
-0.350000000E+01 0.450000000E+01-0.325000000E+01
 
 1     899       0       2
-0.400000000E+01 0.450000000E+01-0.325000000E+01
 
 1     900       0       2
-0.450000000E+01 0.450000000E+01-0.325000000E+01
 
 1     901       0       2
-0.250000000E+01-0.300000000E+01-0.325000000E+01
 
 1     902       0       2
-0.100000000E+01 0.400000000E+01-0.325000000E+01
 
 1     903       0       2
 0.400000000E+01-0.250000000E+01-0.325000000E+01
 
 1     904       0       2
 0.250000000E+01 0.400000000E+01-0.325000000E+01
 
 1     905       0       2
 0.200000000E+01 0.100000000E+01-0.325000000E+01
 
 1     906       0       2
 0.400000000E+01 0.100000000E+01-0.325000000E+01
 
 1     907       0       2
-0.200000000E+01-0.300000000E+01-0.325000000E+01
 
 1     908       0       2
-0.100000000E+01-0.300000000E+01-0.325000000E+01
 
 1     909       0       2
 0.100000000E+01 0.250000000E+01-0.325000000E+01
 
 1     910       0       2
 0.000000000E+00-0.100000000E+01-0.325000000E+01
 
 1     911       0       2
-0.250000000E+01-0.100000000E+01-0.325000000E+01
 
 1     912       0       2
-0.300000000E+01 0.000000000E+00-0.325000000E+01
 
 1     913       0       2
-0.300000000E+01 0.400000000E+01-0.325000000E+01
 
 1     914       0       2
-0.300000000E+01-0.350000000E+01-0.325000000E+01
 
 1     915       0       2
 0.200000000E+01-0.400000000E+01-0.325000000E+01
 
 1     916       0       2
-0.100000000E+01-0.350000000E+01-0.325000000E+01
 
 1     917       0       2
-0.300000000E+01-0.100000000E+01-0.325000000E+01
 
 1     918       0       2
 0.500000000E+00 0.100000000E+01-0.325000000E+01
 
 1     919       0       2
 0.000000000E+00-0.350000000E+01-0.325000000E+01
 
 1     920       0       2
 0.100000000E+01-0.350000000E+01-0.325000000E+01
 
 1     921       0       2
-0.500000000E+00-0.250000000E+01-0.325000000E+01
 
 1     922       0       2
 0.200000000E+01-0.500000000E+00-0.325000000E+01
 
 1     923       0       2
 0.000000000E+00-0.150000000E+01-0.325000000E+01
 
 1     924       0       2
-0.400000000E+01 0.000000000E+00-0.325000000E+01
 
 1     925       0       2
 0.400000000E+01 0.200000000E+01-0.325000000E+01
 
 1     926       0       2
 0.350000000E+01-0.300000000E+01-0.325000000E+01
 
 1     927       0       2
 0.300000000E+01 0.350000000E+01-0.325000000E+01
 
 1     928       0       2
 0.350000000E+01-0.200000000E+01-0.325000000E+01
 
 1     929       0       2
 0.200000000E+01 0.350000000E+01-0.325000000E+01
 
 1     930       0       2
 0.300000000E+01 0.000000000E+00-0.325000000E+01
 
 1     931       0       2
 0.250000000E+01-0.100000000E+01-0.325000000E+01
 
 1     932       0       2
-0.400000000E+01 0.200000000E+01-0.325000000E+01
 
 1     933       0       2
 0.150000000E+01 0.250000000E+01-0.325000000E+01
 
 1     934       0       2
 0.100000000E+01-0.200000000E+01-0.325000000E+01
 
 1     935       0       2
-0.400000000E+01 0.100000000E+01-0.325000000E+01
 
 1     936       0       2
 0.200000000E+01-0.350000000E+01-0.325000000E+01
 
 1     937       0       2
 0.350000000E+01 0.200000000E+01-0.325000000E+01
 
 1     938       0       2
-0.200000000E+01 0.000000000E+00-0.325000000E+01
 
 1     939       0       2
 0.350000000E+01 0.000000000E+00-0.325000000E+01
 
 1     940       0       2
-0.350000000E+01 0.000000000E+00-0.325000000E+01
 
 1     941       0       2
 0.150000000E+01 0.000000000E+00-0.325000000E+01
 
 1     942       0       2
-0.150000000E+01 0.000000000E+00-0.325000000E+01
 
 1     943       0       2
 0.200000000E+01 0.250000000E+01-0.325000000E+01
 
 1     944       0       2
 0.250000000E+01-0.200000000E+01-0.325000000E+01
 
 1     945       0       2
 0.300000000E+01 0.100000000E+01-0.325000000E+01
 
 1     946       0       2
 0.100000000E+01-0.300000000E+01-0.325000000E+01
 
 1     947       0       2
-0.200000000E+01-0.100000000E+01-0.325000000E+01
 
 1     948       0       2
 0.350000000E+01-0.100000000E+01-0.325000000E+01
 
 1     949       0       2
 0.100000000E+01 0.350000000E+01-0.325000000E+01
 
 1     950       0       2
-0.300000000E+01-0.400000000E+01-0.325000000E+01
 
 1     951       0       2
 0.300000000E+01-0.100000000E+01-0.325000000E+01
 
 1     952       0       2
 0.100000000E+01 0.300000000E+01-0.325000000E+01
 
 1     953       0       2
 0.300000000E+01 0.400000000E+01-0.325000000E+01
 
 1     954       0       2
 0.400000000E+01-0.300000000E+01-0.325000000E+01
 
 1     955       0       2
 0.100000000E+01 0.000000000E+00-0.325000000E+01
 
 1     956       0       2
-0.150000000E+01 0.150000000E+01-0.325000000E+01
 
 1     957       0       2
 0.250000000E+01 0.000000000E+00-0.325000000E+01
 
 1     958       0       2
-0.300000000E+01 0.200000000E+01-0.325000000E+01
 
 1     959       0       2
 0.200000000E+01-0.100000000E+01-0.325000000E+01
 
 1     960       0       2
 0.100000000E+01 0.200000000E+01-0.325000000E+01
 
 1     961       0       2
-0.350000000E+01-0.200000000E+01-0.325000000E+01
 
 1     962       0       2
-0.200000000E+01-0.250000000E+01-0.325000000E+01
 
 1     963       0       2
-0.350000000E+01 0.500000000E+00-0.325000000E+01
 
 1     964       0       2
 0.000000000E+00-0.250000000E+01-0.325000000E+01
 
 1     965       0       2
 0.500000000E+00-0.100000000E+01-0.325000000E+01
 
 1     966       0       2
 0.100000000E+01 0.400000000E+01-0.325000000E+01
 
 1     967       0       2
 0.200000000E+01 0.400000000E+01-0.325000000E+01
 
 1     968       0       2
 0.400000000E+01-0.100000000E+01-0.325000000E+01
 
 1     969       0       2
 0.400000000E+01-0.200000000E+01-0.325000000E+01
 
 1     970       0       2
 0.300000000E+01 0.200000000E+01-0.325000000E+01
 
 1     971       0       2
 0.400000000E+01 0.000000000E+00-0.325000000E+01
 
 1     972       0       2
-0.350000000E+01 0.400000000E+01-0.325000000E+01
 
 1     973       0       2
-0.350000000E+01-0.400000000E+01-0.325000000E+01
 
 1     974       0       2
-0.150000000E+01 0.100000000E+01-0.325000000E+01
 
 1     975       0       2
 0.100000000E+01 0.150000000E+01-0.325000000E+01
 
 1     976       0       2
 0.150000000E+01-0.100000000E+01-0.325000000E+01
 
 1     977       0       2
-0.250000000E+01 0.000000000E+00-0.325000000E+01
 
 1     978       0       2
 0.250000000E+01 0.100000000E+01-0.325000000E+01
 
 1     979       0       2
-0.100000000E+01-0.250000000E+01-0.325000000E+01
 
 1     980       0       2
 0.100000000E+01-0.250000000E+01-0.325000000E+01
 
 1     981       0       2
-0.249661016E+01-0.500000000E+01-0.139811110E+01
 
 1     982       0       2
-0.249639344E+01-0.500000000E+01-0.186102629E+01
 
 1     983       0       2
-0.299834561E+01-0.500000000E+01-0.139966106E+01
 
 1     984       0       2
-0.299792027E+01-0.500000000E+01-0.186226821E+01
 
 1     985       0       2
-0.500000000E+01 0.500049114E+00-0.185489118E+01
 
 1     986       0       2
-0.500000000E+01 0.499909222E+00-0.139246714E+01
 
 1     987       0       2
-0.500000000E+01-0.594735262E-03-0.185651600E+01
 
 1     988       0       2
-0.500000000E+01-0.673321949E-03-0.139370644E+01
 
 1     989       0       2
 0.500510812E+00 0.500000000E+01-0.185471535E+01
 
 1     990       0       2
 0.500499129E+00 0.500000000E+01-0.139239109E+01
 
 1     991       0       2
-0.155190559E-03 0.500000000E+01-0.185609519E+01
 
 1     992       0       2
-0.107094027E-03 0.500000000E+01-0.139334583E+01
 
 1     993       0       2
 0.500000000E+01 0.150149465E+01-0.185612297E+01
 
 1     994       0       2
 0.500000000E+01 0.150127351E+01-0.139339197E+01
 
 1     995       0       2
 0.500000000E+01 0.200193048E+01-0.185505319E+01
 
 1     996       0       2
 0.500000000E+01 0.200176001E+01-0.139208961E+01
 
 1     997       0       2
 0.198880172E+01-0.500000000E+01-0.139037609E+01
 
 1     998       0       2
 0.198857033E+01-0.500000000E+01-0.185261881E+01
 
 1     999       0       2
 0.148679340E+01-0.500000000E+01-0.139120483E+01
 
 1    1000       0       2
 0.148727441E+01-0.500000000E+01-0.185420942E+01
 
 1    1001       0       2
-0.476114405E-02-0.500000000E+01-0.139342630E+01
 
 2       1       4       2       0
       4       0       1
     627     622     620     623
 2       2       4       2       0
       4       0       1
     622     626     621     620
 2       3       4       2       0
       4       0       1
     621     625     624     620
 2       4       4       2       0
       4       0       1
     624     628     623     620
 2       5       4       2       0
       4       0       1
     621     631     629     625
 2       6       4       2       0
       4       0       1
     626     632     631     621
 2       7       4       2       0
       4       0       1
     622     910     630     626
 2       8       4       2       0
       4       0       1
     627     965     910     622
 2       9       4       2       0
       4       0       1
     623     955     633     627
 2      10       4       2       0
       4       0       1
     628     634     955     623
 2      11       4       2       0
       4       0       1
     625     636     635     624
 2      12       4       2       0
       4       0       1
     635     918     628     624
 2      13       4       2       0
       4       0       1
     629     637     636     625
 2      14       4       2       0
       4       0       1
     630     638     632     626
 2      15       4       2       0
       4       0       1
     633     639     965     627
 2      16       4       2       0
       4       0       1
     918     640     634     628
 2      17       4       2       0
       4       0       1
     631     942     642     629
 2      18       4       2       0
       4       0       1
     629     642     974     637
 2      19       4       2       0
       4       0       1
     910     923     646     630
 2      20       4       2       0
       4       0       1
     630     646     645     638
 2      21       4       2       0
       4       0       1
     638     644     643     632
 2      22       4       2       0
       4       0       1
     632     643     942     631
 2      23       4       2       0
       4       0       1
     955     941     649     633
 2      24       4       2       0
       4       0       1
     633     649     976     639
 2      25       4       2       0
       4       0       1
     639     648     647     965
 2      26       4       2       0
       4       0       1
     965     647     923     910
 2      27       4       2       0
       4       0       1
     635     653     652     918
 2      28       4       2       0
       4       0       1
     918     652     975     640
 2      29       4       2       0
       4       0       1
     640     651     650     634
 2      30       4       2       0
       4       0       1
     634     650     941     955
 2      31       4       2       0
       4       0       1
     637     641     654     636
 2      32       4       2       0
       4       0       1
     636     654     653     635
 2      33       4       2       0
       4       0       1
     974     956     641     637
 2      34       4       2       0
       4       0       1
     645     655     644     638
 2      35       4       2       0
       4       0       1
     976     656     648     639
 2      36       4       2       0
       4       0       1
     975     657     651     640
 2      37       4       2       0
       4       0       1
     641     677     676     654
 2      38       4       2       0
       4       0       1
     956     678     677     641
 2      39       4       2       0
       4       0       1
     974     658     661     956
 2      40       4       2       0
       4       0       1
     942     938     659     642
 2      41       4       2       0
       4       0       1
     642     659     658     974
 2      42       4       2       0
       4       0       1
     644     947     660     643
 2      43       4       2       0
       4       0       1
     643     660     938     942
 2      44       4       2       0
       4       0       1
     655     663     947     644
 2      45       4       2       0
       4       0       1
     645     664     662     655
 2      46       4       2       0
       4       0       1
     923     666     665     646
 2      47       4       2       0
       4       0       1
     646     665     664     645
 2      48       4       2       0
       4       0       1
     648     934     667     647
 2      49       4       2       0
       4       0       1
     647     667     666     923
 2      50       4       2       0
       4       0       1
     656     669     934     648
 2      51       4       2       0
       4       0       1
     976     959     668     656
 2      52       4       2       0
       4       0       1
     941     670     922     649
 2      53       4       2       0
       4       0       1
     649     922     959     976
 2      54       4       2       0
       4       0       1
     651     905     671     650
 2      55       4       2       0
       4       0       1
     650     671     670     941
 2      56       4       2       0
       4       0       1
     657     673     905     651
 2      57       4       2       0
       4       0       1
     975     960     672     657
 2      58       4       2       0
       4       0       1
     653     675     674     652
 2      59       4       2       0
       4       0       1
     652     674     960     975
 2      60       4       2       0
       4       0       1
     654     676     675     653
 2      61       4       2       0
       4       0       1
     661     679     678     956
 2      62       4       2       0
       4       0       1
     662     680     663     655
 2      63       4       2       0
       4       0       1
     668     681     669     656
 2      64       4       2       0
       4       0       1
     672     682     673     657
 2      65       4       2       0
       4       0       1
     658     686     685     661
 2      66       4       2       0
       4       0       1
     938     977     687     659
 2      67       4       2       0
       4       0       1
     659     687     686     658
 2      68       4       2       0
       4       0       1
     947     911     688     660
 2      69       4       2       0
       4       0       1
     660     688     977     938
 2      70       4       2       0
       4       0       1
     661     685     684     679
 2      71       4       2       0
       4       0       1
     664     979     691     662
 2      72       4       2       0
       4       0       1
     662     691     962     680
 2      73       4       2       0
       4       0       1
     680     690     689     663
 2      74       4       2       0
       4       0       1
     663     689     911     947
 2      75       4       2       0
       4       0       1
     666     964     921     665
 2      76       4       2       0
       4       0       1
     665     921     979     664
 2      77       4       2       0
       4       0       1
     934     980     692     667
 2      78       4       2       0
       4       0       1
     667     692     964     666
 2      79       4       2       0
       4       0       1
     959     931     695     668
 2      80       4       2       0
       4       0       1
     668     695     944     681
 2      81       4       2       0
       4       0       1
     681     694     693     669
 2      82       4       2       0
       4       0       1
     669     693     980     934
 2      83       4       2       0
       4       0       1
     670     957     696     922
 2      84       4       2       0
       4       0       1
     922     696     931     959
 2      85       4       2       0
       4       0       1
     905     978     697     671
 2      86       4       2       0
       4       0       1
     671     697     957     670
 2      87       4       2       0
       4       0       1
     960     909     933     672
 2      88       4       2       0
       4       0       1
     672     933     943     682
 2      89       4       2       0
       4       0       1
     682     699     698     673
 2      90       4       2       0
       4       0       1
     673     698     978     905
 2      91       4       2       0
       4       0       1
     675     701     700     674
 2      92       4       2       0
       4       0       1
     674     700     909     960
 2      93       4       2       0
       4       0       1
     677     703     702     676
 2      94       4       2       0
       4       0       1
     676     702     701     675
 2      95       4       2       0
       4       0       1
     679     683     704     678
 2      96       4       2       0
       4       0       1
     678     704     703     677
 2      97       4       2       0
       4       0       1
     684     705     683     679
 2      98       4       2       0
       4       0       1
     962     706     690     680
 2      99       4       2       0
       4       0       1
     944     707     694     681
 2     100       4       2       0
       4       0       1
     943     708     699     682
 2     101       4       2       0
       4       0       1
     683     739     738     704
 2     102       4       2       0
       4       0       1
     705     740     739     683
 2     103       4       2       0
       4       0       1
     684     958     714     705
 2     104       4       2       0
       4       0       1
     686     710     709     685
 2     105       4       2       0
       4       0       1
     685     709     958     684
 2     106       4       2       0
       4       0       1
     977     912     711     687
 2     107       4       2       0
       4       0       1
     687     711     710     686
 2     108       4       2       0
       4       0       1
     911     917     712     688
 2     109       4       2       0
       4       0       1
     688     712     912     977
 2     110       4       2       0
       4       0       1
     690     715     713     689
 2     111       4       2       0
       4       0       1
     689     713     917     911
 2     112       4       2       0
       4       0       1
     706     716     715     690
 2     113       4       2       0
       4       0       1
     962     907     901     706
 2     114       4       2       0
       4       0       1
     979     908     717     691
 2     115       4       2       0
       4       0       1
     691     717     907     962
 2     116       4       2       0
       4       0       1
     964     719     718     921
 2     117       4       2       0
       4       0       1
     921     718     908     979
 2     118       4       2       0
       4       0       1
     980     946     720     692
 2     119       4       2       0
       4       0       1
     692     720     719     964
 2     120       4       2       0
       4       0       1
     694     723     721     693
 2     121       4       2       0
       4       0       1
     693     721     946     980
 2     122       4       2       0
       4       0       1
     707     724     723     694
 2     123       4       2       0
       4       0       1
     944     725     722     707
 2     124       4       2       0
       4       0       1
     931     951     726     695
 2     125       4       2       0
       4       0       1
     695     726     725     944
 2     126       4       2       0
       4       0       1
     957     930     727     696
 2     127       4       2       0
       4       0       1
     696     727     951     931
 2     128       4       2       0
       4       0       1
     978     945     728     697
 2     129       4       2       0
       4       0       1
     697     728     930     957
 2     130       4       2       0
       4       0       1
     699     970     729     698
 2     131       4       2       0
       4       0       1
     698     729     945     978
 2     132       4       2       0
       4       0       1
     708     731     970     699
 2     133       4       2       0
       4       0       1
     943     732     730     708
 2     134       4       2       0
       4       0       1
     909     952     733     933
 2     135       4       2       0
       4       0       1
     933     733     732     943
 2     136       4       2       0
       4       0       1
     701     735     734     700
 2     137       4       2       0
       4       0       1
     700     734     952     909
 2     138       4       2       0
       4       0       1
     703     737     736     702
 2     139       4       2       0
       4       0       1
     702     736     735     701
 2     140       4       2       0
       4       0       1
     704     738     737     703
 2     141       4       2       0
       4       0       1
     714     741     740     705
 2     142       4       2       0
       4       0       1
     901     742     716     706
 2     143       4       2       0
       4       0       1
     722     743     724     707
 2     144       4       2       0
       4       0       1
     730     744     731     708
 2     145       4       2       0
       4       0       1
     958     748     747     714
 2     146       4       2       0
       4       0       1
     710     750     749     709
 2     147       4       2       0
       4       0       1
     709     749     748     958
 2     148       4       2       0
       4       0       1
     912     940     963     711
 2     149       4       2       0
       4       0       1
     711     963     750     710
 2     150       4       2       0
       4       0       1
     917     752     751     712
 2     151       4       2       0
       4       0       1
     712     751     940     912
 2     152       4       2       0
       4       0       1
     715     961     753     713
 2     153       4       2       0
       4       0       1
     713     753     752     917
 2     154       4       2       0
       4       0       1
     714     747     746     741
 2     155       4       2       0
       4       0       1
     907     757     756     901
 2     156       4       2       0
       4       0       1
     901     756     914     742
 2     157       4       2       0
       4       0       1
     742     755     754     716
 2     158       4       2       0
       4       0       1
     716     754     961     715
 2     159       4       2       0
       4       0       1
     908     916     758     717
 2     160       4       2       0
       4       0       1
     717     758     757     907
 2     161       4       2       0
       4       0       1
     719     919     759     718
 2     162       4       2       0
       4       0       1
     718     759     916     908
 2     163       4       2       0
       4       0       1
     946     920     760     720
 2     164       4       2       0
       4       0       1
     720     760     919     719
 2     165       4       2       0
       4       0       1
     723     936     761     721
 2     166       4       2       0
       4       0       1
     721     761     920     946
 2     167       4       2       0
       4       0       1
     725     928     764     722
 2     168       4       2       0
       4       0       1
     722     764     926     743
 2     169       4       2       0
       4       0       1
     743     763     762     724
 2     170       4       2       0
       4       0       1
     724     762     936     723
 2     171       4       2       0
       4       0       1
     951     948     765     726
 2     172       4       2       0
       4       0       1
     726     765     928     725
 2     173       4       2       0
       4       0       1
     930     939     766     727
 2     174       4       2       0
       4       0       1
     727     766     948     951
 2     175       4       2       0
       4       0       1
     945     768     767     728
 2     176       4       2       0
       4       0       1
     728     767     939     930
 2     177       4       2       0
       4       0       1
     970     937     769     729
 2     178       4       2       0
       4       0       1
     729     769     768     945
 2     179       4       2       0
       4       0       1
     732     929     772     730
 2     180       4       2       0
       4       0       1
     730     772     927     744
 2     181       4       2       0
       4       0       1
     744     771     770     731
 2     182       4       2       0
       4       0       1
     731     770     937     970
 2     183       4       2       0
       4       0       1
     952     949     773     733
 2     184       4       2       0
       4       0       1
     733     773     929     732
 2     185       4       2       0
       4       0       1
     735     775     774     734
 2     186       4       2       0
       4       0       1
     734     774     949     952
 2     187       4       2       0
       4       0       1
     737     777     776     736
 2     188       4       2       0
       4       0       1
     736     776     775     735
 2     189       4       2       0
       4       0       1
     739     779     778     738
 2     190       4       2       0
       4       0       1
     738     778     777     737
 2     191       4       2       0
       4       0       1
     741     745     780     740
 2     192       4       2       0
       4       0       1
     740     780     779     739
 2     193       4       2       0
       4       0       1
     746     781     745     741
 2     194       4       2       0
       4       0       1
     914     782     755     742
 2     195       4       2       0
       4       0       1
     926     783     763     743
 2     196       4       2       0
       4       0       1
     927     784     771     744
 2     197       4       2       0
       4       0       1
     745     913     824     780
 2     198       4       2       0
       4       0       1
     781     972     913     745
 2     199       4       2       0
       4       0       1
     746     785     794     781
 2     200       4       2       0
       4       0       1
     748     932     786     747
 2     201       4       2       0
       4       0       1
     747     786     785     746
 2     202       4       2       0
       4       0       1
     750     935     787     749
 2     203       4       2       0
       4       0       1
     749     787     932     748
 2     204       4       2       0
       4       0       1
     940     924     788     963
 2     205       4       2       0
       4       0       1
     963     788     935     750
 2     206       4       2       0
       4       0       1
     752     790     789     751
 2     207       4       2       0
       4       0       1
     751     789     924     940
 2     208       4       2       0
       4       0       1
     961     792     791     753
 2     209       4       2       0
       4       0       1
     753     791     790     752
 2     210       4       2       0
       4       0       1
     755     795     793     754
 2     211       4       2       0
       4       0       1
     754     793     792     961
 2     212       4       2       0
       4       0       1
     782     796     795     755
 2     213       4       2       0
       4       0       1
     914     950     973     782
 2     214       4       2       0
       4       0       1
     757     798     797     756
 2     215       4       2       0
       4       0       1
     756     797     950     914
 2     216       4       2       0
       4       0       1
     916     800     799     758
 2     217       4       2       0
       4       0       1
     758     799     798     757
 2     218       4       2       0
       4       0       1
     919     802     801     759
 2     219       4       2       0
       4       0       1
     759     801     800     916
 2     220       4       2       0
       4       0       1
     920     804     803     760
 2     221       4       2       0
       4       0       1
     760     803     802     919
 2     222       4       2       0
       4       0       1
     936     915     805     761
 2     223       4       2       0
       4       0       1
     761     805     804     920
 2     224       4       2       0
       4       0       1
     763     808     806     762
 2     225       4       2       0
       4       0       1
     762     806     915     936
 2     226       4       2       0
       4       0       1
     783     809     808     763
 2     227       4       2       0
       4       0       1
     926     954     807     783
 2     228       4       2       0
       4       0       1
     928     969     903     764
 2     229       4       2       0
       4       0       1
     764     903     954     926
 2     230       4       2       0
       4       0       1
     948     968     810     765
 2     231       4       2       0
       4       0       1
     765     810     969     928
 2     232       4       2       0
       4       0       1
     939     971     811     766
 2     233       4       2       0
       4       0       1
     766     811     968     948
 2     234       4       2       0
       4       0       1
     768     906     812     767
 2     235       4       2       0
       4       0       1
     767     812     971     939
 2     236       4       2       0
       4       0       1
     937     925     813     769
 2     237       4       2       0
       4       0       1
     769     813     906     768
 2     238       4       2       0
       4       0       1
     771     816     814     770
 2     239       4       2       0
       4       0       1
     770     814     925     937
 2     240       4       2       0
       4       0       1
     784     817     816     771
 2     241       4       2       0
       4       0       1
     927     953     815     784
 2     242       4       2       0
       4       0       1
     929     967     904     772
 2     243       4       2       0
       4       0       1
     772     904     953     927
 2     244       4       2       0
       4       0       1
     949     966     818     773
 2     245       4       2       0
       4       0       1
     773     818     967     929
 2     246       4       2       0
       4       0       1
     775     820     819     774
 2     247       4       2       0
       4       0       1
     774     819     966     949
 2     248       4       2       0
       4       0       1
     777     902     821     776
 2     249       4       2       0
       4       0       1
     776     821     820     775
 2     250       4       2       0
       4       0       1
     779     823     822     778
 2     251       4       2       0
       4       0       1
     778     822     902     777
 2     252       4       2       0
       4       0       1
     780     824     823     779
 2     253       4       2       0
       4       0       1
     794     825     972     781
 2     254       4       2       0
       4       0       1
     973     826     796     782
 2     255       4       2       0
       4       0       1
     807     827     809     783
 2     256       4       2       0
       4       0       1
     815     828     817     784
 2     257       4       2       0
       4       0       1
     785     831     830     794
 2     258       4       2       0
       4       0       1
     932     833     832     786
 2     259       4       2       0
       4       0       1
     786     832     831     785
 2     260       4       2       0
       4       0       1
     935     835     834     787
 2     261       4       2       0
       4       0       1
     787     834     833     932
 2     262       4       2       0
       4       0       1
     924     837     836     788
 2     263       4       2       0
       4       0       1
     788     836     835     935
 2     264       4       2       0
       4       0       1
     790     839     838     789
 2     265       4       2       0
       4       0       1
     789     838     837     924
 2     266       4       2       0
       4       0       1
     792     841     840     791
 2     267       4       2       0
       4       0       1
     791     840     839     790
 2     268       4       2       0
       4       0       1
     795     843     842     793
 2     269       4       2       0
       4       0       1
     793     842     841     792
 2     270       4       2       0
       4       0       1
     794     830     829     825
 2     271       4       2       0
       4       0       1
     950     849     848     973
 2     272       4       2       0
       4       0       1
     973     848     847     826
 2     273       4       2       0
       4       0       1
     826     845     844     796
 2     274       4       2       0
       4       0       1
     796     844     843     795
 2     275       4       2       0
       4       0       1
     798     851     850     797
 2     276       4       2       0
       4       0       1
     797     850     849     950
 2     277       4       2       0
       4       0       1
     800     853     852     799
 2     278       4       2       0
       4       0       1
     799     852     851     798
 2     279       4       2       0
       4       0       1
     802     855     854     801
 2     280       4       2       0
       4       0       1
     801     854     853     800
 2     281       4       2       0
       4       0       1
     804     857     856     803
 2     282       4       2       0
       4       0       1
     803     856     855     802
 2     283       4       2       0
       4       0       1
     915     859     858     805
 2     284       4       2       0
       4       0       1
     805     858     857     804
 2     285       4       2       0
       4       0       1
     808     861     860     806
 2     286       4       2       0
       4       0       1
     806     860     859     915
 2     287       4       2       0
       4       0       1
     954     867     866     807
 2     288       4       2       0
       4       0       1
     807     866     865     827
 2     289       4       2       0
       4       0       1
     827     863     862     809
 2     290       4       2       0
       4       0       1
     809     862     861     808
 2     291       4       2       0
       4       0       1
     969     869     868     903
 2     292       4       2       0
       4       0       1
     903     868     867     954
 2     293       4       2       0
       4       0       1
     968     871     870     810
 2     294       4       2       0
       4       0       1
     810     870     869     969
 2     295       4       2       0
       4       0       1
     971     873     872     811
 2     296       4       2       0
       4       0       1
     811     872     871     968
 2     297       4       2       0
       4       0       1
     906     875     874     812
 2     298       4       2       0
       4       0       1
     812     874     873     971
 2     299       4       2       0
       4       0       1
     925     877     876     813
 2     300       4       2       0
       4       0       1
     813     876     875     906
 2     301       4       2       0
       4       0       1
     816     879     878     814
 2     302       4       2       0
       4       0       1
     814     878     877     925
 2     303       4       2       0
       4       0       1
     953     885     884     815
 2     304       4       2       0
       4       0       1
     815     884     883     828
 2     305       4       2       0
       4       0       1
     828     881     880     817
 2     306       4       2       0
       4       0       1
     817     880     879     816
 2     307       4       2       0
       4       0       1
     967     887     886     904
 2     308       4       2       0
       4       0       1
     904     886     885     953
 2     309       4       2       0
       4       0       1
     966     889     888     818
 2     310       4       2       0
       4       0       1
     818     888     887     967
 2     311       4       2       0
       4       0       1
     820     891     890     819
 2     312       4       2       0
       4       0       1
     819     890     889     966
 2     313       4       2       0
       4       0       1
     902     893     892     821
 2     314       4       2       0
       4       0       1
     821     892     891     820
 2     315       4       2       0
       4       0       1
     823     895     894     822
 2     316       4       2       0
       4       0       1
     822     894     893     902
 2     317       4       2       0
       4       0       1
     913     897     896     824
 2     318       4       2       0
       4       0       1
     824     896     895     823
 2     319       4       2       0
       4       0       1
     825     899     898     972
 2     320       4       2       0
       4       0       1
     972     898     897     913
 2     321       4       2       0
       4       0       1
     829     900     899     825
 2     322       4       2       0
       4       0       1
     847     846     845     826
 2     323       4       2       0
       4       0       1
     865     864     863     827
 2     324       4       2       0
       4       0       1
     883     882     881     828
 2     325       4       2       0
       4       0       1
     829      45      46     900
 2     326       4       2       0
       4       0       1
     830      44      45     829
 2     327       4       2       0
       4       0       1
     831      43      44     830
 2     328       4       2       0
       4       0       1
     832      42      43     831
 2     329       4       2       0
       4       0       1
     833      41      42     832
 2     330       4       2       0
       4       0       1
     834      40      41     833
 2     331       4       2       0
       4       0       1
     835      39      40     834
 2     332       4       2       0
       4       0       1
     836      38      39     835
 2     333       4       2       0
       4       0       1
     837      37      38     836
 2     334       4       2       0
       4       0       1
     838      36      37     837
 2     335       4       2       0
       4       0       1
     839      35      36     838
 2     336       4       2       0
       4       0       1
     840      34      35     839
 2     337       4       2       0
       4       0       1
     841      33      34     840
 2     338       4       2       0
       4       0       1
     842      32      33     841
 2     339       4       2       0
       4       0       1
     843      31      32     842
 2     340       4       2       0
       4       0       1
     844      30      31     843
 2     341       4       2       0
       4       0       1
     845      29      30     844
 2     342       4       2       0
       4       0       1
     846      28      29     845
 2     343       4       2       0
       4       0       1
     846       9       1      28
 2     344       4       2       0
       4       0       1
     847      10       9     846
 2     345       4       2       0
       4       0       1
     848      11      10     847
 2     346       4       2       0
       4       0       1
     849      12      11     848
 2     347       4       2       0
       4       0       1
     850      13      12     849
 2     348       4       2       0
       4       0       1
     851      14      13     850
 2     349       4       2       0
       4       0       1
     852      15      14     851
 2     350       4       2       0
       4       0       1
     853      16      15     852
 2     351       4       2       0
       4       0       1
     854      17      16     853
 2     352       4       2       0
       4       0       1
     855      18      17     854
 2     353       4       2       0
       4       0       1
     856      19      18     855
 2     354       4       2       0
       4       0       1
     857      20      19     856
 2     355       4       2       0
       4       0       1
     858      21      20     857
 2     356       4       2       0
       4       0       1
     859      22      21     858
 2     357       4       2       0
       4       0       1
     860      23      22     859
 2     358       4       2       0
       4       0       1
     861      24      23     860
 2     359       4       2       0
       4       0       1
     862      25      24     861
 2     360       4       2       0
       4       0       1
     863      26      25     862
 2     361       4       2       0
       4       0       1
     864      27      26     863
 2     362       4       2       0
       4       0       1
     864      47       2      27
 2     363       4       2       0
       4       0       1
     865      48      47     864
 2     364       4       2       0
       4       0       1
     866      49      48     865
 2     365       4       2       0
       4       0       1
     867      50      49     866
 2     366       4       2       0
       4       0       1
     868      51      50     867
 2     367       4       2       0
       4       0       1
     869      52      51     868
 2     368       4       2       0
       4       0       1
     870      53      52     869
 2     369       4       2       0
       4       0       1
     871      54      53     870
 2     370       4       2       0
       4       0       1
     872      55      54     871
 2     371       4       2       0
       4       0       1
     873      56      55     872
 2     372       4       2       0
       4       0       1
     874      57      56     873
 2     373       4       2       0
       4       0       1
     875      58      57     874
 2     374       4       2       0
       4       0       1
     876      59      58     875
 2     375       4       2       0
       4       0       1
     877      60      59     876
 2     376       4       2       0
       4       0       1
     878      61      60     877
 2     377       4       2       0
       4       0       1
     879      62      61     878
 2     378       4       2       0
       4       0       1
     880      63      62     879
 2     379       4       2       0
       4       0       1
     881      64      63     880
 2     380       4       2       0
       4       0       1
     882      65      64     881
 2     381       4       2       0
       4       0       1
     882      84       4      65
 2     382       4       2       0
       4       0       1
     883      83      84     882
 2     383       4       2       0
       4       0       1
     884      82      83     883
 2     384       4       2       0
       4       0       1
     885      81      82     884
 2     385       4       2       0
       4       0       1
     886      80      81     885
 2     386       4       2       0
       4       0       1
     887      79      80     886
 2     387       4       2       0
       4       0       1
     888      78      79     887
 2     388       4       2       0
       4       0       1
     889      77      78     888
 2     389       4       2       0
       4       0       1
     890      76      77     889
 2     390       4       2       0
       4       0       1
     891      75      76     890
 2     391       4       2       0
       4       0       1
     892      74      75     891
 2     392       4       2       0
       4       0       1
     893      73      74     892
 2     393       4       2       0
       4       0       1
     894      72      73     893
 2     394       4       2       0
       4       0       1
     895      71      72     894
 2     395       4       2       0
       4       0       1
     896      70      71     895
 2     396       4       2       0
       4       0       1
     897      69      70     896
 2     397       4       2       0
       4       0       1
     898      68      69     897
 2     398       4       2       0
       4       0       1
     899      67      68     898
 2     399       4       2       0
       4       0       1
     900      66      67     899
 2     400       4       2       0
       4       0       1
      46       3      66     900
 2     401       4       2       0
       4       0       1
     524     525     548     547
 2     402       4       2       0
       4       0       1
     617     548     525     999
 2     403       4       2       0
       4       0       1
     618     533     998    1000
 2     404       4       2       0
       4       0       1
     999     525     517    1000
 2     405       4       2       0
       4       0       1
     534     618    1000     517
 2     406       4       2       0
       4       0       1
     997     999    1000     998
 2     407       4       2       0
       4       0       1
     549     617     999     997
 2     408       4       2       0
       4       0       1
     533     532     516     998
 2     409       4       2       0
       4       0       1
     521     611     607     522
 2     410       4       2       0
       4       0       1
     611     520     523     607
 2     411       4       2       0
       4       0       1
     520     610     612     523
 2     412       4       2       0
       4       0       1
     613     549     997     619
 2     413       4       2       0
       4       0       1
     516     515     526     619
 2     414       4       2       0
       4       0       1
     619     526     550     613
 2     415       4       2       0
       4       0       1
     516     532     527     515
 2     416       4       2       0
       4       0       1
     527     551     529     515
 2     417       4       2       0
       4       0       1
     515     529     530     526
 2     418       4       2       0
       4       0       1
    1001     524     547     546
 2     419       4       2       0
       4       0       1
     518     535     534     517
 2     420       4       2       0
       4       0       1
    1001     612     610     519
 2     421       4       2       0
       4       0       1
     610     537     536     519
 2     422       4       2       0
       4       0       1
     519     536     535     518
 2     423       4       2       0
       4       0       1
     611     539     538     520
 2     424       4       2       0
       4       0       1
     520     538     537     610
 2     425       4       2       0
       4       0       1
     521     540     539     611
 2     426       4       2       0
       4       0       1
     607     544     543     522
 2     427       4       2       0
       4       0       1
     612     616     545     523
 2     428       4       2       0
       4       0       1
     523     545     544     607
 2     429       4       2       0
       4       0       1
     619     997     998     516
 2     430       4       2       0
       4       0       1
    1001     519     518     524
 2     431       4       2       0
       4       0       1
     525     524     518     517
 2     432       4       2       0
       4       0       1
    1001     546     616     612
 2     433       4       2       0
       4       0       1
     530     553     550     526
 2     434       4       2       0
       4       0       1
     532     564     563     527
 2     435       4       2       0
       4       0       1
     563     562     551     527
 2     436       4       2       0
       4       0       1
     528     560     555     531
 2     437       4       2       0
       4       0       1
     556     561     560     528
 2     438       4       2       0
       4       0       1
     615     581     580     608
 2     439       4       2       0
       4       0       1
     580     579     556     608
 2     440       4       2       0
       4       0       1
     529     554     614     530
 2     441       4       2       0
       4       0       1
     551     557     554     529
 2     442       4       2       0
       4       0       1
     530     614     559     553
 2     443       4       2       0
       4       0       1
     531     555     558     552
 2     444       4       2       0
       4       0       1
     618     566     565     533
 2     445       4       2       0
       4       0       1
     533     565     564     532
 2     446       4       2       0
       4       0       1
     535     568     567     534
 2     447       4       2       0
       4       0       1
     534     567     566     618
 2     448       4       2       0
       4       0       1
     537     570     569     536
 2     449       4       2       0
       4       0       1
     536     569     568     535
 2     450       4       2       0
       4       0       1
     539     572     571     538
 2     451       4       2       0
       4       0       1
     538     571     570     537
 2     452       4       2       0
       4       0       1
     541     574     573     540
 2     453       4       2       0
       4       0       1
     540     573     572     539
 2     454       4       2       0
       4       0       1
     552     576     575     542
 2     455       4       2       0
       4       0       1
     542     575     574     541
 2     456       4       2       0
       4       0       1
     544     583     582     543
 2     457       4       2       0
       4       0       1
     543     582     581     615
 2     458       4       2       0
       4       0       1
     616     585     584     545
 2     459       4       2       0
       4       0       1
     545     584     583     544
 2     460       4       2       0
       4       0       1
     547     587     586     546
 2     461       4       2       0
       4       0       1
     546     586     585     616
 2     462       4       2       0
       4       0       1
     617     589     588     548
 2     463       4       2       0
       4       0       1
     548     588     587     547
 2     464       4       2       0
       4       0       1
     613     591     590     549
 2     465       4       2       0
       4       0       1
     549     590     589     617
 2     466       4       2       0
       4       0       1
     553     593     592     550
 2     467       4       2       0
       4       0       1
     550     592     591     613
 2     468       4       2       0
       4       0       1
     551     562     609     557
 2     469       4       2       0
       4       0       1
     558     577     576     552
 2     470       4       2       0
       4       0       1
     559     599     593     553
 2     471       4       2       0
       4       0       1
     614     602     601     559
 2     472       4       2       0
       4       0       1
     557     604     603     554
 2     473       4       2       0
       4       0       1
     554     603     602     614
 2     474       4       2       0
       4       0       1
     555     597     598     558
 2     475       4       2       0
       4       0       1
     560     596     597     555
 2     476       4       2       0
       4       0       1
     556     579     578     561
 2     477       4       2       0
       4       0       1
     609     605     604     557
 2     478       4       2       0
       4       0       1
     598     606     577     558
 2     479       4       2       0
       4       0       1
     559     601     600     599
 2     480       4       2       0
       4       0       1
     561     594     596     560
 2     481       4       2       0
       4       0       1
     578     595     594     561
 2     482       4       2       0
       4       0       1
     609      26      27     605
 2     483       4       2       0
       4       0       1
     562      25      26     609
 2     484       4       2       0
       4       0       1
     563      24      25     562
 2     485       4       2       0
       4       0       1
     564      23      24     563
 2     486       4       2       0
       4       0       1
     565      22      23     564
 2     487       4       2       0
       4       0       1
     566      21      22     565
 2     488       4       2       0
       4       0       1
     567      20      21     566
 2     489       4       2       0
       4       0       1
     568      19      20     567
 2     490       4       2       0
       4       0       1
     569      18      19     568
 2     491       4       2       0
       4       0       1
     570      17      18     569
 2     492       4       2       0
       4       0       1
     571      16      17     570
 2     493       4       2       0
       4       0       1
     572      15      16     571
 2     494       4       2       0
       4       0       1
     573      14      15     572
 2     495       4       2       0
       4       0       1
     574      13      14     573
 2     496       4       2       0
       4       0       1
     575      12      13     574
 2     497       4       2       0
       4       0       1
     576      11      12     575
 2     498       4       2       0
       4       0       1
     577      10      11     576
 2     499       4       2       0
       4       0       1
     606       9      10     577
 2     500       4       2       0
       4       0       1
     578     164     165     595
 2     501       4       2       0
       4       0       1
     579     163     164     578
 2     502       4       2       0
       4       0       1
     580     162     163     579
 2     503       4       2       0
       4       0       1
     581     161     162     580
 2     504       4       2       0
       4       0       1
     582     160     161     581
 2     505       4       2       0
       4       0       1
     583     159     160     582
 2     506       4       2       0
       4       0       1
     584     158     159     583
 2     507       4       2       0
       4       0       1
     585     157     158     584
 2     508       4       2       0
       4       0       1
     586     156     157     585
 2     509       4       2       0
       4       0       1
     587     155     156     586
 2     510       4       2       0
       4       0       1
     588     154     155     587
 2     511       4       2       0
       4       0       1
     589     153     154     588
 2     512       4       2       0
       4       0       1
     590     152     153     589
 2     513       4       2       0
       4       0       1
     591     151     152     590
 2     514       4       2       0
       4       0       1
     592     150     151     591
 2     515       4       2       0
       4       0       1
     593     149     150     592
 2     516       4       2       0
       4       0       1
     599     148     149     593
 2     517       4       2       0
       4       0       1
     594     145     144     596
 2     518       4       2       0
       4       0       1
     595     146     145     594
 2     519       4       2       0
       4       0       1
     165       8     146     595
 2     520       4       2       0
       4       0       1
     596     144     143     597
 2     521       4       2       0
       4       0       1
     597     143     142     598
 2     522       4       2       0
       4       0       1
     598     142     141     606
 2     523       4       2       0
       4       0       1
     600     147     148     599
 2     524       4       2       0
       4       0       1
     600      90       5     147
 2     525       4       2       0
       4       0       1
     601      89      90     600
 2     526       4       2       0
       4       0       1
     602      88      89     601
 2     527       4       2       0
       4       0       1
     603      87      88     602
 2     528       4       2       0
       4       0       1
     604      86      87     603
 2     529       4       2       0
       4       0       1
     605      85      86     604
 2     530       4       2       0
       4       0       1
      27       2      85     605
 2     531       4       2       0
       4       0       1
     606     141       1       9
 2     532       4       2       0
       4       0       1
     543     615     981     522
 2     533       4       2       0
       4       0       1
     541     540     521     982
 2     534       4       2       0
       4       0       1
     522     981     982     521
 2     535       4       2       0
       4       0       1
     615     608     983     981
 2     536       4       2       0
       4       0       1
     542     541     982     984
 2     537       4       2       0
       4       0       1
     981     983     984     982
 2     538       4       2       0
       4       0       1
     608     556     528     983
 2     539       4       2       0
       4       0       1
     552     542     984     531
 2     540       4       2       0
       4       0       1
     983     528     531     984
 2     541       4       2       0
       4       0       1
     415     414     509     410
 2     542       4       2       0
       4       0       1
     414     413     411     509
 2     543       4       2       0
       4       0       1
     413     412     497     411
 2     544       4       2       0
       4       0       1
     497     435     434     411
 2     545       4       2       0
       4       0       1
     412     508     420     497
 2     546       4       2       0
       4       0       1
     420     436     435     497
 2     547       4       2       0
       4       0       1
     412     437     423     508
 2     548       4       2       0
       4       0       1
     423     451     422     508
 2     549       4       2       0
       4       0       1
     409     408     416     501
 2     550       4       2       0
       4       0       1
     408     407     417     416
 2     551       4       2       0
       4       0       1
     407     406     418     417
 2     552       4       2       0
       4       0       1
     406     405     504     418
 2     553       4       2       0
       4       0       1
     405     499     419     504
 2     554       4       2       0
       4       0       1
     504     511     443     418
 2     555       4       2       0
       4       0       1
     504     419     444     511
 2     556       4       2       0
       4       0       1
     405     510     421     499
 2     557       4       2       0
       4       0       1
     421     445     424     499
 2     558       4       2       0
       4       0       1
     499     424     425     419
 2     559       4       2       0
       4       0       1
     508     422     426     420
 2     560       4       2       0
       4       0       1
     407     428     427     406
 2     561       4       2       0
       4       0       1
     406     427     510     405
 2     562       4       2       0
       4       0       1
     409     430     429     408
 2     563       4       2       0
       4       0       1
     408     429     428     407
 2     564       4       2       0
       4       0       1
     509     512     433     410
 2     565       4       2       0
       4       0       1
     411     434     512     509
 2     566       4       2       0
       4       0       1
     414     514     438     413
 2     567       4       2       0
       4       0       1
     413     438     437     412
 2     568       4       2       0
       4       0       1
     415     439     514     414
 2     569       4       2       0
       4       0       1
     417     442     441     416
 2     570       4       2       0
       4       0       1
     416     441     503     501
 2     571       4       2       0
       4       0       1
     418     443     442     417
 2     572       4       2       0
       4       0       1
     425     447     444     419
 2     573       4       2       0
       4       0       1
     426     446     436     420
 2     574       4       2       0
       4       0       1
     510     460     459     421
 2     575       4       2       0
       4       0       1
     459     458     445     421
 2     576       4       2       0
       4       0       1
     422     455     450     426
 2     577       4       2       0
       4       0       1
     451     456     455     422
 2     578       4       2       0
       4       0       1
     437     477     476     423
 2     579       4       2       0
       4       0       1
     476     475     451     423
 2     580       4       2       0
       4       0       1
     424     449     448     425
 2     581       4       2       0
       4       0       1
     445     452     449     424
 2     582       4       2       0
       4       0       1
     425     448     454     447
 2     583       4       2       0
       4       0       1
     426     450     453     446
 2     584       4       2       0
       4       0       1
     428     462     461     427
 2     585       4       2       0
       4       0       1
     427     461     460     510
 2     586       4       2       0
       4       0       1
     430     464     463     429
 2     587       4       2       0
       4       0       1
     429     463     462     428
 2     588       4       2       0
       4       0       1
     432     466     465     431
 2     589       4       2       0
       4       0       1
     431     465     464     430
 2     590       4       2       0
       4       0       1
     512     468     467     433
 2     591       4       2       0
       4       0       1
     433     467     466     432
 2     592       4       2       0
       4       0       1
     435     470     469     434
 2     593       4       2       0
       4       0       1
     434     469     468     512
 2     594       4       2       0
       4       0       1
     446     472     471     436
 2     595       4       2       0
       4       0       1
     436     471     470     435
 2     596       4       2       0
       4       0       1
     514     479     478     438
 2     597       4       2       0
       4       0       1
     438     478     477     437
 2     598       4       2       0
       4       0       1
     513     481     480     439
 2     599       4       2       0
       4       0       1
     439     480     479     514
 2     600       4       2       0
       4       0       1
     503     483     482     440
 2     601       4       2       0
       4       0       1
     440     482     481     513
 2     602       4       2       0
       4       0       1
     442     485     484     441
 2     603       4       2       0
       4       0       1
     441     484     483     503
 2     604       4       2       0
       4       0       1
     511     486     505     443
 2     605       4       2       0
       4       0       1
     443     505     485     442
 2     606       4       2       0
       4       0       1
     447     488     487     444
 2     607       4       2       0
       4       0       1
     444     487     486     511
 2     608       4       2       0
       4       0       1
     445     458     457     452
 2     609       4       2       0
       4       0       1
     453     473     472     446
 2     610       4       2       0
       4       0       1
     454     493     488     447
 2     611       4       2       0
       4       0       1
     448     495     498     454
 2     612       4       2       0
       4       0       1
     452     506     496     449
 2     613       4       2       0
       4       0       1
     449     496     495     448
 2     614       4       2       0
       4       0       1
     450     492     507     453
 2     615       4       2       0
       4       0       1
     455     491     492     450
 2     616       4       2       0
       4       0       1
     451     475     474     456
 2     617       4       2       0
       4       0       1
     457     502     506     452
 2     618       4       2       0
       4       0       1
     507     500     473     453
 2     619       4       2       0
       4       0       1
     454     498     494     493
 2     620       4       2       0
       4       0       1
     456     489     491     455
 2     621       4       2       0
       4       0       1
     474     490     489     456
 2     622       4       2       0
       4       0       1
     457      29      28     502
 2     623       4       2       0
       4       0       1
     458      30      29     457
 2     624       4       2       0
       4       0       1
     459      31      30     458
 2     625       4       2       0
       4       0       1
     460      32      31     459
 2     626       4       2       0
       4       0       1
     461      33      32     460
 2     627       4       2       0
       4       0       1
     462      34      33     461
 2     628       4       2       0
       4       0       1
     463      35      34     462
 2     629       4       2       0
       4       0       1
     464      36      35     463
 2     630       4       2       0
       4       0       1
     465      37      36     464
 2     631       4       2       0
       4       0       1
     466      38      37     465
 2     632       4       2       0
       4       0       1
     467      39      38     466
 2     633       4       2       0
       4       0       1
     468      40      39     467
 2     634       4       2       0
       4       0       1
     469      41      40     468
 2     635       4       2       0
       4       0       1
     470      42      41     469
 2     636       4       2       0
       4       0       1
     471      43      42     470
 2     637       4       2       0
       4       0       1
     472      44      43     471
 2     638       4       2       0
       4       0       1
     473      45      44     472
 2     639       4       2       0
       4       0       1
     500      46      45     473
 2     640       4       2       0
       4       0       1
     474     183     184     490
 2     641       4       2       0
       4       0       1
     475     182     183     474
 2     642       4       2       0
       4       0       1
     476     181     182     475
 2     643       4       2       0
       4       0       1
     477     180     181     476
 2     644       4       2       0
       4       0       1
     478     179     180     477
 2     645       4       2       0
       4       0       1
     479     178     179     478
 2     646       4       2       0
       4       0       1
     480     177     178     479
 2     647       4       2       0
       4       0       1
     481     176     177     480
 2     648       4       2       0
       4       0       1
     482     175     176     481
 2     649       4       2       0
       4       0       1
     483     174     175     482
 2     650       4       2       0
       4       0       1
     484     173     174     483
 2     651       4       2       0
       4       0       1
     485     172     173     484
 2     652       4       2       0
       4       0       1
     505     171     172     485
 2     653       4       2       0
       4       0       1
     486     170     171     505
 2     654       4       2       0
       4       0       1
     487     169     170     486
 2     655       4       2       0
       4       0       1
     488     168     169     487
 2     656       4       2       0
       4       0       1
     493     167     168     488
 2     657       4       2       0
       4       0       1
     489     120     119     491
 2     658       4       2       0
       4       0       1
     490     121     120     489
 2     659       4       2       0
       4       0       1
     184       7     121     490
 2     660       4       2       0
       4       0       1
     491     119     118     492
 2     661       4       2       0
       4       0       1
     492     118     117     507
 2     662       4       2       0
       4       0       1
     507     117     116     500
 2     663       4       2       0
       4       0       1
     494     166     167     493
 2     664       4       2       0
       4       0       1
     494     146       8     166
 2     665       4       2       0
       4       0       1
     498     145     146     494
 2     666       4       2       0
       4       0       1
     495     144     145     498
 2     667       4       2       0
       4       0       1
     496     143     144     495
 2     668       4       2       0
       4       0       1
     506     142     143     496
 2     669       4       2       0
       4       0       1
     502     141     142     506
 2     670       4       2       0
       4       0       1
      28       1     141     502
 2     671       4       2       0
       4       0       1
     500     116       3      46
 2     672       4       2       0
       4       0       1
     432     431     987     985
 2     673       4       2       0
       4       0       1
     440     513     986     988
 2     674       4       2       0
       4       0       1
     410     985     986     415
 2     675       4       2       0
       4       0       1
     513     439     415     986
 2     676       4       2       0
       4       0       1
     985     987     988     986
 2     677       4       2       0
       4       0       1
     433     432     985     410
 2     678       4       2       0
       4       0       1
     431     430     409     987
 2     679       4       2       0
       4       0       1
     503     440     988     501
 2     680       4       2       0
       4       0       1
     987     409     501     988
 2     681       4       2       0
       4       0       1
     305     304     400     300
 2     682       4       2       0
       4       0       1
     304     303     301     400
 2     683       4       2       0
       4       0       1
     303     302     388     301
 2     684       4       2       0
       4       0       1
     388     325     324     301
 2     685       4       2       0
       4       0       1
     302     399     310     388
 2     686       4       2       0
       4       0       1
     310     326     325     388
 2     687       4       2       0
       4       0       1
     302     327     313     399
 2     688       4       2       0
       4       0       1
     313     342     312     399
 2     689       4       2       0
       4       0       1
     299     298     306     392
 2     690       4       2       0
       4       0       1
     298     297     307     306
 2     691       4       2       0
       4       0       1
     297     296     308     307
 2     692       4       2       0
       4       0       1
     296     295     395     308
 2     693       4       2       0
       4       0       1
     295     390     309     395
 2     694       4       2       0
       4       0       1
     395     402     334     308
 2     695       4       2       0
       4       0       1
     395     309     335     402
 2     696       4       2       0
       4       0       1
     295     401     311     390
 2     697       4       2       0
       4       0       1
     311     336     314     390
 2     698       4       2       0
       4       0       1
     390     314     315     309
 2     699       4       2       0
       4       0       1
     399     312     316     310
 2     700       4       2       0
       4       0       1
     297     318     317     296
 2     701       4       2       0
       4       0       1
     296     317     401     295
 2     702       4       2       0
       4       0       1
     299     320     319     298
 2     703       4       2       0
       4       0       1
     298     319     318     297
 2     704       4       2       0
       4       0       1
     400     403     323     300
 2     705       4       2       0
       4       0       1
     301     324     403     400
 2     706       4       2       0
       4       0       1
     304     404     328     303
 2     707       4       2       0
       4       0       1
     303     328     327     302
 2     708       4       2       0
       4       0       1
     305     329     404     304
 2     709       4       2       0
       4       0       1
     307     333     332     306
 2     710       4       2       0
       4       0       1
     306     332     394     392
 2     711       4       2       0
       4       0       1
     308     334     333     307
 2     712       4       2       0
       4       0       1
     315     338     335     309
 2     713       4       2       0
       4       0       1
     316     337     326     310
 2     714       4       2       0
       4       0       1
     401     351     350     311
 2     715       4       2       0
       4       0       1
     350     349     336     311
 2     716       4       2       0
       4       0       1
     312     346     341     316
 2     717       4       2       0
       4       0       1
     342     347     346     312
 2     718       4       2       0
       4       0       1
     327     368     367     313
 2     719       4       2       0
       4       0       1
     367     366     342     313
 2     720       4       2       0
       4       0       1
     314     340     339     315
 2     721       4       2       0
       4       0       1
     336     343     340     314
 2     722       4       2       0
       4       0       1
     315     339     345     338
 2     723       4       2       0
       4       0       1
     316     341     344     337
 2     724       4       2       0
       4       0       1
     318     353     352     317
 2     725       4       2       0
       4       0       1
     317     352     351     401
 2     726       4       2       0
       4       0       1
     320     355     354     319
 2     727       4       2       0
       4       0       1
     319     354     353     318
 2     728       4       2       0
       4       0       1
     322     357     356     321
 2     729       4       2       0
       4       0       1
     321     356     355     320
 2     730       4       2       0
       4       0       1
     403     359     358     323
 2     731       4       2       0
       4       0       1
     323     358     357     322
 2     732       4       2       0
       4       0       1
     325     361     360     324
 2     733       4       2       0
       4       0       1
     324     360     359     403
 2     734       4       2       0
       4       0       1
     337     363     362     326
 2     735       4       2       0
       4       0       1
     326     362     361     325
 2     736       4       2       0
       4       0       1
     404     370     369     328
 2     737       4       2       0
       4       0       1
     328     369     368     327
 2     738       4       2       0
       4       0       1
     330     372     371     329
 2     739       4       2       0
       4       0       1
     329     371     370     404
 2     740       4       2       0
       4       0       1
     394     374     373     331
 2     741       4       2       0
       4       0       1
     331     373     372     330
 2     742       4       2       0
       4       0       1
     333     376     375     332
 2     743       4       2       0
       4       0       1
     332     375     374     394
 2     744       4       2       0
       4       0       1
     402     377     396     334
 2     745       4       2       0
       4       0       1
     334     396     376     333
 2     746       4       2       0
       4       0       1
     338     379     378     335
 2     747       4       2       0
       4       0       1
     335     378     377     402
 2     748       4       2       0
       4       0       1
     336     349     348     343
 2     749       4       2       0
       4       0       1
     344     364     363     337
 2     750       4       2       0
       4       0       1
     345     384     379     338
 2     751       4       2       0
       4       0       1
     339     386     389     345
 2     752       4       2       0
       4       0       1
     343     397     387     340
 2     753       4       2       0
       4       0       1
     340     387     386     339
 2     754       4       2       0
       4       0       1
     341     383     398     344
 2     755       4       2       0
       4       0       1
     346     382     383     341
 2     756       4       2       0
       4       0       1
     342     366     365     347
 2     757       4       2       0
       4       0       1
     348     393     397     343
 2     758       4       2       0
       4       0       1
     398     391     364     344
 2     759       4       2       0
       4       0       1
     345     389     385     384
 2     760       4       2       0
       4       0       1
     347     380     382     346
 2     761       4       2       0
       4       0       1
     365     381     380     347
 2     762       4       2       0
       4       0       1
     348      67      66     393
 2     763       4       2       0
       4       0       1
     349      68      67     348
 2     764       4       2       0
       4       0       1
     350      69      68     349
 2     765       4       2       0
       4       0       1
     351      70      69     350
 2     766       4       2       0
       4       0       1
     352      71      70     351
 2     767       4       2       0
       4       0       1
     353      72      71     352
 2     768       4       2       0
       4       0       1
     354      73      72     353
 2     769       4       2       0
       4       0       1
     355      74      73     354
 2     770       4       2       0
       4       0       1
     356      75      74     355
 2     771       4       2       0
       4       0       1
     357      76      75     356
 2     772       4       2       0
       4       0       1
     358      77      76     357
 2     773       4       2       0
       4       0       1
     359      78      77     358
 2     774       4       2       0
       4       0       1
     360      79      78     359
 2     775       4       2       0
       4       0       1
     361      80      79     360
 2     776       4       2       0
       4       0       1
     362      81      80     361
 2     777       4       2       0
       4       0       1
     363      82      81     362
 2     778       4       2       0
       4       0       1
     364      83      82     363
 2     779       4       2       0
       4       0       1
     391      84      83     364
 2     780       4       2       0
       4       0       1
     365     139     140     381
 2     781       4       2       0
       4       0       1
     366     138     139     365
 2     782       4       2       0
       4       0       1
     367     137     138     366
 2     783       4       2       0
       4       0       1
     368     136     137     367
 2     784       4       2       0
       4       0       1
     369     135     136     368
 2     785       4       2       0
       4       0       1
     370     134     135     369
 2     786       4       2       0
       4       0       1
     371     133     134     370
 2     787       4       2       0
       4       0       1
     372     132     133     371
 2     788       4       2       0
       4       0       1
     373     131     132     372
 2     789       4       2       0
       4       0       1
     374     130     131     373
 2     790       4       2       0
       4       0       1
     375     129     130     374
 2     791       4       2       0
       4       0       1
     376     128     129     375
 2     792       4       2       0
       4       0       1
     396     127     128     376
 2     793       4       2       0
       4       0       1
     377     126     127     396
 2     794       4       2       0
       4       0       1
     378     125     126     377
 2     795       4       2       0
       4       0       1
     379     124     125     378
 2     796       4       2       0
       4       0       1
     384     123     124     379
 2     797       4       2       0
       4       0       1
     380      95      94     382
 2     798       4       2       0
       4       0       1
     381      96      95     380
 2     799       4       2       0
       4       0       1
     140       6      96     381
 2     800       4       2       0
       4       0       1
     382      94      93     383
 2     801       4       2       0
       4       0       1
     383      93      92     398
 2     802       4       2       0
       4       0       1
     398      92      91     391
 2     803       4       2       0
       4       0       1
     385     122     123     384
 2     804       4       2       0
       4       0       1
     385     121       7     122
 2     805       4       2       0
       4       0       1
     389     120     121     385
 2     806       4       2       0
       4       0       1
     386     119     120     389
 2     807       4       2       0
       4       0       1
     387     118     119     386
 2     808       4       2       0
       4       0       1
     397     117     118     387
 2     809       4       2       0
       4       0       1
     393     116     117     397
 2     810       4       2       0
       4       0       1
      66       3     116     393
 2     811       4       2       0
       4       0       1
     391      91       4      84
 2     812       4       2       0
       4       0       1
     322     321     991     989
 2     813       4       2       0
       4       0       1
     330     329     305     990
 2     814       4       2       0
       4       0       1
     989     991     992     990
 2     815       4       2       0
       4       0       1
     331     330     990     992
 2     816       4       2       0
       4       0       1
     323     322     989     300
 2     817       4       2       0
       4       0       1
     300     989     990     305
 2     818       4       2       0
       4       0       1
     321     320     299     991
 2     819       4       2       0
       4       0       1
     394     331     992     392
 2     820       4       2       0
       4       0       1
     991     299     392     992
 2     821       4       2       0
       4       0       1
     196     195     188     187
 2     822       4       2       0
       4       0       1
     195     194     189     188
 2     823       4       2       0
       4       0       1
     194     285     283     189
 2     824       4       2       0
       4       0       1
     285     193     190     283
 2     825       4       2       0
       4       0       1
     193     280     284     190
 2     826       4       2       0
       4       0       1
     280     192     191     284
 2     827       4       2       0
       4       0       1
     192     286     282     191
 2     828       4       2       0
       4       0       1
     282     214     213     191
 2     829       4       2       0
       4       0       1
     286     279     198     282
 2     830       4       2       0
       4       0       1
     198     215     214     282
 2     831       4       2       0
       4       0       1
     186     185     197     294
 2     832       4       2       0
       4       0       1
     294     197     222     288
 2     833       4       2       0
       4       0       1
     286     290     201     279
 2     834       4       2       0
       4       0       1
     201     228     200     279
 2     835       4       2       0
       4       0       1
     186     205     199     185
 2     836       4       2       0
       4       0       1
     199     223     202     185
 2     837       4       2       0
       4       0       1
     185     202     203     197
 2     838       4       2       0
       4       0       1
     279     200     204     198
 2     839       4       2       0
       4       0       1
     188     208     207     187
 2     840       4       2       0
       4       0       1
     283     210     209     189
 2     841       4       2       0
       4       0       1
     189     209     208     188
 2     842       4       2       0
       4       0       1
     284     212     211     190
 2     843       4       2       0
       4       0       1
     190     211     210     283
 2     844       4       2       0
       4       0       1
     191     213     212     284
 2     845       4       2       0
       4       0       1
     280     287     216     192
 2     846       4       2       0
       4       0       1
     192     216     290     286
 2     847       4       2       0
       4       0       1
     285     291     217     193
 2     848       4       2       0
       4       0       1
     193     217     287     280
 2     849       4       2       0
       4       0       1
     195     219     218     194
 2     850       4       2       0
       4       0       1
     194     218     291     285
 2     851       4       2       0
       4       0       1
     196     220     219     195
 2     852       4       2       0
       4       0       1
     203     225     222     197
 2     853       4       2       0
       4       0       1
     204     224     215     198
 2     854       4       2       0
       4       0       1
     205     236     235     199
 2     855       4       2       0
       4       0       1
     235     234     223     199
 2     856       4       2       0
       4       0       1
     200     232     227     204
 2     857       4       2       0
       4       0       1
     228     233     232     200
 2     858       4       2       0
       4       0       1
     290     253     252     201
 2     859       4       2       0
       4       0       1
     252     251     228     201
 2     860       4       2       0
       4       0       1
     202     226     289     203
 2     861       4       2       0
       4       0       1
     223     229     226     202
 2     862       4       2       0
       4       0       1
     203     289     231     225
 2     863       4       2       0
       4       0       1
     204     227     230     224
 2     864       4       2       0
       4       0       1
     293     238     237     206
 2     865       4       2       0
       4       0       1
     206     237     236     205
 2     866       4       2       0
       4       0       1
     208     240     239     207
 2     867       4       2       0
       4       0       1
     207     239     238     293
 2     868       4       2       0
       4       0       1
     210     242     241     209
 2     869       4       2       0
       4       0       1
     209     241     240     208
 2     870       4       2       0
       4       0       1
     212     244     243     211
 2     871       4       2       0
       4       0       1
     211     243     242     210
 2     872       4       2       0
       4       0       1
     214     246     245     213
 2     873       4       2       0
       4       0       1
     213     245     244     212
 2     874       4       2       0
       4       0       1
     224     248     247     215
 2     875       4       2       0
       4       0       1
     215     247     246     214
 2     876       4       2       0
       4       0       1
     287     255     254     216
 2     877       4       2       0
       4       0       1
     216     254     253     290
 2     878       4       2       0
       4       0       1
     291     257     256     217
 2     879       4       2       0
       4       0       1
     217     256     255     287
 2     880       4       2       0
       4       0       1
     219     259     258     218
 2     881       4       2       0
       4       0       1
     218     258     257     291
 2     882       4       2       0
       4       0       1
     292     261     260     220
 2     883       4       2       0
       4       0       1
     220     260     259     219
 2     884       4       2       0
       4       0       1
     288     263     262     221
 2     885       4       2       0
       4       0       1
     221     262     261     292
 2     886       4       2       0
       4       0       1
     225     265     264     222
 2     887       4       2       0
       4       0       1
     222     264     263     288
 2     888       4       2       0
       4       0       1
     223     234     281     229
 2     889       4       2       0
       4       0       1
     230     249     248     224
 2     890       4       2       0
       4       0       1
     231     271     265     225
 2     891       4       2       0
       4       0       1
     289     274     273     231
 2     892       4       2       0
       4       0       1
     229     276     275     226
 2     893       4       2       0
       4       0       1
     226     275     274     289
 2     894       4       2       0
       4       0       1
     227     269     270     230
 2     895       4       2       0
       4       0       1
     232     268     269     227
 2     896       4       2       0
       4       0       1
     228     251     250     233
 2     897       4       2       0
       4       0       1
     281     277     276     229
 2     898       4       2       0
       4       0       1
     270     278     249     230
 2     899       4       2       0
       4       0       1
     231     273     272     271
 2     900       4       2       0
       4       0       1
     233     266     268     232
 2     901       4       2       0
       4       0       1
     250     267     266     233
 2     902       4       2       0
       4       0       1
     281      64      65     277
 2     903       4       2       0
       4       0       1
     234      63      64     281
 2     904       4       2       0
       4       0       1
     235      62      63     234
 2     905       4       2       0
       4       0       1
     236      61      62     235
 2     906       4       2       0
       4       0       1
     237      60      61     236
 2     907       4       2       0
       4       0       1
     238      59      60     237
 2     908       4       2       0
       4       0       1
     239      58      59     238
 2     909       4       2       0
       4       0       1
     240      57      58     239
 2     910       4       2       0
       4       0       1
     241      56      57     240
 2     911       4       2       0
       4       0       1
     242      55      56     241
 2     912       4       2       0
       4       0       1
     243      54      55     242
 2     913       4       2       0
       4       0       1
     244      53      54     243
 2     914       4       2       0
       4       0       1
     245      52      53     244
 2     915       4       2       0
       4       0       1
     246      51      52     245
 2     916       4       2       0
       4       0       1
     247      50      51     246
 2     917       4       2       0
       4       0       1
     248      49      50     247
 2     918       4       2       0
       4       0       1
     249      48      49     248
 2     919       4       2       0
       4       0       1
     278      47      48     249
 2     920       4       2       0
       4       0       1
     250      98      97     267
 2     921       4       2       0
       4       0       1
     251      99      98     250
 2     922       4       2       0
       4       0       1
     252     100      99     251
 2     923       4       2       0
       4       0       1
     253     101     100     252
 2     924       4       2       0
       4       0       1
     254     102     101     253
 2     925       4       2       0
       4       0       1
     255     103     102     254
 2     926       4       2       0
       4       0       1
     256     104     103     255
 2     927       4       2       0
       4       0       1
     257     105     104     256
 2     928       4       2       0
       4       0       1
     258     106     105     257
 2     929       4       2       0
       4       0       1
     259     107     106     258
 2     930       4       2       0
       4       0       1
     260     108     107     259
 2     931       4       2       0
       4       0       1
     261     109     108     260
 2     932       4       2       0
       4       0       1
     262     110     109     261
 2     933       4       2       0
       4       0       1
     263     111     110     262
 2     934       4       2       0
       4       0       1
     264     112     111     263
 2     935       4       2       0
       4       0       1
     265     113     112     264
 2     936       4       2       0
       4       0       1
     271     114     113     265
 2     937       4       2       0
       4       0       1
     266      89      88     268
 2     938       4       2       0
       4       0       1
     267      90      89     266
 2     939       4       2       0
       4       0       1
      97       5      90     267
 2     940       4       2       0
       4       0       1
     268      88      87     269
 2     941       4       2       0
       4       0       1
     269      87      86     270
 2     942       4       2       0
       4       0       1
     270      86      85     278
 2     943       4       2       0
       4       0       1
     272     115     114     271
 2     944       4       2       0
       4       0       1
     272      96       6     115
 2     945       4       2       0
       4       0       1
     273      95      96     272
 2     946       4       2       0
       4       0       1
     274      94      95     273
 2     947       4       2       0
       4       0       1
     275      93      94     274
 2     948       4       2       0
       4       0       1
     276      92      93     275
 2     949       4       2       0
       4       0       1
     277      91      92     276
 2     950       4       2       0
       4       0       1
      65       4      91     277
 2     951       4       2       0
       4       0       1
     278      85       2      47
 2     952       4       2       0
       4       0       1
     293     206     995     993
 2     953       4       2       0
       4       0       1
     292     220     196     994
 2     954       4       2       0
       4       0       1
     993     995     996     994
 2     955       4       2       0
       4       0       1
     221     292     994     996
 2     956       4       2       0
       4       0       1
     207     293     993     187
 2     957       4       2       0
       4       0       1
     187     993     994     196
 2     958       4       2       0
       4       0       1
     206     205     186     995
 2     959       4       2       0
       4       0       1
     288     221     996     294
 2     960       4       2       0
       4       0       1
     995     186     294     996
 2     961       2       2       0
       2       0       3
       9       1
 2     962       2       2       0
       2       0       3
      10       9
 2     963       2       2       0
       2       0       3
      11      10
 2     964       2       2       0
       2       0       3
      12      11
 2     965       2       2       0
       2       0       3
      13      12
 2     966       2       2       0
       2       0       3
      14      13
 2     967       2       2       0
       2       0       3
      15      14
 2     968       2       2       0
       2       0       3
      16      15
 2     969       2       2       0
       2       0       3
      17      16
 2     970       2       2       0
       2       0       3
      18      17
 2     971       2       2       0
       2       0       3
      19      18
 2     972       2       2       0
       2       0       3
      20      19
 2     973       2       2       0
       2       0       3
      21      20
 2     974       2       2       0
       2       0       3
      22      21
 2     975       2       2       0
       2       0       3
      23      22
 2     976       2       2       0
       2       0       3
      24      23
 2     977       2       2       0
       2       0       3
      25      24
 2     978       2       2       0
       2       0       3
      26      25
 2     979       2       2       0
       2       0       3
      27      26
 2     980       2       2       0
       2       0       3
       2      27
 2     981       2       2       0
       2       0       3
      45      46
 2     982       2       2       0
       2       0       3
      44      45
 2     983       2       2       0
       2       0       3
      43      44
 2     984       2       2       0
       2       0       3
      42      43
 2     985       2       2       0
       2       0       3
      41      42
 2     986       2       2       0
       2       0       3
      40      41
 2     987       2       2       0
       2       0       3
      39      40
 2     988       2       2       0
       2       0       3
      38      39
 2     989       2       2       0
       2       0       3
      37      38
 2     990       2       2       0
       2       0       3
      36      37
 2     991       2       2       0
       2       0       3
      35      36
 2     992       2       2       0
       2       0       3
      34      35
 2     993       2       2       0
       2       0       3
      33      34
 2     994       2       2       0
       2       0       3
      32      33
 2     995       2       2       0
       2       0       3
      31      32
 2     996       2       2       0
       2       0       3
      30      31
 2     997       2       2       0
       2       0       3
      29      30
 2     998       2       2       0
       2       0       3
      28      29
 2     999       2       2       0
       2       0       3
       1      28
 2    1000       2       2       0
       2       0       3
      46       3
 2    1001       2       2       0
       2       0       3
      84       4
 2    1002       2       2       0
       2       0       3
      83      84
 2    1003       2       2       0
       2       0       3
      82      83
 2    1004       2       2       0
       2       0       3
      81      82
 2    1005       2       2       0
       2       0       3
      80      81
 2    1006       2       2       0
       2       0       3
      79      80
 2    1007       2       2       0
       2       0       3
      78      79
 2    1008       2       2       0
       2       0       3
      77      78
 2    1009       2       2       0
       2       0       3
      76      77
 2    1010       2       2       0
       2       0       3
      75      76
 2    1011       2       2       0
       2       0       3
      74      75
 2    1012       2       2       0
       2       0       3
      73      74
 2    1013       2       2       0
       2       0       3
      72      73
 2    1014       2       2       0
       2       0       3
      71      72
 2    1015       2       2       0
       2       0       3
      70      71
 2    1016       2       2       0
       2       0       3
      69      70
 2    1017       2       2       0
       2       0       3
      68      69
 2    1018       2       2       0
       2       0       3
      67      68
 2    1019       2       2       0
       2       0       3
      66      67
 2    1020       2       2       0
       2       0       3
       3      66
 2    1021       2       2       0
       2       0       3
      47       2
 2    1022       2       2       0
       2       0       3
      48      47
 2    1023       2       2       0
       2       0       3
      49      48
 2    1024       2       2       0
       2       0       3
      50      49
 2    1025       2       2       0
       2       0       3
      51      50
 2    1026       2       2       0
       2       0       3
      52      51
 2    1027       2       2       0
       2       0       3
      53      52
 2    1028       2       2       0
       2       0       3
      54      53
 2    1029       2       2       0
       2       0       3
      55      54
 2    1030       2       2       0
       2       0       3
      56      55
 2    1031       2       2       0
       2       0       3
      57      56
 2    1032       2       2       0
       2       0       3
      58      57
 2    1033       2       2       0
       2       0       3
      59      58
 2    1034       2       2       0
       2       0       3
      60      59
 2    1035       2       2       0
       2       0       3
      61      60
 2    1036       2       2       0
       2       0       3
      62      61
 2    1037       2       2       0
       2       0       3
      63      62
 2    1038       2       2       0
       2       0       3
      64      63
 2    1039       2       2       0
       2       0       3
      65      64
 2    1040       2       2       0
       2       0       3
       4      65
 2    1041       2       2       0
       2       0       5
      90       5
 2    1042       2       2       0
       2       0       5
      89      90
 2    1043       2       2       0
       2       0       5
      88      89
 2    1044       2       2       0
       2       0       5
      87      88
 2    1045       2       2       0
       2       0       5
      86      87
 2    1046       2       2       0
       2       0       5
      85      86
 2    1047       2       2       0
       2       0       5
       2      85
 2    1048       2       2       0
       2       0       5
     164     165
 2    1049       2       2       0
       2       0       5
     163     164
 2    1050       2       2       0
       2       0       5
     162     163
 2    1051       2       2       0
       2       0       5
     161     162
 2    1052       2       2       0
       2       0       5
     160     161
 2    1053       2       2       0
       2       0       5
     159     160
 2    1054       2       2       0
       2       0       5
     158     159
 2    1055       2       2       0
       2       0       5
     157     158
 2    1056       2       2       0
       2       0       5
     156     157
 2    1057       2       2       0
       2       0       5
     155     156
 2    1058       2       2       0
       2       0       5
     154     155
 2    1059       2       2       0
       2       0       5
     153     154
 2    1060       2       2       0
       2       0       5
     152     153
 2    1061       2       2       0
       2       0       5
     151     152
 2    1062       2       2       0
       2       0       5
     150     151
 2    1063       2       2       0
       2       0       5
     149     150
 2    1064       2       2       0
       2       0       5
     148     149
 2    1065       2       2       0
       2       0       5
     165       8
 2    1066       2       2       0
       2       0       5
     147     148
 2    1067       2       2       0
       2       0       5
       5     147
 2    1068       2       2       0
       2       0       5
     145     144
 2    1069       2       2       0
       2       0       5
     146     145
 2    1070       2       2       0
       2       0       5
       8     146
 2    1071       2       2       0
       2       0       5
     144     143
 2    1072       2       2       0
       2       0       5
     143     142
 2    1073       2       2       0
       2       0       5
     142     141
 2    1074       2       2       0
       2       0       5
     141       1
 2    1075       2       2       0
       2       0       7
     183     184
 2    1076       2       2       0
       2       0       7
     182     183
 2    1077       2       2       0
       2       0       7
     181     182
 2    1078       2       2       0
       2       0       7
     180     181
 2    1079       2       2       0
       2       0       7
     179     180
 2    1080       2       2       0
       2       0       7
     178     179
 2    1081       2       2       0
       2       0       7
     177     178
 2    1082       2       2       0
       2       0       7
     176     177
 2    1083       2       2       0
       2       0       7
     175     176
 2    1084       2       2       0
       2       0       7
     174     175
 2    1085       2       2       0
       2       0       7
     173     174
 2    1086       2       2       0
       2       0       7
     172     173
 2    1087       2       2       0
       2       0       7
     171     172
 2    1088       2       2       0
       2       0       7
     170     171
 2    1089       2       2       0
       2       0       7
     169     170
 2    1090       2       2       0
       2       0       7
     168     169
 2    1091       2       2       0
       2       0       7
     167     168
 2    1092       2       2       0
       2       0       7
     184       7
 2    1093       2       2       0
       2       0       7
     166     167
 2    1094       2       2       0
       2       0       7
       8     166
 2    1095       2       2       0
       2       0       7
     120     119
 2    1096       2       2       0
       2       0       7
     121     120
 2    1097       2       2       0
       2       0       7
       7     121
 2    1098       2       2       0
       2       0       7
     119     118
 2    1099       2       2       0
       2       0       7
     118     117
 2    1100       2       2       0
       2       0       7
     117     116
 2    1101       2       2       0
       2       0       7
     116       3
 2    1102       2       2       0
       2       0       9
     139     140
 2    1103       2       2       0
       2       0       9
     138     139
 2    1104       2       2       0
       2       0       9
     137     138
 2    1105       2       2       0
       2       0       9
     136     137
 2    1106       2       2       0
       2       0       9
     135     136
 2    1107       2       2       0
       2       0       9
     134     135
 2    1108       2       2       0
       2       0       9
     133     134
 2    1109       2       2       0
       2       0       9
     132     133
 2    1110       2       2       0
       2       0       9
     131     132
 2    1111       2       2       0
       2       0       9
     130     131
 2    1112       2       2       0
       2       0       9
     129     130
 2    1113       2       2       0
       2       0       9
     128     129
 2    1114       2       2       0
       2       0       9
     127     128
 2    1115       2       2       0
       2       0       9
     126     127
 2    1116       2       2       0
       2       0       9
     125     126
 2    1117       2       2       0
       2       0       9
     124     125
 2    1118       2       2       0
       2       0       9
     123     124
 2    1119       2       2       0
       2       0       9
     140       6
 2    1120       2       2       0
       2       0       9
     122     123
 2    1121       2       2       0
       2       0       9
       7     122
 2    1122       2       2       0
       2       0       9
      95      94
 2    1123       2       2       0
       2       0       9
      96      95
 2    1124       2       2       0
       2       0       9
       6      96
 2    1125       2       2       0
       2       0       9
      94      93
 2    1126       2       2       0
       2       0       9
      93      92
 2    1127       2       2       0
       2       0       9
      92      91
 2    1128       2       2       0
       2       0       9
      91       4
 2    1129       2       2       0
       2       0      11
      98      97
 2    1130       2       2       0
       2       0      11
      99      98
 2    1131       2       2       0
       2       0      11
     100      99
 2    1132       2       2       0
       2       0      11
     101     100
 2    1133       2       2       0
       2       0      11
     102     101
 2    1134       2       2       0
       2       0      11
     103     102
 2    1135       2       2       0
       2       0      11
     104     103
 2    1136       2       2       0
       2       0      11
     105     104
 2    1137       2       2       0
       2       0      11
     106     105
 2    1138       2       2       0
       2       0      11
     107     106
 2    1139       2       2       0
       2       0      11
     108     107
 2    1140       2       2       0
       2       0      11
     109     108
 2    1141       2       2       0
       2       0      11
     110     109
 2    1142       2       2       0
       2       0      11
     111     110
 2    1143       2       2       0
       2       0      11
     112     111
 2    1144       2       2       0
       2       0      11
     113     112
 2    1145       2       2       0
       2       0      11
     114     113
 2    1146       2       2       0
       2       0      11
      97       5
 2    1147       2       2       0
       2       0      11
     115     114
 2    1148       2       2       0
       2       0      11
       6     115
21       1    1920     193
FLOATER     
       8       1       8       2       8       3       8       4       8       5
       8       6       8       7       8       8       8       9       8      10
       8      11       8      12       8      13       8      14       8      15
       8      16       8      17       8      18       8      19       8      20
       8      21       8      22       8      23       8      24       8      25
       8      26       8      27       8      28       8      29       8      30
       8      31       8      32       8      33       8      34       8      35
       8      36       8      37       8      38       8      39       8      40
       8      41       8      42       8      43       8      44       8      45
       8      46       8      47       8      48       8      49       8      50
       8      51       8      52       8      53       8      54       8      55
       8      56       8      57       8      58       8      59       8      60
       8      61       8      62       8      63       8      64       8      65
       8      66       8      67       8      68       8      69       8      70
       8      71       8      72       8      73       8      74       8      75
       8      76       8      77       8      78       8      79       8      80
       8      81       8      82       8      83       8      84       8      85
       8      86       8      87       8      88       8      89       8      90
       8      91       8      92       8      93       8      94       8      95
       8      96       8      97       8      98       8      99       8     100
       8     101       8     102       8     103       8     104       8     105
       8     106       8     107       8     108       8     109       8     110
       8     111       8     112       8     113       8     114       8     115
       8     116       8     117       8     118       8     119       8     120
       8     121       8     122       8     123       8     124       8     125
       8     126       8     127       8     128       8     129       8     130
       8     131       8     132       8     133       8     134       8     135
       8     136       8     137       8     138       8     139       8     140
       8     141       8     142       8     143       8     144       8     145
       8     146       8     147       8     148       8     149       8     150
       8     151       8     152       8     153       8     154       8     155
       8     156       8     157       8     158       8     159       8     160
       8     161       8     162       8     163       8     164       8     165
       8     166       8     167       8     168       8     169       8     170
       8     171       8     172       8     173       8     174       8     175
       8     176       8     177       8     178       8     179       8     180
       8     181       8     182       8     183       8     184       8     185
       8     186       8     187       8     188       8     189       8     190
       8     191       8     192       8     193       8     194       8     195
       8     196       8     197       8     198       8     199       8     200
       8     201       8     202       8     203       8     204       8     205
       8     206       8     207       8     208       8     209       8     210
       8     211       8     212       8     213       8     214       8     215
       8     216       8     217       8     218       8     219       8     220
       8     221       8     222       8     223       8     224       8     225
       8     226       8     227       8     228       8     229       8     230
       8     231       8     232       8     233       8     234       8     235
       8     236       8     237       8     238       8     239       8     240
       8     241       8     242       8     243       8     244       8     245
       8     246       8     247       8     248       8     249       8     250
       8     251       8     252       8     253       8     254       8     255
       8     256       8     257       8     258       8     259       8     260
       8     261       8     262       8     263       8     264       8     265
       8     266       8     267       8     268       8     269       8     270
       8     271       8     272       8     273       8     274       8     275
       8     276       8     277       8     278       8     279       8     280
       8     281       8     282       8     283       8     284       8     285
       8     286       8     287       8     288       8     289       8     290
       8     291       8     292       8     293       8     294       8     295
       8     296       8     297       8     298       8     299       8     300
       8     301       8     302       8     303       8     304       8     305
       8     306       8     307       8     308       8     309       8     310
       8     311       8     312       8     313       8     314       8     315
       8     316       8     317       8     318       8     319       8     320
       8     321       8     322       8     323       8     324       8     325
       8     326       8     327       8     328       8     329       8     330
       8     331       8     332       8     333       8     334       8     335
       8     336       8     337       8     338       8     339       8     340
       8     341       8     342       8     343       8     344       8     345
       8     346       8     347       8     348       8     349       8     350
       8     351       8     352       8     353       8     354       8     355
       8     356       8     357       8     358       8     359       8     360
       8     361       8     362       8     363       8     364       8     365
       8     366       8     367       8     368       8     369       8     370
       8     371       8     372       8     373       8     374       8     375
       8     376       8     377       8     378       8     379       8     380
       8     381       8     382       8     383       8     384       8     385
       8     386       8     387       8     388       8     389       8     390
       8     391       8     392       8     393       8     394       8     395
       8     396       8     397       8     398       8     399       8     400
       8     401       8     402       8     403       8     404       8     405
       8     406       8     407       8     408       8     409       8     410
       8     411       8     412       8     413       8     414       8     415
       8     416       8     417       8     418       8     419       8     420
       8     421       8     422       8     423       8     424       8     425
       8     426       8     427       8     428       8     429       8     430
       8     431       8     432       8     433       8     434       8     435
       8     436       8     437       8     438       8     439       8     440
       8     441       8     442       8     443       8     444       8     445
       8     446       8     447       8     448       8     449       8     450
       8     451       8     452       8     453       8     454       8     455
       8     456       8     457       8     458       8     459       8     460
       8     461       8     462       8     463       8     464       8     465
       8     466       8     467       8     468       8     469       8     470
       8     471       8     472       8     473       8     474       8     475
       8     476       8     477       8     478       8     479       8     480
       8     481       8     482       8     483       8     484       8     485
       8     486       8     487       8     488       8     489       8     490
       8     491       8     492       8     493       8     494       8     495
       8     496       8     497       8     498       8     499       8     500
       8     501       8     502       8     503       8     504       8     505
       8     506       8     507       8     508       8     509       8     510
       8     511       8     512       8     513       8     514       8     515
       8     516       8     517       8     518       8     519       8     520
       8     521       8     522       8     523       8     524       8     525
       8     526       8     527       8     528       8     529       8     530
       8     531       8     532       8     533       8     534       8     535
       8     536       8     537       8     538       8     539       8     540
       8     541       8     542       8     543       8     544       8     545
       8     546       8     547       8     548       8     549       8     550
       8     551       8     552       8     553       8     554       8     555
       8     556       8     557       8     558       8     559       8     560
       8     561       8     562       8     563       8     564       8     565
       8     566       8     567       8     568       8     569       8     570
       8     571       8     572       8     573       8     574       8     575
       8     576       8     577       8     578       8     579       8     580
       8     581       8     582       8     583       8     584       8     585
       8     586       8     587       8     588       8     589       8     590
       8     591       8     592       8     593       8     594       8     595
       8     596       8     597       8     598       8     599       8     600
       8     601       8     602       8     603       8     604       8     605
       8     606       8     607       8     608       8     609       8     610
       8     611       8     612       8     613       8     614       8     615
       8     616       8     617       8     618       8     619       8     620
       8     621       8     622       8     623       8     624       8     625
       8     626       8     627       8     628       8     629       8     630
       8     631       8     632       8     633       8     634       8     635
       8     636       8     637       8     638       8     639       8     640
       8     641       8     642       8     643       8     644       8     645
       8     646       8     647       8     648       8     649       8     650
       8     651       8     652       8     653       8     654       8     655
       8     656       8     657       8     658       8     659       8     660
       8     661       8     662       8     663       8     664       8     665
       8     666       8     667       8     668       8     669       8     670
       8     671       8     672       8     673       8     674       8     675
       8     676       8     677       8     678       8     679       8     680
       8     681       8     682       8     683       8     684       8     685
       8     686       8     687       8     688       8     689       8     690
       8     691       8     692       8     693       8     694       8     695
       8     696       8     697       8     698       8     699       8     700
       8     701       8     702       8     703       8     704       8     705
       8     706       8     707       8     708       8     709       8     710
       8     711       8     712       8     713       8     714       8     715
       8     716       8     717       8     718       8     719       8     720
       8     721       8     722       8     723       8     724       8     725
       8     726       8     727       8     728       8     729       8     730
       8     731       8     732       8     733       8     734       8     735
       8     736       8     737       8     738       8     739       8     740
       8     741       8     742       8     743       8     744       8     745
       8     746       8     747       8     748       8     749       8     750
       8     751       8     752       8     753       8     754       8     755
       8     756       8     757       8     758       8     759       8     760
       8     761       8     762       8     763       8     764       8     765
       8     766       8     767       8     768       8     769       8     770
       8     771       8     772       8     773       8     774       8     775
       8     776       8     777       8     778       8     779       8     780
       8     781       8     782       8     783       8     784       8     785
       8     786       8     787       8     788       8     789       8     790
       8     791       8     792       8     793       8     794       8     795
       8     796       8     797       8     798       8     799       8     800
       8     801       8     802       8     803       8     804       8     805
       8     806       8     807       8     808       8     809       8     810
       8     811       8     812       8     813       8     814       8     815
       8     816       8     817       8     818       8     819       8     820
       8     821       8     822       8     823       8     824       8     825
       8     826       8     827       8     828       8     829       8     830
       8     831       8     832       8     833       8     834       8     835
       8     836       8     837       8     838       8     839       8     840
       8     841       8     842       8     843       8     844       8     845
       8     846       8     847       8     848       8     849       8     850
       8     851       8     852       8     853       8     854       8     855
       8     856       8     857       8     858       8     859       8     860
       8     861       8     862       8     863       8     864       8     865
       8     866       8     867       8     868       8     869       8     870
       8     871       8     872       8     873       8     874       8     875
       8     876       8     877       8     878       8     879       8     880
       8     881       8     882       8     883       8     884       8     885
       8     886       8     887       8     888       8     889       8     890
       8     891       8     892       8     893       8     894       8     895
       8     896       8     897       8     898       8     899       8     900
       8     901       8     902       8     903       8     904       8     905
       8     906       8     907       8     908       8     909       8     910
       8     911       8     912       8     913       8     914       8     915
       8     916       8     917       8     918       8     919       8     920
       8     921       8     922       8     923       8     924       8     925
       8     926       8     927       8     928       8     929       8     930
       8     931       8     932       8     933       8     934       8     935
       8     936       8     937       8     938       8     939       8     940
       8     941       8     942       8     943       8     944       8     945
       8     946       8     947       8     948       8     949       8     950
       8     951       8     952       8     953       8     954       8     955
       8     956       8     957       8     958       8     959       8     960
21       2      40       5
FLOATER_1_2 
       6    1048       6    1049       6    1050       6    1051       6    1052
       6    1053       6    1054       6    1055       6    1056       6    1057
       6    1058       6    1059       6    1060       6    1061       6    1062
       6    1063       6    1064       6    1065       6    1066       6    1067
21       3      40       5
FLOATER_1_3 
       6    1075       6    1076       6    1077       6    1078       6    1079
       6    1080       6    1081       6    1082       6    1083       6    1084
       6    1085       6    1086       6    1087       6    1088       6    1089
       6    1090       6    1091       6    1092       6    1093       6    1094
21       4      40       5
FLOATER_1_4 
       6    1102       6    1103       6    1104       6    1105       6    1106
       6    1107       6    1108       6    1109       6    1110       6    1111
       6    1112       6    1113       6    1114       6    1115       6    1116
       6    1117       6    1118       6    1119       6    1120       6    1121
21       5      40       5
FLOATER_1_5 
       6    1129       6    1130       6    1131       6    1132       6    1133
       6    1134       6    1135       6    1136       6    1137       6    1138
       6    1139       6    1140       6    1141       6    1142       6    1143
       6    1144       6    1145       6    1146       6    1147       6    1148
99       0       0       1
