25       0       0       1
ICEM - POLYFLOW INTERFACE - Version 15.0.3 - "LengthUnitForPfl=_meter_"
26       0       0       1     562     663
26-Feb-26   17:57:02     2.4
 1       1       0       2
-0.500000000E+01-0.500000000E+01-0.100000000E+02
 
 1       2       0       2
 0.500000000E+01-0.500000000E+01-0.100000000E+02
 
 1       3       0       2
-0.500000000E+01-0.500000000E+01 0.000000000E+00
 
 1       4       0       2
 0.500000000E+01-0.500000000E+01 0.000000000E+00
 
 1       5       0       2
 0.500000000E+01 0.500000000E+01-0.100000000E+02
 
 1       6       0       2
 0.500000000E+01 0.500000000E+01 0.000000000E+00
 
 1       7       0       2
-0.500000000E+01 0.500000000E+01-0.100000000E+02
 
 1       8       0       2
-0.500000000E+01 0.500000000E+01 0.000000000E+00
 
 1       9       0       2
-0.200000000E+02 0.200000000E+02 0.000000000E+00
 
 1      10       0       2
-0.200000000E+02-0.200000000E+02 0.000000000E+00
 
 1      11       0       2
 0.200000000E+02 0.200000000E+02 0.000000000E+00
 
 1      12       0       2
 0.200000000E+02-0.200000000E+02 0.000000000E+00
 
 1      13       0       2
-0.300000000E+01-0.500000000E+01-0.100000000E+02
 
 1      14       0       2
-0.100000000E+01-0.500000000E+01-0.100000000E+02
 
 1      15       0       2
 0.100000000E+01-0.500000000E+01-0.100000000E+02
 
 1      16       0       2
 0.300000000E+01-0.500000000E+01-0.100000000E+02
 
 1      17       0       2
-0.500000000E+01-0.500000000E+01-0.800000000E+01
 
 1      18       0       2
-0.500000000E+01-0.500000000E+01-0.600000000E+01
 
 1      19       0       2
-0.500000000E+01-0.500000000E+01-0.400000000E+01
 
 1      20       0       2
-0.500000000E+01-0.500000000E+01-0.200000000E+01
 
 1      21       0       2
 0.500000000E+01-0.500000000E+01-0.800000000E+01
 
 1      22       0       2
 0.500000000E+01-0.500000000E+01-0.600000000E+01
 
 1      23       0       2
 0.500000000E+01-0.500000000E+01-0.400000000E+01
 
 1      24       0       2
 0.500000000E+01-0.500000000E+01-0.200000000E+01
 
 1      25       0       2
-0.300000000E+01-0.500000000E+01 0.000000000E+00
 
 1      26       0       2
-0.100000000E+01-0.500000000E+01 0.000000000E+00
 
 1      27       0       2
 0.100000000E+01-0.500000000E+01 0.000000000E+00
 
 1      28       0       2
 0.300000000E+01-0.500000000E+01 0.000000000E+00
 
 1      29       0       2
 0.500000000E+01-0.300000000E+01-0.100000000E+02
 
 1      30       0       2
 0.500000000E+01-0.100000000E+01-0.100000000E+02
 
 1      31       0       2
 0.500000000E+01 0.100000000E+01-0.100000000E+02
 
 1      32       0       2
 0.500000000E+01 0.300000000E+01-0.100000000E+02
 
 1      33       0       2
 0.500000000E+01 0.500000000E+01-0.800000000E+01
 
 1      34       0       2
 0.500000000E+01 0.500000000E+01-0.600000000E+01
 
 1      35       0       2
 0.500000000E+01 0.500000000E+01-0.400000000E+01
 
 1      36       0       2
 0.500000000E+01 0.500000000E+01-0.200000000E+01
 
 1      37       0       2
 0.500000000E+01 0.300000000E+01 0.000000000E+00
 
 1      38       0       2
 0.500000000E+01 0.100000000E+01 0.000000000E+00
 
 1      39       0       2
 0.500000000E+01-0.100000000E+01 0.000000000E+00
 
 1      40       0       2
 0.500000000E+01-0.300000000E+01 0.000000000E+00
 
 1      41       0       2
-0.500000000E+01-0.300000000E+01-0.100000000E+02
 
 1      42       0       2
-0.500000000E+01-0.100000000E+01-0.100000000E+02
 
 1      43       0       2
-0.500000000E+01 0.100000000E+01-0.100000000E+02
 
 1      44       0       2
-0.500000000E+01 0.300000000E+01-0.100000000E+02
 
 1      45       0       2
-0.300000000E+01 0.500000000E+01-0.100000000E+02
 
 1      46       0       2
-0.100000000E+01 0.500000000E+01-0.100000000E+02
 
 1      47       0       2
 0.100000000E+01 0.500000000E+01-0.100000000E+02
 
 1      48       0       2
 0.300000000E+01 0.500000000E+01-0.100000000E+02
 
 1      49       0       2
-0.500000000E+01 0.500000000E+01-0.800000000E+01
 
 1      50       0       2
-0.500000000E+01 0.500000000E+01-0.600000000E+01
 
 1      51       0       2
-0.500000000E+01 0.500000000E+01-0.400000000E+01
 
 1      52       0       2
-0.500000000E+01 0.500000000E+01-0.200000000E+01
 
 1      53       0       2
-0.500000000E+01-0.300000000E+01 0.000000000E+00
 
 1      54       0       2
-0.500000000E+01-0.100000000E+01 0.000000000E+00
 
 1      55       0       2
-0.500000000E+01 0.100000000E+01 0.000000000E+00
 
 1      56       0       2
-0.500000000E+01 0.300000000E+01 0.000000000E+00
 
 1      57       0       2
-0.300000000E+01 0.500000000E+01 0.000000000E+00
 
 1      58       0       2
-0.100000000E+01 0.500000000E+01 0.000000000E+00
 
 1      59       0       2
 0.100000000E+01 0.500000000E+01 0.000000000E+00
 
 1      60       0       2
 0.300000000E+01 0.500000000E+01 0.000000000E+00
 
 1      61       0       2
-0.200000000E+02 0.180000000E+02 0.000000000E+00
 
 1      62       0       2
-0.200000000E+02 0.160000000E+02 0.000000000E+00
 
 1      63       0       2
-0.200000000E+02 0.140000000E+02 0.000000000E+00
 
 1      64       0       2
-0.200000000E+02 0.120000000E+02 0.000000000E+00
 
 1      65       0       2
-0.200000000E+02 0.100000000E+02 0.000000000E+00
 
 1      66       0       2
-0.200000000E+02 0.800000000E+01 0.000000000E+00
 
 1      67       0       2
-0.200000000E+02 0.600000000E+01 0.000000000E+00
 
 1      68       0       2
-0.200000000E+02 0.400000000E+01 0.000000000E+00
 
 1      69       0       2
-0.200000000E+02 0.200000000E+01 0.000000000E+00
 
 1      70       0       2
-0.200000000E+02 0.120792265E-12 0.000000000E+00
 
 1      71       0       2
-0.200000000E+02-0.200000000E+01 0.000000000E+00
 
 1      72       0       2
-0.200000000E+02-0.400000000E+01 0.000000000E+00
 
 1      73       0       2
-0.200000000E+02-0.600000000E+01 0.000000000E+00
 
 1      74       0       2
-0.200000000E+02-0.800000000E+01 0.000000000E+00
 
 1      75       0       2
-0.200000000E+02-0.100000000E+02 0.000000000E+00
 
 1      76       0       2
-0.200000000E+02-0.120000000E+02 0.000000000E+00
 
 1      77       0       2
-0.200000000E+02-0.140000000E+02 0.000000000E+00
 
 1      78       0       2
-0.200000000E+02-0.160000000E+02 0.000000000E+00
 
 1      79       0       2
-0.200000000E+02-0.180000000E+02 0.000000000E+00
 
 1      80       0       2
-0.180000000E+02 0.200000000E+02 0.000000000E+00
 
 1      81       0       2
-0.160000000E+02 0.200000000E+02 0.000000000E+00
 
 1      82       0       2
-0.140000000E+02 0.200000000E+02 0.000000000E+00
 
 1      83       0       2
-0.120000000E+02 0.200000000E+02 0.000000000E+00
 
 1      84       0       2
-0.100000000E+02 0.200000000E+02 0.000000000E+00
 
 1      85       0       2
-0.800000000E+01 0.200000000E+02 0.000000000E+00
 
 1      86       0       2
-0.600000000E+01 0.200000000E+02 0.000000000E+00
 
 1      87       0       2
-0.400000000E+01 0.200000000E+02 0.000000000E+00
 
 1      88       0       2
-0.200000000E+01 0.200000000E+02 0.000000000E+00
 
 1      89       0       2
 0.000000000E+00 0.200000000E+02 0.000000000E+00
 
 1      90       0       2
 0.200000000E+01 0.200000000E+02 0.000000000E+00
 
 1      91       0       2
 0.400000000E+01 0.200000000E+02 0.000000000E+00
 
 1      92       0       2
 0.600000000E+01 0.200000000E+02 0.000000000E+00
 
 1      93       0       2
 0.800000000E+01 0.200000000E+02 0.000000000E+00
 
 1      94       0       2
 0.100000000E+02 0.200000000E+02 0.000000000E+00
 
 1      95       0       2
 0.120000000E+02 0.200000000E+02 0.000000000E+00
 
 1      96       0       2
 0.140000000E+02 0.200000000E+02 0.000000000E+00
 
 1      97       0       2
 0.160000000E+02 0.200000000E+02 0.000000000E+00
 
 1      98       0       2
 0.180000000E+02 0.200000000E+02 0.000000000E+00
 
 1      99       0       2
-0.180000000E+02-0.200000000E+02 0.000000000E+00
 
 1     100       0       2
-0.160000000E+02-0.200000000E+02 0.000000000E+00
 
 1     101       0       2
-0.140000000E+02-0.200000000E+02 0.000000000E+00
 
 1     102       0       2
-0.120000000E+02-0.200000000E+02 0.000000000E+00
 
 1     103       0       2
-0.100000000E+02-0.200000000E+02 0.000000000E+00
 
 1     104       0       2
-0.800000000E+01-0.200000000E+02 0.000000000E+00
 
 1     105       0       2
-0.600000000E+01-0.200000000E+02 0.000000000E+00
 
 1     106       0       2
-0.400000000E+01-0.200000000E+02 0.000000000E+00
 
 1     107       0       2
-0.200000000E+01-0.200000000E+02 0.000000000E+00
 
 1     108       0       2
-0.710542736E-14-0.200000000E+02 0.000000000E+00
 
 1     109       0       2
 0.200000000E+01-0.200000000E+02 0.000000000E+00
 
 1     110       0       2
 0.400000000E+01-0.200000000E+02 0.000000000E+00
 
 1     111       0       2
 0.600000000E+01-0.200000000E+02 0.000000000E+00
 
 1     112       0       2
 0.800000000E+01-0.200000000E+02 0.000000000E+00
 
 1     113       0       2
 0.100000000E+02-0.200000000E+02 0.000000000E+00
 
 1     114       0       2
 0.120000000E+02-0.200000000E+02 0.000000000E+00
 
 1     115       0       2
 0.140000000E+02-0.200000000E+02 0.000000000E+00
 
 1     116       0       2
 0.160000000E+02-0.200000000E+02 0.000000000E+00
 
 1     117       0       2
 0.180000000E+02-0.200000000E+02 0.000000000E+00
 
 1     118       0       2
 0.200000000E+02-0.180000000E+02 0.000000000E+00
 
 1     119       0       2
 0.200000000E+02-0.160000000E+02 0.000000000E+00
 
 1     120       0       2
 0.200000000E+02-0.140000000E+02 0.000000000E+00
 
 1     121       0       2
 0.200000000E+02-0.120000000E+02 0.000000000E+00
 
 1     122       0       2
 0.200000000E+02-0.100000000E+02 0.000000000E+00
 
 1     123       0       2
 0.200000000E+02-0.800000000E+01 0.000000000E+00
 
 1     124       0       2
 0.200000000E+02-0.600000000E+01 0.000000000E+00
 
 1     125       0       2
 0.200000000E+02-0.400000000E+01 0.000000000E+00
 
 1     126       0       2
 0.200000000E+02-0.200000000E+01 0.000000000E+00
 
 1     127       0       2
 0.200000000E+02 0.120792265E-12 0.000000000E+00
 
 1     128       0       2
 0.200000000E+02 0.200000000E+01 0.000000000E+00
 
 1     129       0       2
 0.200000000E+02 0.400000000E+01 0.000000000E+00
 
 1     130       0       2
 0.200000000E+02 0.600000000E+01 0.000000000E+00
 
 1     131       0       2
 0.200000000E+02 0.800000000E+01 0.000000000E+00
 
 1     132       0       2
 0.200000000E+02 0.100000000E+02 0.000000000E+00
 
 1     133       0       2
 0.200000000E+02 0.120000000E+02 0.000000000E+00
 
 1     134       0       2
 0.200000000E+02 0.140000000E+02 0.000000000E+00
 
 1     135       0       2
 0.200000000E+02 0.160000000E+02 0.000000000E+00
 
 1     136       0       2
 0.200000000E+02 0.180000000E+02 0.000000000E+00
 
 1     137       0       2
 0.102229357E+02-0.122878504E+01 0.000000000E+00
 
 1     138       0       2
 0.148739243E+01 0.105063639E+02 0.000000000E+00
 
 1     139       0       2
-0.875576878E+01-0.138450253E+01 0.000000000E+00
 
 1     140       0       2
 0.113567948E+01-0.840662479E+01 0.000000000E+00
 
 1     141       0       2
 0.130968356E+01 0.865917397E+01 0.000000000E+00
 
 1     142       0       2
-0.878838730E+01 0.572106063E+00 0.000000000E+00
 
 1     143       0       2
-0.647149563E+00-0.860464382E+01 0.000000000E+00
 
 1     144       0       2
 0.106452913E+02 0.988231087E+01 0.000000000E+00
 
 1     145       0       2
-0.980872059E+01-0.117429905E+02 0.000000000E+00
 
 1     146       0       2
 0.102812347E+02-0.102727041E+02 0.000000000E+00
 
 1     147       0       2
 0.106952305E+02 0.805735588E+01 0.000000000E+00
 
 1     148       0       2
 0.105623446E+02 0.238415146E+01 0.000000000E+00
 
 1     149       0       2
 0.346221495E+01 0.104642925E+02 0.000000000E+00
 
 1     150       0       2
 0.904240322E+01 0.995199013E+01 0.000000000E+00
 
 1     151       0       2
-0.835995388E+01 0.102806530E+02 0.000000000E+00
 
 1     152       0       2
-0.248732686E+01 0.105221319E+02 0.000000000E+00
 
 1     153       0       2
-0.106081495E+02 0.428542566E+01 0.000000000E+00
 
 1     154       0       2
-0.102171698E+02-0.955516148E+01 0.000000000E+00
 
 1     155       0       2
-0.105928221E+02-0.354523897E+01 0.000000000E+00
 
 1     156       0       2
-0.231246305E+01-0.105439882E+02 0.000000000E+00
 
 1     157       0       2
-0.801999760E+01-0.108666582E+02 0.000000000E+00
 
 1     158       0       2
 0.830274487E+01-0.103486662E+02 0.000000000E+00
 
 1     159       0       2
 0.101910639E+02-0.285061431E+01 0.000000000E+00
 
 1     160       0       2
 0.103567038E+02-0.836829472E+01 0.000000000E+00
 
 1     161       0       2
 0.103916636E+02-0.646349621E+01 0.000000000E+00
 
 1     162       0       2
 0.103494444E+02-0.458059597E+01 0.000000000E+00
 
 1     163       0       2
 0.421911621E+01-0.103447952E+02 0.000000000E+00
 
 1     164       0       2
 0.627858734E+01-0.103838663E+02 0.000000000E+00
 
 1     165       0       2
-0.425369835E+01-0.106262894E+02 0.000000000E+00
 
 1     166       0       2
-0.104145050E+02-0.751265907E+01 0.000000000E+00
 
 1     167       0       2
-0.104031000E+02 0.824602318E+01 0.000000000E+00
 
 1     168       0       2
-0.105142937E+02 0.627053833E+01 0.000000000E+00
 
 1     169       0       2
-0.446641493E+01 0.104829264E+02 0.000000000E+00
 
 1     170       0       2
-0.642047739E+01 0.104049263E+02 0.000000000E+00
 
 1     171       0       2
 0.541562557E+01 0.103775654E+02 0.000000000E+00
 
 1     172       0       2
 0.106749659E+02 0.618729496E+01 0.000000000E+00
 
 1     173       0       2
 0.280805326E+01-0.839682674E+01 0.000000000E+00
 
 1     174       0       2
-0.872643948E+01-0.333668780E+01 0.000000000E+00
 
 1     175       0       2
-0.264863038E+01 0.866944218E+01 0.000000000E+00
 
 1     176       0       2
 0.870027733E+01 0.259307957E+01 0.000000000E+00
 
 1     177       0       2
 0.841974068E+01-0.848085594E+01 0.000000000E+00
 
 1     178       0       2
 0.101820679E+02-0.121886225E+02 0.000000000E+00
 
 1     179       0       2
 0.818642426E+01-0.122355595E+02 0.000000000E+00
 
 1     180       0       2
 0.615561390E+01-0.122541618E+02 0.000000000E+00
 
 1     181       0       2
 0.408463955E+01-0.122276354E+02 0.000000000E+00
 
 1     182       0       2
 0.199539804E+01-0.121889210E+02 0.000000000E+00
 
 1     183       0       2
-0.832773373E-01-0.122917109E+02 0.000000000E+00
 
 1     184       0       2
-0.411569738E+01-0.124703894E+02 0.000000000E+00
 
 1     185       0       2
-0.603405190E+01-0.125097628E+02 0.000000000E+00
 
 1     186       0       2
-0.790036678E+01-0.124801512E+02 0.000000000E+00
 
 1     187       0       2
-0.119750624E+02-0.118263397E+02 0.000000000E+00
 
 1     188       0       2
-0.121448240E+02-0.976181507E+01 0.000000000E+00
 
 1     189       0       2
-0.122997770E+02-0.772079992E+01 0.000000000E+00
 
 1     190       0       2
-0.124042768E+02-0.571805048E+01 0.000000000E+00
 
 1     191       0       2
-0.124685621E+02-0.373949337E+01 0.000000000E+00
 
 1     192       0       2
-0.125056190E+02-0.177282703E+01 0.000000000E+00
 
 1     193       0       2
-0.125323153E+02 0.183313116E+00 0.000000000E+00
 
 1     194       0       2
-0.125193491E+02 0.216595960E+01 0.000000000E+00
 
 1     195       0       2
-0.124702721E+02 0.416275024E+01 0.000000000E+00
 
 1     196       0       2
-0.123994131E+02 0.616267920E+01 0.000000000E+00
 
 1     197       0       2
-0.123134699E+02 0.813203526E+01 0.000000000E+00
 
 1     198       0       2
-0.122274227E+02 0.101123095E+02 0.000000000E+00
 
 1     199       0       2
-0.101878386E+02 0.121251783E+02 0.000000000E+00
 
 1     200       0       2
-0.824304485E+01 0.122114878E+02 0.000000000E+00
 
 1     201       0       2
-0.630906868E+01 0.123020029E+02 0.000000000E+00
 
 1     202       0       2
-0.433336306E+01 0.123545399E+02 0.000000000E+00
 
 1     203       0       2
-0.235119891E+01 0.123860807E+02 0.000000000E+00
 
 1     204       0       2
 0.164532077E+01 0.123721819E+02 0.000000000E+00
 
 1     205       0       2
 0.364695716E+01 0.123310976E+02 0.000000000E+00
 
 1     206       0       2
 0.565717793E+01 0.122482119E+02 0.000000000E+00
 
 1     207       0       2
 0.770518923E+01 0.120883017E+02 0.000000000E+00
 
 1     208       0       2
 0.988464069E+01 0.117317009E+02 0.000000000E+00
 
 1     209       0       2
 0.120669603E+02 0.119534292E+02 0.000000000E+00
 
 1     210       0       2
 0.123600521E+02 0.100022249E+02 0.000000000E+00
 
 1     211       0       2
 0.124914036E+02 0.805076027E+01 0.000000000E+00
 
 1     212       0       2
 0.125113201E+02 0.610750341E+01 0.000000000E+00
 
 1     213       0       2
 0.124836645E+02 0.415273666E+01 0.000000000E+00
 
 1     214       0       2
 0.124116592E+02 0.217206359E+01 0.000000000E+00
 
 1     215       0       2
 0.122717857E+02 0.139058381E+00 0.000000000E+00
 
 1     216       0       2
 0.119594097E+02-0.204225373E+01 0.000000000E+00
 
 1     217       0       2
 0.122068443E+02-0.422654533E+01 0.000000000E+00
 
 1     218       0       2
 0.122802086E+02-0.625862074E+01 0.000000000E+00
 
 1     219       0       2
 0.122749443E+02-0.823577690E+01 0.000000000E+00
 
 1     220       0       2
 0.122230291E+02-0.101906385E+02 0.000000000E+00
 
 1     221       0       2
 0.121526136E+02-0.121397629E+02 0.000000000E+00
 
 1     222       0       2
-0.255574059E+01-0.869479561E+01 0.000000000E+00
 
 1     223       0       2
-0.832127190E+01-0.913903904E+01 0.000000000E+00
 
 1     224       0       2
-0.877976990E+01 0.253053927E+01 0.000000000E+00
 
 1     225       0       2
-0.849489021E+01 0.836694908E+01 0.000000000E+00
 
 1     226       0       2
 0.327077460E+01 0.861703014E+01 0.000000000E+00
 
 1     227       0       2
 0.890270710E+01 0.816208553E+01 0.000000000E+00
 
 1     228       0       2
 0.882681942E+01 0.632708788E+01 0.000000000E+00
 
 1     229       0       2
 0.520266199E+01 0.852544117E+01 0.000000000E+00
 
 1     230       0       2
-0.462040377E+01 0.862284946E+01 0.000000000E+00
 
 1     231       0       2
-0.656931114E+01 0.851398182E+01 0.000000000E+00
 
 1     232       0       2
-0.862596226E+01 0.643692923E+01 0.000000000E+00
 
 1     233       0       2
-0.872554302E+01 0.449019861E+01 0.000000000E+00
 
 1     234       0       2
-0.865834808E+01-0.529536057E+01 0.000000000E+00
 
 1     235       0       2
-0.852148533E+01-0.724303865E+01 0.000000000E+00
 
 1     236       0       2
-0.446184206E+01-0.878113556E+01 0.000000000E+00
 
 1     237       0       2
 0.648635960E+01-0.854413605E+01 0.000000000E+00
 
 1     238       0       2
 0.850275707E+01-0.661870670E+01 0.000000000E+00
 
 1     239       0       2
 0.850993538E+01-0.476787376E+01 0.000000000E+00
 
 1     240       0       2
-0.140239973E+02-0.118946199E+02 0.000000000E+00
 
 1     241       0       2
-0.801369190E+01-0.142181950E+02 0.000000000E+00
 
 1     242       0       2
-0.404588747E+01-0.143245802E+02 0.000000000E+00
 
 1     243       0       2
-0.314018652E-01-0.142094860E+02 0.000000000E+00
 
 1     244       0       2
 0.608616829E+01-0.141626749E+02 0.000000000E+00
 
 1     245       0       2
 0.404630423E+01-0.141618509E+02 0.000000000E+00
 
 1     246       0       2
 0.101044073E+02-0.141230755E+02 0.000000000E+00
 
 1     247       0       2
 0.810358334E+01-0.141592598E+02 0.000000000E+00
 
 1     248       0       2
-0.120756531E+02 0.140410442E+02 0.000000000E+00
 
 1     249       0       2
 0.140946398E+02 0.120105400E+02 0.000000000E+00
 
 1     250       0       2
 0.120914946E+02-0.140946083E+02 0.000000000E+00
 
 1     251       0       2
 0.141179104E+02-0.120999966E+02 0.000000000E+00
 
 1     252       0       2
 0.141936493E+02-0.813785172E+01 0.000000000E+00
 
 1     253       0       2
 0.141311846E+02-0.409411812E+01 0.000000000E+00
 
 1     254       0       2
 0.142799282E+02 0.205829477E+01 0.000000000E+00
 
 1     255       0       2
 0.141762400E+02 0.191310626E-01 0.000000000E+00
 
 1     256       0       2
 0.143567839E+02 0.606360722E+01 0.000000000E+00
 
 1     257       0       2
 0.143390274E+02 0.407046080E+01 0.000000000E+00
 
 1     258       0       2
 0.143273821E+02 0.804907227E+01 0.000000000E+00
 
 1     259       0       2
 0.119812241E+02 0.139468336E+02 0.000000000E+00
 
 1     260       0       2
 0.786733389E+01 0.140346651E+02 0.000000000E+00
 
 1     261       0       2
 0.177441084E+01 0.142574883E+02 0.000000000E+00
 
 1     262       0       2
 0.378676915E+01 0.142219973E+02 0.000000000E+00
 
 1     263       0       2
-0.222806215E+01 0.142705688E+02 0.000000000E+00
 
 1     264       0       2
-0.242045879E+00 0.142775412E+02 0.000000000E+00
 
 1     265       0       2
-0.620279884E+01 0.142131138E+02 0.000000000E+00
 
 1     266       0       2
-0.422588348E+01 0.142514505E+02 0.000000000E+00
 
 1     267       0       2
-0.101195583E+02 0.140906334E+02 0.000000000E+00
 
 1     268       0       2
-0.816614819E+01 0.141539183E+02 0.000000000E+00
 
 1     269       0       2
-0.141687498E+02 0.100604639E+02 0.000000000E+00
 
 1     270       0       2
-0.140983191E+02 0.120363655E+02 0.000000000E+00
 
 1     271       0       2
-0.142917843E+02 0.610873890E+01 0.000000000E+00
 
 1     272       0       2
-0.142317715E+02 0.810261154E+01 0.000000000E+00
 
 1     273       0       2
-0.143807936E+02-0.188775706E+01 0.000000000E+00
 
 1     274       0       2
-0.143938866E+02 0.997429788E-01 0.000000000E+00
 
 1     275       0       2
-0.142909956E+02-0.584759140E+01 0.000000000E+00
 
 1     276       0       2
-0.143454504E+02-0.385890579E+01 0.000000000E+00
 
 1     277       0       2
-0.141069613E+02-0.986655998E+01 0.000000000E+00
 
 1     278       0       2
-0.142093410E+02-0.784874821E+01 0.000000000E+00
 
 1     279       0       2
-0.140007324E+02-0.139240084E+02 0.000000000E+00
 
 1     280       0       2
-0.140529890E+02 0.140199442E+02 0.000000000E+00
 
 1     281       0       2
 0.140176077E+02 0.139931459E+02 0.000000000E+00
 
 1     282       0       2
 0.140721283E+02-0.140693836E+02 0.000000000E+00
 
 1     283       0       2
-0.160751438E+02-0.993398571E+01 0.000000000E+00
 
 1     284       0       2
-0.161353569E+02-0.792637014E+01 0.000000000E+00
 
 1     285       0       2
-0.161888428E+02-0.592602110E+01 0.000000000E+00
 
 1     286       0       2
-0.162528114E+02-0.194554138E+01 0.000000000E+00
 
 1     287       0       2
-0.162476044E+02 0.206068277E+01 0.000000000E+00
 
 1     288       0       2
-0.162205677E+02 0.406855631E+01 0.000000000E+00
 
 1     289       0       2
-0.161883030E+02 0.606847429E+01 0.000000000E+00
 
 1     290       0       2
-0.161545010E+02 0.806854534E+01 0.000000000E+00
 
 1     291       0       2
-0.161138973E+02 0.100497332E+02 0.000000000E+00
 
 1     292       0       2
-0.160059891E+02-0.139554930E+02 0.000000000E+00
 
 1     293       0       2
-0.140259418E+02 0.160109177E+02 0.000000000E+00
 
 1     294       0       2
-0.160343342E+02 0.140100651E+02 0.000000000E+00
 
 1     295       0       2
-0.120441904E+02 0.160286350E+02 0.000000000E+00
 
 1     296       0       2
-0.100717373E+02 0.160609646E+02 0.000000000E+00
 
 1     297       0       2
-0.810366154E+01 0.161038609E+02 0.000000000E+00
 
 1     298       0       2
-0.612857294E+01 0.161393452E+02 0.000000000E+00
 
 1     299       0       2
-0.214665794E+01 0.161749001E+02 0.000000000E+00
 
 1     300       0       2
 0.186691880E+01 0.161619625E+02 0.000000000E+00
 
 1     301       0       2
 0.590796137E+01 0.160867195E+02 0.000000000E+00
 
 1     302       0       2
 0.995960522E+01 0.159691610E+02 0.000000000E+00
 
 1     303       0       2
 0.160250950E+02 0.140099430E+02 0.000000000E+00
 
 1     304       0       2
 0.119775248E+02 0.159680824E+02 0.000000000E+00
 
 1     305       0       2
 0.139942665E+02 0.159888382E+02 0.000000000E+00
 
 1     306       0       2
 0.161459618E+02 0.100318270E+02 0.000000000E+00
 
 1     307       0       2
 0.162225456E+02 0.603564310E+01 0.000000000E+00
 
 1     308       0       2
 0.162129707E+02 0.402943754E+01 0.000000000E+00
 
 1     309       0       2
 0.161740494E+02 0.201570940E+01 0.000000000E+00
 
 1     310       0       2
 0.160744705E+02-0.202751112E+01 0.000000000E+00
 
 1     311       0       2
 0.161158295E+02-0.606684637E+01 0.000000000E+00
 
 1     312       0       2
 0.161042328E+02-0.100726032E+02 0.000000000E+00
 
 1     313       0       2
 0.140415020E+02-0.160457172E+02 0.000000000E+00
 
 1     314       0       2
 0.160494270E+02-0.140439930E+02 0.000000000E+00
 
 1     315       0       2
 0.120504093E+02-0.160584450E+02 0.000000000E+00
 
 1     316       0       2
 0.100567827E+02-0.160749836E+02 0.000000000E+00
 
 1     317       0       2
 0.805737495E+01-0.161000309E+02 0.000000000E+00
 
 1     318       0       2
 0.604650164E+01-0.161044350E+02 0.000000000E+00
 
 1     319       0       2
 0.200896907E+01-0.161056004E+02 0.000000000E+00
 
 1     320       0       2
-0.951256696E-02-0.161352482E+02 0.000000000E+00
 
 1     321       0       2
-0.803421116E+01-0.161176586E+02 0.000000000E+00
 
 1     322       0       2
-0.100212698E+02-0.160057335E+02 0.000000000E+00
 
 1     323       0       2
-0.140034618E+02-0.159555063E+02 0.000000000E+00
 
 1     324       0       2
 0.663701153E+01-0.670628166E+01 0.000000000E+00
 
 1     325       0       2
-0.660476923E+01-0.703840923E+01 0.000000000E+00
 
 1     326       0       2
-0.671861982E+01 0.662170935E+01 0.000000000E+00
 
 1     327       0       2
 0.696312141E+01 0.652006674E+01 0.000000000E+00
 
 1     328       0       2
-0.160012093E+02-0.159699926E+02 0.000000000E+00
 
 1     329       0       2
-0.160170612E+02 0.160053654E+02 0.000000000E+00
 
 1     330       0       2
 0.160035820E+02 0.160020962E+02 0.000000000E+00
 
 1     331       0       2
 0.478087521E+01-0.674118614E+01 0.000000000E+00
 
 1     332       0       2
 0.291342807E+01-0.670075274E+01 0.000000000E+00
 
 1     333       0       2
 0.102870238E+01-0.671032190E+01 0.000000000E+00
 
 1     334       0       2
-0.874175489E+00-0.678888941E+01 0.000000000E+00
 
 1     335       0       2
-0.470170259E+01-0.691147566E+01 0.000000000E+00
 
 1     336       0       2
-0.279063058E+01-0.684603548E+01 0.000000000E+00
 
 1     337       0       2
-0.679043293E+01-0.511072588E+01 0.000000000E+00
 
 1     338       0       2
-0.685687160E+01-0.314744949E+01 0.000000000E+00
 
 1     339       0       2
-0.688083267E+01-0.117645240E+01 0.000000000E+00
 
 1     340       0       2
-0.689300156E+01 0.794028342E+00 0.000000000E+00
 
 1     341       0       2
-0.684171057E+01 0.470805454E+01 0.000000000E+00
 
 1     342       0       2
-0.688383436E+01 0.275851679E+01 0.000000000E+00
 
 1     343       0       2
-0.478243542E+01 0.677500916E+01 0.000000000E+00
 
 1     344       0       2
-0.281552339E+01 0.682540751E+01 0.000000000E+00
 
 1     345       0       2
-0.835249901E+00 0.683280659E+01 0.000000000E+00
 
 1     346       0       2
 0.114231789E+01 0.682168293E+01 0.000000000E+00
 
 1     347       0       2
 0.506049967E+01 0.671451187E+01 0.000000000E+00
 
 1     348       0       2
 0.311142468E+01 0.679398870E+01 0.000000000E+00
 
 1     349       0       2
 0.684270096E+01 0.278886247E+01 0.000000000E+00
 
 1     350       0       2
 0.671910095E+01-0.485163116E+01 0.000000000E+00
 
 1     351       0       2
 0.678937244E+01 0.875362158E+00 0.000000000E+00
 
 1     352       0       2
-0.180005436E+02-0.159872561E+02 0.000000000E+00
 
 1     353       0       2
-0.180046368E+02-0.139821768E+02 0.000000000E+00
 
 1     354       0       2
-0.180165806E+02-0.119781961E+02 0.000000000E+00
 
 1     355       0       2
-0.180387764E+02-0.997422981E+01 0.000000000E+00
 
 1     356       0       2
-0.180670586E+02-0.797183371E+01 0.000000000E+00
 
 1     357       0       2
-0.180934601E+02-0.597263908E+01 0.000000000E+00
 
 1     358       0       2
-0.181140842E+02-0.397635078E+01 0.000000000E+00
 
 1     359       0       2
-0.181258087E+02-0.197835910E+01 0.000000000E+00
 
 1     360       0       2
-0.181272202E+02 0.268243905E-01 0.000000000E+00
 
 1     361       0       2
-0.181206455E+02 0.203288698E+01 0.000000000E+00
 
 1     362       0       2
-0.181083164E+02 0.403495455E+01 0.000000000E+00
 
 1     363       0       2
-0.180931053E+02 0.603562403E+01 0.000000000E+00
 
 1     364       0       2
-0.180782681E+02 0.803554726E+01 0.000000000E+00
 
 1     365       0       2
-0.180571575E+02 0.100260887E+02 0.000000000E+00
 
 1     366       0       2
-0.180325680E+02 0.120137072E+02 0.000000000E+00
 
 1     367       0       2
-0.180176582E+02 0.140065460E+02 0.000000000E+00
 
 1     368       0       2
-0.180088253E+02 0.160032082E+02 0.000000000E+00
 
 1     369       0       2
-0.180031261E+02 0.180013371E+02 0.000000000E+00
 
 1     370       0       2
-0.160068932E+02 0.180026112E+02 0.000000000E+00
 
 1     371       0       2
-0.140125666E+02 0.180063038E+02 0.000000000E+00
 
 1     372       0       2
-0.120216560E+02 0.180157700E+02 0.000000000E+00
 
 1     373       0       2
-0.100355873E+02 0.180320835E+02 0.000000000E+00
 
 1     374       0       2
-0.805110931E+01 0.180519848E+02 0.000000000E+00
 
 1     375       0       2
-0.606491423E+01 0.180704002E+02 0.000000000E+00
 
 1     376       0       2
-0.406694078E+01 0.180805111E+02 0.000000000E+00
 
 1     377       0       2
-0.206564760E+01 0.180842361E+02 0.000000000E+00
 
 1     378       0       2
-0.611014888E-01 0.180802155E+02 0.000000000E+00
 
 1     379       0       2
 0.194016254E+01 0.180776100E+02 0.000000000E+00
 
 1     380       0       2
 0.395075011E+01 0.180629673E+02 0.000000000E+00
 
 1     381       0       2
 0.596294069E+01 0.180395603E+02 0.000000000E+00
 
 1     382       0       2
 0.797427082E+01 0.180115929E+02 0.000000000E+00
 
 1     383       0       2
 0.998204994E+01 0.179900436E+02 0.000000000E+00
 
 1     384       0       2
 0.119875746E+02 0.179860058E+02 0.000000000E+00
 
 1     385       0       2
 0.139937744E+02 0.179932938E+02 0.000000000E+00
 
 1     386       0       2
 0.159983549E+02 0.179994869E+02 0.000000000E+00
 
 1     387       0       2
 0.180002556E+02 0.180014305E+02 0.000000000E+00
 
 1     388       0       2
 0.180042343E+02 0.160044174E+02 0.000000000E+00
 
 1     389       0       2
 0.180161877E+02 0.140095987E+02 0.000000000E+00
 
 1     390       0       2
 0.180397911E+02 0.120154343E+02 0.000000000E+00
 
 1     391       0       2
 0.180709248E+02 0.100192451E+02 0.000000000E+00
 
 1     392       0       2
 0.180953236E+02 0.801939678E+01 0.000000000E+00
 
 1     393       0       2
 0.181063747E+02 0.601608658E+01 0.000000000E+00
 
 1     394       0       2
 0.181020832E+02 0.401001453E+01 0.000000000E+00
 
 1     395       0       2
 0.180834389E+02 0.200189281E+01 0.000000000E+00
 
 1     396       0       2
 0.180585880E+02-0.680484716E-02 0.000000000E+00
 
 1     397       0       2
 0.180422993E+02-0.201450396E+01 0.000000000E+00
 
 1     398       0       2
 0.180451565E+02-0.402181625E+01 0.000000000E+00
 
 1     399       0       2
 0.180552082E+02-0.602868748E+01 0.000000000E+00
 
 1     400       0       2
 0.180587177E+02-0.803313637E+01 0.000000000E+00
 
 1     401       0       2
 0.180507889E+02-0.100334702E+02 0.000000000E+00
 
 1     402       0       2
 0.180382500E+02-0.120285654E+02 0.000000000E+00
 
 1     403       0       2
 0.180252304E+02-0.140218420E+02 0.000000000E+00
 
 1     404       0       2
 0.180142365E+02-0.160144768E+02 0.000000000E+00
 
 1     405       0       2
 0.180063343E+02-0.180072536E+02 0.000000000E+00
 
 1     406       0       2
 0.160127125E+02-0.180141392E+02 0.000000000E+00
 
 1     407       0       2
 0.140195255E+02-0.180229664E+02 0.000000000E+00
 
 1     408       0       2
 0.120228863E+02-0.180285759E+02 0.000000000E+00
 
 1     409       0       2
 0.100255747E+02-0.180363312E+02 0.000000000E+00
 
 1     410       0       2
 0.802677345E+01-0.180509701E+02 0.000000000E+00
 
 1     411       0       2
 0.602161598E+01-0.180522022E+02 0.000000000E+00
 
 1     412       0       2
 0.401424932E+01-0.180479145E+02 0.000000000E+00
 
 1     413       0       2
 0.200629187E+01-0.180526657E+02 0.000000000E+00
 
 1     414       0       2
-0.184828998E-02-0.180662365E+02 0.000000000E+00
 
 1     415       0       2
-0.200860500E+01-0.180846519E+02 0.000000000E+00
 
 1     416       0       2
-0.401637840E+01-0.180934563E+02 0.000000000E+00
 
 1     417       0       2
-0.602186012E+01-0.180855484E+02 0.000000000E+00
 
 1     418       0       2
-0.802295303E+01-0.180542393E+02 0.000000000E+00
 
 1     419       0       2
-0.100179577E+02-0.180105476E+02 0.000000000E+00
 
 1     420       0       2
-0.120101023E+02-0.179853020E+02 0.000000000E+00
 
 1     421       0       2
-0.140039291E+02-0.179806595E+02 0.000000000E+00
 
 1     422       0       2
-0.160008259E+02-0.179855347E+02 0.000000000E+00
 
 1     423       0       2
-0.179996548E+02-0.179930305E+02 0.000000000E+00
 
 1     424       0       2
-0.106251822E+02-0.159203982E+01 0.000000000E+00
 
 1     425       0       2
 0.162009277E+02 0.803574944E+01 0.000000000E+00
 
 1     426       0       2
-0.603291893E+01-0.161880341E+02 0.000000000E+00
 
 1     427       0       2
-0.202121973E+01-0.161786499E+02 0.000000000E+00
 
 1     428       0       2
-0.602341604E+01-0.143262625E+02 0.000000000E+00
 
 1     429       0       2
 0.160292072E+02-0.160296555E+02 0.000000000E+00
 
 1     430       0       2
-0.106549921E+02 0.360578746E+00 0.000000000E+00
 
 1     431       0       2
-0.155259162E+00 0.161818161E+02 0.000000000E+00
 
 1     432       0       2
 0.160752335E+02 0.120210285E+02 0.000000000E+00
 
 1     433       0       2
-0.402348566E+01-0.162009048E+02 0.000000000E+00
 
 1     434       0       2
 0.457240868E+01-0.853162575E+01 0.000000000E+00
 
 1     435       0       2
-0.143411322E+02 0.410648489E+01 0.000000000E+00
 
 1     436       0       2
-0.162583103E+02 0.566508397E-01 0.000000000E+00
 
 1     437       0       2
-0.671144128E+00 0.867332172E+01 0.000000000E+00
 
 1     438       0       2
-0.204404664E+01-0.142807598E+02 0.000000000E+00
 
 1     439       0       2
 0.992478561E+01 0.139082699E+02 0.000000000E+00
 
 1     440       0       2
-0.119854479E+02-0.138990870E+02 0.000000000E+00
 
 1     441       0       2
 0.793313599E+01 0.160220947E+02 0.000000000E+00
 
 1     442       0       2
-0.106443539E+02 0.232959843E+01 0.000000000E+00
 
 1     443       0       2
 0.731433344E+01 0.102170572E+02 0.000000000E+00
 
 1     444       0       2
 0.581089687E+01 0.141510868E+02 0.000000000E+00
 
 1     445       0       2
 0.689019585E+01 0.467642736E+01 0.000000000E+00
 
 1     446       0       2
 0.198043191E+01-0.101121607E+02 0.000000000E+00
 
 1     447       0       2
 0.140736055E+02-0.203647184E+01 0.000000000E+00
 
 1     448       0       2
 0.106272192E+02 0.429248571E+01 0.000000000E+00
 
 1     449       0       2
-0.162273827E+02-0.393122768E+01 0.000000000E+00
 
 1     450       0       2
-0.998112679E+01-0.139527521E+02 0.000000000E+00
 
 1     451       0       2
-0.105226078E+02-0.552113056E+01 0.000000000E+00
 
 1     452       0       2
 0.160781784E+02-0.120610113E+02 0.000000000E+00
 
 1     453       0       2
-0.414320850E+01 0.161621819E+02 0.000000000E+00
 
 1     454       0       2
-0.614276171E+01-0.107166338E+02 0.000000000E+00
 
 1     455       0       2
 0.200629473E+01-0.141612396E+02 0.000000000E+00
 
 1     456       0       2
-0.212649202E+01-0.123994608E+02 0.000000000E+00
 
 1     457       0       2
-0.160277691E+02-0.119430017E+02 0.000000000E+00
 
 1     458       0       2
-0.160678406E+02 0.120277348E+02 0.000000000E+00
 
 1     459       0       2
 0.161209927E+02-0.807543278E+01 0.000000000E+00
 
 1     460       0       2
 0.402894211E+01-0.161026402E+02 0.000000000E+00
 
 1     461       0       2
-0.143785257E+02 0.210517716E+01 0.000000000E+00
 
 1     462       0       2
 0.142340336E+02 0.100310135E+02 0.000000000E+00
 
 1     463       0       2
-0.121451826E+02 0.120762215E+02 0.000000000E+00
 
 1     464       0       2
 0.876251984E+01 0.446750450E+01 0.000000000E+00
 
 1     465       0       2
-0.120069942E+02-0.159555712E+02 0.000000000E+00
 
 1     466       0       2
 0.141850834E+02-0.613174868E+01 0.000000000E+00
 
 1     467       0       2
 0.388053751E+01 0.161352615E+02 0.000000000E+00
 
 1     468       0       2
 0.707737446E+01 0.835792542E+01 0.000000000E+00
 
 1     469       0       2
 0.160881443E+02-0.404892349E+01 0.000000000E+00
 
 1     470       0       2
 0.161174793E+02-0.484576682E-02 0.000000000E+00
 
 1     471       0       2
-0.637291479E+01-0.890633869E+01 0.000000000E+00
 
 1     472       0       2
 0.141594200E+02-0.101273546E+02 0.000000000E+00
 
 1     473       0       2
-0.372404724E+00 0.124001522E+02 0.000000000E+00
 
 1     474       0       2
-0.100000000E+01-0.500000000E+01-0.600000000E+01
 
 1     475       0       2
-0.100000000E+01-0.500000000E+01-0.400000000E+01
 
 1     476       0       2
 0.100000000E+01-0.500000000E+01-0.400000000E+01
 
 1     477       0       2
 0.100000000E+01-0.500000000E+01-0.600000000E+01
 
 1     478       0       2
-0.300000000E+01-0.500000000E+01-0.600000000E+01
 
 1     479       0       2
-0.300000000E+01-0.500000000E+01-0.400000000E+01
 
 1     480       0       2
-0.300000000E+01-0.500000000E+01-0.200000000E+01
 
 1     481       0       2
-0.100000000E+01-0.500000000E+01-0.200000000E+01
 
 1     482       0       2
 0.100000000E+01-0.500000000E+01-0.200000000E+01
 
 1     483       0       2
 0.300000000E+01-0.500000000E+01-0.200000000E+01
 
 1     484       0       2
 0.300000000E+01-0.500000000E+01-0.400000000E+01
 
 1     485       0       2
 0.300000000E+01-0.500000000E+01-0.600000000E+01
 
 1     486       0       2
 0.300000000E+01-0.500000000E+01-0.800000000E+01
 
 1     487       0       2
 0.100000000E+01-0.500000000E+01-0.800000000E+01
 
 1     488       0       2
-0.100000000E+01-0.500000000E+01-0.800000000E+01
 
 1     489       0       2
-0.300000000E+01-0.500000000E+01-0.800000000E+01
 
 1     490       0       2
 0.500000000E+01-0.100000000E+01-0.600000000E+01
 
 1     491       0       2
 0.500000000E+01-0.100000000E+01-0.400000000E+01
 
 1     492       0       2
 0.500000000E+01 0.100000000E+01-0.400000000E+01
 
 1     493       0       2
 0.500000000E+01 0.100000000E+01-0.600000000E+01
 
 1     494       0       2
 0.500000000E+01-0.300000000E+01-0.600000000E+01
 
 1     495       0       2
 0.500000000E+01-0.300000000E+01-0.400000000E+01
 
 1     496       0       2
 0.500000000E+01-0.300000000E+01-0.200000000E+01
 
 1     497       0       2
 0.500000000E+01-0.100000000E+01-0.200000000E+01
 
 1     498       0       2
 0.500000000E+01 0.100000000E+01-0.200000000E+01
 
 1     499       0       2
 0.500000000E+01 0.300000000E+01-0.200000000E+01
 
 1     500       0       2
 0.500000000E+01 0.300000000E+01-0.400000000E+01
 
 1     501       0       2
 0.500000000E+01 0.300000000E+01-0.600000000E+01
 
 1     502       0       2
 0.500000000E+01 0.300000000E+01-0.800000000E+01
 
 1     503       0       2
 0.500000000E+01 0.100000000E+01-0.800000000E+01
 
 1     504       0       2
 0.500000000E+01-0.100000000E+01-0.800000000E+01
 
 1     505       0       2
 0.500000000E+01-0.300000000E+01-0.800000000E+01
 
 1     506       0       2
-0.100000000E+01 0.500000000E+01-0.400000000E+01
 
 1     507       0       2
-0.100000000E+01 0.500000000E+01-0.600000000E+01
 
 1     508       0       2
 0.100000000E+01 0.500000000E+01-0.600000000E+01
 
 1     509       0       2
 0.100000000E+01 0.500000000E+01-0.400000000E+01
 
 1     510       0       2
-0.300000000E+01 0.500000000E+01-0.400000000E+01
 
 1     511       0       2
-0.300000000E+01 0.500000000E+01-0.600000000E+01
 
 1     512       0       2
-0.300000000E+01 0.500000000E+01-0.800000000E+01
 
 1     513       0       2
-0.100000000E+01 0.500000000E+01-0.800000000E+01
 
 1     514       0       2
 0.100000000E+01 0.500000000E+01-0.800000000E+01
 
 1     515       0       2
 0.300000000E+01 0.500000000E+01-0.800000000E+01
 
 1     516       0       2
 0.300000000E+01 0.500000000E+01-0.600000000E+01
 
 1     517       0       2
 0.300000000E+01 0.500000000E+01-0.400000000E+01
 
 1     518       0       2
 0.300000000E+01 0.500000000E+01-0.200000000E+01
 
 1     519       0       2
 0.100000000E+01 0.500000000E+01-0.200000000E+01
 
 1     520       0       2
-0.100000000E+01 0.500000000E+01-0.200000000E+01
 
 1     521       0       2
-0.300000000E+01 0.500000000E+01-0.200000000E+01
 
 1     522       0       2
-0.500000000E+01-0.100000000E+01-0.400000000E+01
 
 1     523       0       2
-0.500000000E+01-0.100000000E+01-0.600000000E+01
 
 1     524       0       2
-0.500000000E+01 0.100000000E+01-0.600000000E+01
 
 1     525       0       2
-0.500000000E+01 0.100000000E+01-0.400000000E+01
 
 1     526       0       2
-0.500000000E+01-0.300000000E+01-0.400000000E+01
 
 1     527       0       2
-0.500000000E+01-0.300000000E+01-0.600000000E+01
 
 1     528       0       2
-0.500000000E+01-0.300000000E+01-0.800000000E+01
 
 1     529       0       2
-0.500000000E+01-0.100000000E+01-0.800000000E+01
 
 1     530       0       2
-0.500000000E+01 0.100000000E+01-0.800000000E+01
 
 1     531       0       2
-0.500000000E+01 0.300000000E+01-0.800000000E+01
 
 1     532       0       2
-0.500000000E+01 0.300000000E+01-0.600000000E+01
 
 1     533       0       2
-0.500000000E+01 0.300000000E+01-0.400000000E+01
 
 1     534       0       2
-0.500000000E+01 0.300000000E+01-0.200000000E+01
 
 1     535       0       2
-0.500000000E+01 0.100000000E+01-0.200000000E+01
 
 1     536       0       2
-0.500000000E+01-0.100000000E+01-0.200000000E+01
 
 1     537       0       2
-0.500000000E+01-0.300000000E+01-0.200000000E+01
 
 1     538       0       2
 0.100000000E+01-0.100000000E+01-0.100000000E+02
 
 1     539       0       2
 0.100000000E+01 0.100000000E+01-0.100000000E+02
 
 1     540       0       2
-0.100000000E+01 0.100000000E+01-0.100000000E+02
 
 1     541       0       2
-0.100000000E+01-0.100000000E+01-0.100000000E+02
 
 1     542       0       2
 0.300000000E+01-0.100000000E+01-0.100000000E+02
 
 1     543       0       2
 0.300000000E+01 0.100000000E+01-0.100000000E+02
 
 1     544       0       2
 0.300000000E+01 0.300000000E+01-0.100000000E+02
 
 1     545       0       2
 0.100000000E+01 0.300000000E+01-0.100000000E+02
 
 1     546       0       2
-0.100000000E+01 0.300000000E+01-0.100000000E+02
 
 1     547       0       2
-0.300000000E+01 0.300000000E+01-0.100000000E+02
 
 1     548       0       2
-0.300000000E+01 0.100000000E+01-0.100000000E+02
 
 1     549       0       2
-0.300000000E+01-0.100000000E+01-0.100000000E+02
 
 1     550       0       2
-0.300000000E+01-0.300000000E+01-0.100000000E+02
 
 1     551       0       2
-0.100000000E+01-0.300000000E+01-0.100000000E+02
 
 1     552       0       2
 0.100000000E+01-0.300000000E+01-0.100000000E+02
 
 1     553       0       2
 0.300000000E+01-0.300000000E+01-0.100000000E+02
 
 1     554       0       2
 0.104338837E+02 0.503040254E+00 0.000000000E+00
 
 1     555       0       2
-0.243423820E+00-0.104103746E+02 0.000000000E+00
 
 1     556       0       2
-0.511200130E+00 0.105297461E+02 0.000000000E+00
 
 1     557       0       2
-0.102947531E+02 0.101866980E+02 0.000000000E+00
 
 1     558       0       2
 0.860135937E+01 0.730594218E+00 0.000000000E+00
 
 1     559       0       2
 0.846582317E+01-0.293552566E+01 0.000000000E+00
 
 1     560       0       2
 0.672687149E+01-0.295941234E+01 0.000000000E+00
 
 1     561       0       2
 0.849524975E+01-0.110794461E+01 0.000000000E+00
 
 1     562       0       2
 0.674652576E+01-0.104398155E+01 0.000000000E+00
 
 2       1       3       2       0
       3       0       2
     144     208     150
 2       2       3       2       0
       3       0       2
     216     137     159
 2       3       3       2       0
       3       0       2
     173     140     446
 2       4       3       2       0
       3       0       2
     157     145     186
 2       5       4       2       0
       4       0       1
     551     552     538     541
 2       6       4       2       0
       4       0       1
     541     538     539     540
 2       7       4       2       0
       4       0       1
     539     538     542     543
 2       8       4       2       0
       4       0       1
     542     538     552     553
 2       9       4       2       0
       4       0       1
     540     539     545     546
 2      10       4       2       0
       4       0       1
     545     539     543     544
 2      11       4       2       0
       4       0       1
     541     540     548     549
 2      12       4       2       0
       4       0       1
     548     540     546     547
 2      13       4       2       0
       4       0       1
     551     541     549     550
 2      14       4       2       0
       4       0       1
     542     553      29      30
 2      15       4       2       0
       4       0       1
     543     542      30      31
 2      16       4       2       0
       4       0       1
     544     543      31      32
 2      17       4       2       0
       4       0       1
     544      32       5      48
 2      18       4       2       0
       4       0       1
     545     544      48      47
 2      19       4       2       0
       4       0       1
     546     545      47      46
 2      20       4       2       0
       4       0       1
     547     546      46      45
 2      21       4       2       0
       4       0       1
     547      45       7      44
 2      22       4       2       0
       4       0       1
     548     547      44      43
 2      23       4       2       0
       4       0       1
     549     548      43      42
 2      24       4       2       0
       4       0       1
     550     549      42      41
 2      25       4       2       0
       4       0       1
     550      41       1      13
 2      26       4       2       0
       4       0       1
     551     550      13      14
 2      27       4       2       0
       4       0       1
     552     551      14      15
 2      28       4       2       0
       4       0       1
     553     552      15      16
 2      29       4       2       0
       4       0       1
      29     553      16       2
 2      30       4       2       0
       4       0       1
     535     536     522     525
 2      31       4       2       0
       4       0       1
     525     522     523     524
 2      32       4       2       0
       4       0       1
     523     522     526     527
 2      33       4       2       0
       4       0       1
     526     522     536     537
 2      34       4       2       0
       4       0       1
     524     523     529     530
 2      35       4       2       0
       4       0       1
     529     523     527     528
 2      36       4       2       0
       4       0       1
     525     524     532     533
 2      37       4       2       0
       4       0       1
     532     524     530     531
 2      38       4       2       0
       4       0       1
     535     525     533     534
 2      39       4       2       0
       4       0       1
     526     537      20      19
 2      40       4       2       0
       4       0       1
     527     526      19      18
 2      41       4       2       0
       4       0       1
     528     527      18      17
 2      42       4       2       0
       4       0       1
     528      17       1      41
 2      43       4       2       0
       4       0       1
     529     528      41      42
 2      44       4       2       0
       4       0       1
     530     529      42      43
 2      45       4       2       0
       4       0       1
     531     530      43      44
 2      46       4       2       0
       4       0       1
     531      44       7      49
 2      47       4       2       0
       4       0       1
     532     531      49      50
 2      48       4       2       0
       4       0       1
     533     532      50      51
 2      49       4       2       0
       4       0       1
     534     533      51      52
 2      50       4       2       0
       4       0       1
     534      52       8      56
 2      51       4       2       0
       4       0       1
     535     534      56      55
 2      52       4       2       0
       4       0       1
     536     535      55      54
 2      53       4       2       0
       4       0       1
     537     536      54      53
 2      54       4       2       0
       4       0       1
      20     537      53       3
 2      55       4       2       0
       4       0       1
     519     520     506     509
 2      56       4       2       0
       4       0       1
     509     506     507     508
 2      57       4       2       0
       4       0       1
     507     506     510     511
 2      58       4       2       0
       4       0       1
     510     506     520     521
 2      59       4       2       0
       4       0       1
     508     507     513     514
 2      60       4       2       0
       4       0       1
     513     507     511     512
 2      61       4       2       0
       4       0       1
     509     508     516     517
 2      62       4       2       0
       4       0       1
     516     508     514     515
 2      63       4       2       0
       4       0       1
     519     509     517     518
 2      64       4       2       0
       4       0       1
     510     521      52      51
 2      65       4       2       0
       4       0       1
     511     510      51      50
 2      66       4       2       0
       4       0       1
     512     511      50      49
 2      67       4       2       0
       4       0       1
     512      49       7      45
 2      68       4       2       0
       4       0       1
     513     512      45      46
 2      69       4       2       0
       4       0       1
     514     513      46      47
 2      70       4       2       0
       4       0       1
     515     514      47      48
 2      71       4       2       0
       4       0       1
     515      48       5      33
 2      72       4       2       0
       4       0       1
     516     515      33      34
 2      73       4       2       0
       4       0       1
     517     516      34      35
 2      74       4       2       0
       4       0       1
     518     517      35      36
 2      75       4       2       0
       4       0       1
     518      36       6      60
 2      76       4       2       0
       4       0       1
     519     518      60      59
 2      77       4       2       0
       4       0       1
     520     519      59      58
 2      78       4       2       0
       4       0       1
     521     520      58      57
 2      79       4       2       0
       4       0       1
      52     521      57       8
 2      80       4       2       0
       4       0       1
     503     504     490     493
 2      81       4       2       0
       4       0       1
     493     490     491     492
 2      82       4       2       0
       4       0       1
     491     490     494     495
 2      83       4       2       0
       4       0       1
     494     490     504     505
 2      84       4       2       0
       4       0       1
     492     491     497     498
 2      85       4       2       0
       4       0       1
     497     491     495     496
 2      86       4       2       0
       4       0       1
     493     492     500     501
 2      87       4       2       0
       4       0       1
     500     492     498     499
 2      88       4       2       0
       4       0       1
     503     493     501     502
 2      89       4       2       0
       4       0       1
     494     505      21      22
 2      90       4       2       0
       4       0       1
     495     494      22      23
 2      91       4       2       0
       4       0       1
     496     495      23      24
 2      92       4       2       0
       4       0       1
     496      24       4      40
 2      93       4       2       0
       4       0       1
     497     496      40      39
 2      94       4       2       0
       4       0       1
     498     497      39      38
 2      95       4       2       0
       4       0       1
     499     498      38      37
 2      96       4       2       0
       4       0       1
     499      37       6      36
 2      97       4       2       0
       4       0       1
     500     499      36      35
 2      98       4       2       0
       4       0       1
     501     500      35      34
 2      99       4       2       0
       4       0       1
     502     501      34      33
 2     100       4       2       0
       4       0       1
     502      33       5      32
 2     101       4       2       0
       4       0       1
     503     502      32      31
 2     102       4       2       0
       4       0       1
     504     503      31      30
 2     103       4       2       0
       4       0       1
     505     504      30      29
 2     104       4       2       0
       4       0       1
      21     505      29       2
 2     105       4       2       0
       4       0       1
     487     488     474     477
 2     106       4       2       0
       4       0       1
     477     474     475     476
 2     107       4       2       0
       4       0       1
     475     474     478     479
 2     108       4       2       0
       4       0       1
     478     474     488     489
 2     109       4       2       0
       4       0       1
     476     475     481     482
 2     110       4       2       0
       4       0       1
     481     475     479     480
 2     111       4       2       0
       4       0       1
     477     476     484     485
 2     112       4       2       0
       4       0       1
     484     476     482     483
 2     113       4       2       0
       4       0       1
     487     477     485     486
 2     114       4       2       0
       4       0       1
     478     489      17      18
 2     115       4       2       0
       4       0       1
     479     478      18      19
 2     116       4       2       0
       4       0       1
     480     479      19      20
 2     117       4       2       0
       4       0       1
     480      20       3      25
 2     118       4       2       0
       4       0       1
     481     480      25      26
 2     119       4       2       0
       4       0       1
     482     481      26      27
 2     120       4       2       0
       4       0       1
     483     482      27      28
 2     121       4       2       0
       4       0       1
     483      28       4      24
 2     122       4       2       0
       4       0       1
     484     483      24      23
 2     123       4       2       0
       4       0       1
     485     484      23      22
 2     124       4       2       0
       4       0       1
     486     485      22      21
 2     125       4       2       0
       4       0       1
     486      21       2      16
 2     126       4       2       0
       4       0       1
     487     486      16      15
 2     127       4       2       0
       4       0       1
     488     487      15      14
 2     128       4       2       0
       4       0       1
     489     488      14      13
 2     129       4       2       0
       4       0       1
      17     489      13       1
 2     130       4       2       0
       4       0       2
     225     151     557     167
 2     131       4       2       0
       4       0       2
     224     233     153     442
 2     132       4       2       0
       4       0       2
     144     147     211     210
 2     133       4       2       0
       4       0       2
     233     232     168     153
 2     134       4       2       0
       4       0       2
     204     138     149     205
 2     135       4       2       0
       4       0       2
     144     150     227     147
 2     136       4       2       0
       4       0       2
     142     224     442     430
 2     137       4       2       0
       4       0       2
     149     138     141     226
 2     138       4       2       0
       4       0       2
     424     155     174     139
 2     139       4       2       0
       4       0       2
     424     192     191     155
 2     140       4       2       0
       4       0       2
     158     146     160     177
 2     141       4       2       0
       4       0       2
     146     220     219     160
 2     142       4       2       0
       4       0       2
     430     442     194     193
 2     143       4       2       0
       4       0       2
     555     143     222     156
 2     144       4       2       0
       4       0       2
     142     430     424     139
 2     145       4       2       0
       4       0       2
     555     156     456     183
 2     146       4       2       0
       4       0       2
     216     159     162     217
 2     147       4       2       0
       4       0       2
     556     152     175     437
 2     148       4       2       0
       4       0       2
     556     138     204     473
 2     149       4       2       0
       4       0       2
     554     137     216     215
 2     150       4       2       0
       4       0       2
     555     183     182     446
 2     151       4       2       0
       4       0       2
     556     473     203     152
 2     152       4       2       0
       4       0       2
     442     153     195     194
 2     153       4       2       0
       4       0       2
      39      40     560     562
 2     154       4       2       0
       4       0       2
     557     198     197     167
 2     155       4       2       0
       4       0       2
     557     199     463     198
 2     156       4       2       0
       4       0       2
     162     159     559     239
 2     157       4       2       0
       4       0       2
      40       4     350     560
 2     158       4       2       0
       4       0       2
     555     446     140     143
 2     159       4       2       0
       4       0       2
     561     558     351     562
 2     160       4       2       0
       4       0       2
     430     193     192     424
 2     161       4       2       0
       4       0       2
     556     437     141     138
 2     162       4       2       0
       4       0       2
     214     213     448     148
 2     163       4       2       0
       4       0       2
     147     172     212     211
 2     164       4       2       0
       4       0       2
     212     172     448     213
 2     165       4       2       0
       4       0       2
     208     207     443     150
 2     166       4       2       0
       4       0       2
     149     171     206     205
 2     167       4       2       0
       4       0       2
     206     171     443     207
 2     168       4       2       0
       4       0       2
     203     202     169     152
 2     169       4       2       0
       4       0       2
     151     170     201     200
 2     170       4       2       0
       4       0       2
     201     170     169     202
 2     171       4       2       0
       4       0       2
     558     176     349     351
 2     172       4       2       0
       4       0       2
     558     554     148     176
 2     173       4       2       0
       4       0       2
     232     225     167     168
 2     174       4       2       0
       4       0       2
     153     168     196     195
 2     175       4       2       0
       4       0       2
     196     168     167     197
 2     176       4       2       0
       4       0       2
     191     190     451     155
 2     177       4       2       0
       4       0       2
     154     166     189     188
 2     178       4       2       0
       4       0       2
     189     166     451     190
 2     179       4       2       0
       4       0       2
     186     185     454     157
 2     180       4       2       0
       4       0       2
     156     165     184     456
 2     181       4       2       0
       4       0       2
     184     165     454     185
 2     182       4       2       0
       4       0       2
     137     554     558     561
 2     183       4       2       0
       4       0       2
     151     200     199     557
 2     184       4       2       0
       4       0       2
     219     218     161     160
 2     185       4       2       0
       4       0       2
     217     162     161     218
 2     186       4       2       0
       4       0       2
     559     561     562     560
 2     187       4       2       0
       4       0       2
     437     345     346     141
 2     188       4       2       0
       4       0       2
     437     175     344     345
 2     189       4       2       0
       4       0       2
     139     339     340     142
 2     190       4       2       0
       4       0       2
     139     174     338     339
 2     191       4       2       0
       4       0       2
     140     333     334     143
 2     192       4       2       0
       4       0       2
     140     173     332     333
 2     193       4       2       0
       4       0       2
     346     348     226     141
 2     194       4       2       0
       4       0       2
     340     342     224     142
 2     195       4       2       0
       4       0       2
     334     336     222     143
 2     196       4       2       0
       4       0       2
     210     209     208     144
 2     197       4       2       0
       4       0       2
      38      39     562     351
 2     198       4       2       0
       4       0       2
     178     221     220     146
 2     199       4       2       0
       4       0       2
     227     228     172     147
 2     200       4       2       0
       4       0       2
     448     464     176     148
 2     201       4       2       0
       4       0       2
     226     229     171     149
 2     202       4       2       0
       4       0       2
     443     468     227     150
 2     203       4       2       0
       4       0       2
     225     231     170     151
 2     204       4       2       0
       4       0       2
     169     230     175     152
 2     205       4       2       0
       4       0       2
     159     137     561     559
 2     206       4       2       0
       4       0       2
     145     154     188     187
 2     207       4       2       0
       4       0       2
     223     235     166     154
 2     208       4       2       0
       4       0       2
     451     234     174     155
 2     209       4       2       0
       4       0       2
     222     236     165     156
 2     210       4       2       0
       4       0       2
     454     471     223     157
 2     211       4       2       0
       4       0       2
     177     237     164     158
 2     212       4       2       0
       4       0       2
     163     434     173     446
 2     213       4       2       0
       4       0       2
     450     241     186     145
 2     214       4       2       0
       4       0       2
     161     238     177     160
 2     215       4       2       0
       4       0       2
     162     239     238     161
 2     216       4       2       0
       4       0       2
     164     237     434     163
 2     217       4       2       0
       4       0       2
     165     236     471     454
 2     218       4       2       0
       4       0       2
     166     235     234     451
 2     219       4       2       0
       4       0       2
     239     559     560     350
 2     220       4       2       0
       4       0       2
     170     231     230     169
 2     221       4       2       0
       4       0       2
     171     229     468     443
 2     222       4       2       0
       4       0       2
     172     228     464     448
 2     223       4       2       0
       4       0       2
     173     434     331     332
 2     224       4       2       0
       4       0       2
     174     234     337     338
 2     225       4       2       0
       4       0       2
     175     230     343     344
 2     226       4       2       0
       4       0       2
     176     464     445     349
 2     227       4       2       0
       4       0       2
     238     324     237     177
 2     228       4       2       0
       4       0       2
     145     187     440     450
 2     229       4       2       0
       4       0       2
     178     246     250     221
 2     230       4       2       0
       4       0       2
     179     247     246     178
 2     231       4       2       0
       4       0       2
     180     244     247     179
 2     232       4       2       0
       4       0       2
     181     245     244     180
 2     233       4       2       0
       4       0       2
     182     455     245     181
 2     234       4       2       0
       4       0       2
     183     243     455     182
 2     235       4       2       0
       4       0       2
     456     438     243     183
 2     236       4       2       0
       4       0       2
     184     242     438     456
 2     237       4       2       0
       4       0       2
     185     428     242     184
 2     238       4       2       0
       4       0       2
     186     241     428     185
 2     239       4       2       0
       4       0       2
     145     157     223     154
 2     240       4       2       0
       4       0       2
     187     240     279     440
 2     241       4       2       0
       4       0       2
     188     277     240     187
 2     242       4       2       0
       4       0       2
     189     278     277     188
 2     243       4       2       0
       4       0       2
     190     275     278     189
 2     244       4       2       0
       4       0       2
     191     276     275     190
 2     245       4       2       0
       4       0       2
     192     273     276     191
 2     246       4       2       0
       4       0       2
     193     274     273     192
 2     247       4       2       0
       4       0       2
     194     461     274     193
 2     248       4       2       0
       4       0       2
     195     435     461     194
 2     249       4       2       0
       4       0       2
     196     271     435     195
 2     250       4       2       0
       4       0       2
     197     272     271     196
 2     251       4       2       0
       4       0       2
     198     269     272     197
 2     252       4       2       0
       4       0       2
     463     270     269     198
 2     253       4       2       0
       4       0       2
     463     248     280     270
 2     254       4       2       0
       4       0       2
     199     267     248     463
 2     255       4       2       0
       4       0       2
     200     268     267     199
 2     256       4       2       0
       4       0       2
     201     265     268     200
 2     257       4       2       0
       4       0       2
     202     266     265     201
 2     258       4       2       0
       4       0       2
     203     263     266     202
 2     259       4       2       0
       4       0       2
     473     264     263     203
 2     260       4       2       0
       4       0       2
     204     261     264     473
 2     261       4       2       0
       4       0       2
     205     262     261     204
 2     262       4       2       0
       4       0       2
     206     444     262     205
 2     263       4       2       0
       4       0       2
     207     260     444     206
 2     264       4       2       0
       4       0       2
     208     439     260     207
 2     265       4       2       0
       4       0       2
     209     259     439     208
 2     266       4       2       0
       4       0       2
     209     249     281     259
 2     267       4       2       0
       4       0       2
     210     462     249     209
 2     268       4       2       0
       4       0       2
     211     258     462     210
 2     269       4       2       0
       4       0       2
     212     256     258     211
 2     270       4       2       0
       4       0       2
     213     257     256     212
 2     271       4       2       0
       4       0       2
     214     254     257     213
 2     272       4       2       0
       4       0       2
     215     255     254     214
 2     273       4       2       0
       4       0       2
     216     447     255     215
 2     274       4       2       0
       4       0       2
     217     253     447     216
 2     275       4       2       0
       4       0       2
     218     466     253     217
 2     276       4       2       0
       4       0       2
     219     252     466     218
 2     277       4       2       0
       4       0       2
     220     472     252     219
 2     278       4       2       0
       4       0       2
     221     251     472     220
 2     279       4       2       0
       4       0       2
     250     282     251     221
 2     280       4       2       0
       4       0       2
     336     335     236     222
 2     281       4       2       0
       4       0       2
     471     325     235     223
 2     282       4       2       0
       4       0       2
     342     341     233     224
 2     283       4       2       0
       4       0       2
     232     326     231     225
 2     284       4       2       0
       4       0       2
     348     347     229     226
 2     285       4       2       0
       4       0       2
     468     327     228     227
 2     286       4       2       0
       4       0       2
     228     327     445     464
 2     287       4       2       0
       4       0       2
     229     347     327     468
 2     288       4       2       0
       4       0       2
     231     326     343     230
 2     289       4       2       0
       4       0       2
     233     341     326     232
 2     290       4       2       0
       4       0       2
     235     325     337     234
 2     291       4       2       0
       4       0       2
     236     335     325     471
 2     292       4       2       0
       4       0       2
     237     324     331     434
 2     293       4       2       0
       4       0       2
     239     350     324     238
 2     294       4       2       0
       4       0       2
     277     283     457     240
 2     295       4       2       0
       4       0       2
     240     457     292     279
 2     296       4       2       0
       4       0       2
     450     322     321     241
 2     297       4       2       0
       4       0       2
     279     323     465     440
 2     298       4       2       0
       4       0       2
     440     465     322     450
 2     299       4       2       0
       4       0       2
     428     426     433     242
 2     300       4       2       0
       4       0       2
     241     321     426     428
 2     301       4       2       0
       4       0       2
     438     427     320     243
 2     302       4       2       0
       4       0       2
     242     433     427     438
 2     303       4       2       0
       4       0       2
     455     319     460     245
 2     304       4       2       0
       4       0       2
     243     320     319     455
 2     305       4       2       0
       4       0       2
     244     318     317     247
 2     306       4       2       0
       4       0       2
     245     460     318     244
 2     307       4       2       0
       4       0       2
     246     316     315     250
 2     308       4       2       0
       4       0       2
     247     317     316     246
 2     309       4       2       0
       4       0       2
     267     296     295     248
 2     310       4       2       0
       4       0       2
     248     295     293     280
 2     311       4       2       0
       4       0       2
     462     306     432     249
 2     312       4       2       0
       4       0       2
     249     432     303     281
 2     313       4       2       0
       4       0       2
     250     315     313     282
 2     314       4       2       0
       4       0       2
     472     312     459     252
 2     315       4       2       0
       4       0       2
     282     314     452     251
 2     316       4       2       0
       4       0       2
     251     452     312     472
 2     317       4       2       0
       4       0       2
     466     311     469     253
 2     318       4       2       0
       4       0       2
     252     459     311     466
 2     319       4       2       0
       4       0       2
     447     310     470     255
 2     320       4       2       0
       4       0       2
     253     469     310     447
 2     321       4       2       0
       4       0       2
     254     309     308     257
 2     322       4       2       0
       4       0       2
     255     470     309     254
 2     323       4       2       0
       4       0       2
     256     307     425     258
 2     324       4       2       0
       4       0       2
     257     308     307     256
 2     325       4       2       0
       4       0       2
     258     425     306     462
 2     326       4       2       0
       4       0       2
     439     302     441     260
 2     327       4       2       0
       4       0       2
     281     305     304     259
 2     328       4       2       0
       4       0       2
     259     304     302     439
 2     329       4       2       0
       4       0       2
     444     301     467     262
 2     330       4       2       0
       4       0       2
     260     441     301     444
 2     331       4       2       0
       4       0       2
     261     300     431     264
 2     332       4       2       0
       4       0       2
     262     467     300     261
 2     333       4       2       0
       4       0       2
     263     299     453     266
 2     334       4       2       0
       4       0       2
     264     431     299     263
 2     335       4       2       0
       4       0       2
     265     298     297     268
 2     336       4       2       0
       4       0       2
     266     453     298     265
 2     337       4       2       0
       4       0       2
     268     297     296     267
 2     338       4       2       0
       4       0       2
     269     291     290     272
 2     339       4       2       0
       4       0       2
     280     294     458     270
 2     340       4       2       0
       4       0       2
     270     458     291     269
 2     341       4       2       0
       4       0       2
     271     289     288     435
 2     342       4       2       0
       4       0       2
     272     290     289     271
 2     343       4       2       0
       4       0       2
     461     287     436     274
 2     344       4       2       0
       4       0       2
     435     288     287     461
 2     345       4       2       0
       4       0       2
     273     286     449     276
 2     346       4       2       0
       4       0       2
     274     436     286     273
 2     347       4       2       0
       4       0       2
     275     285     284     278
 2     348       4       2       0
       4       0       2
     276     449     285     275
 2     349       4       2       0
       4       0       2
     278     284     283     277
 2     350       4       2       0
       4       0       2
     292     328     323     279
 2     351       4       2       0
       4       0       2
     293     329     294     280
 2     352       4       2       0
       4       0       2
     303     330     305     281
 2     353       4       2       0
       4       0       2
     313     429     314     282
 2     354       4       2       0
       4       0       2
     457     354     353     292
 2     355       4       2       0
       4       0       2
     284     356     355     283
 2     356       4       2       0
       4       0       2
     283     355     354     457
 2     357       4       2       0
       4       0       2
     449     358     357     285
 2     358       4       2       0
       4       0       2
     285     357     356     284
 2     359       4       2       0
       4       0       2
     436     360     359     286
 2     360       4       2       0
       4       0       2
     286     359     358     449
 2     361       4       2       0
       4       0       2
     288     362     361     287
 2     362       4       2       0
       4       0       2
     287     361     360     436
 2     363       4       2       0
       4       0       2
     290     364     363     289
 2     364       4       2       0
       4       0       2
     289     363     362     288
 2     365       4       2       0
       4       0       2
     458     366     365     291
 2     366       4       2       0
       4       0       2
     291     365     364     290
 2     367       4       2       0
       4       0       2
     292     353     352     328
 2     368       4       2       0
       4       0       2
     295     372     371     293
 2     369       4       2       0
       4       0       2
     293     371     370     329
 2     370       4       2       0
       4       0       2
     329     368     367     294
 2     371       4       2       0
       4       0       2
     294     367     366     458
 2     372       4       2       0
       4       0       2
     297     374     373     296
 2     373       4       2       0
       4       0       2
     296     373     372     295
 2     374       4       2       0
       4       0       2
     453     376     375     298
 2     375       4       2       0
       4       0       2
     298     375     374     297
 2     376       4       2       0
       4       0       2
     431     378     377     299
 2     377       4       2       0
       4       0       2
     299     377     376     453
 2     378       4       2       0
       4       0       2
     467     380     379     300
 2     379       4       2       0
       4       0       2
     300     379     378     431
 2     380       4       2       0
       4       0       2
     441     382     381     301
 2     381       4       2       0
       4       0       2
     301     381     380     467
 2     382       4       2       0
       4       0       2
     304     384     383     302
 2     383       4       2       0
       4       0       2
     302     383     382     441
 2     384       4       2       0
       4       0       2
     432     390     389     303
 2     385       4       2       0
       4       0       2
     303     389     388     330
 2     386       4       2       0
       4       0       2
     330     386     385     305
 2     387       4       2       0
       4       0       2
     305     385     384     304
 2     388       4       2       0
       4       0       2
     425     392     391     306
 2     389       4       2       0
       4       0       2
     306     391     390     432
 2     390       4       2       0
       4       0       2
     308     394     393     307
 2     391       4       2       0
       4       0       2
     307     393     392     425
 2     392       4       2       0
       4       0       2
     470     396     395     309
 2     393       4       2       0
       4       0       2
     309     395     394     308
 2     394       4       2       0
       4       0       2
     469     398     397     310
 2     395       4       2       0
       4       0       2
     310     397     396     470
 2     396       4       2       0
       4       0       2
     459     400     399     311
 2     397       4       2       0
       4       0       2
     311     399     398     469
 2     398       4       2       0
       4       0       2
     452     402     401     312
 2     399       4       2       0
       4       0       2
     312     401     400     459
 2     400       4       2       0
       4       0       2
     315     408     407     313
 2     401       4       2       0
       4       0       2
     313     407     406     429
 2     402       4       2       0
       4       0       2
     429     404     403     314
 2     403       4       2       0
       4       0       2
     314     403     402     452
 2     404       4       2       0
       4       0       2
     317     410     409     316
 2     405       4       2       0
       4       0       2
     316     409     408     315
 2     406       4       2       0
       4       0       2
     460     412     411     318
 2     407       4       2       0
       4       0       2
     318     411     410     317
 2     408       4       2       0
       4       0       2
     320     414     413     319
 2     409       4       2       0
       4       0       2
     319     413     412     460
 2     410       4       2       0
       4       0       2
     433     416     415     427
 2     411       4       2       0
       4       0       2
     427     415     414     320
 2     412       4       2       0
       4       0       2
     321     418     417     426
 2     413       4       2       0
       4       0       2
     426     417     416     433
 2     414       4       2       0
       4       0       2
     465     420     419     322
 2     415       4       2       0
       4       0       2
     322     419     418     321
 2     416       4       2       0
       4       0       2
     328     422     421     323
 2     417       4       2       0
       4       0       2
     323     421     420     465
 2     418       4       2       0
       4       0       2
     350       4     331     324
 2     419       4       2       0
       4       0       2
     335       3     337     325
 2     420       4       2       0
       4       0       2
     341       8     343     326
 2     421       4       2       0
       4       0       2
     347       6     445     327
 2     422       4       2       0
       4       0       2
     352     423     422     328
 2     423       4       2       0
       4       0       2
     370     369     368     329
 2     424       4       2       0
       4       0       2
     388     387     386     330
 2     425       4       2       0
       4       0       2
     406     405     404     429
 2     426       4       2       0
       4       0       2
     331       4      28     332
 2     427       4       2       0
       4       0       2
     332      28      27     333
 2     428       4       2       0
       4       0       2
     333      27      26     334
 2     429       4       2       0
       4       0       2
     334      26      25     336
 2     430       4       2       0
       4       0       2
     336      25       3     335
 2     431       4       2       0
       4       0       2
     337       3      53     338
 2     432       4       2       0
       4       0       2
     338      53      54     339
 2     433       4       2       0
       4       0       2
     339      54      55     340
 2     434       4       2       0
       4       0       2
     340      55      56     342
 2     435       4       2       0
       4       0       2
     342      56       8     341
 2     436       4       2       0
       4       0       2
     343       8      57     344
 2     437       4       2       0
       4       0       2
     344      57      58     345
 2     438       4       2       0
       4       0       2
     345      58      59     346
 2     439       4       2       0
       4       0       2
     346      59      60     348
 2     440       4       2       0
       4       0       2
     348      60       6     347
 2     441       4       2       0
       4       0       2
     445       6      37     349
 2     442       4       2       0
       4       0       2
     349      37      38     351
 2     443       4       2       0
       4       0       2
     352      78      79     423
 2     444       4       2       0
       4       0       2
     353      77      78     352
 2     445       4       2       0
       4       0       2
     354      76      77     353
 2     446       4       2       0
       4       0       2
     355      75      76     354
 2     447       4       2       0
       4       0       2
     356      74      75     355
 2     448       4       2       0
       4       0       2
     357      73      74     356
 2     449       4       2       0
       4       0       2
     358      72      73     357
 2     450       4       2       0
       4       0       2
     359      71      72     358
 2     451       4       2       0
       4       0       2
     360      70      71     359
 2     452       4       2       0
       4       0       2
     361      69      70     360
 2     453       4       2       0
       4       0       2
     362      68      69     361
 2     454       4       2       0
       4       0       2
     363      67      68     362
 2     455       4       2       0
       4       0       2
     364      66      67     363
 2     456       4       2       0
       4       0       2
     365      65      66     364
 2     457       4       2       0
       4       0       2
     366      64      65     365
 2     458       4       2       0
       4       0       2
     367      63      64     366
 2     459       4       2       0
       4       0       2
     368      62      63     367
 2     460       4       2       0
       4       0       2
     369      61      62     368
 2     461       4       2       0
       4       0       2
     369      80       9      61
 2     462       4       2       0
       4       0       2
     370      81      80     369
 2     463       4       2       0
       4       0       2
     371      82      81     370
 2     464       4       2       0
       4       0       2
     372      83      82     371
 2     465       4       2       0
       4       0       2
     373      84      83     372
 2     466       4       2       0
       4       0       2
     374      85      84     373
 2     467       4       2       0
       4       0       2
     375      86      85     374
 2     468       4       2       0
       4       0       2
     376      87      86     375
 2     469       4       2       0
       4       0       2
     377      88      87     376
 2     470       4       2       0
       4       0       2
     378      89      88     377
 2     471       4       2       0
       4       0       2
     379      90      89     378
 2     472       4       2       0
       4       0       2
     380      91      90     379
 2     473       4       2       0
       4       0       2
     381      92      91     380
 2     474       4       2       0
       4       0       2
     382      93      92     381
 2     475       4       2       0
       4       0       2
     383      94      93     382
 2     476       4       2       0
       4       0       2
     384      95      94     383
 2     477       4       2       0
       4       0       2
     385      96      95     384
 2     478       4       2       0
       4       0       2
     386      97      96     385
 2     479       4       2       0
       4       0       2
     387      98      97     386
 2     480       4       2       0
       4       0       2
     387     136      11      98
 2     481       4       2       0
       4       0       2
     388     135     136     387
 2     482       4       2       0
       4       0       2
     389     134     135     388
 2     483       4       2       0
       4       0       2
     390     133     134     389
 2     484       4       2       0
       4       0       2
     391     132     133     390
 2     485       4       2       0
       4       0       2
     392     131     132     391
 2     486       4       2       0
       4       0       2
     393     130     131     392
 2     487       4       2       0
       4       0       2
     394     129     130     393
 2     488       4       2       0
       4       0       2
     395     128     129     394
 2     489       4       2       0
       4       0       2
     396     127     128     395
 2     490       4       2       0
       4       0       2
     397     126     127     396
 2     491       4       2       0
       4       0       2
     398     125     126     397
 2     492       4       2       0
       4       0       2
     399     124     125     398
 2     493       4       2       0
       4       0       2
     400     123     124     399
 2     494       4       2       0
       4       0       2
     401     122     123     400
 2     495       4       2       0
       4       0       2
     402     121     122     401
 2     496       4       2       0
       4       0       2
     403     120     121     402
 2     497       4       2       0
       4       0       2
     404     119     120     403
 2     498       4       2       0
       4       0       2
     405     118     119     404
 2     499       4       2       0
       4       0       2
     405     117      12     118
 2     500       4       2       0
       4       0       2
     406     116     117     405
 2     501       4       2       0
       4       0       2
     407     115     116     406
 2     502       4       2       0
       4       0       2
     408     114     115     407
 2     503       4       2       0
       4       0       2
     409     113     114     408
 2     504       4       2       0
       4       0       2
     410     112     113     409
 2     505       4       2       0
       4       0       2
     411     111     112     410
 2     506       4       2       0
       4       0       2
     412     110     111     411
 2     507       4       2       0
       4       0       2
     413     109     110     412
 2     508       4       2       0
       4       0       2
     414     108     109     413
 2     509       4       2       0
       4       0       2
     415     107     108     414
 2     510       4       2       0
       4       0       2
     416     106     107     415
 2     511       4       2       0
       4       0       2
     417     105     106     416
 2     512       4       2       0
       4       0       2
     418     104     105     417
 2     513       4       2       0
       4       0       2
     419     103     104     418
 2     514       4       2       0
       4       0       2
     420     102     103     419
 2     515       4       2       0
       4       0       2
     421     101     102     420
 2     516       4       2       0
       4       0       2
     422     100     101     421
 2     517       4       2       0
       4       0       2
     423      99     100     422
 2     518       4       2       0
       4       0       2
      79      10      99     423
 2     519       4       2       0
       4       0       2
     146     158     179     178
 2     520       4       2       0
       4       0       2
     158     164     180     179
 2     521       4       2       0
       4       0       2
     164     163     181     180
 2     522       4       2       0
       4       0       2
     163     446     182     181
 2     523       4       2       0
       4       0       2
     554     215     214     148
 2     524       2       2       0
       2       0       4
      13       1
 2     525       2       2       0
       2       0       4
      14      13
 2     526       2       2       0
       2       0       4
      15      14
 2     527       2       2       0
       2       0       4
      16      15
 2     528       2       2       0
       2       0       4
       2      16
 2     529       2       2       0
       2       0       4
      44       7
 2     530       2       2       0
       2       0       4
      43      44
 2     531       2       2       0
       2       0       4
      42      43
 2     532       2       2       0
       2       0       4
      41      42
 2     533       2       2       0
       2       0       4
       1      41
 2     534       2       2       0
       2       0       4
      48       5
 2     535       2       2       0
       2       0       4
      47      48
 2     536       2       2       0
       2       0       4
      46      47
 2     537       2       2       0
       2       0       4
      45      46
 2     538       2       2       0
       2       0       4
       7      45
 2     539       2       2       0
       2       0       4
      30      29
 2     540       2       2       0
       2       0       4
      31      30
 2     541       2       2       0
       2       0       4
      32      31
 2     542       2       2       0
       2       0       4
       5      32
 2     543       2       2       0
       2       0       4
      29       2
 2     544       2       2       0
       2       0       6
      19      20
 2     545       2       2       0
       2       0       6
      18      19
 2     546       2       2       0
       2       0       6
      17      18
 2     547       2       2       0
       2       0       6
       1      17
 2     548       2       2       0
       2       0       6
      20       3
 2     549       2       2       0
       2       0       6
      56       8
 2     550       2       2       0
       2       0       6
      55      56
 2     551       2       2       0
       2       0       6
      54      55
 2     552       2       2       0
       2       0       6
      53      54
 2     553       2       2       0
       2       0       6
       3      53
 2     554       2       2       0
       2       0       6
      49       7
 2     555       2       2       0
       2       0       6
      50      49
 2     556       2       2       0
       2       0       6
      51      50
 2     557       2       2       0
       2       0       6
      52      51
 2     558       2       2       0
       2       0       6
       8      52
 2     559       2       2       0
       2       0       8
      60       6
 2     560       2       2       0
       2       0       8
      59      60
 2     561       2       2       0
       2       0       8
      58      59
 2     562       2       2       0
       2       0       8
      57      58
 2     563       2       2       0
       2       0       8
       8      57
 2     564       2       2       0
       2       0       8
      33       5
 2     565       2       2       0
       2       0       8
      34      33
 2     566       2       2       0
       2       0       8
      35      34
 2     567       2       2       0
       2       0       8
      36      35
 2     568       2       2       0
       2       0       8
       6      36
 2     569       2       2       0
       2       0      10
      40       4
 2     570       2       2       0
       2       0      10
      39      40
 2     571       2       2       0
       2       0      10
      38      39
 2     572       2       2       0
       2       0      10
      37      38
 2     573       2       2       0
       2       0      10
       6      37
 2     574       2       2       0
       2       0      10
      22      21
 2     575       2       2       0
       2       0      10
      23      22
 2     576       2       2       0
       2       0      10
      24      23
 2     577       2       2       0
       2       0      10
       4      24
 2     578       2       2       0
       2       0      10
      21       2
 2     579       2       2       0
       2       0      12
      25       3
 2     580       2       2       0
       2       0      12
      26      25
 2     581       2       2       0
       2       0      12
      27      26
 2     582       2       2       0
       2       0      12
      28      27
 2     583       2       2       0
       2       0      12
       4      28
 2     584       2       2       0
       2       0      14
      78      79
 2     585       2       2       0
       2       0      14
      77      78
 2     586       2       2       0
       2       0      14
      76      77
 2     587       2       2       0
       2       0      14
      75      76
 2     588       2       2       0
       2       0      14
      74      75
 2     589       2       2       0
       2       0      14
      73      74
 2     590       2       2       0
       2       0      14
      72      73
 2     591       2       2       0
       2       0      14
      71      72
 2     592       2       2       0
       2       0      14
      70      71
 2     593       2       2       0
       2       0      14
      69      70
 2     594       2       2       0
       2       0      14
      68      69
 2     595       2       2       0
       2       0      14
      67      68
 2     596       2       2       0
       2       0      14
      66      67
 2     597       2       2       0
       2       0      14
      65      66
 2     598       2       2       0
       2       0      14
      64      65
 2     599       2       2       0
       2       0      14
      63      64
 2     600       2       2       0
       2       0      14
      62      63
 2     601       2       2       0
       2       0      14
      61      62
 2     602       2       2       0
       2       0      14
       9      61
 2     603       2       2       0
       2       0      14
      79      10
 2     604       2       2       0
       2       0      14
     117      12
 2     605       2       2       0
       2       0      14
     116     117
 2     606       2       2       0
       2       0      14
     115     116
 2     607       2       2       0
       2       0      14
     114     115
 2     608       2       2       0
       2       0      14
     113     114
 2     609       2       2       0
       2       0      14
     112     113
 2     610       2       2       0
       2       0      14
     111     112
 2     611       2       2       0
       2       0      14
     110     111
 2     612       2       2       0
       2       0      14
     109     110
 2     613       2       2       0
       2       0      14
     108     109
 2     614       2       2       0
       2       0      14
     107     108
 2     615       2       2       0
       2       0      14
     106     107
 2     616       2       2       0
       2       0      14
     105     106
 2     617       2       2       0
       2       0      14
     104     105
 2     618       2       2       0
       2       0      14
     103     104
 2     619       2       2       0
       2       0      14
     102     103
 2     620       2       2       0
       2       0      14
     101     102
 2     621       2       2       0
       2       0      14
     100     101
 2     622       2       2       0
       2       0      14
      99     100
 2     623       2       2       0
       2       0      14
      10      99
 2     624       2       2       0
       2       0      14
     136      11
 2     625       2       2       0
       2       0      14
     135     136
 2     626       2       2       0
       2       0      14
     134     135
 2     627       2       2       0
       2       0      14
     133     134
 2     628       2       2       0
       2       0      14
     132     133
 2     629       2       2       0
       2       0      14
     131     132
 2     630       2       2       0
       2       0      14
     130     131
 2     631       2       2       0
       2       0      14
     129     130
 2     632       2       2       0
       2       0      14
     128     129
 2     633       2       2       0
       2       0      14
     127     128
 2     634       2       2       0
       2       0      14
     126     127
 2     635       2       2       0
       2       0      14
     125     126
 2     636       2       2       0
       2       0      14
     124     125
 2     637       2       2       0
       2       0      14
     123     124
 2     638       2       2       0
       2       0      14
     122     123
 2     639       2       2       0
       2       0      14
     121     122
 2     640       2       2       0
       2       0      14
     120     121
 2     641       2       2       0
       2       0      14
     119     120
 2     642       2       2       0
       2       0      14
     118     119
 2     643       2       2       0
       2       0      14
      12     118
 2     644       2       2       0
       2       0      14
      80       9
 2     645       2       2       0
       2       0      14
      81      80
 2     646       2       2       0
       2       0      14
      82      81
 2     647       2       2       0
       2       0      14
      83      82
 2     648       2       2       0
       2       0      14
      84      83
 2     649       2       2       0
       2       0      14
      85      84
 2     650       2       2       0
       2       0      14
      86      85
 2     651       2       2       0
       2       0      14
      87      86
 2     652       2       2       0
       2       0      14
      88      87
 2     653       2       2       0
       2       0      14
      89      88
 2     654       2       2       0
       2       0      14
      90      89
 2     655       2       2       0
       2       0      14
      91      90
 2     656       2       2       0
       2       0      14
      92      91
 2     657       2       2       0
       2       0      14
      93      92
 2     658       2       2       0
       2       0      14
      94      93
 2     659       2       2       0
       2       0      14
      95      94
 2     660       2       2       0
       2       0      14
      96      95
 2     661       2       2       0
       2       0      14
      97      96
 2     662       2       2       0
       2       0      14
      98      97
 2     663       2       2       0
       2       0      14
      11      98
21       1     250      26
BOX         
       8       5       8       6       8       7       8       8       8       9
       8      10       8      11       8      12       8      13       8      14
       8      15       8      16       8      17       8      18       8      19
       8      20       8      21       8      22       8      23       8      24
       8      25       8      26       8      27       8      28       8      29
       8      30       8      31       8      32       8      33       8      34
       8      35       8      36       8      37       8      38       8      39
       8      40       8      41       8      42       8      43       8      44
       8      45       8      46       8      47       8      48       8      49
       8      50       8      51       8      52       8      53       8      54
       8      55       8      56       8      57       8      58       8      59
       8      60       8      61       8      62       8      63       8      64
       8      65       8      66       8      67       8      68       8      69
       8      70       8      71       8      72       8      73       8      74
       8      75       8      76       8      77       8      78       8      79
       8      80       8      81       8      82       8      83       8      84
       8      85       8      86       8      87       8      88       8      89
       8      90       8      91       8      92       8      93       8      94
       8      95       8      96       8      97       8      98       8      99
       8     100       8     101       8     102       8     103       8     104
       8     105       8     106       8     107       8     108       8     109
       8     110       8     111       8     112       8     113       8     114
       8     115       8     116       8     117       8     118       8     119
       8     120       8     121       8     122       8     123       8     124
       8     125       8     126       8     127       8     128       8     129
21       2     796      81
FIELD_POINTS
       7       1       7       2       7       3       7       4       8     130
       8     131       8     132       8     133       8     134       8     135
       8     136       8     137       8     138       8     139       8     140
       8     141       8     142       8     143       8     144       8     145
       8     146       8     147       8     148       8     149       8     150
       8     151       8     152       8     153       8     154       8     155
       8     156       8     157       8     158       8     159       8     160
       8     161       8     162       8     163       8     164       8     165
       8     166       8     167       8     168       8     169       8     170
       8     171       8     172       8     173       8     174       8     175
       8     176       8     177       8     178       8     179       8     180
       8     181       8     182       8     183       8     184       8     185
       8     186       8     187       8     188       8     189       8     190
       8     191       8     192       8     193       8     194       8     195
       8     196       8     197       8     198       8     199       8     200
       8     201       8     202       8     203       8     204       8     205
       8     206       8     207       8     208       8     209       8     210
       8     211       8     212       8     213       8     214       8     215
       8     216       8     217       8     218       8     219       8     220
       8     221       8     222       8     223       8     224       8     225
       8     226       8     227       8     228       8     229       8     230
       8     231       8     232       8     233       8     234       8     235
       8     236       8     237       8     238       8     239       8     240
       8     241       8     242       8     243       8     244       8     245
       8     246       8     247       8     248       8     249       8     250
       8     251       8     252       8     253       8     254       8     255
       8     256       8     257       8     258       8     259       8     260
       8     261       8     262       8     263       8     264       8     265
       8     266       8     267       8     268       8     269       8     270
       8     271       8     272       8     273       8     274       8     275
       8     276       8     277       8     278       8     279       8     280
       8     281       8     282       8     283       8     284       8     285
       8     286       8     287       8     288       8     289       8     290
       8     291       8     292       8     293       8     294       8     295
       8     296       8     297       8     298       8     299       8     300
       8     301       8     302       8     303       8     304       8     305
       8     306       8     307       8     308       8     309       8     310
       8     311       8     312       8     313       8     314       8     315
       8     316       8     317       8     318       8     319       8     320
       8     321       8     322       8     323       8     324       8     325
       8     326       8     327       8     328       8     329       8     330
       8     331       8     332       8     333       8     334       8     335
       8     336       8     337       8     338       8     339       8     340
       8     341       8     342       8     343       8     344       8     345
       8     346       8     347       8     348       8     349       8     350
       8     351       8     352       8     353       8     354       8     355
       8     356       8     357       8     358       8     359       8     360
       8     361       8     362       8     363       8     364       8     365
       8     366       8     367       8     368       8     369       8     370
       8     371       8     372       8     373       8     374       8     375
       8     376       8     377       8     378       8     379       8     380
       8     381       8     382       8     383       8     384       8     385
       8     386       8     387       8     388       8     389       8     390
       8     391       8     392       8     393       8     394       8     395
       8     396       8     397       8     398       8     399       8     400
       8     401       8     402       8     403       8     404       8     405
       8     406       8     407       8     408       8     409       8     410
       8     411       8     412       8     413       8     414       8     415
       8     416       8     417       8     418       8     419       8     420
       8     421       8     422       8     423       8     424       8     425
       8     426       8     427       8     428       8     429       8     430
       8     431       8     432       8     433       8     434       8     435
       8     436       8     437       8     438       8     439       8     440
       8     441       8     442       8     443       8     444       8     445
       8     446       8     447       8     448       8     449       8     450
       8     451       8     452       8     453       8     454       8     455
       8     456       8     457       8     458       8     459       8     460
       8     461       8     462       8     463       8     464       8     465
       8     466       8     467       8     468       8     469       8     470
       8     471       8     472       8     473       8     474       8     475
       8     476       8     477       8     478       8     479       8     480
       8     481       8     482       8     483       8     484       8     485
       8     486       8     487       8     488       8     489       8     490
       8     491       8     492       8     493       8     494       8     495
       8     496       8     497       8     498       8     499       8     500
       8     501       8     502       8     503       8     504       8     505
       8     506       8     507       8     508       8     509       8     510
       8     511       8     512       8     513       8     514       8     515
       8     516       8     517       8     518       8     519       8     520
       8     521       8     522       8     523
21       3     160      17
FLOATER_1_6 
       6     584       6     585       6     586       6     587       6     588
       6     589       6     590       6     591       6     592       6     593
       6     594       6     595       6     596       6     597       6     598
       6     599       6     600       6     601       6     602       6     603
       6     604       6     605       6     606       6     607       6     608
       6     609       6     610       6     611       6     612       6     613
       6     614       6     615       6     616       6     617       6     618
       6     619       6     620       6     621       6     622       6     623
       6     624       6     625       6     626       6     627       6     628
       6     629       6     630       6     631       6     632       6     633
       6     634       6     635       6     636       6     637       6     638
       6     639       6     640       6     641       6     642       6     643
       6     644       6     645       6     646       6     647       6     648
       6     649       6     650       6     651       6     652       6     653
       6     654       6     655       6     656       6     657       6     658
       6     659       6     660       6     661       6     662       6     663
99       0       0       1
